timestamps,emg_signal
1685766247.9734933,309
1685766247.9898515,309
1685766248.0022123,311
1685766248.0142634,312
1685766248.0303407,313
1685766248.043162,311
1685766248.0585933,309
1685766248.071591,309
1685766248.0835922,311
1685766248.100607,312
1685766248.112589,312
1685766248.1247628,310
1685766248.140916,308
1685766248.1539183,309
1685766248.1662562,311
1685766248.1823382,312
1685766248.1942484,311
1685766248.2072499,309
1685766248.2229033,308
1685766248.2350633,309
1685766248.251268,311
1685766248.2652235,312
1685766248.27669,310
1685766248.293181,308
1685766248.3052135,308
1685766248.3175483,309
1685766248.3341498,311
1685766248.345586,311
1685766248.3581228,310
1685766248.3753393,308
1685766248.387268,308
1685766248.4033446,310
1685766248.4160972,311
1685766248.428247,311
1685766248.444106,310
1685766248.4568002,308
1685766248.4691765,309
1685766248.4850307,311
1685766248.4978848,312
1685766248.5101326,312
1685766248.5258572,310
1685766248.5396125,309
1685766248.5541205,310
1685766248.5674973,312
1685766248.579372,313
1685766248.596024,311
1685766248.6083844,310
1685766248.620799,309
1685766248.6373272,311
1685766248.6487825,312
1685766248.6617882,312
1685766248.67768,310
1685766248.6904023,309
1685766248.7029014,309
1685766248.718777,311
1685766248.7312598,312
1685766248.7478216,312
1685766248.7603116,310
1685766248.7722454,308
1685766248.7886612,309
1685766248.8006995,311
1685766248.8125904,312
1685766248.8292742,311
1685766248.8413444,309
1685766248.8541994,308
1685766248.8705387,309
1685766248.882545,312
1685766248.898872,312
1685766248.9108896,311
1685766248.9237075,309
1685766248.9399765,308
1685766248.9519868,311
1685766248.9643636,312
1685766248.980925,312
1685766248.9930027,311
1685766249.0049539,309
1685766249.0219543,309
1685766249.034012,311
1685766249.0459566,312
1685766249.0629544,312
1685766249.0750124,310
1685766249.0909677,308
1685766249.1039555,309
1685766249.116182,312
1685766249.1319532,313
1685766249.14399,312
1685766249.1569488,310
1685766249.173235,309
1685766249.1852694,310
1685766249.1982965,312
1685766249.2143972,312
1685766249.2261496,311
1685766249.2424557,309
1685766249.2557046,309
1685766249.2676837,311
1685766249.2836828,313
1685766249.2964618,313
1685766249.3086011,312
1685766249.325148,310
1685766249.3372538,310
1685766249.350025,312
1685766249.3661442,314
1685766249.3784046,313
1685766249.3945267,312
1685766249.4067397,310
1685766249.4187214,311
1685766249.4355955,313
1685766249.4484472,315
1685766249.4604638,314
1685766249.4764373,312
1685766249.4894571,312
1685766249.50144,313
1685766249.5178032,315
1685766249.5299666,316
1685766249.5424533,315
1685766249.5584402,313
1685766249.5707624,313
1685766249.5865126,315
1685766249.5994532,317
1685766249.6114447,317
1685766249.62849,316
1685766249.6404417,314
1685766249.6524916,314
1685766249.6684487,316
1685766249.6814575,318
1685766249.6935833,317
1685766249.7103987,315
1685766249.7219865,313
1685766249.7381892,314
1685766249.7512164,316
1685766249.7633848,317
1685766249.779097,316
1685766249.7921336,314
1685766249.8040838,313
1685766249.820795,314
1685766249.8327324,316
1685766249.8447354,316
1685766249.8617313,314
1685766249.873732,312
1685766249.8897305,311
1685766249.9027293,313
1685766249.9147325,314
1685766249.931488,314
1685766249.9436183,312
1685766249.9559016,310
1685766249.9720354,310
1685766249.9846604,312
1685766249.9964478,312
1685766250.0126376,311
1685766250.024641,309
1685766250.0377378,307
1685766250.053565,308
1685766250.065565,310
1685766250.0819697,310
1685766250.0945227,309
1685766250.1070807,306
1685766250.123494,305
1685766250.13536,306
1685766250.1483967,307
1685766250.1645947,308
1685766250.1764767,307
1685766250.188477,306
1685766250.2054193,306
1685766250.2173808,309
1685766250.2335203,311
1685766250.2464674,311
1685766250.258536,310
1685766250.2744627,309
1685766250.2866862,310
1685766250.299685,313
1685766250.3164034,315
1685766250.3283575,314
1685766250.3412485,313
1685766250.3568518,311
1685766250.3698523,313
1685766250.381865,315
1685766250.3982031,316
1685766250.4102995,314
1685766250.4266548,312
1685766250.438977,312
1685766250.4515738,313
1685766250.4679425,314
1685766250.480286,314
1685766250.4920223,313
1685766250.5082955,310
1685766250.5214145,310
1685766250.533399,311
1685766250.550123,312
1685766250.5620787,312
1685766250.5781252,311
1685766250.5911138,310
1685766250.602667,310
1685766250.6192136,313
1685766250.6312265,314
1685766250.6438363,314
1685766250.660361,313
1685766250.6724334,313
1685766250.6848238,315
1685766250.701199,317
1685766250.7129705,318
1685766250.7290764,317
1685766250.7419617,315
1685766250.7547972,315
1685766250.7707975,316
1685766250.7838018,317
1685766250.7953165,317
1685766250.8118527,316
1685766250.8244312,314
1685766250.8360238,313
1685766250.8524733,315
1685766250.8644822,316
1685766250.8774838,316
1685766250.8934762,315
1685766250.9054728,313
1685766250.9224777,314
1685766250.934472,316
1685766250.946472,318
1685766250.9634721,317
1685766250.9755173,315
1685766250.9880507,314
1685766251.004484,315
1685766251.0164788,318
1685766251.0284858,319
1685766251.0455744,318
1685766251.0574894,317
1685766251.0730658,317
1685766251.0860507,319
1685766251.0980482,321
1685766251.1151562,322
1685766251.1267605,322
1685766251.1397772,321
1685766251.1557376,322
1685766251.1677077,324
1685766251.1807132,326
1685766251.1967092,326
1685766251.2091255,325
1685766251.2211266,324
1685766251.2379303,325
1685766251.2499142,327
1685766251.2663383,328
1685766251.2788935,327
1685766251.2907596,325
1685766251.3077526,324
1685766251.319161,325
1685766251.3317225,327
1685766251.3484323,326
1685766251.36053,324
1685766251.3733516,322
1685766251.3895383,321
1685766251.402215,322
1685766251.4177155,323
1685766251.4296486,323
1685766251.442868,321
1685766251.4592466,319
1685766251.471467,319
1685766251.4834263,320
1685766251.50017,321
1685766251.5120664,320
1685766251.5240674,318
1685766251.540502,317
1685766251.5533636,317
1685766251.5693352,319
1685766251.5819194,319
1685766251.594355,318
1685766251.6105492,315
1685766251.6227412,314
1685766251.635519,314
1685766251.6518512,316
1685766251.6639924,316
1685766251.6755204,314
1685766251.6925325,312
1685766251.7045753,311
1685766251.7169514,312
1685766251.733486,314
1685766251.7452743,314
1685766251.762284,312
1685766251.7746334,310
1685766251.7866788,310
1685766251.8032465,311
1685766251.8147397,313
1685766251.8276367,312
1685766251.8443432,310
1685766251.856249,308
1685766251.868424,308
1685766251.8853092,310
1685766251.8972626,310
1685766251.913248,309
1685766251.9253244,307
1685766251.9382236,306
1685766251.9545894,306
1685766251.9670868,308
1685766251.978841,308
1685766251.9955032,307
1685766252.0074477,305
1685766252.0202048,304
1685766252.0359898,306
1685766252.0489724,308
1685766252.061526,308
1685766252.0773697,307
1685766252.0896904,305
1685766252.1057,305
1685766252.1186464,307
1685766252.130732,308
1685766252.1471148,308
1685766252.1595073,306
1685766252.171629,304
1685766252.1882877,305
1685766252.2002842,307
1685766252.2134886,308
1685766252.2294562,307
1685766252.2418895,305
1685766252.2573872,303
1685766252.269418,305
1685766252.2819421,307
1685766252.2989724,307
1685766252.311465,306
1685766252.3234596,303
1685766252.339808,303
1685766252.3514578,304
1685766252.3642244,306
1685766252.3806567,306
1685766252.3930628,305
1685766252.408872,303
1685766252.4219186,303
1685766252.434061,305
1685766252.4504604,307
1685766252.4624796,306
1685766252.4744747,304
1685766252.4909174,302
1685766252.5029194,303
1685766252.515962,305
1685766252.532129,305
1685766252.544266,304
1685766252.5569074,302
1685766252.5729244,301
1685766252.5849192,303
1685766252.6019626,304
1685766252.6140652,304
1685766252.626526,303
1685766252.6431272,301
1685766252.6553047,301
1685766252.6673708,303
1685766252.6838348,305
1685766252.6964235,305
1685766252.7084284,303
1685766252.7244213,302
1685766252.737311,302
1685766252.752941,304
1685766252.7661662,306
1685766252.7781603,305
1685766252.794373,303
1685766252.8064158,302
1685766252.8189824,303
1685766252.8351755,305
1685766252.8469267,306
1685766252.8593569,304
1685766252.8759332,302
1685766252.8882508,301
1685766252.9011934,302
1685766252.917294,304
1685766252.9292908,303
1685766252.9454265,302
1685766252.9579597,300
1685766252.9704664,299
1685766252.9863114,301
1685766252.998428,303
1685766253.0113838,303
1685766253.0280735,301
1685766253.0403998,298
1685766253.052451,299
1685766253.06909,301
1685766253.0806894,302
1685766253.0967314,301
1685766253.1096587,299
1685766253.1218045,298
1685766253.138085,299
1685766253.150685,302
1685766253.1623375,302
1685766253.1793337,301
1685766253.192031,298
1685766253.2039628,297
1685766253.2202444,298
1685766253.2323382,300
1685766253.2488134,300
1685766253.2612612,298
1685766253.2732425,296
1685766253.289545,295
1685766253.302253,297
1685766253.3142476,299
1685766253.330238,298
1685766253.3434227,297
1685766253.355244,295
1685766253.3712554,296
1685766253.3842397,299
1685766253.396238,301
1685766253.4122496,301
1685766253.4250383,300
1685766253.4413948,299
1685766253.4533923,301
1685766253.4663978,303
1685766253.482397,304
1685766253.4946523,304
1685766253.506811,302
1685766253.5233896,303
1685766253.5354073,305
1685766253.5473876,308
1685766253.5644875,309
1685766253.576724,308
1685766253.5928023,307
1685766253.6053874,308
1685766253.617392,311
1685766253.6335156,313
1685766253.6455307,314
1685766253.658506,314
1685766253.6745093,313
1685766253.6875112,315
1685766253.6995108,318
1685766253.715516,320
1685766253.7275212,320
1685766253.7445066,318
1685766253.756517,318
1685766253.7687988,320
1685766253.7855086,323
1685766253.7975104,324
1685766253.809511,323
1685766253.8265197,322
1685766253.8385065,322
1685766253.8515105,324
1685766253.8675086,326
1685766253.8795183,326
1685766253.891509,324
1685766253.908513,323
1685766253.9207911,324
1685766253.9366312,324
1685766253.9485729,326
1685766253.9615247,325
1685766253.977911,323
1685766253.9895597,322
1685766254.002509,324
1685766254.018511,327
1685766254.0305068,329
1685766254.0436368,330
1685766254.0596385,330
1685766254.0716317,331
1685766254.0876803,335
1685766254.1006804,339
1685766254.1126826,341
1685766254.129639,340
1685766254.1411605,335
1685766254.1541033,330
1685766254.1701055,327
1685766254.1821322,325
1685766254.1951623,321
1685766254.211113,315
1685766254.2231133,309
1685766254.2360709,306
1685766254.252804,306
1685766254.264863,305
1685766254.280811,303
1685766254.2928693,301
1685766254.3058038,299
1685766254.3218184,299
1685766254.3341746,300
1685766254.3463066,301
1685766254.3631098,300
1685766254.3751671,298
1685766254.3871846,297
1685766254.4041665,298
1685766254.4161131,301
1685766254.4322531,302
1685766254.4442196,301
1685766254.4562488,299
1685766254.4732542,299
1685766254.4853835,302
1685766254.4974093,304
1685766254.5137613,305
1685766254.5267406,305
1685766254.538895,303
1685766254.5549223,305
1685766254.5670505,308
1685766254.5839221,310
1685766254.5959187,312
1685766254.6079152,312
1685766254.6248827,312
1685766254.6370273,314
1685766254.6489158,318
1685766254.6658945,320
1685766254.6778834,320
1685766254.6905375,317
1685766254.7068841,315
1685766254.7190342,315
1685766254.7308927,316
1685766254.747894,315
1685766254.7601738,313
1685766254.7759383,309
1685766254.7889304,308
1685766254.8009403,309
1685766254.8169396,310
1685766254.829912,310
1685766254.841954,308
1685766254.8578901,305
1685766254.870895,304
1685766254.8828835,305
1685766254.8989282,305
1685766254.9118953,303
1685766254.9278848,300
1685766254.9399533,297
1685766254.9519436,297
1685766254.96894,297
1685766254.9809396,298
1685766254.993352,297
1685766255.0098839,295
1685766255.0218816,295
1685766255.0340612,298
1685766255.0511012,301
1685766255.0631046,302
1685766255.075163,302
1685766255.0911498,300
1685766255.1040971,300
1685766255.120106,301
1685766255.1331694,303
1685766255.1453083,303
1685766255.1611588,303
1685766255.1742935,302
1685766255.1860964,302
1685766255.2021048,305
1685766255.2151031,307
1685766255.2274365,308
1685766255.2431035,307
1685766255.256107,305
1685766255.2722614,306
1685766255.2841554,308
1685766255.296118,310
1685766255.3131812,311
1685766255.3251686,311
1685766255.337167,311
1685766255.3541214,314
1685766255.366146,316
1685766255.378641,316
1685766255.395186,315
1685766255.4071367,315
1685766255.4230957,315
1685766255.435598,316
1685766255.4477475,317
1685766255.4647486,315
1685766255.4767556,310
1685766255.4887898,305
1685766255.505762,303
1685766255.5177536,302
1685766255.5297573,300
1685766255.5462925,297
1685766255.5587084,295
1685766255.5707018,292
1685766255.5867069,292
1685766255.5997074,293
1685766255.6157064,294
1685766255.6283255,293
1685766255.6403248,292
1685766255.6572282,291
1685766255.6692243,293
1685766255.6812274,295
1685766255.6982343,295
1685766255.7102346,294
1685766255.7222254,292
1685766255.7392333,292
1685766255.751227,294
1685766255.7675014,296
1685766255.7800305,297
1685766255.7924826,295
1685766255.808481,294
1685766255.8205411,296
1685766255.83348,298
1685766255.849576,300
1685766255.8619041,300
1685766255.8735728,299
1685766255.890574,299
1685766255.902589,301
1685766255.9185698,303
1685766255.9317653,305
1685766255.9437995,304
1685766255.9603865,303
1685766255.9723756,302
1685766255.984386,304
1685766256.001388,306
1685766256.0136664,307
1685766256.0253716,305
1685766256.0423996,303
1685766256.054387,303
1685766256.06638,305
1685766256.0823712,306
1685766256.095685,306
1685766256.11137,304
1685766256.1243713,302
1685766256.1363714,303
1685766256.152993,305
1685766256.165365,307
1685766256.1773708,307
1685766256.1933699,305
1685766256.2053661,304
1685766256.2183657,305
1685766256.2340422,308
1685766256.2467177,309
1685766256.2627497,309
1685766256.2757187,307
1685766256.2877693,306
1685766256.3037717,308
1685766256.3167605,310
1685766256.328771,311
1685766256.344876,309
1685766256.3569221,307
1685766256.369718,307
1685766256.3864322,309
1685766256.3977673,311
1685766256.4107287,310
1685766256.4267747,309
1685766256.4387567,307
1685766256.4556515,308
1685766256.467457,310
1685766256.480374,311
1685766256.4963603,310
1685766256.5083785,309
1685766256.5213556,307
1685766256.5373702,308
1685766256.5500464,310
1685766256.562086,311
1685766256.5784929,310
1685766256.5910907,307
1685766256.6071188,306
1685766256.6195283,308
1685766256.631702,310
1685766256.6481934,310
1685766256.6607108,309
1685766256.672745,307
1685766256.689071,307
1685766256.7017367,309
1685766256.7138553,311
1685766256.7300124,310
1685766256.7419848,309
1685766256.7586174,307
1685766256.7708063,308
1685766256.7828598,310
1685766256.7995782,311
1685766256.8122308,310
1685766256.8242748,307
1685766256.8406441,306
1685766256.8530679,307
1685766256.86501,308
1685766256.8813043,309
1685766256.8942273,307
1685766256.906285,305
1685766256.9231877,305
1685766256.9347515,306
1685766256.9515188,308
1685766256.9635248,309
1685766256.97556,308
1685766256.9919,305
1685766257.0039515,306
1685766257.0168881,307
1685766257.0329998,308
1685766257.0454895,308
1685766257.0577466,306
1685766257.0744746,304
1685766257.0864637,305
1685766257.1028497,308
1685766257.1149242,308
1685766257.1273816,308
1685766257.1438875,307
1685766257.1563184,307
1685766257.1686232,309
1685766257.185492,311
1685766257.1971622,310
1685766257.209162,309
1685766257.2255874,307
1685766257.2376332,307
1685766257.2501748,309
1685766257.2664702,312
1685766257.2802646,312
1685766257.295239,311
1685766257.3080332,310
1685766257.3203945,310
1685766257.336165,312
1685766257.3487945,313
1685766257.3610506,314
1685766257.3774307,312
1685766257.3892772,311
1685766257.402298,311
1685766257.4182854,313
1685766257.430285,313
1685766257.447061,313
1685766257.4595623,311
1685766257.471621,309
1685766257.487506,310
1685766257.500559,312
1685766257.5121403,313
1685766257.5292625,312
1685766257.542138,309
1685766257.5532608,309
1685766257.5706952,310
1685766257.5823987,313
1685766257.5985475,313
1685766257.610546,313
1685766257.623466,311
1685766257.6405284,311
1685766257.6523876,313
1685766257.6644413,314
1685766257.6807127,314
1685766257.692895,313
1685766257.7045715,311
1685766257.7214842,311
1685766257.7339828,314
1685766257.746691,315
1685766257.762135,314
1685766257.7745492,312
1685766257.7906036,311
1685766257.8031056,313
1685766257.815956,315
1685766257.832267,315
1685766257.8444517,314
1685766257.8569553,311
1685766257.8729253,311
1685766257.8851078,313
1685766257.8980696,315
1685766257.9137523,315
1685766257.92577,314
1685766257.9430814,312
1685766257.955322,312
1685766257.9673808,314
1685766257.983636,315
1685766257.9954247,313
1685766258.008373,312
1685766258.0244284,310
1685766258.036434,311
1685766258.0490732,313
1685766258.065042,314
1685766258.078023,313
1685766258.0900214,311
1685766258.1060398,310
1685766258.118313,311
1685766258.1358643,314
1685766258.1473045,315
1685766258.1596932,313
1685766258.1757646,311
1685766258.1883867,311
1685766258.200917,312
1685766258.2169642,314
1685766258.228899,314
1685766258.2418988,313
1685766258.2579796,310
1685766258.2705212,311
1685766258.286641,313
1685766258.2994418,315
1685766258.311429,315
1685766258.3282669,312
1685766258.340197,310
1685766258.352206,312
1685766258.3690875,314
1685766258.380929,315
1685766258.3928442,314
1685766258.4095058,311
1685766258.4220452,310
1685766258.4380312,311
1685766258.4507666,313
1685766258.463125,314
1685766258.4791825,312
1685766258.491518,310
1685766258.5035708,309
1685766258.5203319,310
1685766258.5324247,311
1685766258.5444736,310
1685766258.5611608,309
1685766258.5731626,308
1685766258.586153,306
1685766258.6022494,308
1685766258.614259,309
1685766258.6312695,308
1685766258.6432629,307
1685766258.6552093,305
1685766258.6716073,305
1685766258.6846664,305
1685766258.6958315,306
1685766258.7125623,304
1685766258.7244983,303
1685766258.7368708,301
1685766258.7540307,303
1685766258.7660296,305
1685766258.7825058,305
1685766258.794855,304
1685766258.80721,302
1685766258.8240733,301
1685766258.835576,303
1685766258.8475912,304
1685766258.8640852,304
1685766258.8761873,303
1685766258.8891237,301
1685766258.9053328,302
1685766258.9172034,303
1685766258.930211,305
1685766258.946294,304
1685766258.9582024,304
1685766258.974995,303
1685766258.9873621,305
1685766258.9996865,307
1685766259.0155013,308
1685766259.0276856,308
1685766259.0406969,306
1685766259.0570574,305
1685766259.0699267,308
1685766259.0819178,310
1685766259.097915,311
1685766259.1105,310
1685766259.1266167,308
1685766259.1386266,308
1685766259.1507747,310
1685766259.1677296,313
1685766259.1796775,314
1685766259.1920717,313
1685766259.2084076,312
1685766259.2207704,313
1685766259.2328553,316
1685766259.2494845,318
1685766259.2616704,319
1685766259.2776942,318
1685766259.2904744,318
1685766259.302351,320
1685766259.3182776,323
1685766259.331314,326
1685766259.343679,325
1685766259.3594842,324
1685766259.3725245,324
1685766259.3845224,326
1685766259.4009018,328
1685766259.4135172,329
1685766259.4255557,328
1685766259.4417217,327
1685766259.4543352,327
1685766259.4706645,329
1685766259.4827812,331
1685766259.495372,331
1685766259.51182,330
1685766259.5241694,329
1685766259.5357263,328
1685766259.5524013,330
1685766259.5644598,331
1685766259.5766213,330
1685766259.5935657,328
1685766259.6055627,325
1685766259.6218147,326
1685766259.635133,329
1685766259.6470673,330
1685766259.6624792,324
1685766259.6752262,314
1685766259.6880093,306
1685766259.7037075,305
1685766259.7163372,306
1685766259.7285721,309
1685766259.7444234,311
1685766259.7573829,312
1685766259.7733734,314
1685766259.7857687,319
1685766259.7979643,322
1685766259.8146076,324
1685766259.8271785,323
1685766259.8391335,321
1685766259.8556762,322
1685766259.8683221,325
1685766259.8794572,327
1685766259.896512,326
1685766259.9089959,324
1685766259.9204814,322
1685766259.937468,323
1685766259.950029,326
1685766259.9661348,326
1685766259.978672,325
1685766259.9907339,323
1685766260.0063996,321
1685766260.019402,323
1685766260.0318387,325
1685766260.0481298,325
1685766260.0602915,323
1685766260.0730233,319
1685766260.0885112,318
1685766260.1014397,320
1685766260.1169484,321
1685766260.1302817,321
1685766260.1421645,318
1685766260.158766,316
1685766260.171231,316
1685766260.1834042,318
1685766260.1997743,319
1685766260.2114117,318
1685766260.2242603,315
1685766260.2407403,312
1685766260.252447,313
1685766260.2651887,316
1685766260.2814708,316
1685766260.293817,315
1685766260.3095953,312
1685766260.3227794,311
1685766260.3349357,312
1685766260.3503757,314
1685766260.3636017,315
1685766260.3754182,312
1685766260.391608,309
1685766260.4045072,308
1685766260.4168873,311
1685766260.4331818,312
1685766260.445303,312
1685766260.461676,310
1685766260.474345,308
1685766260.486075,308
1685766260.503084,311
1685766260.5143633,312
1685766260.5274332,311
1685766260.5434594,308
1685766260.555337,306
1685766260.5685637,307
1685766260.5850112,308
1685766260.5972998,309
1685766260.6125858,307
1685766260.6251647,304
1685766260.6371572,303
1685766260.6541643,304
1685766260.6666121,306
1685766260.6784005,306
1685766260.6954064,304
1685766260.707595,301
1685766260.720071,301
1685766260.736301,303
1685766260.748488,304
1685766260.7609324,304
1685766260.7768683,302
1685766260.7895622,299
1685766260.8056047,299
1685766260.8183541,302
1685766260.830584,303
1685766260.8468647,302
1685766260.8590229,299
1685766260.8710759,297
1685766260.8870275,299
1685766260.900035,301
1685766260.9120204,302
1685766260.9280741,300
1685766260.9410276,298
1685766260.9570231,297
1685766260.9692442,298
1685766260.9812503,300
1685766260.9981856,300
1685766261.010247,298
1685766261.0222485,295
1685766261.0391884,295
1685766261.051191,297
1685766261.0632253,299
1685766261.0801842,299
1685766261.0917392,297
1685766261.1047733,295
1685766261.120957,296
1685766261.1334796,299
1685766261.1495132,300
1685766261.1619165,300
1685766261.1745508,298
1685766261.1904886,296
1685766261.202506,298
1685766261.2156706,301
1685766261.2310505,302
1685766261.2440026,301
1685766261.2567103,299
1685766261.2725215,298
1685766261.2855883,300
1685766261.3016267,302
1685766261.3136258,303
1685766261.3256228,301
1685766261.3416255,299
1685766261.3546238,299
1685766261.3666246,301
1685766261.3828955,303
1685766261.3959787,303
1685766261.408018,302
1685766261.4243062,299
1685766261.4367485,300
1685766261.4521585,303
1685766261.4646733,304
1685766261.47767,304
1685766261.4933376,301
1685766261.5053353,300
1685766261.518402,301
1685766261.5343647,304
1685766261.5474122,305
1685766261.5589085,304
1685766261.5760553,302
1685766261.5876975,301
1685766261.601121,303
1685766261.616642,305
1685766261.6293964,306
1685766261.64534,304
1685766261.6578465,302
1685766261.6705372,302
1685766261.686537,304
1685766261.6985338,306
1685766261.7105453,306
1685766261.7266324,304
1685766261.7397,302
1685766261.7513092,303
1685766261.767964,305
1685766261.7809117,307
1685766261.7967694,306
1685766261.8093631,304
1685766261.8213627,302
1685766261.8383865,304
1685766261.8502572,307
1685766261.862514,307
1685766261.8791952,306
1685766261.8913822,303
1685766261.903504,302
1685766261.9193132,304
1685766261.9323187,306
1685766261.9444048,307
1685766261.9605515,305
1685766261.9733987,303
1685766261.9895499,303
1685766262.0014765,305
1685766262.013379,307
1685766262.030162,306
1685766262.0428362,304
1685766262.0547817,301
1685766262.0714843,302
1685766262.0831907,304
1685766262.0962574,305
1685766262.1122255,304
1685766262.1244934,302
1685766262.1404765,300
1685766262.1524847,301
1685766262.1654773,303
1685766262.1815412,304
1685766262.1941366,303
1685766262.2062268,300
1685766262.223167,299
1685766262.2354138,301
1685766262.24748,304
1685766262.2636402,304
1685766262.2755706,303
1685766262.2916327,300
1685766262.3052688,300
1685766262.3166077,303
1685766262.333682,304
1685766262.345773,304
1685766262.3578277,302
1685766262.3741765,301
1685766262.3865385,302
1685766262.3985393,305
1685766262.4155915,307
1685766262.4279256,306
1685766262.440348,305
1685766262.4559479,304
1685766262.4686615,306
1685766262.4845824,309
1685766262.497398,311
1685766262.509398,311
1685766262.5254586,309
1685766262.5384924,309
1685766262.5506985,313
1685766262.5672336,316
1685766262.5794058,318
1685766262.59146,318
1685766262.6075258,317
1685766262.6204164,319
1685766262.6367218,322
1685766262.6493137,325
1685766262.661341,327
1685766262.6776288,326
1685766262.6895256,325
1685766262.7024121,326
1685766262.7187288,329
1685766262.7302496,331
1685766262.7429428,331
1685766262.7595818,329
1685766262.7721062,328
1685766262.784005,330
1685766262.7999864,332
1685766262.8128867,334
1685766262.8292758,332
1685766262.8414915,330
1685766262.8535447,329
1685766262.8694866,330
1685766262.8824978,332
1685766262.894502,331
1685766262.9105453,329
1685766262.923371,326
1685766262.935408,324
1685766262.951452,325
1685766262.9644418,326
1685766262.9810512,325
1685766262.9926832,323
1685766263.004631,320
1685766263.021626,320
1685766263.034317,322
1685766263.045489,324
1685766263.0623598,324
1685766263.0751872,322
1685766263.0871649,321
1685766263.1032321,324
1685766263.1159966,327
1685766263.1316965,329
1685766263.1437442,329
1685766263.156841,328
1685766263.1734126,328
1685766263.1855867,331
1685766263.1973615,334
1685766263.2135446,335
1685766263.2265587,334
1685766263.2385535,332
1685766263.2554495,333
1685766263.267499,337
1685766263.2799706,339
1685766263.296391,339
1685766263.3083966,338
1685766263.324646,337
1685766263.3366733,337
1685766263.3486788,339
1685766263.3652518,339
1685766263.3783157,335
1685766263.390454,322
1685766263.4067767,318
1685766263.418197,323
1685766263.431352,329
1685766263.4474497,333
1685766263.4601912,334
1685766263.4762955,333
1685766263.4882982,334
1685766263.500949,336
1685766263.5172684,339
1685766263.529275,340
1685766263.5413845,338
1685766263.5583873,335
1685766263.570215,334
1685766263.582254,335
1685766263.599201,335
1685766263.6111977,333
1685766263.623299,331
1685766263.6399634,328
1685766263.6524782,328
1685766263.6690807,327
1685766263.681155,326
1685766263.6931694,323
1685766263.7094016,319
1685766263.7216902,315
1685766263.734205,306
1685766263.7510958,309
1685766263.7630494,309
1685766263.7750518,309
1685766263.7922626,306
1685766263.803518,305
1685766263.8199499,307
1685766263.832382,307
1685766263.8450878,306
1685766263.8610656,303
1685766263.8733637,300
1685766263.8854003,299
1685766263.902505,301
1685766263.9145288,302
1685766263.926293,303
1685766263.9429572,301
1685766263.9554195,299
1685766263.971356,299
1685766263.984347,300
1685766263.9963882,300
1685766264.012469,296
1685766264.0244122,287
1685766264.0372765,283
1685766264.0540156,286
1685766264.065957,290
1685766264.0784686,292
1685766264.0941372,294
1685766264.107151,293
1685766264.1193724,294
1685766264.1353135,297
1685766264.148366,299
1685766264.1643536,300
1685766264.1769943,299
1685766264.189334,296
1685766264.205325,296
1685766264.2173817,298
1685766264.2295923,300
1685766264.2463372,299
1685766264.2584004,300
1685766264.270657,298
1685766264.2873406,298
1685766264.299671,299
1685766264.3161116,300
1685766264.328335,298
1685766264.3402011,293
1685766264.356452,288
1685766264.3689508,289
1685766264.3815854,293
1685766264.3979263,295
1685766264.4104068,297
1685766264.4224005,296
1685766264.4390519,297
1685766264.4514139,301
1685766264.4635088,303
1685766264.4792056,303
1685766264.49179,302
1685766264.5078363,300
1685766264.52073,300
1685766264.533048,302
1685766264.5490022,304
1685766264.5613217,303
1685766264.573324,300
1685766264.5902154,298
1685766264.6023374,297
1685766264.6144745,299
1685766264.631548,299
1685766264.643568,296
1685766264.6603038,291
1685766264.6722689,289
1685766264.6841204,290
1685766264.7010012,293
1685766264.7135363,293
1685766264.7259324,293
1685766264.7414453,290
1685766264.7543895,290
1685766264.7666907,292
1685766264.7822144,294
1685766264.795276,294
1685766264.8113139,292
1685766264.8239782,290
1685766264.836313,291
1685766264.8527014,294
1685766264.8646963,296
1685766264.87735,296
1685766264.8935099,294
1685766264.9057648,293
1685766264.917871,293
1685766264.934329,295
1685766264.9464567,296
1685766264.959056,296
1685766264.9751542,294
1685766264.9871294,294
1685766265.003545,295
1685766265.0155296,297
1685766265.0285091,298
1685766265.0453484,298
1685766265.0573325,297
1685766265.0693247,297
1685766265.086337,299
1685766265.0983691,300
1685766265.1103568,301
1685766265.1267076,300
1685766265.138713,299
1685766265.1552074,299
1685766265.167908,301
1685766265.180237,303
1685766265.1965747,303
1685766265.2080128,303
1685766265.2210186,302
1685766265.237026,303
1685766265.2503378,306
1685766265.2618585,308
1685766265.2785113,308
1685766265.2906911,307
1685766265.3066854,307
1685766265.3194659,309
1685766265.3314283,312
1685766265.3474097,313
1685766265.3604062,313
1685766265.3727221,312
1685766265.3884504,312
1685766265.401279,315
1685766265.4134429,316
1685766265.4303813,317
1685766265.4419248,317
1685766265.4542127,315
1685766265.470937,316
1685766265.483346,318
1685766265.5004132,320
1685766265.5117018,320
1685766265.524521,320
1685766265.5404844,319
1685766265.5524771,320
1685766265.565261,322
1685766265.5812616,322
1685766265.593397,322
1685766265.605853,321
1685766265.6225173,319
1685766265.6351724,320
1685766265.6510549,322
1685766265.663496,323
1685766265.675943,321
1685766265.6927266,320
1685766265.7043386,320
1685766265.7163439,321
1685766265.7333403,323
1685766265.7453303,324
1685766265.7574,323
1685766265.773784,322
1685766265.7864866,322
1685766265.798972,324
1685766265.8150473,325
1685766265.8270414,326
1685766265.843804,325
1685766265.8557174,324
1685766265.8684075,324
1685766265.8848133,325
1685766265.8973014,326
1685766265.9094021,325
1685766265.9258964,323
1685766265.938004,322
1685766265.9494596,323
1685766265.9667459,325
1685766265.978859,325
1685766265.995303,324
1685766266.007234,322
1685766266.019976,321
1685766266.035918,322
1685766266.0478756,323
1685766266.060813,322
1685766266.076868,321
1685766266.089131,319
1685766266.1011882,318
1685766266.1183946,319
1685766266.130402,320
1685766266.1427236,319
1685766266.1587658,318
1685766266.1712246,316
1685766266.1880336,316
1685766266.2001836,317
1685766266.2124205,318
1685766266.2284203,317
1685766266.2410395,315
1685766266.2525642,314
1685766266.2694104,314
1685766266.2813702,315
1685766266.2940934,315
1685766266.310911,314
1685766266.3229105,312
1685766266.338939,310
1685766266.3514304,312
1685766266.3642497,312
1685766266.3804948,312
1685766266.3924148,311
1685766266.404211,309
1685766266.4209926,308
1685766266.4330463,309
1685766266.4455097,310
1685766266.4624004,310
1685766266.4741857,308
1685766266.489868,306
1685766266.5032854,307
1685766266.5147777,308
1685766266.5314286,308
1685766266.5434542,306
1685766266.5565836,304
1685766266.5722282,302
1685766266.5852685,302
1685766266.596735,304
1685766266.6136186,304
1685766266.6256182,303
1685766266.6386113,302
1685766266.654605,301
1685766266.6669703,303
1685766266.6833963,305
1685766266.6958578,306
1685766266.7077944,304
1685766266.7244287,303
1685766266.7364848,303
1685766266.7495396,305
1685766266.7654037,307
1685766266.777603,306
1685766266.7897234,305
1685766266.806196,304
1685766266.8185227,304
1685766266.8352466,306
1685766266.8471897,307
1685766266.859231,306
1685766266.8754222,305
1685766266.8883934,304
1685766266.9004009,304
1685766266.9171758,305
1685766266.9294007,306
1685766266.9410682,305
1685766266.9573772,303
1685766266.9698756,303
1685766266.9824004,305
1685766266.9990897,306
1685766267.0111473,306
1685766267.0273197,305
1685766267.0396326,303
1685766267.051358,303
1685766267.068447,305
1685766267.0808227,305
1685766267.0926924,305
1685766267.1086938,304
1685766267.1211863,303
1685766267.133901,303
1685766267.149996,305
1685766267.1626477,306
1685766267.178776,306
1685766267.1916413,305
1685766267.2036004,304
1685766267.2202098,305
1685766267.2322688,307
1685766267.2445889,308
1685766267.2601776,307
1685766267.2725458,305
1685766267.2852333,305
1685766267.3016067,306
1685766267.3143022,308
1685766267.3303444,308
1685766267.3425057,307
1685766267.3545,305
1685766267.371389,305
1685766267.38306,307
1685766267.3962135,307
1685766267.411872,307
1685766267.4245284,305
1685766267.4369678,304
1685766267.4533918,304
1685766267.4653504,305
1685766267.477405,306
1685766267.4944482,306
1685766267.5059855,304
1685766267.5223713,304
1685766267.535569,304
1685766267.5473452,306
1685766267.5637946,306
1685766267.5763607,305
1685766267.588366,303
1685766267.604296,303
1685766267.6171854,304
1685766267.6300218,305
1685766267.6452546,305
1685766267.6582906,304
1685766267.6743312,303
1685766267.6863306,303
1685766267.6993375,304
1685766267.7153828,305
1685766267.7273476,305
1685766267.739331,304
1685766267.7566683,302
1685766267.768344,302
1685766267.7810144,305
1685766267.7972653,306
1685766267.8094153,305
1685766267.8263392,304
1685766267.8378277,303
1685766267.8508813,304
1685766267.8667624,306
1685766267.8795352,307
1685766267.891391,306
1685766267.9077635,304
1685766267.9203925,304
1685766267.9323897,305
1685766267.9484446,306
1685766267.9613912,307
1685766267.9733877,306
1685766267.9894452,304
1685766268.0023983,304
1685766268.0184054,306
1685766268.0303895,307
1685766268.0430222,308
1685766268.059402,307
1685766268.0714035,306
1685766268.083392,307
1685766268.1003902,309
1685766268.1124513,311
1685766268.1244588,311
1685766268.1413975,310
1685766268.1534402,309
1685766268.1695213,311
1685766268.1823905,314
1685766268.194487,315
1685766268.210489,314
1685766268.2229674,314
1685766268.2359443,313
1685766268.2514954,315
1685766268.264332,317
1685766268.2763274,318
1685766268.2933145,317
1685766268.305258,316
1685766268.317401,317
1685766268.3343484,319
1685766268.3463988,320
1685766268.3629723,320
1685766268.3743076,319
1685766268.3874564,317
1685766268.4039822,318
1685766268.4154973,320
1685766268.4283679,321
1685766268.4443648,320
1685766268.4561892,318
1685766268.4689472,317
1685766268.4851618,318
1685766268.4980073,319
1685766268.5142586,320
1685766268.5264964,319
1685766268.5391676,317
1685766268.555409,316
1685766268.567345,317
1685766268.580084,318
1685766268.5963218,318
1685766268.6083834,317
1685766268.6212907,315
1685766268.6372974,315
1685766268.650475,316
1685766268.665211,317
1685766268.6783214,317
1685766268.6903787,315
1685766268.7063844,313
1685766268.7183816,314
1685766268.731339,316
1685766268.7479784,316
1685766268.7593994,315
1685766268.7724473,313
1685766268.7883446,312
1685766268.800924,313
1685766268.8133917,314
1685766268.829714,315
1685766268.8417566,313
1685766268.8583465,311
1685766268.87005,309
1685766268.8824053,308
1685766268.899357,308
1685766268.911498,308
1685766268.9233434,305
1685766268.940352,302
1685766268.9525132,302
1685766268.9649622,304
1685766268.9811125,305
1685766268.9936688,306
1685766269.0094128,305
1685766269.0214484,304
1685766269.0344956,304
1685766269.0508924,305
1685766269.063165,306
1685766269.075199,305
1685766269.091829,304
1685766269.104364,302
1685766269.1163712,303
1685766269.1324348,305
1685766269.145325,306
1685766269.1573758,305
1685766269.1738415,304
1685766269.186166,304
1685766269.2024183,305
1685766269.2142482,307
1685766269.2265282,307
1685766269.2425792,305
1685766269.2553282,303
1685766269.267331,303
1685766269.28433,304
1685766269.2963552,306
1685766269.3083527,306
1685766269.324757,305
1685766269.3375976,304
1685766269.3536274,304
1685766269.366277,306
1685766269.3784683,308
1685766269.3947423,309
1685766269.407316,308
1685766269.4189792,308
1685766269.4354908,309
1685766269.4478092,312
1685766269.4601808,312
1685766269.4773703,312
1685766269.4882553,311
1685766269.505222,311
1685766269.5178797,313
1685766269.5303173,315
1685766269.546508,316
1685766269.5590105,316
1685766269.5704384,316
1685766269.587296,319
1685766269.5994382,322
1685766269.6119347,324
1685766269.6284397,324
1685766269.6404383,324
1685766269.653237,322
1685766269.6696355,323
1685766269.6816742,324
1685766269.6980188,325
1685766269.7097208,323
1685766269.722457,321
1685766269.7386408,318
1685766269.751302,319
1685766269.7633054,320
1685766269.7793229,319
1685766269.7918522,318
1685766269.8042867,315
1685766269.8203056,315
1685766269.8337374,315
1685766269.8495936,317
1685766269.8616273,317
1685766269.8743086,316
1685766269.8901868,314
1685766269.9024086,314
1685766269.915257,316
1685766269.931504,317
1685766269.9437525,317
1685766269.9556618,316
1685766269.9719288,315
1685766269.984978,315
1685766269.9972637,316
1685766270.0132825,318
1685766270.0252333,317
1685766270.042293,315
1685766270.0543222,314
1685766270.0663946,315
1685766270.0829806,316
1685766270.095398,317
1685766270.1071665,315
1685766270.1239605,312
1685766270.136253,310
1685766270.148001,311
1685766270.1643167,311
1685766270.1773367,310
1685766270.1931765,308
1685766270.205585,306
1685766270.2181633,306
1685766270.2341173,307
1685766270.2466085,308
1685766270.2586298,307
1685766270.2749202,305
1685766270.2878513,304
1685766270.2998502,305
1685766270.3163948,308
1685766270.3285172,309
1685766270.3444855,309
1685766270.3574152,308
1685766270.3696074,307
1685766270.3858035,308
1685766270.3975742,310
1685766270.4100251,311
1685766270.42703,310
1685766270.439026,309
1685766270.4510267,309
1685766270.4680297,311
1685766270.4800372,313
1685766270.4923952,313
1685766270.508334,312
1685766270.5213344,311
1685766270.5373323,311
1685766270.5493307,313
1685766270.5613418,315
1685766270.5782852,314
1685766270.590134,313
1685766270.6023643,312
1685766270.6192577,312
1685766270.6318026,314
1685766270.6443818,314
1685766270.6603322,313
1685766270.6733763,311
1685766270.689284,310
1685766270.7014906,311
1685766270.7131836,312
1685766270.7303681,312
1685766270.7423728,311
1685766270.7541573,309
1685766270.7709038,308
1685766270.782565,310
1685766270.7955692,311
1685766270.8115678,312
1685766270.8235874,311
1685766270.8402953,309
1685766270.8533392,309
1685766270.8653457,310
1685766270.8813858,311
1685766270.8935924,311
1685766270.9062505,310
1685766270.922384,308
1685766270.934225,308
1685766270.946879,310
1685766270.9635427,310
1685766270.9753103,310
1685766270.9881968,308
1685766271.0040264,306
1685766271.0167563,307
1685766271.033302,309
1685766271.0455198,309
1685766271.0574336,308
1685766271.0734663,306
1685766271.0860665,306
1685766271.0983431,307
1685766271.1150956,308
1685766271.1274295,309
1685766271.1396508,309
1685766271.1568966,308
1685766271.1683044,308
1685766271.1849597,311
1685766271.1970472,312
1685766271.2092018,312
1685766271.2257216,310
1685766271.237243,309
1685766271.2503288,309
1685766271.2660806,311
1685766271.2784822,313
1685766271.2905483,312
1685766271.3069913,311
1685766271.3193839,309
1685766271.331492,310
1685766271.348424,311
1685766271.3604877,312
1685766271.377386,311
1685766271.3893857,309
1685766271.4018245,308
1685766271.4183757,309
1685766271.431146,310
1685766271.4430075,310
1685766271.4590256,309
1685766271.471659,308
1685766271.4837377,308
1685766271.5003738,310
1685766271.5123856,311
1685766271.5290763,311
1685766271.541024,309
1685766271.5532966,307
1685766271.5696094,307
1685766271.5823421,308
1685766271.5943997,309
1685766271.6104376,308
1685766271.6231499,306
1685766271.6353128,305
1685766271.6508934,305
1685766271.6645815,307
1685766271.6800466,307
1685766271.6928864,307
1685766271.7048948,305
1685766271.7213933,305
1685766271.733338,307
1685766271.7461772,308
1685766271.7622085,308
1685766271.774229,308
1685766271.7870653,306
1685766271.803459,306
1685766271.8153386,306
1685766271.8275497,307
1685766271.844366,306
1685766271.856461,305
1685766271.872481,303
1685766271.8847263,304
1685766271.8968182,306
1685766271.9134994,307
1685766271.9260983,306
1685766271.938356,305
1685766271.9544334,304
1685766271.9668348,305
1685766271.97932,307
1685766271.9960067,307
1685766272.007617,306
1685766272.024181,303
1685766272.0368123,303
1685766272.0492253,304
1685766272.0653255,305
1685766272.0770688,306
1685766272.0901682,304
1685766272.1062224,302
1685766272.1191778,303
1685766272.1303816,305
1685766272.1473808,306
1685766272.1595807,306
1685766272.1720617,306
1685766272.1882968,304
1685766272.2003057,305
1685766272.2171428,308
1685766272.2291224,310
1685766272.2414289,310
1685766272.2575169,309
1685766272.2701404,308
1685766272.2824929,310
1685766272.2984116,311
1685766272.3108516,313
1685766272.3235962,313
1685766272.3399878,312
1685766272.352003,312
1685766272.3673468,314
1685766272.3818858,316
1685766272.3931608,316
1685766272.4090984,315
1685766272.4213514,314
1685766272.4335895,314
1685766272.450408,316
1685766272.4622607,318
1685766272.4750667,317
1685766272.4917839,316
1685766272.5033846,315
1685766272.5188622,315
1685766272.5323768,317
1685766272.5445817,317
1685766272.5604587,317
1685766272.5733242,316
1685766272.5855312,315
1685766272.6012852,316
1685766272.614317,317
1685766272.626439,318
1685766272.6424668,317
1685766272.6553056,316
1685766272.6675591,315
1685766272.684012,316
1685766272.6959481,318
1685766272.7124655,318
1685766272.7251039,318
1685766272.7369292,316
1685766272.7536325,316
1685766272.765875,317
1685766272.777879,319
1685766272.794481,319
1685766272.8067908,318
1685766272.8189855,316
1685766272.8353586,316
1685766272.8479767,317
1685766272.8640702,318
1685766272.876107,317
1685766272.8884523,316
1685766272.9047463,315
1685766272.917484,315
1685766272.9294348,317
1685766272.9454002,317
1685766272.9587188,317
1685766272.9706924,315
1685766272.9866924,314
1685766272.9990883,315
1685766273.0115566,316
1685766273.0280857,316
1685766273.04028,315
1685766273.056463,314
1685766273.0683959,314
1685766273.0813816,315
1685766273.097314,316
1685766273.1097038,316
1685766273.1218421,314
1685766273.138083,313
1685766273.1500163,313
1685766273.1632721,315
1685766273.178936,316
1685766273.1910005,315
1685766273.2083347,314
1685766273.2203937,313
1685766273.2327898,315
1685766273.2493472,317
1685766273.2608004,319
1685766273.2734962,318
1685766273.2900264,317
1685766273.302074,316
1685766273.3147173,317
1685766273.3307738,318
1685766273.34327,318
1685766273.3596945,317
1685766273.3716486,314
1685766273.3843431,313
1685766273.400617,315
1685766273.412999,315
1685766273.4247723,315
1685766273.4416175,313
1685766273.453732,311
1685766273.466234,311
1685766273.4827,313
1685766273.495684,313
1685766273.5070198,312
1685766273.5233045,310
1685766273.535049,309
1685766273.552004,309
1685766273.564048,311
1685766273.5763214,311
1685766273.5930378,310
1685766273.6055913,309
1685766273.617669,308
1685766273.633593,309
1685766273.6456265,311
1685766273.6585984,311
1685766273.6749282,310
1685766273.6876104,308
1685766273.7033947,307
1685766273.71588,309
1685766273.7276359,309
1685766273.744587,309
1685766273.757098,307
1685766273.7691066,305
1685766273.7851574,305
1685766273.7980838,306
1685766273.8101063,307
1685766273.8260849,306
1685766273.8391004,304
1685766273.8511794,303
1685766273.8673613,304
1685766273.8794076,305
1685766273.8960817,305
1685766273.9085932,305
1685766273.9205859,303
1685766273.9365916,301
1685766273.9496439,303
1685766273.961594,304
1685766273.977643,304
1685766273.9906523,303
1685766274.0025952,301
1685766274.0185943,301
1685766274.030581,303
1685766274.0476205,304
1685766274.0598986,304
1685766274.0716455,303
1685766274.0886543,301
1685766274.10059,301
1685766274.1131828,303
1685766274.1288645,304
1685766274.1421347,303
1685766274.1539142,302
1685766274.1705797,301
1685766274.1835606,302
1685766274.1986234,304
1685766274.2115831,305
1685766274.2235844,305
1685766274.2395656,303
1685766274.2525797,302
1685766274.2645783,303
1685766274.2806091,304
1685766274.2935936,304
1685766274.3053396,304
1685766274.3222797,301
1685766274.3343213,300
1685766274.346516,302
1685766274.3632753,302
1685766274.3752286,302
1685766274.3912153,301
1685766274.4042175,300
1685766274.4163094,300
1685766274.4325547,301
1685766274.444293,303
1685766274.4572372,303
1685766274.4732277,302
1685766274.486251,301
1685766274.498229,302
1685766274.514292,304
1685766274.5263238,305
1685766274.54319,305
1685766274.5558903,304
1685766274.56789,304
1685766274.5840974,305
1685766274.596413,307
1685766274.608946,307
1685766274.6251423,306
1685766274.6373625,306
1685766274.6499438,306
1685766274.665948,307
1685766274.6785595,309
1685766274.694562,310
1685766274.7071702,310
1685766274.7195632,309
1685766274.7359145,310
1685766274.7480237,312
1685766274.7600613,312
1685766274.7763398,312
1685766274.789075,310
1685766274.801444,308
1685766274.817625,308
1685766274.8299136,309
1685766274.8422942,310
1685766274.8583794,309
1685766274.8710604,306
1685766274.8873293,305
1685766274.8993437,305
1685766274.9116533,305
1685766274.9283042,305
1685766274.9403217,303
1685766274.9523072,300
1685766274.9692583,298
1685766274.9812644,299
1685766274.993574,299
1685766275.0102835,298
1685766275.0222764,297
1685766275.0380511,295
1685766275.0510075,295
1685766275.063052,298
1685766275.0800116,299
1685766275.0920067,300
1685766275.1040509,299
1685766275.1203344,300
1685766275.1329896,302
1685766275.1460695,305
1685766275.161309,309
1685766275.1740546,311
1685766275.1862907,312
1685766275.2023141,314
1685766275.214653,318
1685766275.2315118,323
1685766275.243268,327
1685766275.2559385,328
1685766275.272016,327
1685766275.2840462,327
1685766275.2969797,326
1685766275.312997,325
1685766275.3249826,322
1685766275.3380022,317
1685766275.3542144,311
1685766275.3665702,308
1685766275.382542,305
1685766275.394558,303
1685766275.4078984,300
1685766275.4237483,296
1685766275.4363465,292
1685766275.4484973,290
1685766275.4646592,291
1685766275.4773471,292
1685766275.4893806,291
1685766275.5053694,290
1685766275.5183592,289
1685766275.5338926,291
1685766275.546251,294
1685766275.5585349,297
1685766275.5753093,298
1685766275.5873594,298
1685766275.6002984,299
1685766275.616527,303
1685766275.6285138,305
1685766275.6407766,305
1685766275.6575608,304
1685766275.6695223,302
1685766275.681824,302
1685766275.6985035,304
1685766275.7106233,305
1685766275.7266138,304
1685766275.739594,303
1685766275.7515538,302
1685766275.7675323,304
1685766275.7805576,306
1685766275.7925503,307
1685766275.808564,306
1685766275.82115,306
1685766275.8332684,305
1685766275.8499775,307
1685766275.8622603,310
1685766275.8782756,311
1685766275.890949,311
1685766275.9029696,309
1685766275.919289,310
1685766275.9320152,312
1685766275.9439476,313
1685766275.9602752,314
1685766275.971954,313
1685766275.9849653,311
1685766276.0009477,311
1685766276.013271,313
1685766276.0259628,314
1685766276.0422885,314
1685766276.0539532,314
1685766276.0711489,313
1685766276.0832818,313
1685766276.0949726,315
1685766276.1116593,316
1685766276.123724,317
1685766276.1366668,315
1685766276.1529448,315
1685766276.1656752,317
1685766276.1776693,320
1685766276.1939425,322
1685766276.2066739,321
1685766276.2226741,320
1685766276.2346513,320
1685766276.2469702,321
1685766276.263655,323
1685766276.2756746,323
1685766276.2876697,322
1685766276.304723,320
1685766276.3168108,321
1685766276.3296812,322
1685766276.3456826,322
1685766276.3576741,320
1685766276.3699398,318
1685766276.3866253,315
1685766276.3986452,315
1685766276.414952,316
1685766276.4276376,315
1685766276.4400227,314
1685766276.4559133,312
1685766276.4679759,310
1685766276.4804633,311
1685766276.4967515,313
1685766276.5094504,313
1685766276.5211086,312
1685766276.5380692,311
1685766276.5500526,310
1685766276.5664363,312
1685766276.579052,313
1685766276.5910532,313
1685766276.6073697,311
1685766276.619754,311
1685766276.631416,310
1685766276.6484342,313
1685766276.660728,315
1685766276.6734316,315
1685766276.6895003,314
1685766276.7014103,313
1685766276.717439,314
1685766276.7304232,317
1685766276.7424154,317
1685766276.7594278,316
1685766276.7714524,313
1685766276.7834396,312
1685766276.7995868,312
1685766276.812434,313
1685766276.8247342,313
1685766276.8404365,312
1685766276.8534296,310
1685766276.8656244,310
1685766276.8817742,313
1685766276.8944159,315
1685766276.9104302,315
1685766276.9224188,314
1685766276.9354782,314
1685766276.9514272,315
1685766276.9634259,318
1685766276.9764464,318
1685766276.9929616,317
1685766277.0051525,316
1685766277.0170882,314
1685766277.0334847,313
1685766277.0458832,313
1685766277.0619328,312
1685766277.0745637,309
1685766277.0865667,306
1685766277.1026309,304
1685766277.1155753,303
1685766277.1275845,304
1685766277.1438208,304
1685766277.1566334,302
1685766277.168584,299
1685766277.1845784,299
1685766277.1975775,300
1685766277.2096958,302
1685766277.225764,301
1685766277.2378209,301
1685766277.2548883,299
1685766277.2667801,301
1685766277.2790725,303
1685766277.2958624,304
1685766277.30817,304
1685766277.3199053,304
1685766277.336919,304
1685766277.3490274,305
1685766277.3608449,307
1685766277.3772306,308
1685766277.3898752,307
1685766277.4058518,306
1685766277.4181795,305
1685766277.4308617,307
1685766277.4469066,308
1685766277.4597607,308
1685766277.4722369,307
1685766277.488168,305
1685766277.4999762,305
1685766277.5128899,306
1685766277.5290885,308
1685766277.5413642,307
1685766277.5573795,306
1685766277.5704215,304
1685766277.5820508,304
1685766277.5982208,306
1685766277.611219,306
1685766277.623379,305
1685766277.6392374,303
1685766277.6523275,302
1685766277.6642373,302
1685766277.6808145,304
1685766277.6928031,305
1685766277.7048492,305
1685766277.7218506,303
1685766277.7338054,303
1685766277.7501297,305
1685766277.7628102,308
1685766277.7748015,309
1685766277.79117,309
1685766277.8038666,307
1685766277.8158112,308
1685766277.83186,311
1685766277.8448558,313
1685766277.8567977,313
1685766277.8730953,312
1685766277.8847928,310
1685766277.9021199,312
1685766277.9141452,314
1685766277.9258492,316
1685766277.9428306,316
1685766277.9551368,315
1685766277.9668312,316
1685766277.9838445,318
1685766277.996507,321
1685766278.008227,321
1685766278.0249186,320
1685766278.0369232,320
1685766278.0529635,319
1685766278.06591,321
1685766278.0779426,324
1685766278.094302,322
1685766278.1063137,324
1685766278.11886,322
1685766278.134958,324
1685766278.1468935,327
1685766278.1599796,329
1685766278.175984,329
1685766278.1882741,327
1685766278.200931,324
1685766278.2169526,320
1685766278.2288837,317
1685766278.2459595,310
1685766278.2579267,301
1685766278.270882,292
1685766278.2869008,284
1685766278.2988946,278
1685766278.3112195,273
1685766278.3276927,268
1685766278.3403897,265
1685766278.3523946,262
1685766278.3684509,260
1685766278.3807256,262
1685766278.397121,264
1685766278.4094367,265
1685766278.4221165,266
1685766278.4381194,267
1685766278.4501073,270
1685766278.4631693,274
1685766278.479104,279
1685766278.4911692,282
1685766278.503174,283
1685766278.519823,285
1685766278.5321949,288
1685766278.5448723,293
1685766278.5611637,297
1685766278.5738535,299
1685766278.58987,300
1685766278.6019247,301
1685766278.6142287,302
1685766278.6308653,304
1685766278.6432536,304
1685766278.6557066,302
1685766278.6716864,299
1685766278.6837122,298
1685766278.6967409,298
1685766278.7128127,300
1685766278.7247002,300
1685766278.7410853,299
1685766278.7537014,298
1685766278.765692,299
1685766278.7826827,301
1685766278.794698,303
1685766278.8072762,302
1685766278.8233495,301
1685766278.8353884,300
1685766278.8481057,301
1685766278.8641462,303
1685766278.876995,304
1685766278.8928578,304
1685766278.9054236,303
1685766278.9176602,303
1685766278.9340255,304
1685766278.9464204,306
1685766278.9586072,307
1685766278.9743671,306
1685766278.9875195,305
1685766278.999022,305
1685766279.0190177,307
1685766279.028016,309
1685766279.0400693,310
1685766279.0570252,309
1685766279.0690289,309
1685766279.085025,310
1685766279.0980217,313
1685766279.1103528,316
1685766279.126674,316
1685766279.13877,316
1685766279.1508522,315
1685766279.1674716,315
1685766279.1792223,318
1685766279.1919482,319
1685766279.2078683,318
1685766279.2207725,317
1685766279.2370596,316
1685766279.249812,317
1685766279.2614043,318
1685766279.2774749,318
1685766279.2904093,318
1685766279.3019667,316
1685766279.3189807,317
1685766279.3313565,321
1685766279.343374,325
1685766279.3594165,329
1685766279.372352,332
1685766279.384352,334
1685766279.4003515,337
1685766279.4123502,341
1685766279.42935,343
1685766279.4413557,343
1685766279.4533963,341
1685766279.470357,339
1685766279.4823573,338
1685766279.4943671,338
1685766279.5117466,336
1685766279.523477,333
1685766279.5357819,328
1685766279.552503,325
1685766279.5641048,323
1685766279.5809486,322
1685766279.5927894,320
1685766279.6060154,318
1685766279.6220222,314
1685766279.6344378,312
1685766279.6468577,312
1685766279.6633525,312
1685766279.675539,311
1685766279.6874313,309
1685766279.7043512,306
1685766279.716406,305
1685766279.7323308,305
1685766279.7459474,306
1685766279.7573714,305
1685766279.774049,303
1685766279.7859766,301
1685766279.7983158,301
1685766279.8146272,302
1685766279.8268394,302
1685766279.8393948,301
1685766279.8552265,298
1685766279.8681867,296
1685766279.8802288,296
1685766279.8966763,297
1685766279.9090354,299
1685766279.9249327,299
1685766279.9369411,299
1685766279.9496896,301
1685766279.9658887,305
1685766279.978954,308
1685766279.9904046,310
1685766280.0071893,311
1685766280.0194995,310
1685766280.031838,311
1685766280.047358,313
1685766280.0604644,312
1685766280.076899,311
1685766280.08887,310
1685766280.10137,306
1685766280.1174734,305
1685766280.129444,305
1685766280.142311,304
1685766280.158419,302
1685766280.1703813,299
1685766280.1829805,298
1685766280.1998966,298
1685766280.211849,300
1685766280.2240782,300
1685766280.2408266,299
1685766280.2523415,297
1685766280.2689192,297
1685766280.28099,299
1685766280.2931783,301
1685766280.3105354,301
1685766280.3221092,301
1685766280.3347464,299
1685766280.3507292,300
1685766280.3633592,303
1685766280.37551,305
1685766280.3921618,306
1685766280.4041686,305
1685766280.4209301,304
1685766280.4331439,306
1685766280.4451492,309
1685766280.4615896,310
1685766280.4740407,310
1685766280.4860039,308
1685766280.5030072,308
1685766280.5150075,309
1685766280.5271475,312
1685766280.5437381,313
1685766280.555513,312
1685766280.5718515,310
1685766280.5848346,309
1685766280.5971699,311
1685766280.6128335,313
1685766280.6250753,313
1685766280.6376603,312
1685766280.6535375,310
1685766280.6664765,310
1685766280.678474,312
1685766280.6944761,313
1685766280.7076733,313
1685766280.7195916,311
1685766280.7354708,309
1685766280.7485654,310
1685766280.7645335,313
1685766280.7766988,314
1685766280.7894824,313
1685766280.8054993,311
1685766280.8178463,310
1685766280.8308852,311
1685766280.8469565,313
1685766280.8589025,313
1685766280.870941,311
1685766280.887552,309
1685766280.8999949,309
1685766280.9157007,311
1685766280.9284363,312
1685766280.9404154,312
1685766280.9570384,310
1685766280.969958,308
1685766280.9815333,308
1685766280.9985461,310
1685766281.0106227,311
1685766281.022601,311
1685766281.0390615,309
1685766281.0515652,308
1685766281.063539,308
1685766281.079549,310
1685766281.092504,311
1685766281.1085036,310
1685766281.1205094,308
1685766281.133724,307
1685766281.149497,308
1685766281.1624959,310
1685766281.1745844,311
1685766281.1905036,310
1685766281.202721,308
1685766281.2155147,307
1685766281.231886,309
1685766281.243906,312
1685766281.2599528,311
1685766281.272905,311
1685766281.2848966,309
1685766281.3009756,309
1685766281.313889,311
1685766281.3258896,313
1685766281.3418863,313
1685766281.3548992,311
1685766281.366884,309
1685766281.3829446,310
1685766281.394884,313
1685766281.4117148,313
1685766281.4233093,313
1685766281.4365096,310
1685766281.4529383,309
1685766281.4651406,310
1685766281.4777827,312
1685766281.494235,313
1685766281.5065398,311
1685766281.518494,309
1685766281.5343292,308
1685766281.5472698,310
1685766281.5595508,312
1685766281.5755932,312
1685766281.5882788,310
1685766281.604274,308
1685766281.6169531,308
1685766281.628933,309
1685766281.6456003,311
1685766281.657803,310
1685766281.6701753,308
1685766281.686183,306
1685766281.698181,307
1685766281.7111666,309
1685766281.7270539,310
1685766281.7391672,309
1685766281.755969,307
1685766281.7679694,306
1685766281.77995,308
1685766281.7962215,309
1685766281.80958,310
1685766281.821869,309
1685766281.8379436,306
1685766281.8504252,306
1685766281.864435,308
1685766281.878449,310
1685766281.8909502,310
1685766281.9074125,308
1685766281.9189444,307
1685766281.9319565,306
1685766281.9479492,309
1685766281.9605384,311
1685766281.972536,311
1685766281.989526,309
1685766282.0015388,307
1685766282.0134144,308
1685766282.030396,310
1685766282.042949,311
1685766282.054943,310
1685766282.0712516,308
1685766282.084039,307
1685766282.1000855,308
1685766282.1120775,310
1685766282.1240788,311
1685766282.1410806,309
1685766282.1530802,307
1685766282.1650782,307
1685766282.1820807,309
1685766282.1941497,311
1685766282.2062008,311
1685766282.2230926,309
1685766282.2352698,308
1685766282.2512176,308
1685766282.2643101,310
1685766282.2755656,312
1685766282.2927291,311
1685766282.3049285,310
1685766282.3173745,308
1685766282.3335063,308
1685766282.3461802,311
1685766282.360173,311
1685766282.3741918,310
1685766282.386186,308
1685766282.3991811,306
1685766282.4153693,307
1685766282.427246,309
1685766282.4442892,310
1685766282.456289,308
1685766282.468291,306
1685766282.485262,306
1685766282.4979057,308
1685766282.509631,310
1685766282.5261953,310
1685766282.5384839,308
1685766282.5504944,306
1685766282.5668204,306
1685766282.5793629,308
1685766282.5948017,309
1685766282.60778,309
1685766282.6197932,307
1685766282.6366436,305
1685766282.6484468,306
1685766282.661393,308
1685766282.6774046,310
1685766282.6899714,309
1685766282.7024605,307
1685766282.718406,306
1685766282.7304049,308
1685766282.7469094,311
1685766282.7596047,312
1685766282.7718248,311
1685766282.7878702,309
1685766282.800327,309
1685766282.8129346,311
1685766282.8291688,313
1685766282.841663,313
1685766282.8538015,312
1685766282.86984,310
1685766282.8823943,311
1685766282.894064,314
1685766282.911204,315
1685766282.9233916,315
1685766282.9396706,314
1685766282.9512935,312
1685766282.9640062,312
1685766282.9809442,314
1685766282.992982,315
1685766283.004964,314
1685766283.021019,312
1685766283.034222,311
1685766283.046124,312
1685766283.0629485,313
1685766283.0744524,313
1685766283.0907469,312
1685766283.1037073,309
1685766283.1157064,309
1685766283.131693,311
1685766283.1448512,313
1685766283.1568792,314
1685766283.1731129,312
1685766283.185763,310
1685766283.1978803,311
1685766283.21415,313
1685766283.2261593,315
1685766283.2383246,314
1685766283.2553124,312
1685766283.2675338,311
1685766283.2834778,312
1685766283.2954688,315
1685766283.3084736,316
1685766283.3244529,315
1685766283.3370712,313
1685766283.3490677,311
1685766283.366073,313
1685766283.3780718,315
1685766283.3904483,315
1685766283.4063926,314
1685766283.4183984,311
1685766283.4345372,310
1685766283.4475362,312
1685766283.459535,313
1685766283.4757655,313
1685766283.4885433,311
1685766283.500529,309
1685766283.5165865,309
1685766283.5307431,310
1685766283.5415456,311
1685766283.557514,311
1685766283.570542,308
1685766283.5865223,307
1685766283.5984654,308
1685766283.6115127,310
1685766283.6274703,311
1685766283.6404698,310
1685766283.6524775,308
1685766283.6684647,307
1685766283.680472,309
1685766283.6935248,311
1685766283.7095175,311
1685766283.721537,310
1685766283.7344837,307
1685766283.7505758,307
1685766283.762534,309
1685766283.7795355,311
1685766283.791544,311
1685766283.8039758,309
1685766283.8202121,306
1685766283.8322418,307
1685766283.8443093,309
1685766283.8611822,310
1685766283.8731284,310
1685766283.8860638,308
1685766283.9022644,306
1685766283.9148905,307
1685766283.9306269,310
1685766283.9425817,311
1685766283.9551902,309
1685766283.971772,307
1685766283.9837577,306
1685766283.9964316,307
1685766284.0127103,309
1685766284.0251524,310
1685766284.0372083,308
1685766284.0538237,306
1685766284.066265,306
1685766284.0825462,307
1685766284.094813,309
1685766284.106405,309
1685766284.1236773,307
1685766284.1353943,305
1685766284.1481075,305
1685766284.1642907,307
1685766284.1764336,308
1685766284.1893086,307
1685766284.2051105,305
1685766284.2177794,303
1685766284.2303584,303
1685766284.2465281,306
1685766284.2586048,306
1685766284.2745275,305
1685766284.2873905,304
1685766284.2997143,303
1685766284.3154995,304
1685766284.32751,307
1685766284.340238,307
1685766284.3572805,306
1685766284.3692224,304
1685766284.3812783,304
1685766284.3976603,306
1685766284.4101388,309
1685766284.4257848,309
1685766284.4381702,307
1685766284.4507594,305
1685766284.4675105,306
1685766284.4794652,308
1685766284.4917138,310
1685766284.507965,309
1685766284.5213702,307
1685766284.5332618,305
1685766284.549112,306
1685766284.5621092,309
1685766284.5742564,309
1685766284.5902846,309
1685766284.602771,306
1685766284.6188278,305
1685766284.6307714,307
1685766284.6428297,309
1685766284.6597874,309
1685766284.671787,308
1685766284.6845253,306
1685766284.7008972,306
1685766284.712874,308
1685766284.7248232,310
1685766284.7421505,309
1685766284.7545226,308
1685766284.7704525,306
1685766284.7825139,307
1685766284.7954304,309
1685766284.8114612,311
1685766284.8237565,310
1685766284.8362134,308
1685766284.8527832,307
1685766284.8654463,308
1685766284.876769,310
1685766284.8929894,311
1685766284.9058437,310
1685766284.9220686,308
1685766284.934582,307
1685766284.946162,308
1685766284.9631743,310
1685766284.97496,311
1685766284.9869647,310
1685766285.0033696,308
1685766285.0164247,307
1685766285.028377,309
1685766285.045548,310
1685766285.057465,310
1685766285.0693636,308
1685766285.0857325,306
1685766285.0983593,306
1685766285.1144273,308
1685766285.1271672,310
1685766285.1394536,309
1685766285.1554892,307
1685766285.168004,305
1685766285.1805518,306
1685766285.196488,308
1685766285.2084844,309
1685766285.2204838,308
1685766285.237487,306
1685766285.2493649,306
1685766285.2653635,307
1685766285.2783656,310
1685766285.290363,311
1685766285.307362,309
1685766285.319359,307
1685766285.3313568,307
1685766285.3479002,309
1685766285.3603625,311
1685766285.3723636,311
1685766285.3882127,309
1685766285.4013288,307
1685766285.4136417,307
1685766285.4298913,309
1685766285.4418857,311
1685766285.457877,310
1685766285.4708755,308
1685766285.4828749,306
1685766285.4988747,307
1685766285.5118778,310
1685766285.5238783,311
1685766285.5403154,310
1685766285.5528781,308
1685766285.5644624,308
1685766285.581459,310
1685766285.5934591,312
1685766285.6094582,313
1685766285.6224594,312
1685766285.6344604,309
1685766285.651142,309
1685766285.6632507,311
1685766285.6752558,313
1685766285.6921432,313
1685766285.703749,311
1685766285.7167099,309
1685766285.7327487,309
1685766285.7447097,311
1685766285.7611794,313
1685766285.7740421,312
1685766285.786348,310
1685766285.8029475,309
1685766285.8152702,310
1685766285.8270123,312
1685766285.8439517,313
1685766285.8560867,312
1685766285.868011,309
1685766285.8839493,308
1685766285.8970966,309
1685766285.9090714,311
1685766285.9250865,312
1685766285.9380949,310
1685766285.9540737,308
1685766285.9660785,307
1685766285.9790797,309
1685766285.995227,311
1685766286.0070748,310
1685766286.019082,309
1685766286.036082,306
1685766286.048078,306
1685766286.0600886,309
1685766286.077091,310
1685766286.0890782,310
1685766286.1053965,307
1685766286.1177156,306
1685766286.1303966,307
1685766286.1463995,309
1685766286.158394,310
1685766286.171395,310
1685766286.1878464,308
1685766286.1994026,306
1685766286.2124438,308
1685766286.2284036,311
1685766286.2403903,311
1685766286.2536056,310
1685766286.2693896,308
1685766286.2815943,308
1685766286.30871,310
1685766286.3187103,312
1685766286.3234992,312
1685766286.3517106,310
1685766286.352713,308
1685766286.364926,309
1685766286.3798203,311
1685766286.391931,313
1685766286.409899,313
1685766286.4240272,311
1685766286.4328983,309
1685766286.4510255,310
1685766286.4619026,313
1685766286.4738972,314
1685766286.4909146,313
1685766286.5406325,311
1685766286.5416288,310
1685766286.5426297,311
1685766286.5796213,314
1685766286.5796213,314
1685766286.5796213,313
1685766286.5846207,311
1685766286.60085,311
1685766286.6135452,314
1685766286.626859,315
1685766286.642269,315
1685766286.6543503,314
1685766286.666366,312
1685766286.6827013,313
1685766286.6952822,315
1685766286.7071066,316
1685766286.724107,315
1685766286.7360625,313
1685766286.7485225,312
1685766286.764652,312
1685766286.7767086,315
1685766286.7930698,316
1685766286.806167,315
1685766286.8181815,313
1685766286.8342347,312
1685766286.8464575,314
1685766286.8587315,316
1685766286.8754227,316
1685766286.8874466,315
1685766286.8994265,313
1685766286.9164248,313
1685766286.9284225,315
1685766286.9444237,317
1685766286.9574788,317
1685766286.9694738,315
1685766286.9856832,313
1685766286.9984682,313
1685766287.0106716,315
1685766287.027096,316
1685766287.038802,316
1685766287.0516434,313
1685766287.0675335,311
1685766287.0795352,312
1685766287.0925348,314
1685766287.1085355,315
1685766287.1205359,314
1685766287.137532,311
1685766287.1494398,310
1685766287.161515,312
1685766287.1787002,314
1685766287.1910825,314
1685766287.202705,313
1685766287.219737,311
1685766287.2317414,311
1685766287.2440593,313
1685766287.2606947,315
1685766287.2727263,315
1685766287.2887237,313
1685766287.3009927,311
1685766287.3139677,311
1685766287.3298175,314
1685766287.342391,315
1685766287.3549087,314
1685766287.3710284,311
1685766287.3828783,309
1685766287.3951654,310
1685766287.412168,312
1685766287.424564,313
1685766287.4405856,311
1685766287.452996,309
1685766287.4656496,308
1685766287.481286,309
1685766287.4938912,311
1685766287.5061438,311
1685766287.5231242,309
1685766287.5353332,307
1685766287.546989,306
1685766287.564016,308
1685766287.576283,310
1685766287.5881147,310
1685766287.605098,308
1685766287.617165,306
1685766287.6333,306
1685766287.64596,308
1685766287.6579516,309
1685766287.6741755,308
1685766287.6869543,306
1685766287.6989622,305
1685766287.716209,306
1685766287.7273264,308
1685766287.7399282,310
1685766287.756551,309
1685766287.7682352,307
1685766287.784508,306
1685766287.7974408,308
1685766287.8093207,310
1685766287.8263028,311
1685766287.8382757,309
1685766287.85085,307
1685766287.8668492,307
1685766287.8788493,309
1685766287.8918731,311
1685766287.9079201,311
1685766287.9199533,309
1685766287.9328573,307
1685766287.948992,307
1685766287.9610815,310
1685766287.977136,311
1685766287.9900672,310
1685766288.0016885,308
1685766288.0189369,306
1685766288.0308492,307
1685766288.043445,310
1685766288.0591924,310
1685766288.0712907,310
1685766288.083871,307
1685766288.1005309,306
1685766288.1125236,308
1685766288.1284778,310
1685766288.1416128,310
1685766288.1536298,308
1685766288.1696832,306
1685766288.1826198,306
1685766288.194615,308
1685766288.2110307,309
1685766288.2226233,309
1685766288.235617,308
1685766288.25202,305
1685766288.2638032,306
1685766288.2798076,308
1685766288.2931657,310
1685766288.3050702,309
1685766288.3217494,307
1685766288.3337398,305
1685766288.345851,306
1685766288.3628378,308
1685766288.3748887,309
1685766288.38693,308
1685766288.4033167,306
1685766288.416151,305
1685766288.4281464,307
1685766288.444454,309
1685766288.4561465,309
1685766288.473134,308
1685766288.4851427,306
1685766288.4971461,305
1685766288.5144715,308
1685766288.5261493,310
1685766288.538146,310
1685766288.5551434,308
1685766288.566849,306
1685766288.5796692,307
1685766288.5954123,309
1685766288.608426,311
1685766288.6246998,310
1685766288.6366265,308
1685766288.649567,307
1685766288.6654494,308
1685766288.677621,310
1685766288.6904116,311
1685766288.7069063,310
1685766288.7184832,308
1685766288.731502,307
1685766288.7473788,309
1685766288.7596183,311
1685766288.776078,311
1685766288.7887142,310
1685766288.800448,307
1685766288.8168912,307
1685766288.8299491,309
1685766288.8423212,311
1685766288.8583174,311
1685766288.8705964,310
1685766288.8824074,308
1685766288.899425,308
1685766288.911552,311
1685766288.9241061,312
1685766288.9397066,312
1685766288.952504,310
1685766288.9683855,309
1685766288.9811723,310
1685766288.9931629,313
1685766289.0099387,314
1685766289.0219052,313
1685766289.0345614,311
1685766289.051067,310
1685766289.0628483,312
1685766289.0754747,314
1685766289.0916462,314
1685766289.1042142,313
1685766289.120352,311
1685766289.1324646,311
1685766289.1446223,313
1685766289.1606152,314
1685766289.1735423,314
1685766289.1856651,312
1685766289.2024562,310
1685766289.2154205,311
1685766289.2263503,313
1685766289.243669,314
1685766289.2559023,313
1685766289.2678459,311
1685766289.284144,310
1685766289.2963238,311
1685766289.3125596,314
1685766289.324623,314
1685766289.3373463,313
1685766289.3539655,311
1685766289.366085,310
1685766289.3783562,312
1685766289.394746,314
1685766289.4071205,315
1685766289.4190512,313
1685766289.4361157,311
1685766289.4476357,311
1685766289.4644115,313
1685766289.476494,315
1685766289.4890888,314
1685766289.5049038,312
1685766289.517682,310
1685766289.5302517,311
1685766289.5459564,313
1685766289.5587885,315
1685766289.5709703,313
1685766289.5874197,311
1685766289.5995014,309
1685766289.615554,310
1685766289.6283019,313
1685766289.6403055,314
1685766289.6566,312
1685766289.669323,310
1685766289.6809962,309
1685766289.6982276,310
1685766289.7104094,313
1685766289.7223165,312
1685766289.7383735,310
1685766289.7510972,308
1685766289.7627974,307
1685766289.7796786,309
1685766289.7921567,310
1685766289.8087683,310
1685766289.8214014,307
1685766289.8327837,305
1685766289.8495834,305
1685766289.8615756,308
1685766289.8743217,309
1685766289.890144,308
1685766289.9031763,306
1685766289.9152772,304
1685766289.9314709,306
1685766289.9435556,308
1685766289.959988,309
1685766289.9725473,308
1685766289.9845695,305
1685766290.0010765,305
1685766290.0133793,307
1685766290.0251262,309
1685766290.0422547,309
1685766290.0543625,308
1685766290.0664139,306
1685766290.08319,306
1685766290.095217,308
1685766290.1113503,310
1685766290.1239436,310
1685766290.1362731,308
1685766290.152406,306
1685766290.1644926,307
1685766290.1771672,309
1685766290.19325,311
1685766290.2055585,310
1685766290.2174056,308
1685766290.2340708,306
1685766290.246124,308
1685766290.2591245,310
1685766290.275109,310
1685766290.2871292,309
1685766290.3031104,306
1685766290.316126,306
1685766290.328176,308
1685766290.344272,309
1685766290.3571644,310
1685766290.3696558,308
1685766290.3855758,306
1685766290.3983223,306
1685766290.410768,309
1685766290.4265716,310
1685766290.43897,310
1685766290.4555173,308
1685766290.467543,306
1685766290.480496,307
1685766290.4961867,310
1685766290.508179,311
1685766290.5211525,310
1685766290.5377054,308
1685766290.5491467,307
1685766290.562147,309
1685766290.5782075,311
1685766290.5902066,312
1685766290.6031454,310
1685766290.6192107,308
1685766290.631145,307
1685766290.6481583,309
1685766290.660217,312
1685766290.672607,312
1685766290.6886303,310
1685766290.7012956,308
1685766290.7132404,307
1685766290.729295,309
1685766290.7421594,311
1685766290.7541614,310
1685766290.7701643,308
1685766290.7831542,307
1685766290.7991478,307
1685766290.811143,310
1685766290.8241138,311
1685766290.8401272,310
1685766290.852549,308
1685766290.8650806,306
1685766290.881109,307
1685766290.893108,309
1685766290.9057057,310
1685766290.922282,308
1685766290.9342775,306
1685766290.9505937,305
1685766290.9627612,307
1685766290.975267,309
1685766290.9912884,309
1685766291.0035622,308
1685766291.0165324,306
1685766291.0327656,306
1685766291.0451097,309
1685766291.0571616,311
1685766291.0741606,311
1685766291.086194,309
1685766291.098206,307
1685766291.115077,308
1685766291.1270971,311
1685766291.1434815,312
1685766291.1554923,311
1685766291.1680698,309
1685766291.1842895,307
1685766291.1965244,309
1685766291.2094474,311
1685766291.225123,312
1685766291.237963,311
1685766291.2503774,308
1685766291.2665606,307
1685766291.2786684,310
1685766291.2952657,312
1685766291.3079972,312
1685766291.3195856,311
1685766291.3363316,308
1685766291.3484993,308
1685766291.3605578,310
1685766291.376489,312
1685766291.3894958,312
1685766291.4025958,309
1685766291.4177964,307
1685766291.4304233,308
1685766291.4430652,310
1685766291.45855,312
1685766291.4711816,311
1685766291.4877877,308
1685766291.5003152,306
1685766291.5125318,308
1685766291.528541,310
1685766291.5405188,311
1685766291.5534086,309
1685766291.5700626,306
1685766291.5816827,305
1685766291.5943158,308
1685766291.6105351,311
1685766291.6230147,311
1685766291.6387582,309
1685766291.651484,306
1685766291.6635723,306
1685766291.6804173,309
1685766291.6924875,311
1685766291.7049608,310
1685766291.721475,308
1685766291.733474,306
1685766291.7461438,307
1685766291.7618394,310
1685766291.7745414,311
1685766291.7912529,311
1685766291.8033035,308
1685766291.8153346,307
1685766291.8320317,309
1685766291.8436599,312
1685766291.8562715,312
1685766291.8723872,311
1685766291.8852317,308
1685766291.8973308,307
1685766291.9131608,309
1685766291.926098,312
1685766291.9381568,312
1685766291.9540944,309
1685766291.967116,307
1685766291.9832954,306
1685766291.9952753,310
1685766292.0082767,311
1685766292.024458,311
1685766292.0362706,309
1685766292.0484357,306
1685766292.0652757,307
1685766292.0774012,310
1685766292.0897734,311
1685766292.1058185,310
1685766292.1177683,307
1685766292.1338232,305
1685766292.1468031,307
1685766292.1587577,309
1685766292.1757586,310
1685766292.1874554,309
1685766292.2005193,306
1685766292.2160733,306
1685766292.2286565,308
1685766292.2410386,310
1685766292.2577782,310
1685766292.2698066,308
1685766292.2822492,306
1685766292.2982953,306
1685766292.3112946,309
1685766292.3270543,311
1685766292.339487,310
1685766292.3519914,308
1685766292.3680618,306
1685766292.3805187,308
1685766292.3926356,310
1685766292.409604,311
1685766292.4214654,310
1685766292.434298,308
1685766292.4504788,307
1685766292.4625251,308
1685766292.4789248,310
1685766292.4910476,311
1685766292.5031812,310
1685766292.5195248,307
1685766292.532446,307
1685766292.544803,309
1685766292.5611844,311
1685766292.5728228,311
1685766292.5850086,309
1685766292.6011558,307
1685766292.6142044,307
1685766292.6297286,310
1685766292.6427557,312
1685766292.6545641,312
1685766292.671566,310
1685766292.6833746,309
1685766292.6954312,310
1685766292.7121794,312
1685766292.7246008,314
1685766292.7371342,313
1685766292.7533267,311
1685766292.765683,310
1685766292.7774842,311
1685766292.794286,313
1685766292.806523,314
1685766292.823063,312
1685766292.8350782,310
1685766292.8473983,309
1685766292.864082,311
1685766292.876074,313
1685766292.8880086,313
1685766292.9050026,311
1685766292.916995,309
1685766292.929013,309
1685766292.9460502,311
1685766292.958011,313
1685766292.9740005,313
1685766292.9865031,311
1685766292.9990058,310
1685766293.0150561,311
1685766293.0270574,313
1685766293.0400057,314
1685766293.0562565,313
1685766293.069089,311
1685766293.081022,310
1685766293.0970764,311
1685766293.1100252,313
1685766293.1226084,313
1685766293.1381605,312
1685766293.1508362,309
1685766293.1671848,308
1685766293.1797101,310
1685766293.1918976,311
1685766293.2078772,310
1685766293.2210796,309
1685766293.232546,307
1685766293.249108,306
1685766293.2608478,308
1685766293.272957,309
1685766293.2893796,309
1685766293.3014364,307
1685766293.3185437,305
1685766293.3312058,306
1685766293.3426864,308
1685766293.3597686,310
1685766293.3715315,309
1685766293.3835294,307
1685766293.400678,306
1685766293.4124746,308
1685766293.4244895,310
1685766293.4414868,311
1685766293.4535084,310
1685766293.469528,308
1685766293.4826958,308
1685766293.495096,310
1685766293.5106828,311
1685766293.5237424,311
1685766293.5356803,310
1685766293.5516963,308
1685766293.5637422,308
1685766293.5766916,310
1685766293.5931895,312
1685766293.6051931,311
1685766293.617255,310
1685766293.6341963,308
1685766293.646199,309
1685766293.6622212,310
1685766293.6752114,312
1685766293.6870522,311
1685766293.7030394,308
1685766293.7160912,307
1685766293.7280517,309
1685766293.7440927,311
1685766293.757045,311
1685766293.7691607,311
1685766293.7852125,309
1685766293.7981787,309
1685766293.8141506,311
1685766293.8265615,313
1685766293.8381631,313
1685766293.8549554,311
1685766293.867498,309
1685766293.8809285,310
1685766293.8965845,312
1685766293.9080522,313
1685766293.9205942,313
1685766293.9370635,311
1685766293.9495933,310
1685766293.9617558,310
1685766293.97775,312
1685766293.9906929,314
1685766294.0068765,312
1685766294.0191703,310
1685766294.031136,309
1685766294.0474586,310
1685766294.0603333,312
1685766294.0724514,312
1685766294.08834,310
1685766294.100282,308
1685766294.1132843,308
1685766294.1293359,310
1685766294.1892793,312
1685766294.190284,312
1685766294.1912804,310
1685766294.191723,309
1685766294.1992826,309
1685766294.2113245,311
1685766294.223327,312
1685766294.2402823,311
1685766294.2523367,310
1685766294.2642903,308
1685766294.2812965,308
1685766294.2932928,311
1685766294.3093023,312
1685766294.3222826,311
1685766294.334348,309
1685766294.3502831,308
1685766294.3622925,309
1685766294.3753786,311
1685766294.3912907,312
1685766294.403377,311
1685766294.4163818,309
1685766294.4327273,308
1685766294.4442909,310
1685766294.4572833,312
1685766294.4734564,312
1685766294.4858546,310
1685766294.5014555,308
1685766294.5144522,309
1685766294.5265224,311
1685766294.5429888,312
1685766294.5549867,312
1685766294.5672257,310
1685766294.584168,308
1685766294.595556,309
1685766294.6085851,311
1685766294.6247883,312
1685766294.6369398,311
1685766294.6529205,309
1685766294.6656039,308
1685766294.6776745,309
1685766294.6942093,311
1685766294.706372,312
1685766294.7193718,310
1685766294.7353926,308
1685766294.7479143,307
1685766294.7603786,309
1685766294.776703,310
1685766294.7892847,310
1685766294.8042498,308
1685766294.8172941,306
1685766294.829713,306
1685766294.846043,308
1685766294.8589802,309
1685766294.8709805,309
1685766294.886984,307
1685766294.8989854,306
1685766294.9119773,307
1685766294.927987,309
1685766294.9399729,310
1685766294.9529855,309
1685766294.968987,308
1685766294.9819741,307
1685766294.9969902,308
1685766295.0100772,310
1685766295.02308,311
1685766295.0390759,310
1685766295.0510776,308
1685766295.0630744,308
1685766295.080079,309
1685766295.092079,311
1685766295.1045237,311
1685766295.1206753,309
1685766295.1325264,307
1685766295.1485252,307
1685766295.1615224,310
1685766295.1735237,311
1685766295.1905293,311
1685766295.2025309,309
1685766295.2151437,307
1685766295.2312393,309
1685766295.2431335,311
1685766295.2553782,312
1685766295.2721355,311
1685766295.2843916,310
1685766295.2961366,309
1685766295.3130763,311
1685766295.325078,313
1685766295.341516,313
1685766295.3540773,311
1685766295.366079,309
1685766295.3822937,309
1685766295.3950775,311
1685766295.4072678,312
1685766295.4232728,312
1685766295.43534,310
1685766295.459263,308
1685766295.4642682,308
1685766295.480268,311
1685766295.4932659,312
1685766295.5070395,312
1685766295.517351,310
1685766295.5343518,308
1685766295.5463529,309
1685766295.5596688,311
1685766295.5913613,312
1685766295.5913613,311
1685766295.6010478,309
1685766295.6163156,308
1685766295.6282394,310
1685766295.6445656,312
1685766295.656655,312
1685766295.6686554,311
1685766295.6857035,309
1685766295.697962,309
1685766295.7100463,310
1685766295.7267106,312
1685766295.7385914,312
1685766295.7511659,310
1685766295.7669053,308
1685766295.7799094,308
1685766295.7919147,310
1685766295.8089225,311
1685766295.8208752,311
1685766295.836944,308
1685766295.8498929,307
1685766295.8619769,308
1685766295.8780608,310
1685766295.890575,311
1685766295.9024372,310
1685766295.9195702,307
1685766295.932005,307
1685766295.9443057,308
1685766295.9604537,310
1685766295.9725053,310
1685766295.9888318,309
1685766296.0012217,308
1685766296.01383,307
1685766296.029834,309
1685766296.0418582,311
1685766296.0538356,311
1685766296.0708394,309
1685766296.082843,307
1685766296.094842,307
1685766296.1118305,309
1685766296.1238449,310
1685766296.1398294,309
1685766296.152837,307
1685766296.1648412,305
1685766296.181967,306
1685766296.1938462,309
1685766296.2058237,310
1685766296.2228305,309
1685766296.2348297,307
1685766296.246829,306
1685766296.2638297,307
1685766296.2758307,309
1685766296.2880642,310
1685766296.3044598,308
1685766296.3162985,306
1685766296.3323002,306
1685766296.3456213,308
1685766296.3573067,310
1685766296.3732953,310
1685766296.3862982,308
1685766296.3982975,307
1685766296.4153004,307
1685766296.4272988,310
1685766296.439295,311
1685766296.4554532,311
1685766296.4682937,309
1685766296.4843113,308
1685766296.4962966,309
1685766296.5094244,311
1685766296.5258875,311
1685766296.5374181,310
1685766296.5504162,307
1685766296.5664122,306
1685766296.5784228,308
1685766296.5913906,309
1685766296.60766,309
1685766296.6200464,307
1685766296.6319914,305
1685766296.6480668,304
1685766296.660647,306
1685766296.6770012,307
1685766296.6896634,306
1685766296.7018034,305
1685766296.7176194,303
1685766296.7306354,303
1685766296.7429266,306
1685766296.7586157,307
1685766296.7706273,307
1685766296.7838597,305
1685766296.799642,304
1685766296.8116212,306
1685766296.8285189,309
1685766296.840508,310
1685766296.8534622,309
1685766296.87,307
1685766296.8823426,307
1685766296.8943512,309
1685766296.9100304,311
1685766296.9230282,311
1685766296.9353766,309
1685766296.9509325,307
1685766296.9639347,308
1685766296.9801302,310
1685766296.9928255,311
1685766297.0049276,311
1685766297.021185,309
1685766297.0335634,308
1685766297.04556,308
1685766297.0621004,311
1685766297.0745165,312
1685766297.0868733,311
1685766297.1028795,309
1685766297.1154215,308
1685766297.1278696,309
1685766297.1442828,311
1685766297.1564484,312
1685766297.1726806,311
1685766297.1846228,309
1685766297.1976333,308
1685766297.214153,310
1685766297.2253897,313
1685766297.2383747,313
1685766297.2544599,312
1685766297.2672315,310
1685766297.2794824,311
1685766297.2954805,313
1685766297.3077073,315
1685766297.3234804,314
1685766297.3364909,313
1685766297.3484905,310
1685766297.365153,311
1685766297.3772106,314
1685766297.3900373,315
1685766297.4064748,314
1685766297.4187207,312
1685766297.430888,310
1685766297.4472883,312
1685766297.4599156,314
1685766297.4751291,314
1685766297.4882112,313
1685766297.500415,311
1685766297.5172136,310
1685766297.5284877,312
1685766297.5415406,313
1685766297.5580897,313
1685766297.5702808,312
1685766297.5825183,309
1685766297.599571,309
1685766297.610755,311
1685766297.6228633,313
1685766297.6395438,313
1685766297.6516125,311
1685766297.668542,309
1685766297.6810708,310
1685766297.6924286,312
1685766297.7089083,314
1685766297.721555,313
1685766297.734113,311
1685766297.7504249,309
1685766297.7624652,311
1685766297.7750673,313
1685766297.7913954,313
1685766297.8034391,312
1685766297.8194387,310
1685766297.8321872,309
1685766297.8449085,311
1685766297.8611403,313
1685766297.8730757,313
1685766297.8860903,311
1685766297.9019732,308
1685766297.9143007,308
1685766297.9265287,310
1685766297.9431958,310
1685766297.954896,309
1685766297.9674883,306
1685766297.9835196,303
1685766297.996152,303
1685766298.0122244,304
1685766298.0242481,304
1685766298.036624,302
1685766298.0536094,299
1685766298.0654874,296
1685766298.0777252,296
1685766298.0944808,297
1685766298.1065462,296
1685766298.1185884,294
1685766298.1349075,290
1685766298.1478715,289
1685766298.16384,290
1685766298.1764743,291
1685766298.1881456,291
1685766298.204709,289
1685766298.217135,286
1685766298.2298126,285
1685766298.2458534,287
1685766298.2583244,288
1685766298.2704158,287
1685766298.2868757,286
1685766298.2991831,284
1685766298.3117204,286
1685766298.3278768,289
1685766298.3398688,290
1685766298.3559701,290
1685766298.368822,290
1685766298.3804803,290
1685766298.3975096,293
1685766298.4097981,296
1685766298.4224517,298
1685766298.4381864,299
1685766298.4510899,298
1685766298.4632475,299
1685766298.4792216,302
1685766298.491366,305
1685766298.5081518,307
1685766298.5203838,307
1685766298.53293,306
1685766298.5490046,307
1685766298.5608923,310
1685766298.5738535,313
1685766298.5897443,313
1685766298.602307,313
1685766298.614697,312
1685766298.6310005,314
1685766298.6435158,317
1685766298.6595457,318
1685766298.6715968,318
1685766298.6834667,317
1685766298.700945,316
1685766298.7129314,318
1685766298.7252245,321
1685766298.741888,323
1685766298.7536132,322
1685766298.7656276,321
1685766298.782502,321
1685766298.7951453,324
1685766298.8073268,326
1685766298.8229427,327
1685766298.8358805,327
1685766298.8522046,326
1685766298.8643765,327
1685766298.8764875,330
1685766298.8933043,332
1685766298.9046667,332
1685766298.9176207,331
1685766298.9336145,330
1685766298.945726,331
1685766298.9586077,333
1685766298.9746077,334
1685766298.9876056,333
1685766299.0036027,331
1685766299.015969,330
1685766299.0276089,331
1685766299.044605,333
1685766299.0567093,334
1685766299.0689082,333
1685766299.0856059,330
1685766299.0980508,329
1685766299.1096942,331
1685766299.1266944,332
1685766299.1388938,331
1685766299.154696,329
1685766299.1670463,326
1685766299.1796975,326
1685766299.1956956,328
1685766299.208036,329
1685766299.2211256,327
1685766299.2370956,325
1685766299.2487113,323
1685766299.261723,324
1685766299.2777207,326
1685766299.2897115,326
1685766299.3027859,324
1685766299.3188426,322
1685766299.3311224,320
1685766299.3475378,321
1685766299.3600132,323
1685766299.3720162,322
1685766299.388118,321
1685766299.4011211,318
1685766299.4127479,317
1685766299.4288826,318
1685766299.442225,320
1685766299.4538865,319
1685766299.4704874,317
1685766299.4822557,314
1685766299.4988391,314
1685766299.510825,317
1685766299.5238388,318
1685766299.5398386,317
1685766299.551827,315
1685766299.5648866,313
1685766299.5811305,314
1685766299.5928223,316
1685766299.6058252,317
1685766299.62209,315
1685766299.63467,313
1685766299.6463819,312
1685766299.662803,314
1685766299.6753283,316
1685766299.691328,317
1685766299.7033687,316
1685766299.7161226,314
1685766299.7317302,313
1685766299.7446795,315
1685766299.75679,317
1685766299.7729266,316
1685766299.7859938,315
1685766299.7981935,312
1685766299.813872,313
1685766299.8260972,315
1685766299.8431034,316
1685766299.8551083,315
1685766299.867311,313
1685766299.8841548,312
1685766299.8961036,313
1685766299.9081526,315
1685766299.9251006,315
1685766299.9371579,314
1685766299.949543,312
1685766299.966144,311
1685766299.9783442,312
1685766299.9941387,314
1685766300.0061357,314
1685766300.0191853,312
1685766300.0351567,309
1685766300.048156,309
1685766300.060353,311
1685766300.076325,313
1685766300.0881999,312
1685766300.1011562,310
1685766300.117286,307
1685766300.1291635,307
1685766300.1421585,310
1685766300.1581676,311
1685766300.170845,309
1685766300.1871634,307
1685766300.1991575,304
1685766300.2114055,305
1685766300.2281554,307
1685766300.2402277,307
1685766300.2521653,306
1685766300.2692146,303
1685766300.281325,302
1685766300.2931938,304
1685766300.3101556,305
1685766300.3221574,305
1685766300.3384118,303
1685766300.351249,301
1685766300.363199,300
1685766300.3796291,302
1685766300.391822,303
1685766300.4042354,303
1685766300.4198112,301
1685766300.432085,299
1685766300.4451497,299
1685766300.4616342,302
1685766300.4740114,303
1685766300.4860268,303
1685766300.502098,301
1685766300.514929,300
1685766300.5309665,301
1685766300.543637,304
1685766300.555315,304
1685766300.5722642,303
1685766300.5844452,301
1685766300.5965111,301
1685766300.6129348,303
1685766300.6250103,305
1685766300.6379642,305
1685766300.6540446,304
1685766300.6663103,302
1685766300.6823556,302
1685766300.695314,304
1685766300.7068093,306
1685766300.7237844,305
1685766300.7361674,303
1685766300.7481627,301
1685766300.7641737,302
1685766300.7771757,304
1685766300.7894006,305
1685766300.8057961,304
1685766300.817684,302
1685766300.8338609,301
1685766300.8460534,303
1685766300.8590198,305
1685766300.87502,306
1685766300.8874378,305
1685766300.9000201,302
1685766300.916058,302
1685766300.9280581,304
1685766300.941002,306
1685766300.9570045,306
1685766300.9690044,305
1685766300.9820604,303
1685766300.9980018,303
1685766301.0100574,305
1685766301.027023,306
1685766301.0390785,306
1685766301.0514188,304
1685766301.0677214,302
1685766301.080139,303
1685766301.0921764,305
1685766301.108195,306
1685766301.1211355,306
1685766301.1331842,303
1685766301.1491933,302
1685766301.1621864,304
1685766301.1781223,306
1685766301.1901336,307
1685766301.2021766,305
1685766301.2191668,303
1685766301.231175,303
1685766301.243183,305
1685766301.2601655,307
1685766301.2721837,307
1685766301.2841737,306
1685766301.3008463,304
1685766301.312888,304
1685766301.3289397,306
1685766301.3422227,308
1685766301.3539174,306
1685766301.3709233,299
1685766301.3828804,291
1685766301.3949215,290
1685766301.4118834,294
1685766301.423883,298
1685766301.4358828,300
1685766301.4528837,300
1685766301.4648826,300
1685766301.477497,303
1685766301.493544,306
1685766301.505499,307
1685766301.5225387,306
1685766301.5345075,303
1685766301.546515,302
1685766301.5635052,305
1685766301.5752192,307
1685766301.5882335,308
1685766301.6042228,305
1685766301.6162217,301
1685766301.6291645,302
1685766301.6452231,305
1685766301.6572294,307
1685766301.6735666,306
1685766301.6861708,304
1685766301.698222,303
1685766301.7142308,304
1685766301.7271695,310
1685766301.7392247,314
1685766301.7552054,315
1685766301.768209,314
1685766301.7802238,315
1685766301.7961957,319
1685766301.8091953,324
1685766301.821203,326
1685766301.8371973,326
1685766301.8501632,324
1685766301.8661952,323
1685766301.8782423,325
1685766301.8905869,326
1685766301.9065962,326
1685766301.9198542,323
1685766301.9318984,321
1685766301.9478998,322
1685766301.96089,326
1685766301.972887,327
1685766301.9888506,326
1685766302.0018427,322
1685766302.0178452,316
1685766302.029897,311
1685766302.042892,307
1685766302.0588465,301
1685766302.0708961,293
1685766302.0828986,285
1685766302.099844,279
1685766302.1118584,278
1685766302.123855,278
1685766302.1408904,277
1685766302.15305,273
1685766302.1695044,268
1685766302.1818976,267
1685766302.1938574,270
1685766302.2099078,274
1685766302.222898,276
1685766302.2349112,276
1685766302.2509534,275
1685766302.2638762,277
1685766302.2758813,282
1685766302.2918406,286
1685766302.3048432,288
1685766302.317,288
1685766302.3328407,290
1685766302.3458426,295
1685766302.361843,301
1685766302.3738418,305
1685766302.3868415,306
1685766302.402843,305
1685766302.4150953,306
1685766302.427094,310
1685766302.4440854,315
1685766302.4560506,316
1685766302.4680912,315
1685766302.4850547,311
1685766302.4970987,311
1685766302.5130546,313
1685766302.5260515,315
1685766302.5380635,314
1685766302.5540998,311
1685766302.5670583,307
1685766302.5790646,307
1685766302.5951002,310
1685766302.608063,312
1685766302.620022,312
1685766302.6364176,309
1685766302.6484299,307
1685766302.661422,308
1685766302.677226,312
1685766302.6894305,313
1685766302.7066464,312
1685766302.7182379,309
1685766302.7308302,307
1685766302.7463055,310
1685766302.759498,312
1685766302.772021,312
1685766302.7882895,311
1685766302.8006558,309
1685766302.812269,308
1685766302.8289094,312
1685766302.8416083,315
1685766302.8576622,316
1685766302.8698058,315
1685766302.8819635,313
1685766302.8987978,313
1685766302.911108,317
1685766302.9236572,318
1685766302.9397602,317
1685766302.9523308,315
1685766302.9645905,313
1685766302.9805603,315
1685766302.992558,317
1685766303.0086133,319
1685766303.0215697,318
1685766303.0336173,315
1685766303.050559,313
1685766303.0625577,315
1685766303.0746236,318
1685766303.0905638,318
1685766303.1025932,316
1685766303.1151707,312
1685766303.1322148,312
1685766303.1441507,314
1685766303.156161,316
1685766303.1728141,316
1685766303.1850595,313
1685766303.2010972,309
1685766303.2142122,308
1685766303.2262099,310
1685766303.2425537,310
1685766303.2545652,309
1685766303.2665617,306
1685766303.2835422,305
1685766303.2955468,307
1685766303.3075662,311
1685766303.3237894,312
1685766303.336761,311
1685766303.3529518,308
1685766303.3649583,308
1685766303.3779,310
1685766303.393905,312
1685766303.406218,313
1685766303.418045,310
1685766303.4347095,308
1685766303.4475155,308
1685766303.4597492,311
1685766303.4761076,313
1685766303.4879801,313
1685766303.5039797,311
1685766303.5170176,309
1685766303.5290196,310
1685766303.5452132,313
1685766303.5575032,316
1685766303.5703282,315
1685766303.5866277,313
1685766303.598612,311
1685766303.610674,313
1685766303.6275709,316
1685766303.6396108,318
1685766303.6516361,317
1685766303.668682,315
1685766303.6806006,314
1685766303.6965742,317
1685766303.709568,320
1685766303.721846,321
1685766303.7380862,319
1685766303.7515054,317
1685766303.7628348,318
1685766303.779603,321
1685766303.7916877,324
1685766303.8035305,325
1685766303.819662,323
1685766303.8326483,321
1685766303.848657,322
1685766303.861514,326
1685766303.8739865,328
1685766303.8901434,327
1685766303.9020875,325
1685766303.9141784,323
1685766303.9304225,325
1685766303.9434054,329
1685766303.9554071,329
1685766303.9716387,328
1685766303.983664,325
1685766303.996865,324
1685766304.0124586,326
1685766304.025219,329
1685766304.0416586,330
1685766304.053799,328
1685766304.0670083,326
1685766304.0820487,325
1685766304.0951807,328
1685766304.1071315,330
1685766304.1234257,329
1685766304.1353257,326
1685766304.1482024,323
1685766304.1646128,324
1685766304.1765513,327
1685766304.1928918,328
1685766304.205112,327
1685766304.2176435,324
1685766304.2341657,321
1685766304.2467449,323
1685766304.258631,325
1685766304.2752767,326
1685766304.2873287,324
1685766304.2993453,321
1685766304.3156507,320
1685766304.3286464,322
1685766304.344065,324
1685766304.3565648,324
1685766304.3686414,321
1685766304.3856287,317
1685766304.3976254,317
1685766304.4096406,319
1685766304.4266443,320
1685766304.438549,319
1685766304.450783,316
1685766304.4673088,313
1685766304.4797273,313
1685766304.4922771,315
1685766304.5085347,316
1685766304.5210412,314
1685766304.5367007,311
1685766304.5496159,309
1685766304.5615487,310
1685766304.5778658,313
1685766304.590477,313
1685766304.6025183,310
1685766304.6189642,307
1685766304.6312242,306
1685766304.6439214,308
1685766304.6605082,310
1685766304.672451,310
1685766304.6888316,308
1685766304.700571,305
1685766304.712949,306
1685766304.7296488,308
1685766304.7413077,311
1685766304.754342,311
1685766304.7704635,308
1685766304.7828364,306
1685766304.794991,307
1685766304.8112407,310
1685766304.8234162,311
1685766304.8364174,309
1685766304.8526418,306
1685766304.8642354,304
1685766304.881282,306
1685766304.8938498,309
1685766304.9050972,309
1685766304.922005,307
1685766304.9338193,304
1685766304.9470057,303
1685766304.9632473,305
1685766304.9755347,307
1685766304.9877949,306
1685766305.004159,304
1685766305.016485,301
1685766305.032482,300
1685766305.0444868,303
1685766305.0574808,304
1685766305.073577,304
1685766305.0857203,302
1685766305.0980988,301
1685766305.1141582,302
1685766305.1276393,304
1685766305.1393752,304
1685766305.155632,303
1685766305.1671484,302
1685766305.1840386,300
1685766305.1963408,302
1685766305.2087607,304
1685766305.2247646,304
1685766305.2377105,303
1685766305.249615,301
1685766305.266473,301
1685766305.2787924,303
1685766305.2906852,304
1685766305.3071494,304
1685766305.3190632,303
1685766305.3316586,301
1685766305.347646,301
1685766305.360629,302
1685766305.3771682,303
1685766305.3885248,302
1685766305.4015222,301
1685766305.417267,299
1685766305.4302218,299
1685766305.4424653,301
1685766305.4590282,302
1685766305.470478,301
1685766305.4834776,299
1685766305.4994736,298
1685766305.511533,301
1685766305.528447,303
1685766305.5403452,304
1685766305.5526965,303
1685766305.5694556,303
1685766305.581629,304
1685766305.5942316,306
1685766305.6108499,308
1685766305.62273,309
1685766305.6349492,308
1685766305.6507037,307
1685766305.6638238,308
1685766305.6753807,310
1685766305.692312,311
1685766305.7043111,311
1685766305.7202258,309
1685766305.7331736,308
1685766305.745403,309
1685766305.7619636,311
1685766305.7741988,312
1685766305.7862353,311
1685766305.8027847,310
1685766305.8150823,309
1685766305.8270903,311
1685766305.8430908,312
1685766305.8560827,313
1685766305.8724678,313
1685766305.884564,311
1685766305.897098,311
1685766305.913457,313
1685766305.926013,315
1685766305.9379933,316
1685766305.95447,315
1685766305.9666717,314
1685766305.9786777,314
1685766305.99545,316
1685766306.0073392,318
1685766306.022937,317
1685766306.0360935,316
1685766306.048629,315
1685766306.0646117,316
1685766306.0766697,317
1685766306.0896132,318
1685766306.1058376,317
1685766306.1180453,315
1685766306.1304998,314
1685766306.1462274,315
1685766306.1586685,316
1685766306.17159,316
1685766306.1876664,314
1685766306.2002041,313
1685766306.2166207,313
1685766306.2288094,316
1685766306.2411063,318
1685766306.2571342,319
1685766306.2697444,318
1685766306.281958,317
1685766306.2980573,317
1685766306.3110123,319
1685766306.323055,320
1685766306.339375,319
1685766306.3514886,317
1685766306.366987,315
1685766306.380322,315
1685766306.3923893,316
1685766306.409463,316
1685766306.4214532,314
1685766306.4331245,312
1685766306.450019,310
1685766306.462947,311
1685766306.474802,312
1685766306.4908762,311
1685766306.5035186,309
1685766306.515688,306
1685766306.531211,305
1685766306.5442111,305
1685766306.5599432,305
1685766306.5727363,304
1685766306.584906,301
1685766306.6014178,298
1685766306.6130571,298
1685766306.6262295,299
1685766306.6425483,299
1685766306.6542351,298
1685766306.6665707,296
1685766306.683268,294
1685766306.695554,295
1685766306.712265,296
1685766306.7238693,297
1685766306.7369058,296
1685766306.7525535,294
1685766306.765561,294
1685766306.7779615,295
1685766306.7942705,297
1685766306.806325,297
1685766306.8183637,296
1685766306.8350842,294
1685766306.8465924,295
1685766306.8625436,297
1685766306.8762434,298
1685766306.8875427,298
1685766306.90406,296
1685766306.91699,295
1685766306.9290257,296
1685766306.945816,298
1685766306.9578977,299
1685766306.97017,298
1685766306.9866486,296
1685766306.9982915,296
1685766307.0112672,297
1685766307.0268927,299
1685766307.039525,299
1685766307.056083,299
1685766307.0680943,297
1685766307.0807037,297
1685766307.0968714,299
1685766307.1088848,300
1685766307.1208797,300
1685766307.1376753,299
1685766307.1504529,298
1685766307.162532,298
1685766307.178806,300
1685766307.1911848,301
1685766307.207172,301
1685766307.2196136,300
1685766307.2315464,299
1685766307.248604,300
1685766307.2604704,302
1685766307.2725127,303
1685766307.2899294,302
1685766307.3021894,300
1685766307.3136141,299
1685766307.3304095,301
1685766307.3424878,302
1685766307.3551621,303
1685766307.3718047,301
1685766307.3839602,300
1685766307.3999739,299
1685766307.411744,301
1685766307.4250946,302
1685766307.4405065,302
1685766307.4527647,301
1685766307.4658768,300
1685766307.482033,301
1685766307.4944746,303
1685766307.506611,304
1685766307.5231738,304
1685766307.5353465,303
1685766307.5516515,302
1685766307.5636976,304
1685766307.576616,306
1685766307.592843,306
1685766307.6052477,305
1685766307.6173518,303
1685766307.6339464,302
1685766307.6457205,304
1685766307.6575756,305
1685766307.6749358,306
1685766307.6868632,305
1685766307.6992333,303
1685766307.7151666,303
1685766307.7279077,305
1685766307.7442107,306
1685766307.7566886,306
1685766307.7688363,305
1685766307.7848778,304
1685766307.797825,304
1685766307.8101182,306
1685766307.825813,307
1685766307.8378208,307
1685766307.8508158,305
1685766307.8664894,304
1685766307.8789027,305
1685766307.8955593,307
1685766307.9078193,308
1685766307.9206564,307
1685766307.936643,305
1685766307.9486518,305
1685766307.960654,307
1685766307.97765,308
1685766307.9901576,309
1685766308.0019255,308
1685766308.0185971,306
1685766308.0307398,306
1685766308.0470295,308
1685766308.0596213,309
1685766308.0721102,309
1685766308.088437,307
1685766308.1005971,306
1685766308.112994,306
1685766308.1285858,308
1685766308.1418767,310
1685766308.15398,309
1685766308.169915,307
1685766308.1819315,306
1685766308.1949315,308
1685766308.2109153,310
1685766308.222931,310
1685766308.2389853,309
1685766308.251882,308
1685766308.2647424,307
1685766308.2807066,309
1685766308.2932181,311
1685766308.3055217,311
1685766308.3219876,310
1685766308.3340764,309
1685766308.3458648,309
1685766308.362815,312
1685766308.3752663,314
1685766308.3907893,313
1685766308.4031184,313
1685766308.4161348,311
1685766308.432088,311
1685766308.4442604,313
1685766308.4579902,314
1685766308.473646,314
1685766308.4856973,312
1685766308.4982119,311
1685766308.5136538,312
1685766308.5266423,314
1685766308.5389822,314
1685766308.5544813,313
1685766308.5681026,312
1685766308.5831003,311
1685766308.5958338,313
1685766308.6086555,315
1685766308.625185,315
1685766308.6372464,314
1685766308.6492314,313
1685766308.6658669,313
1685766308.6778605,315
1685766308.6904843,316
1685766308.706823,316
1685766308.71855,315
1685766308.7353954,313
1685766308.747944,314
1685766308.760252,316
1685766308.7755275,317
1685766308.7886488,316
1685766308.801017,314
1685766308.8169358,314
1685766308.829688,315
1685766308.8421226,316
1685766308.8579288,317
1685766308.8708222,315
1685766308.8868144,313
1685766308.8987582,313
1685766308.911491,315
1685766308.9281635,316
1685766308.9403067,315
1685766308.9524298,314
1685766308.9690845,312
1685766308.981167,312
1685766308.993214,314
1685766309.0101864,314
1685766309.0221248,314
1685766309.034575,312
1685766309.0509942,311
1685766309.0628958,311
1685766309.0789144,313
1685766309.0921345,314
1685766309.103937,313
1685766309.1205344,312
1685766309.1324174,311
1685766309.1443257,313
1685766309.1610413,315
1685766309.173737,315
1685766309.1858234,314
1685766309.2018752,313
1685766309.2149243,313
1685766309.231218,315
1685766309.243289,316
1685766309.2554734,316
1685766309.2720263,315
1685766309.2841606,313
1685766309.2965353,314
1685766309.313119,316
1685766309.3251855,317
1685766309.3369427,316
1685766309.3541412,314
1685766309.3664408,312
1685766309.3818252,313
1685766309.394593,315
1685766309.4067695,315
1685766309.423604,313
1685766309.4356043,311
1685766309.447672,310
1685766309.4641466,311
1685766309.4770765,313
1685766309.4885752,313
1685766309.5055177,311
1685766309.5178113,310
1685766309.5293968,310
1685766309.546282,312
1685766309.5589252,314
1685766309.5751615,314
1685766309.5871298,313
1685766309.5996492,312
1685766309.6158597,313
1685766309.6284466,315
1685766309.6398592,316
1685766309.6568885,315
1685766309.6693292,312
1685766309.6815495,309
1685766309.6975708,308
1685766309.7098649,310
1685766309.7257993,312
1685766309.738802,310
1685766309.7513723,308
1685766309.7669146,307
1685766309.779864,309
1685766309.791942,312
1685766309.808624,313
1685766309.8204706,312
1685766309.8324733,310
1685766309.849591,310
1685766309.86213,313
1685766309.8741338,315
1685766309.8905227,315
1685766309.9025087,314
1685766309.919168,313
1685766309.9316707,314
1685766309.9436777,316
1685766309.9603114,317
1685766309.9724445,316
1685766309.9844882,314
1685766310.0012293,313
1685766310.013431,314
1685766310.0249436,315
1685766310.0420463,316
1685766310.0545204,314
1685766310.0704732,312
1685766310.0824728,312
1685766310.094471,313
1685766310.1119268,314
1685766310.1240335,314
1685766310.1361527,313
1685766310.1524763,311
1685766310.1653202,311
1685766310.1773443,312
1685766310.193542,313
1685766310.2060022,313
1685766310.221544,311
1685766310.2347307,309
1685766310.247067,310
1685766310.2628524,311
1685766310.2756,312
1685766310.2874393,311
1685766310.3033676,310
1685766310.3163788,309
1685766310.3288198,311
1685766310.3452709,312
1685766310.357174,312
1685766310.3699176,311
1685766310.3859143,310
1685766310.3985987,309
1685766310.414597,311
1685766310.4265924,313
1685766310.4390206,313
1685766310.4559436,312
1685766310.4681797,310
1685766310.4796734,310
1685766310.4969697,312
1685766310.5086281,313
1685766310.5212677,312
1685766310.5379913,311
1685766310.5500278,309
1685766310.565599,310
1685766310.5788352,312
1685766310.5908341,313
1685766310.6073298,312
1685766310.6198158,310
1685766310.631989,309
1685766310.6475127,310
1685766310.6605532,312
1685766310.6730325,312
1685766310.6888866,311
1685766310.7018766,310
1685766310.7179358,309
1685766310.7296085,311
1685766310.7425513,312
1685766310.758544,312
1685766310.7715487,311
1685766310.7831652,309
1685766310.7990396,309
1685766310.8116896,311
1685766310.8237922,311
1685766310.8410776,311
1685766310.8529074,309
1685766310.864997,308
1685766310.8812308,309
1685766310.8940914,311
1685766310.9097502,311
1685766310.9226694,311
1685766310.9350233,309
1685766310.951366,308
1685766310.963923,309
1685766310.9755282,310
1685766310.9922664,310
1685766311.0049136,309
1685766311.01647,307
1685766311.0325668,307
1685766311.0458188,309
1685766311.061845,310
1685766311.0739486,310
1685766311.0866084,308
1685766311.1027815,307
1685766311.1152077,308
1685766311.1275342,310
1685766311.1434584,311
1685766311.1557596,311
1685766311.1683946,309
1685766311.1849852,308
1685766311.1969378,309
1685766311.2133656,311
1685766311.225879,311
1685766311.2376525,310
1685766311.253703,308
1685766311.2667003,307
1685766311.2786279,309
1685766311.2954278,310
1685766311.3074703,310
1685766311.3195062,309
1685766311.3363307,307
1685766311.3481932,306
1685766311.361061,308
1685766311.377357,308
1685766311.388917,308
1685766311.405851,306
1685766311.4178987,305
1685766311.431241,305
1685766311.4467819,307
1685766311.4598255,308
1685766311.4715667,308
1685766311.4873157,307
1685766311.4993641,306
1685766311.5123,307
1685766311.5286849,309
1685766311.5404797,310
1685766311.557316,309
1685766311.5695667,307
1685766311.581559,307
1685766311.5984788,308
1685766311.6114643,310
1685766311.6228075,311
1685766311.639396,309
1685766311.6514378,307
1685766311.6642942,307
1685766311.6804807,309
1685766311.6925476,311
1685766311.7047946,311
1685766311.7207966,309
1685766311.7338254,308
1685766311.7500916,308
1685766311.7616453,310
1685766311.774288,311
1685766311.7910452,311
1685766311.8032606,309
1685766311.8153043,308
1685766311.8316414,309
1685766311.844177,311
1685766311.8563182,311
1685766311.87289,310
1685766311.8846505,308
1685766311.901593,308
1685766311.9133735,310
1685766311.9258587,311
1685766311.942551,311
1685766311.9550962,310
1685766311.9671583,308
1685766311.9833257,308
1685766311.9953678,309
1685766312.0081797,310
1685766312.0241418,310
1685766312.036815,308
1685766312.0527215,307
1685766312.0650241,307
1685766312.077059,309
1685766312.0937996,310
1685766312.1065836,309
1685766312.1192532,308
1685766312.1345644,307
1685766312.1466067,308
1685766312.159637,310
1685766312.1762116,311
1685766312.1882255,310
1685766312.200759,308
1685766312.2163837,308
1685766312.2293682,309
1685766312.245979,311
1685766312.2579658,311
1685766312.270134,310
1685766312.2868104,309
1685766312.298045,309
1685766312.3110528,311
1685766312.327622,312
1685766312.3394394,312
1685766312.3516934,311
1685766312.3686783,310
1685766312.380147,310
1685766312.3969119,312
1685766312.4090033,312
1685766312.4218483,311
1685766312.4378664,309
1685766312.4498436,309
1685766312.4628544,310
1685766312.4791954,310
1685766312.491439,311
1685766312.5039036,309
1685766312.5194685,307
1685766312.5319543,306
1685766312.5450685,307
1685766312.5610614,308
1685766312.5732274,308
1685766312.5893614,306
1685766312.6015377,304
1685766312.614386,303
1685766312.6300466,304
1685766312.6431503,305
1685766312.6548133,304
1685766312.6715329,302
1685766312.6835382,301
1685766312.6961558,301
1685766312.7123728,303
1685766312.7243817,304
1685766312.7408986,302
1685766312.7531865,301
1685766312.7653058,300
1685766312.7815647,302
1685766312.7944205,303
1685766312.8067777,303
1685766312.8230565,302
1685766312.8353126,300
1685766312.8473015,300
1685766312.8643472,301
1685766312.8765376,302
1685766312.8920977,302
1685766312.905021,301
1685766312.9173,299
1685766312.933064,300
1685766312.9456666,302
1685766312.9583454,303
1685766312.974961,302
1685766312.9870148,301
1685766312.9997892,300
1685766313.0158732,301
1685766313.0275204,304
1685766313.0398622,305
1685766313.05689,304
1685766313.068533,304
1685766313.0851402,304
1685766313.0972657,305
1685766313.1097147,308
1685766313.1257398,309
1685766313.1377366,309
1685766313.1507506,307
1685766313.1668096,308
1685766313.17875,311
1685766313.1917498,312
1685766313.2082276,312
1685766313.22005,311
1685766313.2367356,310
1685766313.2490597,311
1685766313.2611978,314
1685766313.2777665,315
1685766313.2899384,315
1685766313.3019912,314
1685766313.3180642,313
1685766313.3311503,314
1685766313.3429253,316
1685766313.359758,317
1685766313.371723,316
1685766313.3878536,315
1685766313.399988,315
1685766313.4127946,316
1685766313.4294465,318
1685766313.4412875,318
1685766313.4540777,317
1685766313.4702494,316
1685766313.4822907,316
1685766313.4942868,318
1685766313.5112617,319
1685766313.5237527,319
1685766313.53557,318
1685766313.552018,317
1685766313.5639617,317
1685766313.579921,319
1685766313.5926592,320
1685766313.6046562,320
1685766313.622116,318
1685766313.6340559,317
1685766313.6465373,318
1685766313.6627014,320
1685766313.675119,320
1685766313.686783,319
1685766313.7037191,318
1685766313.7159538,318
1685766313.7322018,319
1685766313.7446337,320
1685766313.7565331,320
1685766313.7730112,319
1685766313.7866526,317
1685766313.7978702,318
1685766313.8136997,319
1685766313.8266132,320
1685766313.8388402,319
1685766313.8555007,318
1685766313.8676171,316
1685766313.8796184,317
1685766313.8963182,318
1685766313.9084058,319
1685766313.9249713,318
1685766313.93715,317
1685766313.9493003,316
1685766313.9655955,317
1685766313.9778006,319
1685766313.9901617,319
1685766314.007153,318
1685766314.0190883,316
1685766314.0310264,316
1685766314.0479667,317
1685766314.059932,318
1685766314.076545,318
1685766314.0889947,317
1685766314.1008449,316
1685766314.1171446,316
1685766314.129124,317
1685766314.1421437,318
1685766314.1577752,318
1685766314.1709723,316
1685766314.1831796,315
1685766314.1991742,315
1685766314.2114408,317
1685766314.2269115,317
1685766314.2402618,316
1685766314.2520082,314
1685766314.2685032,314
1685766314.2814717,315
1685766314.2935448,316
1685766314.3098228,317
1685766314.3221421,315
1685766314.334454,313
1685766314.350912,313
1685766314.3633025,314
1685766314.3755574,315
1685766314.3913052,314
1685766314.4041653,313
1685766314.4207172,311
1685766314.4327154,311
1685766314.4449856,313
1685766314.4615562,313
1685766314.4735982,313
1685766314.4861393,311
1685766314.5016623,309
1685766314.5145814,309
1685766314.5267346,311
1685766314.5433903,311
1685766314.555772,310
1685766314.571725,308
1685766314.584418,307
1685766314.5969584,308
1685766314.613339,310
1685766314.6248403,310
1685766314.6378798,309
1685766314.6539912,307
1685766314.6663196,307
1685766314.677974,308
1685766314.6949124,310
1685766314.7069652,309
1685766314.722825,308
1685766314.7358303,307
1685766314.7479188,307
1685766314.7643857,309
1685766314.7771368,310
1685766314.7885845,309
1685766314.8057284,307
1685766314.8177493,306
1685766314.8297973,306
1685766314.8457675,308
1685766314.858907,309
1685766314.8711646,308
1685766314.887514,306
1685766314.8992836,305
1685766314.915916,306
1685766314.9283724,308
1685766314.9404078,308
1685766314.9564557,307
1685766314.9694211,305
1685766314.9814692,306
1685766314.9980214,307
1685766315.010417,309
1685766315.022592,309
1685766315.0391505,308
1685766315.0509083,306
1685766315.0667107,307
1685766315.079378,309
1685766315.0923553,310
1685766315.1089091,310
1685766315.1208687,309
1685766315.1328282,307
1685766315.1498497,308
1685766315.161713,310
1685766315.1738603,310
1685766315.190827,309
1685766315.2025828,307
1685766315.2151318,306
1685766315.2309065,307
1685766315.2439666,309
1685766315.260166,308
1685766315.2723038,307
1685766315.2847965,306
1685766315.3008943,306
1685766315.313073,307
1685766315.3252559,308
1685766315.3419118,308
1685766315.3545651,306
1685766315.366834,305
1685766315.3827136,306
1685766315.3955286,308
1685766315.4111497,308
1685766315.4240434,308
1685766315.4358678,306
1685766315.4520822,305
1685766315.4645996,306
1685766315.476574,307
1685766315.4939027,308
1685766315.506106,307
1685766315.5178459,305
1685766315.5343547,305
1685766315.5462863,307
1685766315.5629172,308
1685766315.575637,308
1685766315.5880706,307
1685766315.6036878,305
1685766315.6161053,306
1685766315.6281116,308
1685766315.6450984,309
1685766315.6573803,308
1685766315.66967,307
1685766315.6861339,306
1685766315.6980586,307
1685766315.7100604,308
1685766315.7266421,309
1685766315.7387478,308
1685766315.7549562,307
1685766315.7679815,306
1685766315.7803063,307
1685766315.796435,309
1685766315.8082979,309
1685766315.8212612,308
1685766315.8379526,306
1685766315.8500047,306
1685766315.8620005,307
1685766315.8781757,309
1685766315.891179,308
1685766315.9067316,307
1685766315.9188316,305
1685766315.9320483,306
1685766315.9482517,307
1685766315.9608047,308
1685766315.9724455,308
1685766315.9885635,307
1685766316.0016115,306
1685766316.0137575,306
1685766316.0294988,308
1685766316.0425477,309
1685766316.055027,309
1685766316.0708342,307
1685766316.0834103,306
1685766316.0996053,308
1685766316.1116123,310
1685766316.1242714,310
1685766316.1408646,309
1685766316.1529186,307
1685766316.1653502,307
1685766316.181329,309
1685766316.1936445,310
1685766316.2066038,310
1685766316.222848,309
1685766316.2352207,308
1685766316.2513742,308
1685766316.2636979,310
1685766316.2756324,311
1685766316.2924128,310
1685766316.3048038,309
1685766316.316845,308
1685766316.333159,309
1685766316.344987,310
1685766316.357729,311
1685766316.3745086,310
1685766316.3859935,308
1685766316.4020014,307
1685766316.4151402,309
1685766316.4273026,310
1685766316.4434907,310
1685766316.4562333,309
1685766316.4684355,307
1685766316.48487,307
1685766316.4967864,309
1685766316.5095267,310
1685766316.5257163,310
1685766316.5377693,308
1685766316.550581,307
1685766316.566561,307
1685766316.57894,310
1685766316.5949166,311
1685766316.6076229,310
1685766316.6203249,309
1685766316.6356552,308
1685766316.6488376,309
1685766316.6611066,311
1685766316.6777747,312
1685766316.689906,311
1685766316.7018325,309
1685766316.7177675,309
1685766316.730801,310
1685766316.746049,312
1685766316.7590482,312
1685766316.7714117,311
1685766316.7872648,309
1685766316.7999043,309
1685766316.812399,310
1685766316.828812,311
1685766316.8408008,311
1685766316.853311,310
1685766316.8699286,308
1685766316.8821795,309
1685766316.8940089,311
1685766316.9112988,312
1685766316.923064,311
1685766316.9393733,309
1685766316.951362,309
1685766316.9641352,310
1685766316.980343,311
1685766316.9920177,311
1685766317.004748,310
1685766317.0215306,308
1685766317.0335665,308
1685766317.0455844,309
1685766317.0619662,311
1685766317.0746248,311
1685766317.0912237,310
1685766317.1025696,308
1685766317.1159458,308
1685766317.1318944,309
1685766317.1441398,310
1685766317.156249,310
1685766317.1729925,308
1685766317.1851642,307
1685766317.197571,307
1685766317.2130964,309
1685766317.2260957,310
1685766317.242232,309
1685766317.2541428,308
1685766317.2670023,307
1685766317.2836668,308
1685766317.2956522,310
1685766317.308171,310
1685766317.324953,309
1685766317.3372433,308
1685766317.348863,308
1685766317.3652294,309
1685766317.3779423,311
1685766317.3896203,311
1685766317.4058542,310
1685766317.4188507,308
1685766317.4349842,309
1685766317.4473765,311
1685766317.4595299,312
1685766317.4763656,311
1685766317.4880054,310
1685766317.500884,308
1685766317.5170126,309
1685766317.529185,311
1685766317.5418422,312
1685766317.5575616,310
1685766317.5694907,309
1685766317.586411,308
1685766317.5991633,309
1685766317.6105397,311
1685766317.6270902,311
1685766317.640043,310
1685766317.652218,308
1685766317.668531,307
1685766317.6805267,309
1685766317.6926713,310
1685766317.7100623,310
1685766317.7210433,308
1685766317.7377746,307
1685766317.7505252,307
1685766317.7627158,309
1685766317.7792017,310
1685766317.7907994,310
1685766317.803854,308
1685766317.8197496,307
1685766317.83241,308
1685766317.8439796,310
1685766317.8607433,311
1685766317.8729403,310
1685766317.8856745,308
1685766317.9017282,308
1685766317.9143722,309
1685766317.9299319,311
1685766317.9428673,311
1685766317.955181,310
1685766317.97089,308
1685766317.9840786,308
1685766317.9959383,310
1685766318.0127287,311
1685766318.0244527,311
1685766318.036867,309
1685766318.0528793,308
1685766318.0658305,308
1685766318.081834,310
1685766318.0944068,311
1685766318.1066628,311
1685766318.1232128,309
1685766318.1353471,308
1685766318.14739,309
1685766318.1641314,311
1685766318.1764426,312
1685766318.188158,311
1685766318.2051103,309
1685766318.2173347,308
1685766318.2291503,310
1685766318.245431,312
1685766318.2579045,312
1685766318.2745702,310
1685766318.2871766,309
1685766318.2990682,309
1685766318.3159978,310
1685766318.328046,312
1685766318.340279,311
1685766318.3560476,310
1685766318.369029,308
1685766318.3810456,309
1685766318.3970482,311
1685766318.4100275,312
1685766318.4255848,311
1685766318.4378142,309
1685766318.4509435,308
1685766318.46737,309
1685766318.4796786,310
1685766318.4926686,311
1685766318.5080137,310
1685766318.520597,308
1685766318.5322554,307
1685766318.5492039,309
1685766318.561355,311
1685766318.577623,311
1685766318.5896032,310
1685766318.602481,308
1685766318.6184993,308
1685766318.631121,310
1685766318.6431906,311
1685766318.6592422,311
1685766318.6722238,309
1685766318.6839285,307
1685766318.7000833,308
1685766318.7131364,310
1685766318.7246974,311
1685766318.7417164,310
1685766318.7542093,309
1685766318.7699275,308
1685766318.7819178,309
1685766318.7949204,311
1685766318.8114963,311
1685766318.8230817,310
1685766318.835689,308
1685766318.8519888,308
1685766318.8641374,309
1685766318.8763654,310
1685766318.8933213,310
1685766318.9053037,309
1685766318.9216573,307
1685766318.9339662,308
1685766318.946044,310
1685766318.9622698,311
1685766318.9750264,310
1685766318.9872594,309
1685766319.0039723,307
1685766319.0160322,308
1685766319.0280297,310
1685766319.0449522,310
1685766319.057197,309
1685766319.0819416,307
1685766319.084953,307
1685766319.0979478,308
1685766319.113953,309
1685766319.1260412,310
1685766319.1386812,309
1685766319.1547933,307
1685766319.1677415,307
1685766319.179743,308
1685766319.1957421,310
1685766319.2083735,310
1685766319.2212286,308
1685766319.2372963,307
1685766319.2494752,307
1685766319.265845,309
1685766319.2784846,310
1685766319.2901232,310
1685766319.30635,308
1685766319.3186927,307
1685766319.3309968,308
1685766319.3477235,310
1685766319.359722,311
1685766319.3717241,310
1685766319.3886793,308
1685766319.4007225,307
1685766319.417047,308
1685766319.429665,310
1685766319.4424129,311
1685766319.4584744,309
1685766319.4714153,308
1685766319.483044,307
1685766319.4989855,309
1685766319.5110183,311
1685766319.5239778,310
1685766319.5402915,309
1685766319.552029,308
1685766319.564969,308
1685766319.5812328,310
1685766319.5930297,311
1685766319.6100464,310
1685766319.6219833,309
1685766319.6343083,307
1685766319.6509697,308
1685766319.6631465,310
1685766319.6759706,310
1685766319.6913729,309
1685766319.7040944,307
1685766319.7162402,307
1685766319.7324688,308
1685766319.7445252,309
1685766319.760463,310
1685766319.7738907,308
1685766319.785552,307
1685766319.802542,306
1685766319.8147318,308
1685766319.8265245,309
1685766319.8428981,308
1685766319.8558333,307
1685766319.8681865,306
1685766319.8838258,307
1685766319.8968852,310
1685766319.908834,311
1685766319.9251332,311
1685766319.9368787,311
1685766319.9538176,311
1685766319.9664745,314
1685766319.978815,318
1685766319.9948716,321
1685766320.0071561,322
1685766320.0188186,323
1685766320.035172,326
1685766320.0482793,330
1685766320.0602198,335
1685766320.0762048,338
1685766320.0892751,342
1685766320.1052618,346
1685766320.1172013,352
1685766320.1302645,359
1685766320.1466148,365
1685766320.158648,368
1685766320.1708803,368
1685766320.1875293,365
1685766320.199532,361
1685766320.2115703,355
1685766320.2282739,345
1685766320.2403204,333
1685766320.256257,319
1685766320.269334,306
1685766320.2817624,297
1685766320.2973363,289
1685766320.3107824,283
1685766320.3223488,277
1685766320.3393497,273
1685766320.3513439,272
1685766320.363349,273
1685766320.3795526,276
1685766320.3922727,278
1685766320.4042928,278
1685766320.4202733,278
1685766320.4332798,280
1685766320.4496353,284
1685766320.4615564,287
1685766320.4743521,287
1685766320.490338,286
1685766320.50256,286
1685766320.5153484,286
1685766320.5312839,288
1685766320.5440218,290
1685766320.5563512,292
1685766320.5722852,291
1685766320.5842862,294
1685766320.600339,302
1685766320.613292,312
1685766320.6252785,322
1685766320.6423652,334
1685766320.654704,344
1685766320.6662936,357
1685766320.6826818,372
1685766320.6954417,386
1685766320.7073894,399
1685766320.7234375,409
1685766320.7364326,417
1685766320.7493768,425
1685766320.7646697,431
1685766320.777434,436
1685766320.7934365,436
1685766320.8054872,433
1685766320.8184414,431
1685766320.8347254,428
1685766320.8467085,427
1685766320.8585956,422
1685766320.8753877,415
1685766320.8877218,404
1685766320.899453,394
1685766320.916545,383
1685766320.9284306,369
1685766320.944713,353
1685766320.9577227,332
1685766320.969771,310
1685766320.9860284,286
1685766320.9987662,267
1685766321.0107257,249
1685766321.0267723,234
1685766321.0390344,220
1685766321.0517025,210
1685766321.067704,203
1685766321.0797107,200
1685766321.096189,197
1685766321.1092198,196
1685766321.1212673,194
1685766321.1371932,194
1685766321.1499023,197
1685766321.1615431,203
1685766321.1786158,207
1685766321.190542,211
1685766321.2031178,214
1685766321.2197561,219
1685766321.2312052,226
1685766321.2442577,233
1685766321.2601979,238
1685766321.2722037,242
1685766321.2892928,245
1685766321.3014598,250
1685766321.3135111,256
1685766321.3302894,262
1685766321.3422008,266
1685766321.3547401,268
1685766321.3712125,270
1685766321.3833134,273
1685766321.3951967,278
1685766321.412265,281
1685766321.4242113,283
1685766321.4402683,282
1685766321.453199,281
1685766321.4652748,283
1685766321.4815233,286
1685766321.494275,288
1685766321.5062706,287
1685766321.5225463,286
1685766321.5342603,286
1685766321.5474844,289
1685766321.5632055,291
1685766321.5752554,292
1685766321.5915654,293
1685766321.6042688,293
1685766321.616288,295
1685766321.6332576,298
1685766321.6462274,302
1685766321.657554,303
1685766321.6742656,304
1685766321.6862643,306
1685766321.6982083,308
1685766321.7151272,312
1685766321.7268252,315
1685766321.7398207,315
1685766321.7558413,315
1685766321.7685354,314
1685766321.7845285,316
1685766321.7964854,318
1685766321.8095405,318
1685766321.825544,316
1685766321.8377445,314
1685766321.850551,312
1685766321.8664808,313
1685766321.8788233,313
1685766321.891497,313
1685766321.9074733,310
1685766321.919822,308
1685766321.9357815,309
1685766321.9484842,312
1685766321.9608452,319
1685766321.9775045,323
1685766321.9895573,332
1685766322.00178,343
1685766322.0182683,357
1685766322.0302505,372
1685766322.0429783,386
1685766322.0587113,397
1685766322.0716538,404
1685766322.0837991,410
1685766322.0997005,414
1685766322.1126535,417
1685766322.1286526,416
1685766322.1417015,411
1685766322.1534402,403
1685766322.16968,394
1685766322.1816247,386
1685766322.1943755,375
1685766322.210735,360
1685766322.2234004,341
1685766322.2353837,319
1685766322.2514522,299
1685766322.2634711,281
1685766322.2794173,266
1685766322.2924237,252
1685766322.30448,242
1685766322.3214808,235
1685766322.3337708,234
1685766322.3457227,237
1685766322.362416,241
1685766322.374736,245
1685766322.3867517,248
1685766322.4034672,252
1685766322.4154966,258
1685766322.4314678,263
1685766322.4439924,268
1685766322.4558327,270
1685766322.4729233,270
1685766322.4851265,273
1685766322.4978087,276
1685766322.5139146,279
1685766322.526148,280
1685766322.5378723,278
1685766322.5548904,277
1685766322.5673194,279
1685766322.5793312,282
1685766322.5953798,283
1685766322.608387,288
1685766322.624394,296
1685766322.6363447,306
1685766322.648379,321
1685766322.665388,339
1685766322.6776938,355
1685766322.6894517,369
1685766322.7064633,379
1685766322.7187204,386
1685766322.7304502,390
1685766322.747434,393
1685766322.759442,391
1685766322.7753954,385
1685766322.7884533,378
1685766322.800545,372
1685766322.8174396,368
1685766322.8293715,364
1685766322.841372,361
1685766322.858408,356
1685766322.8703046,352
1685766322.8824794,349
1685766322.8987253,351
1685766322.911443,351
1685766322.9234347,350
1685766322.9393783,348
1685766322.9518929,348
1685766322.968494,349
1685766322.9805534,350
1685766322.9925475,352
1685766323.0095387,351
1685766323.021664,350
1685766323.033491,350
1685766323.0505383,351
1685766323.0624716,351
1685766323.0745394,349
1685766323.0914962,346
1685766323.1034875,341
1685766323.119491,338
1685766323.1325495,338
1685766323.1445599,336
1685766323.1608958,333
1685766323.1735482,328
1685766323.1855645,322
1685766323.2015598,317
1685766323.213929,309
1685766323.225992,298
1685766323.2430086,283
1685766323.255456,267
1685766323.2714033,253
1685766323.283867,243
1685766323.2960908,236
1685766323.3131301,230
1685766323.325074,225
1685766323.337142,220
1685766323.3536727,219
1685766323.3658473,219
1685766323.3776815,222
1685766323.393743,223
1685766323.4067392,225
1685766323.4190311,227
1685766323.434679,232
1685766323.4472191,239
1685766323.4643114,245
1685766323.4764621,251
1685766323.4885614,255
1685766323.5053096,259
1685766323.5173275,265
1685766323.5293133,271
1685766323.546319,277
1685766323.5582438,281
1685766323.5703015,283
1685766323.5865352,285
1685766323.599248,290
1685766323.6155684,294
1685766323.6282537,298
1685766323.6403148,299
1685766323.6562748,300
1685766323.668565,302
1685766323.6813216,306
1685766323.6976118,309
1685766323.709574,311
1685766323.7225273,312
1685766323.738524,311
1685766323.750594,312
1685766323.762899,315
1685766323.7792869,317
1685766323.7913442,317
1685766323.8072703,315
1685766323.8203716,314
1685766323.8322787,315
1685766323.8490403,316
1685766323.8607476,318
1685766323.8737063,317
1685766323.889775,316
1685766323.9017177,315
1685766323.914773,317
1685766323.931014,319
1685766323.942843,320
1685766323.959939,318
1685766323.9718952,317
1685766323.9841943,317
1685766324.0008998,318
1685766324.012952,320
1685766324.0249455,320
1685766324.0418322,319
1685766324.0538275,317
1685766324.065831,317
1685766324.082867,319
1685766324.0947735,319
1685766324.1110697,318
1685766324.1228182,316
1685766324.1357825,314
1685766324.1519916,315
1685766324.1638994,316
1685766324.1767616,317
1685766324.1927736,316
1685766324.2056544,314
1685766324.2178233,313
1685766324.23426,314
1685766324.246495,316
1685766324.2582285,316
1685766324.274896,315
1685766324.2870464,313
1685766324.303631,313
1685766324.3160846,314
1685766324.328005,315
1685766324.344991,315
1685766324.3563392,313
1685766324.369229,311
1685766324.3857923,311
1685766324.397727,312
1685766324.409712,313
1685766324.4267094,313
1685766324.4389658,311
1685766324.4548793,310
1685766324.4671686,310
1685766324.4797838,312
1685766324.496378,312
1685766324.5084796,311
1685766324.520763,309
1685766324.5368445,309
1685766324.5495846,310
1685766324.5610244,312
1685766324.5776813,312
1685766324.5900297,311
1685766324.6028483,309
1685766324.6191857,309
1685766324.6317608,311
1685766324.6477008,312
1685766324.6604083,312
1685766324.6725254,310
1685766324.6887977,308
1685766324.700593,309
1685766324.7126641,311
1685766324.729419,312
1685766324.7414265,311
1685766324.7544167,309
1685766324.7716408,308
1685766324.7831151,309
1685766324.7993448,311
1685766324.811299,311
1685766324.8234346,310
1685766324.839882,308
1685766324.852563,308
1685766324.8648996,309
1685766324.8815465,311
1685766324.8935516,311
1685766324.9055963,310
1685766324.9221828,308
1685766324.934651,309
1685766324.9505892,310
1685766324.9630308,312
1685766324.9755907,312
1685766324.991589,310
1685766325.0037098,309
1685766325.0156448,309
1685766325.0325909,311
1685766325.0446544,312
1685766325.056649,311
1685766325.0735903,309
1685766325.0856066,308
1685766325.0976498,309
1685766325.114597,310
1685766325.126647,311
1685766325.1425867,309
1685766325.1555846,307
1685766325.1675882,305
1685766325.1841094,305
1685766325.1962523,305
1685766325.2085447,304
1685766325.2245412,301
1685766325.2374258,298
1685766325.249745,297
1685766325.266178,299
1685766325.277908,300
1685766325.2951396,300
1685766325.3069558,298
1685766325.3195283,297
1685766325.336675,299
1685766325.3482668,304
1685766325.3605793,309
1685766325.3770251,314
1685766325.3892317,318
1685766325.4009879,321
1685766325.4177856,325
1685766325.4298556,328
1685766325.445497,329
1685766325.4589982,326
1685766325.4712734,321
1685766325.4872675,317
1685766325.4996831,314
1685766325.5121055,310
1685766325.528323,307
1685766325.540474,302
1685766325.5529137,298
1685766325.5695107,296
1685766325.581971,297
1685766325.5935383,297
1685766325.6103876,297
1685766325.62267,295
1685766325.6387866,293
1685766325.6513567,294
1685766325.6633482,297
1685766325.680941,299
1685766325.6917465,299
1685766325.7043443,299
1685766325.7203279,299
1685766325.7330794,301
1685766325.7449515,303
1685766325.7618492,304
1685766325.7743177,304
1685766325.790567,302
1685766325.8031535,302
1685766325.815165,304
1685766325.831206,306
1685766325.8441057,306
1685766325.855762,304
1685766325.8717463,303
1685766325.8849385,302
1685766325.8972065,304
1685766325.9136453,306
1685766325.9258978,306
1685766325.9374437,304
1685766325.9544272,302
1685766325.9670048,302
1685766325.9829974,305
1685766325.9950168,306
1685766326.0076132,305
1685766326.0236864,304
1685766326.036019,305
1685766326.0488038,306
1685766326.0650053,306
1685766326.0768988,308
1685766326.0892174,307
1685766326.105795,306
1685766326.117998,307
1685766326.1348858,308
1685766326.1470428,309
1685766326.1591306,310
1685766326.1753507,309
1685766326.1880379,308
1685766326.1996915,308
1685766326.2168415,310
1685766326.2289326,312
1685766326.240934,312
1685766326.2574375,312
1685766326.2700288,311
1685766326.28553,311
1685766326.2987008,313
1685766326.3109345,313
1685766326.3269923,312
1685766326.3390698,311
1685766326.351126,310
1685766326.3682075,311
1685766326.3803916,313
1685766326.392048,313
1685766326.4089787,311
1685766326.4213834,310
1685766326.432985,309
1685766326.449677,311
1685766326.4623802,313
1685766326.478526,312
1685766326.4911435,311
1685766326.5033352,309
1685766326.5193508,310
1685766326.5318627,311
1685766326.5442417,312
1685766326.5605898,312
1685766326.5730252,310
1685766326.585196,309
1685766326.601025,311
1685766326.6134102,313
1685766326.6301374,313
1685766326.64275,313
1685766326.6547391,311
1685766326.6706595,311
1685766326.6828823,313
1685766326.6957061,315
1685766326.7122025,315
1685766326.7242725,313
1685766326.7367547,312
1685766326.7531285,312
1685766326.764668,314
1685766326.7809134,315
1685766326.794074,315
1685766326.8056061,313
1685766326.8229935,312
1685766326.8349726,312
1685766326.8475344,313
1685766326.8629446,313
1685766326.8761158,313
1685766326.8883045,311
1685766326.903923,310
1685766326.9169285,311
1685766326.9293025,312
1685766326.9455853,313
1685766326.958085,313
1685766326.973456,311
1685766326.9866376,310
1685766326.9989865,312
1685766327.0152903,313
1685766327.0273325,313
1685766327.0395272,313
1685766327.056284,311
1685766327.068049,311
1685766327.0807052,312
1685766327.097327,314
1685766327.110031,314
1685766327.126421,312
1685766327.1377115,312
1685766327.1501398,312
1685766327.167077,314
1685766327.179184,314
1685766327.191307,315
1685766327.207687,313
1685766327.2200146,313
1685766327.2318108,313
1685766327.248323,315
1685766327.2603254,315
1685766327.2726102,314
1685766327.2896793,313
1685766327.301729,312
1685766327.3186393,314
1685766327.331511,315
1685766327.3431466,315
1685766327.3598526,314
1685766327.371972,311
1685766327.3841581,311
1685766327.4002998,313
1685766327.4125588,314
1685766327.4248226,313
1685766327.440843,312
1685766327.4531422,310
1685766327.4692066,311
1685766327.481797,313
1685766327.4944277,313
1685766327.5105636,312
1685766327.522602,311
1685766327.5349305,309
1685766327.5520709,310
1685766327.5633123,312
1685766327.5762987,312
1685766327.5928051,311
1685766327.6046968,309
1685766327.6210315,308
1685766327.6339853,309
1685766327.6461751,310
1685766327.6621947,310
1685766327.67425,308
1685766327.687236,306
1685766327.7032685,306
1685766327.7156563,307
1685766327.7277722,308
1685766327.7442417,308
1685766327.7564447,307
1685766327.7684405,306
1685766327.7850168,306
1685766327.7968237,309
1685766327.8130913,310
1685766327.8259344,309
1685766327.8382645,307
1685766327.8548894,305
1685766327.8671913,306
1685766327.8789778,307
1685766327.8960023,307
1685766327.9083173,305
1685766327.920911,302
1685766327.936872,301
1685766327.9490168,302
1685766327.965751,303
1685766327.9776716,302
1685766327.9896834,301
1685766328.0057197,299
1685766328.018624,299
1685766328.030689,300
1685766328.0466704,302
1685766328.0589614,301
1685766328.0716555,299
1685766328.087723,298
1685766328.1008935,299
1685766328.112847,301
1685766328.129313,302
1685766328.1414618,301
1685766328.1579332,300
1685766328.1699164,299
1685766328.182834,300
1685766328.1989353,302
1685766328.2113187,302
1685766328.2229855,301
1685766328.239207,299
1685766328.252138,299
1685766328.2641819,301
1685766328.2802038,302
1685766328.2932014,302
1685766328.3089733,301
1685766328.3220155,300
1685766328.3340387,300
1685766328.3504171,302
1685766328.3626602,304
1685766328.374701,304
1685766328.391004,303
1685766328.4029846,303
1685766328.416162,304
1685766328.4323986,306
1685766328.4446774,308
1685766328.4611967,308
1685766328.4729536,307
1685766328.485951,306
1685766328.5018885,308
1685766328.514893,310
1685766328.5268865,311
1685766328.542968,310
1685766328.554911,309
1685766328.5673313,308
1685766328.5841932,310
1685766328.5960257,312
1685766328.6086876,312
1685766328.6248338,311
1685766328.6371875,310
1685766328.6530735,310
1685766328.6659343,312
1685766328.6779773,313
1685766328.6948316,313
1685766328.7066612,311
1685766328.7189603,310
1685766328.7357295,311
1685766328.7475252,313
1685766328.760099,313
1685766328.7760909,313
1685766328.7888856,311
1685766328.8047473,310
1685766328.8171,312
1685766328.829847,313
1685766328.8459032,314
1685766328.8583925,313
1685766328.8706617,312
1685766328.8872056,312
1685766328.899321,314
1685766328.911093,315
1685766328.9281738,315
1685766328.9403381,314
1685766328.9519253,312
1685766328.9683762,312
1685766328.9811702,314
1685766328.9978848,315
1685766329.010005,314
1685766329.022069,313
1685766329.038694,311
1685766329.051177,312
1685766329.0626154,314
1685766329.079561,315
1685766329.0924063,314
1685766329.103995,313
1685766329.1203904,312
1685766329.132709,314
1685766329.1487668,315
1685766329.161749,316
1685766329.1739535,315
1685766329.1901002,313
1685766329.2021534,313
1685766329.2153199,315
1685766329.230779,316
1685766329.2427835,316
1685766329.2548366,315
1685766329.2714539,313
1685766329.283454,314
1685766329.2994077,315
1685766329.3123465,316
1685766329.325371,316
1685766329.3420796,314
1685766329.3539345,313
1685766329.3659806,313
1685766329.382318,315
1685766329.3950064,316
1685766329.4067562,315
1685766329.4237905,313
1685766329.4359202,313
1685766329.4480515,314
1685766329.4641259,316
1685766329.4771006,316
1685766329.492905,315
1685766329.50526,313
1685766329.5175884,313
1685766329.5343192,315
1685766329.5466328,316
1685766329.5588217,316
1685766329.5747974,315
1685766329.5869267,313
1685766329.5999858,314
1685766329.6162739,316
1685766329.6282854,317
1685766329.6446028,316
1685766329.656553,314
1685766329.669378,313
1685766329.685426,314
1685766329.6980212,316
1685766329.7096288,316
1685766329.7267158,315
1685766329.7382338,313
1685766329.751454,312
1685766329.7677474,313
1685766329.7799814,314
1685766329.7964604,313
1685766329.8086197,312
1685766329.8206143,310
1685766329.8371882,310
1685766329.8498635,312
1685766329.861917,313
1685766329.878138,313
1685766329.8903513,311
1685766329.9020588,309
1685766329.919104,310
1685766329.9309378,312
1685766329.9439363,313
1685766329.9599452,312
1685766329.9723816,311
1685766329.988425,310
1685766330.000685,311
1685766330.0135248,313
1685766330.0297363,313
1685766330.0420825,312
1685766330.05449,311
1685766330.0704625,310
1685766330.0831835,312
1685766330.0948613,313
1685766330.111982,313
1685766330.124251,312
1685766330.1399882,310
1685766330.1526487,311
1685766330.1646438,313
1685766330.1809485,314
1685766330.193553,314
1685766330.2061682,312
1685766330.2222478,310
1685766330.2347512,311
1685766330.2464015,313
1685766330.2632911,314
1685766330.2751803,313
1685766330.2876704,311
1685766330.304611,310
1685766330.316658,311
1685766330.3323517,313
1685766330.3444257,313
1685766330.3574502,312
1685766330.3740451,310
1685766330.3860917,310
1685766330.3986282,311
1685766330.4145947,313
1685766330.4268205,313
1685766330.439492,311
1685766330.4554482,309
1685766330.4674492,309
1685766330.484497,311
1685766330.4964406,312
1685766330.5085027,312
1685766330.5255046,310
1685766330.5374308,309
1685766330.5497873,309
1685766330.5664437,311
1685766330.578441,311
1685766330.5907836,310
1685766330.6074314,309
1685766330.6188416,308
1685766330.6353986,309
1685766330.6483967,311
1685766330.660474,311
1685766330.67671,310
1685766330.6883948,308
1685766330.7015355,308
1685766330.7184646,310
1685766330.7301934,311
1685766330.742789,311
1685766330.7588072,309
1685766330.771072,308
1685766330.7830503,308
1685766330.7997885,310
1685766330.8121362,311
1685766330.8284113,310
1685766330.8413622,309
1685766330.852348,308
1685766330.8694322,309
1685766330.881676,311
1685766330.8933458,311
1685766330.910367,311
1685766330.9227316,309
1685766330.9348013,308
1685766330.9507942,309
1685766330.9638124,311
1685766330.9797914,312
1685766330.9917362,311
1685766331.0047283,309
1685766331.0207994,309
1685766331.0331004,310
1685766331.0451577,312
1685766331.0617428,312
1685766331.0737302,311
1685766331.0867376,309
1685766331.102802,309
1685766331.114733,311
1685766331.1272078,312
1685766331.1435726,311
1685766331.1561978,310
1685766331.1721919,308
1685766331.1845093,309
1685766331.19727,311
1685766331.213392,311
1685766331.2251935,311
1685766331.2382026,309
1685766331.2541876,308
1685766331.2670765,309
1685766331.279189,311
1685766331.2952023,312
1685766331.3072147,310
1685766331.3241174,309
1685766331.3367484,310
1685766331.3488135,312
1685766331.3650508,314
1685766331.3768466,315
1685766331.389809,314
1685766331.406104,314
1685766331.4180624,315
1685766331.430643,317
1685766331.4465747,319
1685766331.4585874,319
1685766331.474638,318
1685766331.48758,317
1685766331.4999335,319
1685766331.5169528,321
1685766331.5287223,322
1685766331.5407226,320
1685766331.5574796,317
1685766331.5694005,314
1685766331.581423,313
1685766331.598464,311
1685766331.6114187,307
1685766331.6227431,302
1685766331.6394744,297
1685766331.651861,295
1685766331.6678574,294
1685766331.6801453,295
1685766331.6929326,293
1685766331.7089217,291
1685766331.7214184,290
1685766331.7332892,290
1685766331.7498624,292
1685766331.7622435,294
1685766331.774245,294
1685766331.790294,294
1685766331.8032281,294
1685766331.8192966,298
1685766331.831918,304
1685766331.8441935,309
1685766331.860902,314
1685766331.8729675,318
1685766331.8851573,322
1685766331.9012523,328
1685766331.9135785,333
1685766331.9259489,335
1685766331.9420156,335
1685766331.9550278,333
1685766331.971011,331
1685766331.9833698,329
1685766331.9960496,326
1685766332.0115137,321
1685766332.0245857,315
1685766332.036661,310
1685766332.052508,306
1685766332.065509,304
1685766332.0775971,302
1685766332.0935693,299
1685766332.1065059,296
1685766332.1185272,296
1685766332.134866,298
1685766332.1470532,302
1685766332.1636124,305
1685766332.1758657,308
1685766332.1885767,314
1685766332.2044811,321
1685766332.2161927,332
1685766332.2293882,345
1685766332.245087,353
1685766332.2580855,361
1685766332.270296,368
1685766332.2866619,376
1685766332.2990901,383
1685766332.3150337,391
1685766332.3272452,393
1685766332.3395963,393
1685766332.3563218,392
1685766332.3683872,392
1685766332.3802543,392
1685766332.3967388,389
1685766332.4093628,385
1685766332.4213355,379
1685766332.438158,372
1685766332.450304,368
1685766332.4624748,362
1685766332.479137,354
1685766332.4915318,345
1685766332.5075026,333
1685766332.5201628,320
1685766332.5321398,309
1685766332.5484612,297
1685766332.5601518,283
1685766332.5731578,267
1685766332.5894346,253
1685766332.602135,242
1685766332.6142204,236
1685766332.6301396,231
1685766332.6424875,228
1685766332.6591382,225
1685766332.6714826,224
1685766332.6834922,225
1685766332.7002063,229
1685766332.7124853,232
1685766332.7244577,234
1685766332.7412057,236
1685766332.7534244,239
1685766332.7651343,243
1685766332.7822075,249
1685766332.794149,253
1685766332.8101878,255
1685766332.8231466,257
1685766332.8351283,260
1685766332.8511817,265
1685766332.864203,269
1685766332.8761892,272
1685766332.892127,273
1685766332.9052339,274
1685766332.9172223,276
1685766332.9334753,280
1685766332.9461212,284
1685766332.958226,286
1685766332.9741905,286
1685766332.9871254,287
1685766333.0031247,289
1685766333.0154042,293
1685766333.0281985,296
1685766333.0441856,297
1685766333.055859,297
1685766333.0688612,297
1685766333.0851772,300
1685766333.0978398,303
1685766333.1098528,304
1685766333.1258476,304
1685766333.1379073,303
1685766333.154904,303
1685766333.1668482,306
1685766333.1791344,308
1685766333.19592,309
1685766333.2080922,309
1685766333.2201982,308
1685766333.23676,310
1685766333.2490876,313
1685766333.2614224,315
1685766333.2778034,315
1685766333.290105,313
1685766333.3020895,313
1685766333.3184116,313
1685766333.331115,315
1685766333.346805,316
1685766333.359414,314
1685766333.3716257,312
1685766333.388417,310
1685766333.4007497,311
1685766333.4123428,310
1685766333.4292037,309
1685766333.441547,309
1685766333.4535463,309
1685766333.4695437,310
1685766333.4826221,314
1685766333.4988832,320
1685766333.5106242,326
1685766333.5235405,331
1685766333.5399222,336
1685766333.551847,344
1685766333.5639186,353
1685766333.5809245,361
1685766333.592902,366
1685766333.6049078,368
1685766333.621859,370
1685766333.633906,373
1685766333.6499064,374
1685766333.6629248,374
1685766333.6750813,371
1685766333.6918652,365
1685766333.703918,358
1685766333.7159247,354
1685766333.731925,348
1685766333.7448547,341
1685766333.7569613,331
1685766333.7730734,319
1685766333.7858102,307
1685766333.7977526,297
1685766333.8138137,286
1685766333.826833,276
1685766333.8430982,267
1685766333.8550718,261
1685766333.8677619,258
1685766333.8839703,260
1685766333.8958104,263
1685766333.9078162,266
1685766333.92508,268
1685766333.9368403,270
1685766333.94907,275
1685766333.9657679,279
1685766333.9777482,283
1685766333.9940925,284
1685766334.0068212,284
1685766334.0187566,284
1685766334.0354676,286
1685766334.0473201,288
1685766334.0601301,289
1685766334.0761187,288
1685766334.0880613,287
1685766334.1011276,286
1685766334.117067,289
1685766334.129409,289
1685766334.1421545,288
1685766334.1580887,285
1685766334.1706579,283
1685766334.1871169,281
1685766334.199229,284
1685766334.2114253,286
1685766334.2281737,287
1685766334.240198,289
1685766334.2520993,292
1685766334.2680924,297
1685766334.2811627,303
1685766334.2933881,308
1685766334.3101637,311
1685766334.3220978,314
1685766334.3385298,316
1685766334.3515234,320
1685766334.3629818,324
1685766334.3792286,326
1685766334.3912323,325
1685766334.4042866,325
1685766334.4206245,325
1685766334.43226,327
1685766334.4442577,329
1685766334.4613447,330
1685766334.4732623,331
1685766334.489259,330
1685766334.5025601,333
1685766334.514621,338
1685766334.5312903,342
1685766334.5433366,346
1685766334.5552583,350
1685766334.572324,355
1685766334.5843582,361
1685766334.5962567,369
1685766334.6125393,375
1685766334.625281,381
1685766334.6372762,382
1685766334.6533196,384
1685766334.6663349,389
1685766334.682065,391
1685766334.6948786,391
1685766334.7071273,389
1685766334.7235255,385
1685766334.7357743,381
1685766334.7474456,380
1685766334.764388,378
1685766334.7764444,374
1685766334.7887573,368
1685766334.8054676,362
1685766334.8173883,359
1685766334.8336506,355
1685766334.8466575,353
1685766334.858742,349
1685766334.874967,342
1685766334.8867128,336
1685766334.899743,336
1685766334.9157054,333
1685766334.9279737,330
1685766334.9407117,326
1685766334.95665,322
1685766334.9686565,318
1685766334.9817314,316
1685766334.997653,316
1685766335.0102541,316
1685766335.0266714,314
1685766335.03871,309
1685766335.0514004,307
1685766335.0676515,307
1685766335.0800529,307
1685766335.0924394,306
1685766335.108547,303
1685766335.1203134,300
1685766335.1323214,299
1685766335.1493726,300
1685766335.1617587,301
1685766335.1783857,300
1685766335.190905,298
1685766335.2033224,294
1685766335.219322,292
1685766335.2313256,287
1685766335.2433136,277
1685766335.2603836,263
1685766335.2723923,247
1685766335.2845037,233
1685766335.301339,226
1685766335.3133926,221
1685766335.3263197,215
1685766335.3422666,210
1685766335.3543406,205
1685766335.370615,203
1685766335.382577,204
1685766335.3953128,206
1685766335.411618,207
1685766335.4235976,208
1685766335.4365942,211
1685766335.4525335,215
1685766335.4645958,221
1685766335.4770308,227
1685766335.4935477,232
1685766335.5058317,236
1685766335.5215414,240
1685766335.5345967,247
1685766335.5468817,254
1685766335.5628679,260
1685766335.5755365,264
1685766335.5877037,267
1685766335.6035974,271
1685766335.6165304,277
1685766335.628893,283
1685766335.6445289,287
1685766335.657609,290
1685766335.6735349,291
1685766335.6863713,294
1685766335.6986134,298
1685766335.7148936,302
1685766335.7268639,304
1685766335.73955,304
1685766335.7556598,304
1685766335.7675421,307
1685766335.780544,310
1685766335.7965925,312
1685766335.8085296,313
1685766335.8209412,312
1685766335.8375754,312
1685766335.8506258,315
1685766335.8657892,317
1685766335.8789356,319
1685766335.8911717,318
1685766335.9073203,316
1685766335.919688,317
1685766335.9317322,318
1685766335.9481184,320
1685766335.9600017,321
1685766335.9731474,320
1685766335.9887657,318
1685766336.0008326,318
1685766336.0177739,320
1685766336.0302064,321
1685766336.0423787,321
1685766336.059142,319
1685766336.0714734,318
1685766336.0835407,318
1685766336.0998368,320
1685766336.1121297,321
1685766336.124333,320
1685766336.14055,319
1685766336.1525366,318
1685766336.1696222,319
1685766336.1818075,321
1685766336.1939642,322
1685766336.2104876,321
1685766336.2227757,319
1685766336.2352078,319
1685766336.251185,320
1685766336.2639337,322
1685766336.2760267,322
1685766336.2919931,321
1685766336.3039703,319
1685766336.3169584,319
1685766336.3330424,320
1685766336.3455224,321
1685766336.3616376,321
1685766336.3737252,319
1685766336.386364,317
1685766336.402846,317
1685766336.4148464,319
1685766336.4270551,320
1685766336.4442697,319
1685766336.456214,317
1685766336.468464,316
1685766336.4846911,317
1685766336.4966931,318
1685766336.5129037,318
1685766336.5256698,317
1685766336.5374584,315
1685766336.5545535,314
1685766336.5664434,316
1685766336.5785046,318
1685766336.5954454,318
1685766336.607445,316
1685766336.619457,315
1685766336.636502,315
1685766336.648111,317
1685766336.6641665,318
1685766336.6771119,318
1685766336.689167,316
1685766336.7051623,313
1685766336.7181058,312
1685766336.7301428,313
1685766336.7466834,312
1685766336.758816,311
1685766336.7708423,309
1685766336.7878075,309
1685766336.7998064,311
1685766336.8119512,315
1685766336.8285847,317
1685766336.8405797,317
1685766336.8567452,316
1685766336.8696635,315
1685766336.8815951,316
1685766336.8977637,317
1685766336.9107332,315
1685766336.9229646,313
1685766336.9392989,313
1685766336.951415,316
1685766336.9641297,320
1685766336.9799876,323
1685766336.992743,322
1685766337.0091662,319
1685766337.020955,316
1685766337.0330815,313
1685766337.0494876,313
1685766337.0620713,312
1685766337.0745714,310
1685766337.0909226,307
1685766337.102987,306
1685766337.1151686,306
1685766337.1320996,307
1685766337.1443439,307
1685766337.1567123,306
1685766337.1730964,304
1685766337.1851618,304
1685766337.2018034,305
1685766337.2138443,307
1685766337.2257833,308
1685766337.2428584,307
1685766337.2547617,306
1685766337.2667005,307
1685766337.2833083,309
1685766337.2958305,311
1685766337.307983,311
1685766337.3238478,310
1685766337.3368566,309
1685766337.3530028,310
1685766337.3657322,312
1685766337.3779476,313
1685766337.3940568,312
1685766337.405699,311
1685766337.4186792,310
1685766337.4356554,311
1685766337.4469028,313
1685766337.4595978,313
1685766337.4756758,312
1685766337.4876606,310
1685766337.5034742,310
1685766337.5163002,312
1685766337.529409,313
1685766337.5450094,313
1685766337.5581589,312
1685766337.569522,310
1685766337.5868356,310
1685766337.5981183,313
1685766337.6111076,314
1685766337.6278584,313
1685766337.6391451,312
1685766337.651771,310
1685766337.6684432,311
1685766337.6809514,313
1685766337.6969845,314
1685766337.7094471,314
1685766337.7216406,312
1685766337.7383132,311
1685766337.749904,313
1685766337.7625837,314
1685766337.7790663,314
1685766337.7908497,314
1685766337.8039348,312
1685766337.8195088,311
1685766337.833443,313
1685766337.8479044,314
1685766337.8609087,314
1685766337.8732276,313
1685766337.8899493,311
1685766337.902246,311
1685766337.9143057,313
1685766337.929969,314
1685766337.9429622,313
1685766337.9554195,311
1685766337.971905,310
1685766337.9838479,311
1685766337.996889,313
1685766338.0124488,314
1685766338.0245047,313
1685766338.0413408,311
1685766338.053777,310
1685766338.0657816,311
1685766338.0818386,313
1685766338.094705,313
1685766338.1068125,312
1685766338.1228173,310
1685766338.1348078,309
1685766338.1474934,311
1685766338.1641629,312
1685766338.176011,312
1685766338.1923769,310
1685766338.204758,309
1685766338.2170281,308
1685766338.2338793,310
1685766338.246175,311
1685766338.258158,310
1685766338.2750106,308
1685766338.286176,306
1685766338.2986574,307
1685766338.3151689,309
1685766338.3271708,309
1685766338.3437955,308
1685766338.35687,306
1685766338.3690884,305
1685766338.3852277,306
1685766338.3972921,307
1685766338.4091852,307
1685766338.4262235,306
1685766338.4387078,304
1685766338.4501574,303
1685766338.4670491,305
1685766338.4791138,306
1685766338.4909918,305
1685766338.5082319,304
1685766338.520752,302
1685766338.5365684,302
1685766338.5489483,304
1685766338.5620298,304
1685766338.5781693,303
1685766338.5899441,302
1685766338.6018364,300
1685766338.6189454,301
1685766338.6309988,303
1685766338.6430047,304
1685766338.659573,303
1685766338.6715834,301
1685766338.68801,300
1685766338.7008007,302
1685766338.7131073,303
1685766338.729356,304
1685766338.7419348,303
1685766338.7539039,301
1685766338.7698662,301
1685766338.7826576,303
1685766338.7949305,305
1685766338.8113008,305
1685766338.8228176,304
1685766338.8388016,302
1685766338.8520527,303
1685766338.8648214,305
1685766338.8808353,307
1685766338.8931174,307
1685766338.9050298,306
1685766338.9216683,305
1685766338.9340572,307
1685766338.9463706,309
1685766338.9620378,311
1685766338.9749749,311
1685766338.986978,309
1685766339.003998,309
1685766339.0154848,311
1685766339.0320737,313
1685766339.0449963,315
1685766339.0570843,314
1685766339.0735986,312
1685766339.0856462,313
1685766339.0973194,315
1685766339.1143353,317
1685766339.1268778,317
1685766339.1387854,316
1685766339.1553805,315
1685766339.1676936,316
1685766339.1831484,318
1685766339.1961432,320
1685766339.2088492,320
1685766339.2248504,319
1685766339.23676,318
1685766339.2490396,319
1685766339.2660627,322
1685766339.2780178,323
1685766339.2903218,323
1685766339.3061543,321
1685766339.319417,321
1685766339.3315225,322
1685766339.3474548,324
1685766339.3601663,325
1685766339.3766248,324
1685766339.388813,322
1685766339.401079,322
1685766339.4174602,323
1685766339.4297853,325
1685766339.4419842,325
1685766339.4580445,323
1685766339.470421,321
1685766339.4831097,321
1685766339.4993982,323
1685766339.5117533,324
1685766339.5279613,323
1685766339.5403447,321
1685766339.5527914,320
1685766339.5688872,320
1685766339.5812328,322
1685766339.5935323,322
1685766339.609769,321
1685766339.6223342,319
1685766339.6340427,318
1685766339.6504085,319
1685766339.6630354,321
1685766339.6793866,321
1685766339.6922257,319
1685766339.7040586,317
1685766339.7202795,317
1685766339.732941,318
1685766339.7445078,319
1685766339.7617981,319
1685766339.773909,317
1685766339.7855508,315
1685766339.8027716,315
1685766339.8149736,317
1685766339.8271954,318
1685766339.842846,317
1685766339.8558364,315
1685766339.8721824,313
1685766339.8843827,314
1685766339.8964255,316
1685766339.9130554,316
1685766339.9253538,315
1685766339.937111,313
1685766339.9538474,312
1685766339.9662166,314
1685766339.9780676,315
1685766339.9947884,315
1685766340.007069,315
1685766340.0230708,312
1685766340.0361493,312
1685766340.0480025,314
1685766340.06464,315
1685766340.0768604,315
1685766340.0892334,313
1685766340.1050909,311
1685766340.1178844,312
1685766340.130072,314
1685766340.1471071,315
1685766340.1588013,314
1685766340.174868,312
1685766340.1867669,311
1685766340.1993423,312
1685766340.215354,314
1685766340.2283506,315
1685766340.2407143,313
1685766340.2563548,311
1685766340.2693648,310
1685766340.2818475,311
1685766340.2982304,313
1685766340.309798,313
1685766340.3229215,312
1685766340.3391764,310
1685766340.351483,310
1685766340.3672287,312
1685766340.380151,313
1685766340.3923361,313
1685766340.4081845,311
1685766340.4210145,309
1685766340.4331682,309
1685766340.4487922,311
1685766340.4616854,312
1685766340.4736855,311
1685766340.4897394,310
1685766340.502738,308
1685766340.5186985,309
1685766340.5313246,311
1685766340.5436854,312
1685766340.5596802,311
1685766340.5717378,309
1685766340.5846815,308
1685766340.6006737,309
1685766340.612674,311
1685766340.625682,311
1685766340.6416824,310
1685766340.6539812,308
1685766340.6659791,308
1685766340.6829793,310
1685766340.6949828,311
1685766340.711036,311
1685766340.7230237,310
1685766340.7359834,308
1685766340.7520416,308
1685766340.7648432,310
1685766340.7770429,311
1685766340.793243,310
1685766340.805984,309
1685766340.817983,307
1685766340.8340504,308
1685766340.8459885,310
1685766340.8631935,311
1685766340.8752618,310
1685766340.8874583,308
1685766340.9042459,308
1685766340.9162464,309
1685766340.928709,311
1685766340.9452462,311
1685766340.9573252,310
1685766340.969192,309
1685766340.9862366,309
1685766340.9983902,311
1685766341.0137901,312
1685766341.0272233,312
1685766341.039142,310
1685766341.0560186,308
1685766341.068016,309
1685766341.08039,311
1685766341.0962942,312
1685766341.1089685,312
1685766341.1214979,310
1685766341.1374667,308
1685766341.149805,309
1685766341.1622155,312
1685766341.1789422,312
1685766341.1910722,312
1685766341.207066,310
1685766341.2192795,310
1685766341.2319438,311
1685766341.2485025,313
1685766341.260422,314
1685766341.272933,313
1685766341.289331,312
1685766341.301115,312
1685766341.3141346,314
1685766341.330116,316
1685766341.3427362,315
1685766341.3591912,314
1685766341.3707647,312
1685766341.383126,312
1685766341.399492,314
1685766341.4116805,315
1685766341.4246607,314
1685766341.440793,312
1685766341.4539218,310
1685766341.4653895,311
1685766341.4814336,313
1685766341.4941432,314
1685766341.5060084,312
1685766341.5220683,310
1685766341.535051,309
1685766341.551336,311
1685766341.563915,313
1685766341.5752916,313
1685766341.5923488,312
1685766341.604362,311
1685766341.616365,310
1685766341.633227,312
1685766341.6454728,314
1685766341.6578445,313
1685766341.6739895,312
1685766341.6858783,311
1685766341.7020679,311
1685766341.7152917,314
1685766341.7272017,315
1685766341.7441447,316
1685766341.7562268,315
1685766341.7680664,314
1685766341.7850816,315
1685766341.7966092,317
1685766341.8090105,318
1685766341.826007,317
1685766341.838122,315
1685766341.853824,313
1685766341.8666978,315
1685766341.8783028,316
1685766341.8957324,315
1685766341.9076931,314
1685766341.9202037,312
1685766341.9358351,312
1685766341.9487484,314
1685766341.9602916,316
1685766341.977216,316
1685766341.9892805,315
1685766342.00161,314
1685766342.0179152,315
1685766342.0306373,317
1685766342.0466297,319
1685766342.0589957,319
1685766342.0716324,317
1685766342.087949,316
1685766342.0996363,317
1685766342.1126292,319
1685766342.1287868,319
1685766342.1406834,318
1685766342.1531222,316
1685766342.1694906,315
1685766342.1825793,316
1685766342.1981616,317
1685766342.210237,318
1685766342.2231262,316
1685766342.2392514,314
1685766342.251249,313
1685766342.2641172,315
1685766342.28043,316
1685766342.292183,316
1685766342.3050578,314
1685766342.321069,312
1685766342.3331103,312
1685766342.3462298,314
1685766342.3620749,315
1685766342.374106,315
1685766342.391068,313
1685766342.40332,312
1685766342.4151564,312
1685766342.4320571,313
1685766342.4440463,314
1685766342.4568636,312
1685766342.4728525,310
1685766342.4852228,309
1685766342.4968581,310
1685766342.5138502,311
1685766342.5260077,312
1685766342.5421653,310
1685766342.5548482,308
1685766342.5668283,308
1685766342.5831537,309
1685766342.5960438,310
1685766342.6083038,310
1685766342.623796,309
1685766342.6366692,307
1685766342.6484067,307
1685766342.6655674,309
1685766342.6776626,310
1685766342.693331,310
1685766342.7063422,308
1685766342.718645,307
1685766342.734648,308
1685766342.7473295,311
1685766342.759326,312
1685766342.7756598,311
1685766342.7883215,310
1685766342.8003206,309
1685766342.816747,310
1685766342.8292077,312
1685766342.8412516,312
1685766342.8572812,310
1685766342.870286,307
1685766342.8866346,306
1685766342.8985977,307
1685766342.9106152,307
1685766342.9276023,306
1685766342.9396005,303
1685766342.9519305,300
1685766342.9687219,299
1685766342.9806764,300
1685766342.993057,301
1685766343.0092804,300
1685766343.021603,298
1685766343.037295,296
1685766343.0502846,298
1685766343.0633008,302
1685766343.0794287,306
1685766343.0912871,309
1685766343.1033075,311
1685766343.1202998,313
1685766343.1323738,317
1685766343.1443243,320
1685766343.1612847,320
1685766343.173283,318
1685766343.1855068,314
1685766343.2012982,311
1685766343.2139695,310
1685766343.2299628,308
1685766343.2428958,304
1685766343.2552636,301
1685766343.2713714,298
1685766343.2840374,299
1685766343.2961943,302
1685766343.3123817,306
1685766343.3248112,310
1685766343.3369653,314
1685766343.3537176,319
1685766343.3665264,328
1685766343.3818195,338
1685766343.394541,348
1685766343.4065213,355
1685766343.42254,361
1685766343.435532,368
1685766343.4477425,375
1685766343.4639378,382
1685766343.476254,384
1685766343.4885948,386
1685766343.5050614,386
1685766343.517442,388
1685766343.5334454,388
1685766343.5459104,389
1685766343.5582273,387
1685766343.5742254,380
1685766343.586944,375
1685766343.5989673,369
1685766343.6151023,365
1685766343.6279,359
1685766343.6398993,349
1685766343.6568084,338
1685766343.668519,327
1685766343.6813965,316
1685766343.6973958,304
1685766343.7099597,290
1685766343.7263732,273
1685766343.7386808,257
1685766343.7509828,244
1685766343.7669172,237
1685766343.7789261,233
1685766343.79159,229
1685766343.8083048,225
1685766343.8203092,222
1685766343.832631,222
1685766343.8493614,225
1685766343.8616564,229
1685766343.8776302,231
1685766343.8899636,233
1685766343.9024577,235
1685766343.9187098,239
1685766343.9306977,244
1685766343.9427593,249
1685766343.9597042,252
1685766343.971692,254
1685766343.9837701,256
1685766344.0006962,261
1685766344.0122364,267
1685766344.025318,271
1685766344.0419207,273
1685766344.0542219,275
1685766344.0699427,277
1685766344.0819602,282
1685766344.0948987,286
1685766344.1109078,290
1685766344.1232307,292
1685766344.1359828,292
1685766344.152366,295
1685766344.1642084,301
1685766344.176626,308
1685766344.19322,312
1685766344.2055163,314
1685766344.2212121,315
1685766344.234236,315
1685766344.2462099,316
1685766344.2624252,313
1685766344.2752194,310
1685766344.2872088,307
1685766344.3035557,305
1685766344.3162131,309
1685766344.3282266,315
1685766344.3447225,321
1685766344.3569415,329
1685766344.3732038,335
1685766344.3859236,344
1685766344.3980794,354
1685766344.4139125,363
1685766344.426236,368
1685766344.4390388,368
1685766344.4549189,366
1685766344.4674764,362
1685766344.479547,356
1685766344.4959302,347
1685766344.5083973,334
1685766344.5214083,318
1685766344.5374117,303
1685766344.54944,293
1685766344.5664287,288
1685766344.5784192,285
1685766344.590496,284
1685766344.6067238,283
1685766344.6184797,284
1685766344.6313715,287
1685766344.6474535,291
1685766344.66038,293
1685766344.6723857,291
1685766344.6884553,290
1685766344.7012985,288
1685766344.7172918,287
1685766344.7293537,287
1685766344.7415855,284
1685766344.758428,281
1685766344.7707446,278
1685766344.7826314,276
1685766344.799558,277
1685766344.811559,282
1685766344.8235643,284
1685766344.8405592,288
1685766344.8525598,291
1685766344.8686538,298
1685766344.8816216,304
1685766344.8935964,309
1685766344.9099083,309
1685766344.9216049,309
1685766344.9346058,307
1685766344.950594,308
1685766344.9635637,308
1685766344.9755661,307
1685766344.9912865,305
1685766345.004297,302
1685766345.0168118,299
1685766345.0322583,301
1685766345.045196,303
1685766345.061195,305
1685766345.073605,306
1685766345.086195,310
1685766345.102471,315
1685766345.1144729,323
1685766345.1271536,330
1685766345.1437097,335
1685766345.1557682,337
1685766345.16777,338
1685766345.1838324,341
1685766345.1968498,345
1685766345.212773,344
1685766345.2251065,343
1685766345.2377815,340
1685766345.2540672,336
1685766345.2660563,333
1685766345.2788122,331
1685766345.294924,326
1685766345.3067484,321
1685766345.3189123,312
1685766345.3359494,302
1685766345.3477476,293
1685766345.3608115,284
1685766345.3770478,274
1685766345.3893082,265
1685766345.4051044,258
1685766345.4179068,256
1685766345.4297605,257
1685766345.4463153,259
1685766345.4587388,260
1685766345.4707608,259
1685766345.487075,259
1685766345.499739,262
1685766345.5117378,267
1685766345.5278008,271
1685766345.5407424,273
1685766345.556738,274
1685766345.569412,275
1685766345.5816233,278
1685766345.598312,283
1685766345.6103199,286
1685766345.622318,288
1685766345.638672,289
1685766345.6507878,290
1685766345.6638074,294
1685766345.6793237,300
1685766345.6922786,303
1685766345.7042449,307
1685766345.7211857,308
1685766345.7332125,312
1685766345.7495158,318
1685766345.762105,323
1685766345.7749355,325
1685766345.7913196,326
1685766345.802977,327
1685766345.814912,328
1685766345.8315172,332
1685766345.8439708,334
1685766345.8561811,334
1685766345.872405,333
1685766345.8854563,332
1685766345.90156,334
1685766345.9134521,337
1685766345.9252183,338
1685766345.9420538,337
1685766345.9539042,336
1685766345.9662561,336
1685766345.9829273,337
1685766345.994997,340
1685766346.0071936,342
1685766346.02387,341
1685766346.035956,340
1685766346.0519493,339
1685766346.065347,341
1685766346.0773454,342
1685766346.0939155,341
1685766346.105852,339
1685766346.1178577,336
1685766346.1341875,336
1685766346.1468523,337
1685766346.1588557,337
1685766346.1751766,336
1685766346.187865,334
1685766346.1998515,332
1685766346.2167988,332
1685766346.228995,333
1685766346.2448182,334
1685766346.257115,332
1685766346.2692642,329
1685766346.2862728,327
1685766346.2983751,329
1685766346.3103397,330
1685766346.3272803,329
1685766346.3393407,327
1685766346.3513377,324
1685766346.367599,323
1685766346.381029,324
1685766346.3965154,324
1685766346.4090664,322
1685766346.4213226,318
1685766346.4373431,316
1685766346.4500136,315
1685766346.4620135,317
1685766346.4789062,317
1685766346.490931,315
1685766346.5029528,313
1685766346.5189002,311
1685766346.5319092,312
1685766346.5449364,314
1685766346.5609086,314
1685766346.5725825,313
1685766346.5889566,311
1685766346.6015851,310
1685766346.6135828,311
1685766346.629657,313
1685766346.642648,313
1685766346.6545815,312
1685766346.6711621,310
1685766346.6835845,309
1685766346.6950705,311
1685766346.7124276,313
1685766346.7244697,312
1685766346.7404237,311
1685766346.7527575,310
1685766346.7655697,310
1685766346.781621,312
1685766346.7943065,313
1685766346.8062873,312
1685766346.8222957,311
1685766346.8342865,309
1685766346.847301,310
1685766346.863295,312
1685766346.875858,312
1685766346.892459,311
1685766346.904534,309
1685766346.916455,307
1685766346.933502,307
1685766346.9454308,308
1685766346.9574986,307
1685766346.9742396,306
1685766346.9863772,303
1685766346.9983819,302
1685766347.0150743,304
1685766347.0270605,305
1685766347.039117,305
1685766347.0560563,303
1685766347.0679958,301
1685766347.0840497,301
1685766347.0970032,303
1685766347.1090047,304
1685766347.1259983,303
1685766347.1379948,302
1685766347.1500044,300
1685766347.167057,301
1685766347.178994,303
1685766347.1909966,304
1685766347.2070973,303
1685766347.2199943,302
1685766347.2360623,301
1685766347.24869,302
1685766347.2609942,304
1685766347.277332,304
1685766347.2890613,303
1685766347.30201,301
1685766347.3182907,301
1685766347.3300486,303
1685766347.3429952,304
1685766347.3589928,304
1685766347.370895,302
1685766347.3875084,301
1685766347.4002185,302
1685766347.412365,303
1685766347.4286342,304
1685766347.4410965,304
1685766347.4531538,302
1685766347.4700994,300
1685766347.4820492,301
1685766347.49443,303
1685766347.5107424,303
1685766347.522811,302
1685766347.5348296,300
1685766347.5511537,299
1685766347.564103,300
1685766347.5805974,301
1685766347.5920873,301
1685766347.6051354,300
1685766347.621502,298
1685766347.6336508,297
1685766347.6456742,299
1685766347.6620002,300
1685766347.674441,300
1685766347.6872065,299
1685766347.702601,297
1685766347.715873,297
1685766347.731489,299
1685766347.743797,300
1685766347.756855,300
1685766347.772845,298
1685766347.7851608,297
1685766347.797494,298
1685766347.813682,300
1685766347.8262467,301
1685766347.8388264,301
1685766347.854896,299
1685766347.8673723,299
1685766347.8794088,301
1685766347.89542,302
1685766347.9074028,303
1685766347.9244015,302
1685766347.9364057,301
1685766347.9484053,301
1685766347.9654777,303
1685766347.9774127,304
1685766347.9894753,304
1685766348.0064087,303
1685766348.0184028,301
1685766348.0304012,301
1685766348.0474098,304
1685766348.059461,305
1685766348.075462,305
1685766348.088427,304
1685766348.100574,302
1685766348.1164963,303
1685766348.1294034,305
1685766348.141481,306
1685766348.1580055,305
1685766348.1694212,303
1685766348.1823254,303
1685766348.1988492,304
1685766348.2113988,306
1685766348.2237694,306
1685766348.240086,306
1685766348.2522292,304
1685766348.2679322,304
1685766348.2810504,306
1685766348.2932045,307
1685766348.309823,307
1685766348.3214684,306
1685766348.3334687,305
1685766348.350794,306
1685766348.3621292,309
1685766348.37507,310
1685766348.3911142,310
1685766348.4037406,308
1685766348.4201322,307
1685766348.4327145,309
1685766348.4448502,311
1685766348.4604287,312
1685766348.4726286,311
1685766348.4853327,308
1685766348.5013697,307
1685766348.5144742,309
1685766348.527116,310
1685766348.5431237,310
1685766348.5552545,308
1685766348.5714278,306
1685766348.5839367,306
1685766348.5961783,307
1685766348.6125722,308
1685766348.624821,308
1685766348.636827,305
1685766348.653783,304
1685766348.6651855,304
1685766348.678179,305
1685766348.6942053,307
1685766348.70691,306
1685766348.7191381,305
1685766348.7361808,303
1685766348.748011,305
1685766348.764165,307
1685766348.7765925,308
1685766348.7881327,307
1685766348.804687,306
1685766348.8174694,305
1685766348.829664,306
1685766348.8463504,309
1685766348.858404,310
1685766348.8702593,310
1685766348.887363,309
1685766348.899364,309
1685766348.9159963,311
1685766348.9280393,313
1685766348.939759,314
1685766348.9567728,312
1685766348.9691067,311
1685766348.98111,311
1685766348.997788,314
1685766349.0099573,315
1685766349.0223272,315
1685766349.0386896,313
1685766349.050982,312
1685766349.0667868,312
1685766349.0797322,314
1685766349.0921214,315
1685766349.1082716,314
1685766349.120459,312
1685766349.1328325,312
1685766349.1491363,313
1685766349.161841,315
1685766349.173541,316
1685766349.189645,316
1685766349.2026286,314
1685766349.2150304,315
1685766349.231091,317
1685766349.2434537,319
1685766349.2597635,319
1685766349.2719595,318
1685766349.2841036,317
1685766349.3009183,317
1685766349.3123777,319
1685766349.325331,320
1685766349.3411381,320
1685766349.3538241,318
1685766349.3658814,317
1685766349.3828008,318
1685766349.394206,321
1685766349.411183,322
1685766349.4242268,321
1685766349.4361134,320
1685766349.4516044,319
1685766349.4646456,321
1685766349.4763038,323
1685766349.4925034,324
1685766349.5055418,324
1685766349.5179915,322
1685766349.5339112,322
1685766349.5466177,323
1685766349.5587573,323
1685766349.5752368,321
1685766349.5870807,318
1685766349.6036828,314
1685766349.615999,311
1685766349.6278446,310
1685766349.6447344,308
1685766349.6571796,305
1685766349.669444,301
1685766349.6860266,298
1685766349.6978166,298
1685766349.7098708,299
1685766349.726719,299
1685766349.7396677,299
1685766349.7544603,297
1685766349.7679455,297
1685766349.7797072,298
1685766349.7959847,301
1685766349.807974,302
1685766349.8201947,302
1685766349.8373148,301
1685766349.8489492,301
1685766349.8618088,304
1685766349.8778656,306
1685766349.8908155,307
1685766349.9059105,305
1685766349.91912,304
1685766349.9317858,305
1685766349.9479027,307
1685766349.9599476,308
1685766349.971809,308
1685766349.9891145,307
1685766350.001151,306
1685766350.0127435,307
1685766350.0299351,309
1685766350.0418696,310
1685766350.0544417,309
1685766350.0710497,307
1685766350.0831208,307
1685766350.0993798,308
1685766350.1114235,311
1685766350.123491,312
1685766350.1403465,311
1685766350.152761,309
1685766350.1651125,308
1685766350.1814382,310
1685766350.1935773,312
1685766350.20608,312
1685766350.2220147,311
1685766350.2347274,309
1685766350.2498176,310
1685766350.2632394,313
1685766350.275285,314
1685766350.2919204,314
1685766350.3042984,313
1685766350.3163958,312
1685766350.332444,314
1685766350.3448687,316
1685766350.3582833,318
1685766350.3739297,317
1685766350.3858223,315
1685766350.3984191,315
1685766350.4149666,317
1685766350.4270086,318
1685766350.4433656,318
1685766350.4556851,317
1685766350.4681034,314
1685766350.484666,313
1685766350.4965818,314
1685766350.5091188,314
1685766350.525104,314
1685766350.5378716,312
1685766350.5496116,309
1685766350.565742,309
1685766350.5785093,310
1685766350.5950027,310
1685766350.607044,309
1685766350.6191144,307
1685766350.6360824,304
1685766350.6482546,305
1685766350.6604679,306
1685766350.6768022,306
1685766350.6889293,305
1685766350.7008562,304
1685766350.717224,303
1685766350.7302864,304
1685766350.7459726,305
1685766350.7589588,305
1685766350.770476,303
1685766350.7872925,300
1685766350.7998602,298
1685766350.8116,299
1685766350.8287954,300
1685766350.8410707,300
1685766350.853126,298
1685766350.8688686,296
1685766350.8817575,296
1685766350.8937495,298
1685766350.9097185,298
1685766350.9236982,298
1685766350.9387956,296
1685766350.9515576,295
1685766350.9635985,296
1685766350.9802558,298
1685766350.9917142,299
1685766351.0047185,299
1685766351.0208611,297
1685766351.0325232,297
1685766351.0454383,298
1685766351.0623114,300
1685766351.0742407,302
1685766351.0908828,301
1685766351.1030772,300
1685766351.1154757,300
1685766351.1317942,302
1685766351.1432085,305
1685766351.1561396,305
1685766351.1721418,304
1685766351.1840966,304
1685766351.1971657,304
1685766351.2134502,307
1685766351.2253568,310
1685766351.2380302,310
1685766351.2547562,310
1685766351.266981,310
1685766351.2828698,311
1685766351.2956924,315
1685766351.3075824,316
1685766351.3240755,316
1685766351.3357966,315
1685766351.348868,315
1685766351.364981,317
1685766351.3773277,319
1685766351.3897045,320
1685766351.4058878,319
1685766351.4179173,317
1685766351.4349363,316
1685766351.4466815,318
1685766351.4585514,319
1685766351.4751077,318
1685766351.487221,317
1685766351.5001543,315
1685766351.51613,315
1685766351.5290153,317
1685766351.5411174,318
1685766351.5572891,318
1685766351.5691419,316
1685766351.586036,314
1685766351.598545,315
1685766351.6109867,317
1685766351.6271656,318
1685766351.6390548,316
1685766351.652055,315
1685766351.6677444,313
1685766351.6804743,314
1685766351.6928484,316
1685766351.7092085,317
1685766351.7213778,315
1685766351.7334564,313
1685766351.7500427,312
1685766351.7620113,314
1685766351.778768,315
1685766351.7908041,315
1685766351.8032904,313
1685766351.8197165,310
1685766351.8313532,310
1685766351.8443027,312
1685766351.8608792,313
1685766351.872187,313
1685766351.8852499,311
1685766351.9010751,310
1685766351.9133518,311
1685766351.9301279,313
1685766351.942387,313
1685766351.955072,312
1685766351.9707875,310
1685766351.9831326,309
1685766351.995193,310
1685766352.0119038,311
1685766352.02454,312
1685766352.0369437,310
1685766352.0532131,308
1685766352.065525,307
1685766352.0816035,308
1685766352.094028,309
1685766352.106716,309
1685766352.1237729,307
1685766352.1349406,305
1685766352.147433,305
1685766352.163161,307
1685766352.1758213,309
1685766352.1883001,308
1685766352.2042987,307
1685766352.2170012,306
1685766352.229255,306
1685766352.2456584,309
1685766352.2577062,310
1685766352.2744067,310
1685766352.2866435,309
1685766352.299024,308
1685766352.315129,309
1685766352.3275685,312
1685766352.3401093,312
1685766352.3558908,312
1685766352.367899,310
1685766352.3807669,310
1685766352.3973083,312
1685766352.4092143,314
1685766352.4254856,315
1685766352.4375622,313
1685766352.450254,312
1685766352.4666,312
1685766352.479129,315
1685766352.4914167,317
1685766352.507993,318
1685766352.5200732,317
1685766352.5322688,317
1685766352.5489326,318
1685766352.561191,321
1685766352.5732493,323
1685766352.5905128,323
1685766352.6021776,322
1685766352.6184335,321
1685766352.6307535,322
1685766352.6427367,324
1685766352.659163,324
1685766352.6714933,323
1685766352.6837566,321
1685766352.7001097,320
1685766352.7127967,322
1685766352.7245476,323
1685766352.7410822,324
1685766352.7537754,322
1685766352.769968,320
1685766352.7821026,320
1685766352.7937925,322
1685766352.8109632,323
1685766352.8231442,323
1685766352.8353717,321
1685766352.8511074,319
1685766352.8637903,319
1685766352.8759108,320
1685766352.8921223,320
1685766352.9051242,319
1685766352.9211051,318
1685766352.9340875,316
1685766352.9454663,317
1685766352.962452,318
1685766352.9744005,319
1685766352.9870546,318
1685766353.0036833,316
1685766353.0154734,315
1685766353.0275474,317
1685766353.0435386,318
1685766353.0567503,318
1685766353.0687294,317
1685766353.0855734,315
1685766353.0973997,315
1685766353.1133285,317
1685766353.1263258,318
1685766353.1383243,318
1685766353.1544232,316
1685766353.1673257,314
1685766353.179458,314
1685766353.195332,316
1685766353.2081072,317
1685766353.2207477,316
1685766353.2363389,314
1685766353.2487059,311
1685766353.2657757,311
1685766353.2778175,313
1685766353.2898185,312
1685766353.30673,310
1685766353.3187816,308
1685766353.3312163,307
1685766353.347463,308
1685766353.359496,309
1685766353.3721948,308
1685766353.3885536,305
1685766353.4005718,303
1685766353.4129949,302
1685766353.4290376,303
1685766353.4416916,304
1685766353.4572575,303
1685766353.4703093,301
1685766353.4827943,299
1685766353.49904,298
1685766353.5114126,300
1685766353.5234714,300
1685766353.5393808,299
1685766353.552322,296
1685766353.5644934,294
1685766353.5813274,295
1685766353.593304,296
1685766353.6096547,295
1685766353.6213167,294
1685766353.6343043,291
1685766353.6506398,289
1685766353.6623657,290
1685766353.6753044,290
1685766353.6912658,290
1685766353.7032669,288
1685766353.7165048,285
1685766353.7322683,285
1685766353.7448225,286
1685766353.760746,287
1685766353.77276,287
1685766353.7859726,285
1685766353.801808,283
1685766353.8142824,284
1685766353.8268192,286
1685766353.8428257,287
1685766353.8551035,286
1685766353.8669217,285
1685766353.883633,284
1685766353.8958774,285
1685766353.9080355,287
1685766353.924803,288
1685766353.9368646,288
1685766353.9528077,287
1685766353.9662435,287
1685766353.978128,288
1685766353.9948032,290
1685766354.0068917,291
1685766354.018817,291
1685766354.0348647,290
1685766354.0478787,291
1685766354.059873,294
1685766354.076822,297
1685766354.088915,298
1685766354.1050646,298
1685766354.117238,298
1685766354.1289792,300
1685766354.1459427,304
1685766354.1579869,307
1685766354.1699808,308
1685766354.1869352,308
1685766354.1992118,309
1685766354.211941,311
1685766354.2280025,315
1685766354.24026,317
1685766354.2519577,317
1685766354.2690198,316
1685766354.2812777,317
1685766354.296943,319
1685766354.3099382,321
1685766354.3219361,322
1685766354.3382678,322
1685766354.3509417,321
1685766354.3636112,321
1685766354.3792593,323
1685766354.3916948,324
1685766354.4040797,324
1685766354.4197748,323
1685766354.432839,322
1685766354.449093,321
1685766354.46176,323
1685766354.4739192,324
1685766354.4907658,324
1685766354.5022466,322
1685766354.5147598,320
1685766354.5307622,320
1685766354.5430684,322
1685766354.555826,323
1685766354.5720143,323
1685766354.5840793,322
1685766354.6002758,322
1685766354.613018,324
1685766354.6251528,327
1685766354.640942,329
1685766354.6539423,329
1685766354.6662166,328
1685766354.6829486,329
1685766354.6949666,332
1685766354.7070029,335
1685766354.7232845,336
1685766354.7362642,337
1685766354.7481306,336
1685766354.764273,337
1685766354.7769485,339
1685766354.7931519,340
1685766354.805274,338
1685766354.8179471,333
1685766354.83402,328
1685766354.8469493,326
1685766354.8589487,324
1685766354.8749533,322
1685766354.8872707,320
1685766354.8999484,317
1685766354.9159498,316
1685766354.9280355,319
1685766354.9442644,322
1685766354.9569502,325
1685766354.9699419,325
1685766354.9859478,325
1685766354.9973185,326
1685766355.0103478,328
1685766355.0262623,327
1685766355.0382624,325
1685766355.051261,319
1685766355.0672622,314
1685766355.0795758,312
1685766355.0960188,310
1685766355.1086051,310
1685766355.1203709,310
1685766355.1371756,313
1685766355.14985,319
1685766355.1619277,330
1685766355.1778586,342
1685766355.1908517,354
1685766355.2029202,362
1685766355.21899,369
1685766355.2318137,374
1685766355.2438962,378
1685766355.2601357,381
1685766355.2718155,381
1685766355.2888894,378
1685766355.3011065,371
1685766355.3128138,366
1685766355.3298347,361
1685766355.3420503,357
1685766355.3538146,350
1685766355.3708155,342
1685766355.3828876,334
1685766355.3952801,328
1685766355.411935,322
1685766355.4239342,317
1685766355.4399383,309
1685766355.4519305,298
1685766355.4650097,287
1685766355.4815965,277
1685766355.493245,269
1685766355.5052366,261
1685766355.522182,255
1685766355.534495,249
1685766355.5472312,246
1685766355.5631924,246
1685766355.5754476,248
1685766355.5874503,249
1685766355.6043506,250
1685766355.616705,251
1685766355.632632,254
1685766355.6453516,258
1685766355.6573167,262
1685766355.673747,265
1685766355.6862469,267
1685766355.6983259,268
1685766355.7146332,271
1685766355.7273679,275
1685766355.7396376,280
1685766355.7557127,282
1685766355.7687047,284
1685766355.7844493,286
1685766355.7967222,290
1685766355.808954,295
1685766355.825639,299
1685766355.8377123,301
1685766355.8496373,302
1685766355.8666515,304
1685766355.8787048,308
1685766355.891643,313
1685766355.9076464,317
1685766355.9196403,320
1685766355.9357119,321
1685766355.9479601,322
1685766355.9606364,325
1685766355.9768436,327
1685766355.989635,327
1685766356.0016353,325
1685766356.017666,323
1685766356.0296352,323
1685766356.0426369,324
1685766356.0586555,324
1685766356.070684,321
1685766356.0837092,319
1685766356.0996342,316
1685766356.1119528,316
1685766356.128019,320
1685766356.140675,322
1685766356.152733,325
1685766356.169676,328
1685766356.1816928,333
1685766356.1940074,339
1685766356.2103114,346
1685766356.2226398,351
1685766356.234906,353
1685766356.250697,353
1685766356.2637277,352
1685766356.279606,351
1685766356.2922683,349
1685766356.3043754,343
1685766356.3209865,335
1685766356.3330302,326
1685766356.344979,318
1685766356.362002,311
1685766356.3740408,305
1685766356.3866901,300
1685766356.4024348,296
1685766356.4154494,294
1685766356.4273446,294
1685766356.4440084,297
1685766356.4560475,298
1685766356.4720201,297
1685766356.4845078,296
1685766356.4964738,294
1685766356.5137668,296
1685766356.5260115,297
1685766356.5380812,298
1685766356.5550103,298
1685766356.5665443,296
1685766356.5789986,295
1685766356.595302,297
1685766356.608005,298
1685766356.624003,298
1685766356.6359267,298
1685766356.6491187,297
1685766356.6646461,299
1685766356.677584,304
1685766356.6896322,309
1685766356.7056468,311
1685766356.718589,311
1685766356.7305863,312
1685766356.747229,314
1685766356.7593026,317
1685766356.7758305,319
1685766356.7876613,319
1685766356.800182,318
1685766356.8160741,318
1685766356.8290784,320
1685766356.8411558,323
1685766356.8575718,326
1685766356.870023,327
1685766356.8828492,326
1685766356.8982277,327
1685766356.9110286,331
1685766356.9230225,335
1685766356.9390845,336
1685766356.9520285,337
1685766356.9680862,336
1685766356.9800932,336
1685766356.9920166,337
1685766357.0095143,337
1685766357.0215113,335
1685766357.0340142,331
1685766357.049853,328
1685766357.0623906,326
1685766357.0743942,324
1685766357.0903878,322
1685766357.1033857,318
1685766357.1197512,314
1685766357.1317084,309
1685766357.1443932,308
1685766357.1607475,306
1685766357.1724515,303
1685766357.1844475,298
1685766357.2009034,294
1685766357.2137494,290
1685766357.2266958,290
1685766357.2424488,290
1685766357.2553794,290
1685766357.2664618,289
1685766357.2834568,287
1685766357.2957115,288
1685766357.3123794,291
1685766357.3243775,293
1685766357.336736,294
1685766357.3530772,293
1685766357.3651583,293
1685766357.3780816,295
1685766357.3941934,299
1685766357.4065785,300
1685766357.4190848,300
1685766357.4352055,298
1685766357.4471989,297
1685766357.46356,299
1685766357.4762647,303
1685766357.488203,305
1685766357.5048988,304
1685766357.5169163,303
1685766357.5289636,302
1685766357.5458992,304
1685766357.5579581,306
1685766357.5698938,306
1685766357.5863073,304
1685766357.5989752,303
1685766357.6148932,301
1685766357.6269581,302
1685766357.6398973,305
1685766357.655901,306
1685766357.6679616,305
1685766357.6809957,303
1685766357.696894,303
1685766357.7094288,304
1685766357.7218597,305
1685766357.7379248,305
1685766357.750152,304
1685766357.7628644,302
1685766357.7790554,303
1685766357.790854,306
1685766357.8072605,307
1685766357.819322,308
1685766357.831799,307
1685766357.848878,307
1685766357.8610055,309
1685766357.8728323,310
1685766357.8897815,311
1685766357.9012296,310
1685766357.9142153,309
1685766357.930565,309
1685766357.942786,311
1685766357.9590652,312
1685766357.971523,312
1685766357.9841745,311
1685766358.0001743,310
1685766358.012557,311
1685766358.0242395,313
1685766358.0413198,315
1685766358.0532353,315
1685766358.0661714,314
1685766358.082168,312
1685766358.0941672,313
1685766358.1061666,315
1685766358.1231673,315
1685766358.1351662,314
1685766358.1511674,312
1685766358.1641896,311
1685766358.176174,311
1685766358.1921718,312
1685766358.20518,313
1685766358.217264,311
1685766358.2331762,309
1685766358.2461789,309
1685766358.258269,310
1685766358.2747877,313
1685766358.2868881,314
1685766358.3027627,314
1685766358.3159065,314
1685766358.3278782,316
1685766358.3445346,319
1685766358.35653,322
1685766358.368599,322
1685766358.3855324,322
1685766358.3976908,321
1685766358.4101624,321
1685766358.426195,323
1685766358.4381151,323
1685766358.4544322,322
1685766358.4672348,320
1685766358.479453,318
1685766358.4951696,318
1685766358.5087218,318
1685766358.5207121,318
1685766358.536789,316
1685766358.549039,315
1685766358.5608275,313
1685766358.5780551,314
1685766358.5897717,314
1685766358.6017678,314
1685766358.6187084,311
1685766358.6307032,309
1685766358.646706,308
1685766358.6597066,309
1685766358.6717675,309
1685766358.6877108,308
1685766358.7003534,306
1685766358.713085,305
1685766358.7289963,305
1685766358.7416716,307
1685766358.7540152,308
1685766358.7710037,307
1685766358.782064,306
1685766358.7990773,305
1685766358.8112462,306
1685766358.823766,308
1685766358.8400023,308
1685766358.8520043,308
1685766358.864071,307
1685766358.8809147,307
1685766358.893012,308
1685766358.9051626,310
1685766358.921159,310
1685766358.9342186,309
1685766358.9463727,308
1685766358.9629753,308
1685766358.9750092,309
1685766358.9917305,310
1685766359.003781,309
1685766359.015771,307
1685766359.032673,306
1685766359.0449896,306
1685766359.0566642,307
1685766359.0728538,308
1685766359.0860171,308
1685766359.0980225,307
1685766359.1145475,306
1685766359.1265407,307
1685766359.1426005,309
1685766359.1545472,309
1685766359.1678393,308
1685766359.1840246,306
1685766359.1955516,306
1685766359.2085602,307
1685766359.2248645,308
1685766359.2374122,308
1685766359.2498105,307
1685766359.265878,306
1685766359.2781713,306
1685766359.2944403,307
1685766359.3068388,309
1685766359.3184955,309
1685766359.3354363,307
1685766359.3478396,306
1685766359.3602474,306
1685766359.3767438,307
1685766359.3882525,308
1685766359.401891,307
1685766359.417511,305
1685766359.4290113,303
1685766359.4419858,304
1685766359.457986,305
1685766359.4699821,306
1685766359.4869742,305
1685766359.4989748,304
1685766359.510985,303
1685766359.5279732,304
1685766359.539974,306
1685766359.5520368,306
1685766359.5689738,305
1685766359.581033,303
1685766359.5929656,303
1685766359.6100035,304
1685766359.6220002,305
1685766359.638076,304
1685766359.651001,303
1685766359.6633992,301
1685766359.6795468,301
1685766359.691682,302
1685766359.7043881,303
1685766359.7203884,303
1685766359.7327821,301
1685766359.744737,301
1685766359.7619028,302
1685766359.7739131,304
1685766359.7860513,304
1685766359.8026335,304
1685766359.8148227,302
1685766359.8312855,302
1685766359.8432832,304
1685766359.8550992,305
1685766359.8721204,306
1685766359.8840384,305
1685766359.8960679,303
1685766359.9130962,303
1685766359.9253092,304
1685766359.9371035,305
1685766359.9539936,305
1685766359.9660516,304
1685766359.982657,302
1685766359.9949145,302
1685766360.007153,303
1685766360.0236459,304
1685766360.0356364,304
1685766360.0476384,302
1685766360.06464,301
1685766360.076981,301
1685766360.0889974,303
1685766360.1049373,304
1685766360.117718,305
1685766360.1341891,305
1685766360.1466203,305
1685766360.1589515,307
1685766360.174944,308
1685766360.1871407,309
1685766360.2000434,306
1685766360.2161083,304
1685766360.2279692,303
1685766360.2409542,304
1685766360.256819,304
1685766360.2696395,304
1685766360.2816982,304
1685766360.2985857,302
1685766360.3114047,303
1685766360.3264213,305
1685766360.3388724,307
1685766360.3513927,307
1685766360.367072,305
1685766360.3801959,304
1685766360.3921325,305
1685766360.4078395,306
1685766360.4203196,307
1685766360.43328,307
1685766360.4495137,305
1685766360.461594,305
1685766360.4775958,306
1685766360.4908242,307
1685766360.5030246,307
1685766360.5189786,306
1685766360.531046,305
1685766360.54398,305
1685766360.5598903,306
1685766360.5719469,307
1685766360.5850813,306
1685766360.6010513,305
1685766360.6127825,304
1685766360.6295524,304
1685766360.642175,305
1685766360.6536667,306
1685766360.670469,305
1685766360.6830795,303
1685766360.6950755,301
1685766360.7117472,302
1685766360.7238762,303
1685766360.7366555,304
1685766360.7526565,303
1685766360.7650845,301
1685766360.7769542,301
1685766360.7936995,302
1685766360.805956,304
1685766360.8223274,304
1685766360.8339577,303
1685766360.846681,302
1685766360.8630748,302
1685766360.87619,304
1685766360.8880467,305
1685766360.904683,305
1685766360.91672,304
1685766360.9289997,302
1685766360.9451847,303
1685766360.957739,304
1685766360.9729257,305
1685766360.9859066,305
1685766360.9987826,304
1685766361.0147579,302
1685766361.0267859,303
1685766361.039516,305
1685766361.0559053,306
1685766361.068028,306
1685766361.081078,304
1685766361.0961452,304
1685766361.109077,305
1685766361.121528,306
1685766361.1379507,306
1685766361.1500852,305
1685766361.1660607,304
1685766361.1784122,303
1685766361.1910398,305
1685766361.2072284,306
1685766361.2192035,305
1685766361.2320561,303
1685766361.248156,301
1685766361.2606246,301
1685766361.2729886,303
1685766361.2890363,304
1685766361.3017764,304
1685766361.3170302,303
1685766361.330325,302
1685766361.3427546,302
1685766361.3590927,304
1685766361.3710914,305
1685766361.3837795,304
1685766361.3991046,303
1685766361.4119244,302
1685766361.4239502,303
1685766361.4407184,305
1685766361.4530032,305
1685766361.4691076,304
1685766361.4810903,303
1685766361.4940403,303
1685766361.5097425,304
1685766361.5225468,305
1685766361.534959,306
1685766361.5510483,304
1685766361.5635028,304
1685766361.5760498,304
1685766361.5920923,306
1685766361.6041436,307
1685766361.6170373,306
1685766361.632898,305
1685766361.6457438,304
1685766361.6614006,305
1685766361.6742823,307
1685766361.6860917,308
1685766361.702412,307
1685766361.715271,306
1685766361.7274206,305
1685766361.7439146,306
1685766361.7557724,308
1685766361.767826,309
1685766361.7849355,307
1685766361.7964656,306
1685766361.813604,306
1685766361.825931,307
1685766361.8374398,308
1685766361.8540642,308
1685766361.8669198,307
1685766361.878652,306
1685766361.8953817,306
1685766361.9079282,308
1685766361.9195786,309
1685766361.9361076,309
1685766361.94901,308
1685766361.9650512,307
1685766361.97675,307
1685766361.989747,309
1685766362.005807,310
1685766362.0178378,310
1685766362.0306501,308
1685766362.046779,307
1685766362.0589643,309
1685766362.071276,311
1685766362.0879395,311
1685766362.1002622,310
1685766362.1127641,308
1685766362.1290195,308
1685766362.1413133,310
1685766362.1571183,311
1685766362.16912,311
1685766362.1822586,310
1685766362.1981843,308
1685766362.2108352,308
1685766362.2228293,309
1685766362.2397375,310
1685766362.252005,310
1685766362.2640882,308
1685766362.2801292,307
1685766362.2929757,308
1685766362.3092263,309
1685766362.3212447,310
1685766362.3329756,309
1685766362.349624,307
1685766362.3626156,306
1685766362.3749382,308
1685766362.3911965,310
1685766362.4026144,311
1685766362.415929,310
1685766362.4313998,308
1685766362.444399,308
1685766362.4564424,309
1685766362.4729843,310
1685766362.4853811,310
1685766362.5011075,309
1685766362.5140786,308
1685766362.5263407,308
1685766362.5428214,310
1685766362.5544145,310
1685766362.5674725,310
1685766362.5834935,308
1685766362.5960417,307
1685766362.6081812,308
1685766362.6242275,309
1685766362.6370025,310
1685766362.6525605,310
1685766362.6648626,308
1685766362.6774068,307
1685766362.6937664,308
1685766362.7061133,310
1685766362.718142,310
1685766362.7351005,309
1685766362.7476172,308
1685766362.7599075,307
1685766362.7759018,309
1685766362.7880063,311
1685766362.8045795,311
1685766362.8168516,310
1685766362.8294377,309
1685766362.8450792,309
1685766362.857869,310
1685766362.8698635,311
1685766362.886773,311
1685766362.8988874,310
1685766362.9109015,308
1685766362.9277039,308
1685766362.939931,310
1685766362.9522042,310
1685766362.9682338,309
1685766362.9810758,308
1685766362.9971926,306
1685766363.0093,307
1685766363.0211256,309
1685766363.0381024,309
1685766363.0504441,309
1685766363.0624082,307
1685766363.0793774,306
1685766363.0917423,308
1685766363.1033988,309
1685766363.120106,309
1685766363.1323245,308
1685766363.1489823,307
1685766363.1610081,308
1685766363.1745117,310
1685766363.1891327,311
1685766363.202071,311
1685766363.2143195,309
1685766363.2299583,308
1685766363.242367,308
1685766363.2553172,310
1685766363.2709603,311
1685766363.2835023,310
1685766363.296088,308
1685766363.3127391,307
1685766363.3247335,308
1685766363.3407128,310
1685766363.3531208,310
1685766363.365297,309
1685766363.3822768,307
1685766363.3945177,307
1685766363.4065566,309
1685766363.423247,310
1685766363.4360085,311
1685766363.4479527,310
1685766363.4639256,308
1685766363.4766428,307
1685766363.4920282,309
1685766363.5049846,310
1685766363.5166628,309
1685766363.5336108,308
1685766363.5452662,307
1685766363.5580285,308
1685766363.5749462,309
1685766363.586405,310
1685766363.5994763,309
1685766363.6157243,308
1685766363.627659,307
1685766363.644005,308
1685766363.6574194,310
1685766363.6684723,311
1685766363.6851563,309
1685766363.6979322,308
1685766363.710059,308
1685766363.7263129,309
1685766363.7384171,311
1685766363.7510633,311
1685766363.7672808,310
1685766363.779846,309
1685766363.7918935,309
1685766363.8082166,311
1685766363.8203547,312
1685766363.8360605,312
1685766363.8490615,311
1685766363.8611026,310
1685766363.8781466,310
1685766363.8902543,311
1685766363.902084,312
1685766363.9186187,311
1685766363.9306903,310
1685766363.94268,309
1685766363.959445,310
1685766363.9723332,311
1685766363.9883327,312
1685766364.0006595,311
1685766364.0129797,309
1685766364.0292752,308
1685766364.0410264,310
1685766364.0538652,311
1685766364.0695994,311
1685766364.0819101,310
1685766364.0945823,308
1685766364.1122427,308
1685766364.1238325,310
1685766364.1395552,311
1685766364.152173,311
1685766364.1641297,310
1685766364.1805794,308
1685766364.1927333,309
1685766364.2058861,311
1685766364.2215626,311
1685766364.2342632,310
1685766364.2460682,309
1685766364.262614,308
1685766364.2753766,309
1685766364.2872746,310
1685766364.3038034,310
1685766364.316022,309
1685766364.3320189,308
1685766364.3450181,307
1685766364.3566048,309
1685766364.3734994,310
1685766364.3855488,310
1685766364.3981926,310
1685766364.4143434,308
1685766364.4269385,308
1685766364.4388776,310
1685766364.4547668,311
1685766364.4677722,311
1685766364.4840634,310
1685766364.495838,308
1685766364.5081725,309
1685766364.52498,311
1685766364.5370264,311
1685766364.5489955,311
1685766364.5660467,309
1685766364.5781102,308
1685766364.590481,309
1685766364.606944,310
1685766364.6189768,311
1685766364.6317878,310
1685766364.6480606,308
1685766364.6601079,308
1685766364.676172,309
1685766364.6881268,310
1685766364.7011058,310
1685766364.7171018,309
1685766364.7293127,307
1685766364.7421048,307
1685766364.7581222,308
1685766364.7701619,309
1685766364.7831192,309
1685766364.7990994,308
1685766364.811162,307
1685766364.8275213,307
1685766364.8396666,309
1685766364.8525214,309
1685766364.8681293,309
1685766364.8812406,307
1685766364.8931146,306
1685766364.909174,307
1685766364.9221156,309
1685766364.9343047,309
1685766364.950342,309
1685766364.963572,307
1685766364.9752724,307
1685766364.9918995,308
1685766365.0042524,310
1685766365.0205567,310
1685766365.032554,309
1685766365.0452075,308
1685766365.0610843,308
1685766365.073541,309
1685766365.0856588,311
1685766365.1025395,310
1685766365.1140954,309
1685766365.1271205,307
1685766365.143687,307
1685766365.155619,309
1685766365.1716855,310
1685766365.1847072,310
1685766365.1966162,308
1685766365.2131996,306
1685766365.225141,307
1685766365.237311,309
1685766365.2539637,310
1685766365.2659717,309
1685766365.278683,307
1685766365.294865,307
1685766365.3068864,308
1685766365.3236818,310
1685766365.3359215,310
1685766365.3476155,309
1685766365.3646758,308
1685766365.3769884,308
1685766365.3886993,310
1685766365.405742,311
1685766365.417749,311
1685766365.43,310
1685766365.4467552,308
1685766365.4586816,309
1685766365.4708235,311
1685766365.4876802,312
1685766365.4990892,311
1685766365.5157335,310
1685766365.528358,309
1685766365.5403576,310
1685766365.5564198,311
1685766365.5693622,312
1685766365.5813622,311
1685766365.5982316,310
1685766365.6105454,309
1685766365.6225502,311
1685766365.6382372,312
1685766365.6512797,313
1685766365.6672046,311
1685766365.6802657,310
1685766365.6922035,310
1685766365.708211,311
1685766365.7212648,313
1685766365.7332997,313
1685766365.7492254,311
1685766365.7615736,310
1685766365.7742805,310
1685766365.7905188,312
1685766365.8028069,313
1685766365.8184373,312
1685766365.831515,311
1685766365.843438,310
1685766365.860433,311
1685766365.872436,313
1685766365.8845003,313
1685766365.9004505,312
1685766365.913435,311
1685766365.9254966,310
1685766365.9415035,311
1685766365.9545083,312
1685766365.966595,313
1685766365.9824405,311
1685766365.995609,310
1685766366.0117862,310
1685766366.023658,311
1685766366.0365922,313
1685766366.0526505,312
1685766366.064654,311
1685766366.0777266,310
1685766366.0938401,310
1685766366.1059165,312
1685766366.1178446,313
1685766366.1349137,312
1685766366.1469164,311
1685766366.1631668,309
1685766366.1758494,310
1685766366.187904,311
1685766366.203838,312
1685766366.216165,311
1685766366.2288399,309
1685766366.2445564,308
1685766366.2575986,309
1685766366.2706122,310
1685766366.2858472,311
1685766366.2986903,310
1685766366.3107228,308
1685766366.326545,308
1685766366.3395374,311
1685766366.3558896,313
1685766366.3681033,313
1685766366.3806045,313
1685766366.3967905,313
1685766366.4085996,315
1685766366.4215565,318
1685766366.437624,320
1685766366.4499178,320
1685766366.4615552,319
1685766366.4786398,318
1685766366.490634,318
1685766366.506902,318
1685766366.5197299,317
1685766366.5315392,313
1685766366.5485382,309
1685766366.560553,306
1685766366.5727959,305
1685766366.5888572,304
1685766366.6015568,302
1685766366.6135528,300
1685766366.6306045,298
1685766366.6426237,298
1685766366.6588311,300
1685766366.6709085,302
1685766366.68354,302
1685766366.6993217,303
1685766366.712257,304
1685766366.7244174,308
1685766366.7402747,314
1685766366.7533348,320
1685766366.7653334,325
1685766366.7819269,327
1685766366.7942772,329
1685766366.8063354,332
1685766366.8226204,335
1685766366.8352575,336
1685766366.8512604,334
1685766366.86371,331
1685766366.8759634,326
1685766366.8925922,323
1685766366.904331,320
1685766366.9163346,316
1685766366.9333365,310
1685766366.945334,305
1685766366.9576056,302
1685766366.9743373,303
1685766366.9863567,306
1685766367.0023332,313
1685766367.0153363,321
1685766367.0276017,331
1685766367.043349,344
1685766367.056351,359
1685766367.0683377,371
1685766367.0843341,380
1685766367.0964997,387
1685766367.109523,391
1685766367.1255827,396
1685766367.1375804,398
1685766367.150523,397
1685766367.1665773,393
1685766367.17854,387
1685766367.1955914,382
1685766367.2075207,380
1685766367.2195249,375
1685766367.236518,370
1685766367.248522,363
1685766367.2605214,355
1685766367.277524,349
1685766367.2895646,345
1685766367.3015203,341
1685766367.3175232,336
1685766367.3305194,329
1685766367.3465228,323
1685766367.358564,319
1685766367.3715227,316
1685766367.3875182,311
1685766367.3998215,305
1685766367.41178,297
1685766367.4287293,289
1685766367.4407816,283
1685766367.452724,275
1685766367.469722,265
1685766367.4817894,253
1685766367.4974134,241
1685766367.5105965,231
1685766367.5224898,226
1685766367.5394175,223
1685766367.5514915,221
1685766367.563414,220
1685766367.5804186,218
1685766367.5924726,220
1685766367.6049333,223
1685766367.621518,227
1685766367.6336663,231
1685766367.645432,233
1685766367.6624146,236
1685766367.6744318,240
1685766367.6904147,246
1685766367.7035491,251
1685766367.7154298,254
1685766367.7314174,256
1685766367.7444174,259
1685766367.756415,263
1685766367.7724304,268
1685766367.7844303,272
1685766367.7977211,274
1685766367.8141773,276
1685766367.8261762,278
1685766367.8421814,283
1685766367.8544989,287
1685766367.8673737,290
1685766367.883177,291
1685766367.8951757,292
1685766367.907755,293
1685766367.9237509,296
1685766367.9367561,299
1685766367.948755,299
1685766367.9648294,299
1685766367.9777546,298
1685766367.9897547,299
1685766368.0062582,301
1685766368.017859,302
1685766368.034875,301
1685766368.0468628,299
1685766368.0588665,298
1685766368.0758662,298
1685766368.0878582,299
1685766368.0998602,298
1685766368.1168642,297
1685766368.1288626,295
1685766368.1411018,295
1685766368.15787,296
1685766368.1698678,299
1685766368.1858633,300
1685766368.1983905,302
1685766368.2114215,302
1685766368.2274148,306
1685766368.2394319,312
1685766368.2514217,318
1685766368.2684171,324
1685766368.2804174,328
1685766368.2924163,331
1685766368.3094172,336
1685766368.3214889,341
1685766368.337418,344
1685766368.35043,344
1685766368.3625798,344
1685766368.3785775,342
1685766368.390751,343
1685766368.4035773,343
1685766368.4201808,342
1685766368.4325783,339
1685766368.444577,335
1685766368.4606388,332
1685766368.47264,330
1685766368.485576,329
1685766368.502028,325
1685766368.5138335,320
1685766368.5298333,312
1685766368.5427778,307
1685766368.5551162,304
1685766368.5708072,299
1685766368.5837765,295
1685766368.59583,291
1685766368.6118052,290
1685766368.6247907,293
1685766368.6368368,302
1685766368.652853,314
1685766368.6657925,326
1685766368.6818502,340
1685766368.6938431,352
1685766368.7069085,366
1685766368.722852,377
1685766368.7348504,385
1685766368.7477992,388
1685766368.7637901,387
1685766368.7764714,386
1685766368.7887924,383
1685766368.8048477,380
1685766368.8168566,374
1685766368.8298004,366
1685766368.84579,358
1685766368.8577964,350
1685766368.8748155,344
1685766368.8868568,337
1685766368.8987799,326
1685766368.9158072,314
1685766368.9275775,301
1685766368.9395962,288
1685766368.9566839,277
1685766368.9685166,266
1685766368.9805899,256
1685766368.9975243,247
1685766369.0091507,242
1685766369.0260947,242
1685766369.0381014,246
1685766369.050092,250
1685766369.067085,253
1685766369.0791445,255
1685766369.0911517,258
1685766369.1080828,262
1685766369.1201515,267
1685766369.132373,270
1685766369.1490974,271
1685766369.1610856,272
1685766369.1771038,274
1685766369.1901019,277
1685766369.2021015,280
1685766369.2187986,283
1685766369.231151,283
1685766369.2431056,283
1685766369.2591698,284
1685766369.2721062,285
1685766369.284137,286
1685766369.300728,285
1685766369.3127444,284
1685766369.324747,283
1685766369.3417518,286
1685766369.3537614,290
1685766369.3702679,294
1685766369.3820302,296
1685766369.3947482,298
1685766369.4111488,302
1685766369.423148,308
1685766369.4351447,313
1685766369.4521456,316
1685766369.4643624,318
1685766369.4764173,318
1685766369.4924147,320
1685766369.5053637,323
1685766369.5213723,326
1685766369.534313,326
1685766369.5466647,324
1685766369.5625672,323
1685766369.5748847,325
1685766369.5876355,326
1685766369.6032622,327
1685766369.6163335,327
1685766369.6282198,325
1685766369.64447,324
1685766369.6572201,325
1685766369.6692598,328
1685766369.6852438,329
1685766369.6981573,331
1685766369.714096,333
1685766369.7261488,337
1685766369.739101,343
1685766369.7553732,348
1685766369.7678406,351
1685766369.7798464,352
1685766369.7958229,351
1685766369.8088381,350
1685766369.8207686,352
1685766369.8368301,352
1685766369.8497653,351
1685766369.8657105,348
1685766369.8777404,344
1685766369.8900554,342
1685766369.9067435,341
1685766369.919065,339
1685766369.93174,336
1685766369.9478004,333
1685766369.9597938,330
1685766369.972506,328
1685766369.9893935,328
1685766370.001199,326
1685766370.0172946,323
1685766370.0290225,319
1685766370.0421062,316
1685766370.058354,315
1685766370.0700254,314
1685766370.0830224,313
1685766370.0995724,310
1685766370.1117184,307
1685766370.1241047,305
1685766370.1402805,305
1685766370.1523182,304
1685766370.165019,301
1685766370.1810157,296
1685766370.1930199,290
1685766370.2096698,286
1685766370.2216759,283
1685766370.2346647,279
1685766370.2506595,272
1685766370.2629814,265
1685766370.2756593,259
1685766370.2916925,255
1685766370.3039775,253
1685766370.316682,251
1685766370.3327684,249
1685766370.3449771,247
1685766370.3606608,246
1685766370.373664,249
1685766370.3859854,252
1685766370.4026804,254
1685766370.4146273,256
1685766370.4266331,257
1685766370.4436283,260
1685766370.45572,264
1685766370.4679828,269
1685766370.4846961,272
1685766370.4966025,274
1685766370.5088506,276
1685766370.5255034,280
1685766370.5378554,286
1685766370.554058,290
1685766370.5664036,292
1685766370.578746,293
1685766370.5949774,294
1685766370.6076152,297
1685766370.61965,300
1685766370.6360621,302
1685766370.6481075,303
1685766370.660063,302
1685766370.676196,303
1685766370.6895487,305
1685766370.705624,307
1685766370.7179632,308
1685766370.7300236,307
1685766370.7468746,306
1685766370.7588747,306
1685766370.7710907,309
1685766370.7871194,311
1685766370.80007,311
1685766370.8120887,310
1685766370.828583,309
1685766370.8406212,310
1685766370.857231,312
1685766370.8690312,314
1685766370.8819888,314
1685766370.897801,313
1685766370.910601,312
1685766370.922663,314
1685766370.939161,316
1685766370.9509537,317
1685766370.963628,317
1685766370.980671,316
1685766370.9923236,315
1685766371.0048633,317
1685766371.020401,319
1685766371.03334,320
1685766371.0494153,318
1685766371.061338,317
1685766371.074385,316
1685766371.0909307,318
1685766371.1029773,319
1685766371.114641,319
1685766371.1311707,318
1685766371.1442494,316
1685766371.156194,316
1685766371.1722872,318
1685766371.1849804,319
1685766371.2009113,318
1685766371.213651,317
1685766371.225985,315
1685766371.2420278,316
1685766371.2540338,317
1685766371.267123,317
1685766371.2830238,316
1685766371.2950625,315
1685766371.3078208,314
1685766371.3240454,315
1685766371.3357885,316
1685766371.3517914,315
1685766371.3646703,314
1685766371.3769667,311
1685766371.393446,311
1685766371.4059887,311
1685766371.418513,312
1685766371.4339504,311
1685766371.44662,309
1685766371.4589915,307
1685766371.4756122,306
1685766371.4881792,308
1685766371.500625,308
1685766371.5162408,308
1685766371.5283372,307
1685766371.5452754,306
1685766371.557431,307
1685766371.569491,308
1685766371.5860174,309
1685766371.5985756,310
1685766371.6112769,309
1685766371.6270692,311
1685766371.6396759,314
1685766371.6519465,317
1685766371.668014,319
1685766371.6804729,319
1685766371.6961,317
1685766371.7090037,316
1685766371.7212787,316
1685766371.737062,315
1685766371.7500498,312
1685766371.7622604,309
1685766371.7781103,305
1685766371.7911284,304
1685766371.8035204,304
1685766371.8199086,304
1685766371.831795,302
1685766371.8440297,300
1685766371.860383,300
1685766371.8723743,300
1685766371.8896098,301
1685766371.900983,302
1685766371.913543,301
1685766371.9302907,300
1685766371.941982,300
1685766371.9542441,301
1685766371.9704978,303
1685766371.9837284,304
1685766371.9957707,303
1685766372.0115364,303
1685766372.0241342,304
1685766372.0405574,306
1685766372.0531776,309
1685766372.064857,310
1685766372.0818636,310
1685766372.0949507,309
1685766372.1067154,310
1685766372.123057,312
1685766372.135056,314
1685766372.1470523,313
1685766372.164209,312
1685766372.1761656,310
1685766372.1921492,311
1685766372.2043443,313
1685766372.2167034,314
1685766372.2330298,313
1685766372.2450297,311
1685766372.2580469,311
1685766372.2740474,312
1685766372.2859278,314
1685766372.298984,314
1685766372.3152452,313
1685766372.3272407,311
1685766372.3400383,311
1685766372.3563392,313
1685766372.3684852,314
1685766372.384985,313
1685766372.397042,312
1685766372.4090667,311
1685766372.4258409,310
1685766372.4380946,312
1685766372.4502,312
1685766372.4668868,311
1685766372.4788835,308
1685766372.4917154,307
1685766372.5076752,308
1685766372.5196953,310
1685766372.5360444,310
1685766372.5486622,310
1685766372.5610406,309
1685766372.577034,309
1685766372.5893579,311
1685766372.6018214,313
1685766372.617833,314
1685766372.6301394,314
1685766372.6421897,313
1685766372.6592987,314
1685766372.671843,316
1685766372.684103,317
1685766372.6999466,318
1685766372.7119415,317
1685766372.729048,316
1685766372.7409146,317
1685766372.7532027,318
1685766372.7699542,319
1685766372.7824333,319
1685766372.794562,316
1685766372.8110418,315
1685766372.8227465,316
1685766372.8352926,318
1685766372.8520675,318
1685766372.864077,318
1685766372.8804362,316
1685766372.8924532,314
1685766372.9052172,314
1685766372.9218426,315
1685766372.933755,316
1685766372.9460876,314
1685766372.9621346,312
1685766372.975084,312
1685766372.9871092,314
1685766373.003611,316
1685766373.0160344,316
1685766373.031276,315
1685766373.0440133,314
1685766373.0561008,315
1685766373.073017,317
1685766373.0850132,319
1685766373.097025,319
1685766373.114014,318
1685766373.126212,316
1685766373.1382265,317
1685766373.154263,319
1685766373.167202,319
1685766373.1792035,318
1685766373.195201,317
1685766373.2082524,315
1685766373.2242079,316
1685766373.2362587,317
1685766373.2482047,317
1685766373.2656736,316
1685766373.2777262,314
1685766373.2899163,313
1685766373.305948,314
1685766373.3184087,316
1685766373.3309028,315
1685766373.3475697,313
1685766373.3593001,312
1685766373.3759894,311
1685766373.3887088,313
1685766373.4001145,314
1685766373.4170423,313
1685766373.4290159,311
1685766373.4411151,310
1685766373.4581506,311
1685766373.470139,313
1685766373.482786,313
1685766373.4987652,312
1685766373.5113466,310
1685766373.5279422,310
1685766373.5399292,311
1685766373.5518546,312
1685766373.5684702,312
1685766373.5810373,311
1685766373.593155,309
1685766373.6090913,308
1685766373.6219368,310
1685766373.6341593,311
1685766373.6507945,311
1685766373.66284,310
1685766373.675096,308
1685766373.691221,309
1685766373.7046797,310
1685766373.7202663,311
1685766373.7326038,311
1685766373.7448404,310
1685766373.7612262,309
1685766373.7729359,309
1685766373.7858746,311
1685766373.8021426,311
1685766373.8140867,311
1685766373.8265078,309
1685766373.8428702,308
1685766373.8556266,310
1685766373.8710098,311
1685766373.8839917,312
1685766373.8961275,311
1685766373.9121335,309
1685766373.9249399,309
1685766373.9371026,310
1685766373.9530394,312
1685766373.9658194,312
1685766373.978138,310
1685766373.9944882,309
1685766374.0068424,309
1685766374.0191207,311
1685766374.0350912,311
1685766374.0476918,310
1685766374.06383,308
1685766374.076612,307
1685766374.0886185,308
1685766374.1049416,309
1685766374.1173308,309
1685766374.1296701,308
1685766374.1457653,305
1685766374.1584551,304
1685766374.1700654,305
1685766374.1868925,306
1685766374.1993976,305
1685766374.21545,304
1685766374.2281165,302
1685766374.239409,302
1685766374.2572896,303
1685766374.2686453,304
1685766374.2811952,304
1685766374.297973,303
1685766374.3099701,301
1685766374.3218067,301
1685766374.3388662,303
1685766374.3508308,304
1685766374.3669116,303
1685766374.3795528,301
1685766374.3921845,300
1685766374.4080822,301
1685766374.4200919,302
1685766374.4321554,303
1685766374.4489546,302
1685766374.4610317,300
1685766374.4739425,300
1685766374.4901674,301
1685766374.5024073,303
1685766374.5151916,303
1685766374.5309901,302
1685766374.5437317,300
1685766374.5599692,300
1685766374.5719938,303
1685766374.583998,304
1685766374.5999928,304
1685766374.613,303
1685766374.6249359,301
1685766374.6415598,302
1685766374.6540797,304
1685766374.6662593,305
1685766374.682926,305
1685766374.695019,304
1685766374.7110155,303
1685766374.7239432,304
1685766374.7359812,306
1685766374.752501,306
1685766374.764713,305
1685766374.777059,304
1685766374.7930222,303
1685766374.8057961,305
1685766374.81795,306
1685766374.8341691,306
1685766374.8459003,306
1685766374.8625162,305
1685766374.8750284,305
1685766374.8877823,307
1685766374.9037087,308
1685766374.915927,308
1685766374.9287674,307
1685766374.9449537,306
1685766374.9570735,307
1685766374.9690678,309
1685766374.9854305,310
1685766374.9977999,310
1685766375.0106573,308
1685766375.0263364,308
1685766375.0383446,309
1685766375.055432,311
1685766375.0671473,311
1685766375.0803392,311
1685766375.096443,309
1685766375.1089537,309
1685766375.120847,310
1685766375.1370816,312
1685766375.1498601,312
1685766375.1619186,311
1685766375.1786187,310
1685766375.18988,310
1685766375.2067308,312
1685766375.219399,314
1685766375.2311075,314
1685766375.2479856,313
1685766375.2600932,312
1685766375.2723954,312
1685766375.2889948,314
1685766375.3010323,315
1685766375.3127162,315
1685766375.3297367,313
1685766375.3421142,312
1685766375.3547122,314
1685766375.3710523,316
1685766375.3830621,317
1685766375.399482,316
1685766375.4110563,314
1685766375.4241037,314
1685766375.4400845,315
1685766375.453061,317
1685766375.464856,317
1685766375.4811006,316
1685766375.4936635,314
1685766375.5052898,313
1685766375.52202,315
1685766375.5340858,316
1685766375.5509937,315
1685766375.5629923,314
1685766375.575886,312
1685766375.5919862,313
1685766375.6037562,315
1685766375.6163247,316
1685766375.6327505,315
1685766375.645263,313
1685766375.6572504,312
1685766375.6739357,313
1685766375.6862078,315
1685766375.7017274,315
1685766375.7147703,315
1685766375.7272134,313
1685766375.7430217,312
1685766375.755702,314
1685766375.7683322,315
1685766375.7843132,315
1685766375.7969563,314
1685766375.8091106,312
1685766375.8251035,312
1685766375.8372061,314
1685766375.8495262,315
1685766375.866388,315
1685766375.8787334,313
1685766375.895079,312
1685766375.9070752,312
1685766375.9198263,314
1685766375.9359353,315
1685766375.9482265,314
1685766375.9609158,312
1685766375.9772096,311
1685766375.9892783,312
1685766376.001214,314
1685766376.0172732,315
1685766376.029832,314
1685766376.0460672,312
1685766376.0590665,312
1685766376.0710073,314
1685766376.0870845,315
1685766376.0999386,315
1685766376.1116064,314
1685766376.1289122,312
1685766376.1408134,312
1685766376.1530643,314
1685766376.168862,315
1685766376.1819658,315
1685766376.1940384,313
1685766376.2101097,312
1685766376.223026,312
1685766376.238866,314
1685766376.2509274,314
1685766376.2638695,313
1685766376.2802064,311
1685766376.2922018,310
1685766376.3042026,311
1685766376.3212028,312
1685766376.3331995,313
1685766376.3454459,312
1685766376.3612092,310
1685766376.3742032,310
1685766376.3905005,311
1685766376.4024937,313
1685766376.4145536,313
1685766376.431499,312
1685766376.443699,310
1685766376.4555001,310
1685766376.4724934,311
1685766376.4844904,312
1685766376.4968047,312
1685766376.5134976,310
1685766376.525786,309
1685766376.5418067,309
1685766376.5544746,311
1685766376.5668118,312
1685766376.5828137,311
1685766376.5948126,310
1685766376.6068666,309
1685766376.6238134,310
1685766376.6358716,312
1685766376.6478727,313
1685766376.6648078,312
1685766376.676873,310
1685766376.6898105,310
1685766376.7058077,312
1685766376.7178674,314
1685766376.7348096,314
1685766376.7468123,313
1685766376.758865,311
1685766376.7748475,311
1685766376.787814,313
1685766376.799852,314
1685766376.8164613,314
1685766376.828912,313
1685766376.8409107,311
1685766376.8569157,312
1685766376.868964,314
1685766376.8859138,315
1685766376.897963,314
1685766376.9099152,313
1685766376.9269106,312
1685766376.9389167,313
1685766376.9511502,315
1685766376.9682372,315
1685766376.9798012,314
1685766376.991836,312
1685766377.0087912,311
1685766377.020803,313
1685766377.037507,314
1685766377.049542,314
1685766377.0617652,313
1685766377.0784953,311
1685766377.0905526,312
1685766377.1027613,313
1685766377.1187634,314
1685766377.1317124,314
1685766377.1437728,313
1685766377.1597621,311
1685766377.1727118,312
1685766377.1847634,314
1685766377.200765,315
1685766377.2137122,315
1685766377.229706,313
1685766377.2422209,312
1685766377.2547143,313
1685766377.2707822,315
1685766377.2828116,315
1685766377.2954113,314
1685766377.3115957,312
1685766377.3246505,312
1685766377.3366213,313
1685766377.3529541,315
1685766377.365568,315
1685766377.3815713,314
1685766377.3943055,312
1685766377.4059792,312
1685766377.4229348,313
1685766377.4350214,315
1685766377.4470315,314
1685766377.4637733,312
1685766377.4758022,311
1685766377.4877677,312
1685766377.5047882,314
1685766377.5167177,314
1685766377.5287735,314
1685766377.5457308,312
1685766377.557928,311
1685766377.573773,312
1685766377.5867214,314
1685766377.5987215,314
1685766377.6149898,313
1685766377.627788,311
1685766377.639845,310
1685766377.6557136,310
1685766377.6687899,311
1685766377.6807885,311
1685766377.6970396,309
1685766377.7097127,307
1685766377.7257955,307
1685766377.7387166,309
1685766377.7497752,309
1685766377.7667317,309
1685766377.7787156,309
1685766377.7908149,309
1685766377.8077724,311
1685766377.8200326,315
1685766377.8318157,317
1685766377.8489397,318
1685766377.8609695,317
1685766377.876767,318
1685766377.8897934,320
1685766377.9017174,323
1685766377.9180439,324
1685766377.9303634,324
1685766377.9423604,322
1685766377.959361,320
1685766377.9723768,319
1685766377.983716,317
1685766378.0004227,312
1685766378.0123808,307
1685766378.024726,302
1685766378.0414433,298
1685766378.0533783,298
1685766378.069378,296
1685766378.0823624,295
1685766378.0943844,292
1685766378.1103616,291
1685766378.123363,292
1685766378.135074,295
1685766378.151825,297
1685766378.1640663,299
1685766378.1757526,300
1685766378.1928725,301
1685766378.2047517,304
1685766378.2207482,307
1685766378.2338107,308
1685766378.245824,307
1685766378.2627296,304
1685766378.2747438,303
1685766378.2866783,304
1685766378.3030016,304
1685766378.3157513,304
1685766378.3279812,302
1685766378.3446403,300
1685766378.3567197,301
1685766378.3730693,304
1685766378.3847628,307
1685766378.3969111,311
1685766378.4140391,316
1685766378.4269934,325
1685766378.4379911,336
1685766378.4550815,350
1685766378.467286,363
1685766378.4794054,371
1685766378.4961607,378
1685766378.50834,383
1685766378.520702,388
1685766378.5367362,391
1685766378.5492916,391
1685766378.565223,390
1685766378.577244,386
1685766378.5902376,382
1685766378.6062238,379
1685766378.6182342,375
1685766378.6312351,368
1685766378.6472476,360
1685766378.6595874,350
1685766378.6722894,342
1685766378.688587,333
1685766378.7002938,323
1685766378.716597,309
1685766378.728857,293
1685766378.7418873,278
1685766378.7579608,266
1685766378.7702284,258
1685766378.782478,252
1685766378.7989855,246
1685766378.8115063,240
1685766378.8232408,238
1685766378.8395073,238
1685766378.8522956,239
1685766378.8645823,240
1685766378.8806846,241
1685766378.8933063,241
1685766378.909236,244
1685766378.9215646,248
1685766378.9343138,253
1685766378.9503198,256
1685766378.9626791,259
1685766378.9751136,260
1685766378.991216,263
1685766379.0034084,268
1685766379.0161452,272
1685766379.0321636,275
1685766379.0441134,276
1685766379.0611675,277
1685766379.0730875,280
1685766379.0851052,285
1685766379.102185,288
1685766379.1144419,290
1685766379.126161,290
1685766379.143142,291
1685766379.1551034,294
1685766379.1670916,297
1685766379.1840959,299
1685766379.196269,299
1685766379.2120924,298
1685766379.225166,299
1685766379.2371545,301
1685766379.2530918,303
1685766379.26616,305
1685766379.2780907,304
1685766379.293988,304
1685766379.3069937,306
1685766379.319103,309
1685766379.3353374,312
1685766379.3480618,313
1685766379.3599849,312
1685766379.377017,312
1685766379.3890595,314
1685766379.4050593,316
1685766379.4171934,317
1685766379.4292433,315
1685766379.4455733,312
1685766379.4585242,309
1685766379.4706762,310
1685766379.486883,310
1685766379.4995863,311
1685766379.5115626,311
1685766379.5275724,308
1685766379.5395782,310
1685766379.5566149,315
1685766379.5685706,321
1685766379.5809083,325
1685766379.5978978,331
1685766379.6095848,337
1685766379.6225154,345
1685766379.6387162,354
1685766379.6517165,362
1685766379.6627393,368
1685766379.6797647,370
1685766379.6917195,371
1685766379.7043483,372
1685766379.7214308,371
1685766379.7324102,367
1685766379.7493668,360
1685766379.7614107,350
1685766379.7733586,338
1685766379.7904186,328
1685766379.8023574,316
1685766379.8146698,303
1685766379.831355,290
1685766379.843372,279
1685766379.8556924,272
1685766379.872345,270
1685766379.883924,269
1685766379.9003463,269
1685766379.9129658,270
1685766379.924962,273
1685766379.9425037,278
1685766379.9537299,285
1685766379.9659877,291
1685766379.982669,294
1685766379.9946737,297
1685766380.0069592,299
1685766380.023747,302
1685766380.0359387,305
1685766380.051662,307
1685766380.0639927,307
1685766380.0764346,305
1685766380.0934663,304
1685766380.105461,303
1685766380.1174664,302
1685766380.1344843,300
1685766380.146889,296
1685766380.1588428,292
1685766380.1754677,290
1685766380.1874847,291
1685766380.1994133,293
1685766380.215476,295
1685766380.2284777,296
1685766380.2444005,298
1685766380.257404,303
1685766380.2694016,309
1685766380.2854104,314
1685766380.298481,317
1685766380.31047,318
1685766380.3269224,320
1685766380.3385715,322
1685766380.3515756,325
1685766380.367511,327
1685766380.3794925,326
1685766380.3958507,324
1685766380.4085522,323
1685766380.4208157,324
1685766380.4375553,327
1685766380.4496427,326
1685766380.4614322,325
1685766380.478296,321
1685766380.4905217,322
1685766380.50227,322
1685766380.519234,325
1685766380.5312922,327
1685766380.547613,328
1685766380.560298,331
1685766380.5722504,333
1685766380.5882955,336
1685766380.6012957,340
1685766380.6132393,340
1685766380.6295235,341
1685766380.642141,340
1685766380.654168,342
1685766380.670831,345
1685766380.6831114,347
1685766380.6958332,344
1685766380.711826,342
1685766380.7238293,340
1685766380.7398415,339
1685766380.7528906,340
1685766380.7649236,338
1685766380.7808895,335
1685766380.7928443,331
1685766380.805829,329
1685766380.8218422,328
1685766380.8349102,328
1685766380.8468423,326
1685766380.863162,323
1685766380.8758442,320
1685766380.891953,318
1685766380.90384,319
1685766380.9168973,320
1685766380.9329112,318
1685766380.9447906,315
1685766380.9577858,312
1685766380.9738698,312
1685766380.9860382,312
1685766380.9980764,309
1685766381.0148284,304
1685766381.0267644,296
1685766381.038818,288
1685766381.0557508,282
1685766381.0678282,276
1685766381.0838952,268
1685766381.0969057,260
1685766381.108913,252
1685766381.12583,246
1685766381.1379073,244
1685766381.149834,243
1685766381.1668289,243
1685766381.178904,241
1685766381.1905997,241
1685766381.2076106,244
1685766381.219618,248
1685766381.2356794,252
1685766381.247782,255
1685766381.2607205,258
1685766381.2767754,260
1685766381.2888875,264
1685766381.3017285,270
1685766381.317354,273
1685766381.330336,276
1685766381.3422804,277
1685766381.358257,279
1685766381.3713343,283
1685766381.3875873,287
1685766381.3993776,290
1685766381.4122603,291
1685766381.4291933,291
1685766381.4403834,293
1685766381.4527054,296
1685766381.4695346,299
1685766381.481465,301
1685766381.4934056,301
1685766381.5104556,300
1685766381.5223882,302
1685766381.534445,305
1685766381.5506527,307
1685766381.5636914,307
1685766381.5797017,306
1685766381.5916348,305
1685766381.6046917,307
1685766381.6207054,309
1685766381.6326377,310
1685766381.6457107,310
1685766381.6619334,308
1685766381.6739593,308
1685766381.6867135,309
1685766381.7026966,311
1685766381.714879,312
1685766381.7317176,311
1685766381.7437046,309
1685766381.7557087,310
1685766381.7726314,311
1685766381.7846272,313
1685766381.7966483,313
1685766381.8136966,312
1685766381.8256516,310
1685766381.8377604,310
1685766381.854715,312
1685766381.8667135,313
1685766381.8787005,313
1685766381.8957043,312
1685766381.9077024,310
1685766381.9236352,312
1685766381.9367168,313
1685766381.9487214,314
1685766381.9649544,313
1685766381.9776392,311
1685766381.989636,310
1685766382.0059717,312
1685766382.0179584,313
1685766382.0307188,314
1685766382.046632,313
1685766382.0586581,311
1685766382.0756383,311
1685766382.0876496,313
1685766382.1006584,314
1685766382.1166399,314
1685766382.1289842,312
1685766382.1409326,311
1685766382.1580327,311
1685766382.1699693,314
1685766382.1821294,314
1685766382.1984603,314
1685766382.2105036,312
1685766382.2262454,311
1685766382.2397738,312
1685766382.2519875,314
1685766382.2679844,315
1685766382.2798371,314
1685766382.2929015,312
1685766382.3088381,311
1685766382.320816,312
1685766382.3338826,314
1685766382.3493888,314
1685766382.3620598,313
1685766382.3744159,311
1685766382.3910816,311
1685766382.4030857,312
1685766382.4199183,314
1685766382.4318566,314
1685766382.444303,312
1685766382.46101,311
1685766382.4732049,311
1685766382.4852738,313
1685766382.501709,314
1685766382.5139172,314
1685766382.5264091,312
1685766382.5425644,311
1685766382.5550463,312
1685766382.5713193,314
1685766382.5829697,315
1685766382.5959215,314
1685766382.6119568,312
1685766382.623911,311
1685766382.6369252,313
1685766382.6531134,314
1685766382.6654963,315
1685766382.6780257,313
1685766382.6941097,311
1685766382.7067537,311
1685766382.7179794,313
1685766382.7348297,314
1685766382.7469647,314
1685766382.7636034,313
1685766382.7760663,311
1685766382.7883139,311
1685766382.8050108,313
1685766382.8174112,314
1685766382.8290558,314
1685766382.8452027,312
1685766382.8580563,310
1685766382.8702016,311
1685766382.8861055,313
1685766382.8981123,314
1685766382.9150684,313
1685766382.9271078,312
1685766382.939115,311
1685766382.9556804,312
1685766382.9682758,314
1685766382.9804482,314
1685766382.9964764,313
1685766383.0089507,311
1685766383.021924,311
1685766383.0379345,313
1685766383.0500338,314
1685766383.0669265,314
1685766383.079279,313
1685766383.091459,311
1685766383.1080492,311
1685766383.120038,313
1685766383.132076,314
1685766383.148375,313
1685766383.1609752,311
1685766383.1729124,310
1685766383.1899562,311
1685766383.2022362,313
1685766383.2140234,314
1685766383.2302442,313
1685766383.242256,311
1685766383.258892,311
1685766383.2719953,313
1685766383.283776,315
1685766383.3005998,315
1685766383.3127441,314
1685766383.324502,312
1685766383.3415508,312
1685766383.3535073,314
1685766383.3657055,315
1685766383.38169,315
1685766383.3943865,314
1685766383.410125,312
1685766383.422893,312
1685766383.4352589,314
1685766383.4520566,316
1685766383.4641037,316
1685766383.476679,315
1685766383.492959,314
1685766383.5048065,315
1685766383.5174606,317
1685766383.5336912,318
1685766383.5461874,318
1685766383.562175,316
1685766383.57485,316
1685766383.5868728,317
1685766383.6033418,318
1685766383.6151006,318
1685766383.628099,316
1685766383.6441288,313
1685766383.6560133,311
1685766383.6689196,312
1685766383.685674,312
1685766383.6977377,312
1685766383.7102637,309
1685766383.726297,308
1685766383.7381234,307
1685766383.754972,309
1685766383.7669804,310
1685766383.7792935,309
1685766383.7958627,307
1685766383.8075318,306
1685766383.820542,307
1685766383.8370903,310
1685766383.8493865,310
1685766383.8615825,310
1685766383.8779879,308
1685766383.8900318,308
1685766383.9059815,309
1685766383.9185538,311
1685766383.9311936,312
1685766383.9476304,311
1685766383.9593768,310
1685766383.972465,310
1685766383.987626,312
1685766384.0007484,314
1685766384.0130491,313
1685766384.0293276,312
1685766384.041476,310
1685766384.0574396,310
1685766384.0704873,312
1685766384.0826862,313
1685766384.0989606,312
1685766384.1115215,311
1685766384.1235752,310
1685766384.1401427,310
1685766384.1522844,312
1685766384.16412,313
1685766384.1811333,312
1685766384.1931205,310
1685766384.2049732,309
1685766384.2219071,310
1685766384.23402,312
1685766384.250486,312
1685766384.2629972,311
1685766384.27505,310
1685766384.291738,310
1685766384.3039646,312
1685766384.3159988,313
1685766384.3320813,314
1685766384.3450012,312
1685766384.3570244,311
1685766384.3737738,311
1685766384.3857007,314
1685766384.4021852,315
1685766384.4140813,314
1685766384.4270582,312
1685766384.4430435,311
1685766384.4553459,312
1685766384.4677107,313
1685766384.483847,314
1685766384.4959223,313
1685766384.5079706,310
1685766384.5253084,310
1685766384.5372458,311
1685766384.5497115,312
1685766384.5658462,312
1685766384.5785015,311
1685766384.594103,309
1685766384.6065924,309
1685766384.61894,311
1685766384.635222,312
1685766384.6473463,312
1685766384.6602223,310
1685766384.6765041,309
1685766384.6894596,309
1685766384.7005422,311
1685766384.717247,312
1685766384.7299333,312
1685766384.7461734,310
1685766384.7578454,309
1685766384.7700086,310
1685766384.7869706,311
1685766384.799198,312
1685766384.8112404,311
1685766384.8279626,309
1685766384.8400834,309
1685766384.8529518,310
1685766384.8691618,312
1685766384.8813944,312
1685766384.8975635,310
1685766384.9093075,308
1685766384.9220874,308
1685766384.938061,310
1685766384.951118,311
1685766384.9632022,311
1685766384.9790483,309
1685766384.9912686,308
1685766385.0042663,308
1685766385.0209107,310
1685766385.0333264,311
1685766385.0452046,311
1685766385.0618951,309
1685766385.0737815,308
1685766385.090027,309
1685766385.1020718,311
1685766385.1141362,311
1685766385.131169,310
1685766385.1439528,308
1685766385.1554022,308
1685766385.1717649,309
1685766385.1840296,311
1685766385.1966534,311
1685766385.2130702,310
1685766385.225112,308
1685766385.2416768,308
1685766385.2536697,310
1685766385.2669206,311
1685766385.2819538,311
1685766385.29494,310
1685766385.306777,308
1685766385.3232932,308
1685766385.336503,310
1685766385.347941,311
1685766385.364892,310
1685766385.3770049,308
1685766385.3892455,307
1685766385.406614,309
1685766385.4180248,310
1685766385.4345922,311
1685766385.4466522,310
1685766385.4586618,307
1685766385.4750996,307
1685766385.4873405,308
1685766385.4998696,310
1685766385.5163171,310
1685766385.5287938,308
1685766385.5400164,307
1685766385.5566387,306
1685766385.5696976,308
1685766385.5856917,310
1685766385.5980172,310
1685766385.6107924,308
1685766385.6269667,306
1685766385.6392345,307
1685766385.6512582,308
1685766385.6670935,309
1685766385.6800911,309
1685766385.6921458,307
1685766385.7086086,306
1685766385.7209024,307
1685766385.736958,309
1685766385.7491899,310
1685766385.7619927,309
1685766385.7780833,307
1685766385.7908976,306
1685766385.8030071,308
1685766385.8189955,309
1685766385.8312397,310
1685766385.844009,308
1685766385.8602588,307
1685766385.872525,306
1685766385.8849635,308
1685766385.9012344,309
1685766385.9129038,309
1685766385.9300013,308
1685766385.9421196,306
1685766385.9541283,307
1685766385.9707913,309
1685766385.983179,310
1685766385.9952583,309
1685766386.0121222,308
1685766386.02405,307
1685766386.0360053,308
1685766386.0526946,310
1685766386.0652666,311
1685766386.0810509,309
1685766386.0939445,308
1685766386.10599,307
1685766386.12205,309
1685766386.1341066,310
1685766386.1470373,310
1685766386.1630344,309
1685766386.1756864,307
1685766386.1879628,307
1685766386.2045107,309
1685766386.216584,310
1685766386.2288082,310
1685766386.2452738,308
1685766386.2577658,307
1685766386.2741094,308
1685766386.286006,310
1685766386.298111,310
1685766386.3149812,310
1685766386.3271093,308
1685766386.3391018,307
1685766386.3551621,308
1685766386.368109,309
1685766386.3801,310
1685766386.396164,309
1685766386.4091098,307
1685766386.425102,307
1685766386.437168,308
1685766386.4491677,310
1685766386.4661026,310
1685766386.4781651,309
1685766386.49113,307
1685766386.507332,307
1685766386.5192525,309
1685766386.5315123,310
1685766386.5481105,310
1685766386.560337,309
1685766386.576763,307
1685766386.5890567,308
1685766386.60179,310
1685766386.6181748,311
1685766386.6303728,310
1685766386.6427352,309
1685766386.6587222,308
1685766386.6717281,309
1685766386.683762,311
1685766386.6999266,311
1685766386.7119703,310
1685766386.7237797,308
1685766386.7408373,308
1685766386.752991,309
1685766386.7689948,311
1685766386.782004,311
1685766386.7939827,310
1685766386.8100576,308
1685766386.8220856,308
1685766386.834782,310
1685766386.850821,311
1685766386.8636215,311
1685766386.8759925,310
1685766386.8926299,308
1685766386.9049122,309
1685766386.9211442,311
1685766386.9330397,313
1685766386.9451895,312
1685766386.96221,310
1685766386.9736059,309
1685766386.9870002,310
1685766387.0023024,312
1685766387.0149314,312
1685766387.0275667,311
1685766387.0441377,309
1685766387.0562315,309
1685766387.0677657,310
1685766387.0850883,312
1685766387.0968518,312
1685766387.1143413,311
1685766387.1257257,309
1685766387.138178,309
1685766387.1546266,311
1685766387.167628,312
1685766387.17862,312
1685766387.1957207,310
1685766387.2083747,309
1685766387.2199914,309
1685766387.2366571,311
1685766387.2487633,312
1685766387.2651749,311
1685766387.2772083,310
1685766387.2899938,308
1685766387.305635,309
1685766387.3183353,311
1685766387.330514,312
1685766387.347096,311
1685766387.359585,308
1685766387.371738,308
1685766387.3881202,309
1685766387.4006114,311
1685766387.4157596,311
1685766387.428775,309
1685766387.4411073,307
1685766387.457081,307
1685766387.4699996,309
1685766387.4823117,310
1685766387.4980862,310
1685766387.511085,308
1685766387.5230353,307
1685766387.539078,307
1685766387.5518239,309
1685766387.56386,310
1685766387.5799274,309
1685766387.5928512,307
1685766387.609049,306
1685766387.6210525,308
1685766387.6330614,309
1685766387.6501114,310
1685766387.6621284,309
1685766387.674483,307
1685766387.6919024,307
1685766387.7029395,309
1685766387.7149293,310
1685766387.7320986,310
1685766387.7440152,310
1685766387.7603886,307
1685766387.7732434,308
1685766387.785072,310
1685766387.8010798,311
1685766387.813937,311
1685766387.8263996,309
1685766387.8424199,307
1685766387.8544714,308
1685766387.8668418,310
1685766387.883766,311
1685766387.8954957,310
1685766387.9079883,308
1685766387.924209,307
1685766387.9368217,309
1685766387.9532795,310
1685766387.9652054,311
1685766387.978232,309
1685766387.9944441,308
1685766388.0067356,308
1685766388.018843,309
1685766388.0351825,311
1685766388.0477438,311
1685766388.0596917,309
1685766388.0761032,308
1685766388.0881014,308
1685766388.1049163,310
1685766388.1171215,311
1685766388.129166,311
1685766388.1459894,310
1685766388.1581733,308
1685766388.1703506,309
1685766388.1865478,311
1685766388.1986225,312
1685766388.211551,311
1685766388.2278852,309
1685766388.2399294,308
1685766388.2554061,309
1685766388.2687058,311
1685766388.2806857,311
1685766388.296816,310
1685766388.3088691,308
1685766388.3218071,308
1685766388.3378,309
1685766388.3501797,310
1685766388.3628962,310
1685766388.379126,309
1685766388.3915737,307
1685766388.403724,307
1685766388.4197674,309
1685766388.4320273,311
1685766388.4487205,310
1685766388.4607024,309
1685766388.4727197,307
1685766388.489703,308
1685766388.501776,310
1685766388.5137587,311
1685766388.5307455,310
1685766388.5427139,308
1685766388.5549111,307
1685766388.5717185,309
1685766388.5836985,310
1685766388.6000342,311
1685766388.6127124,310
1685766388.6249027,308
1685766388.6407163,308
1685766388.6539807,310
1685766388.6657088,311
1685766388.682409,311
1685766388.694574,310
1685766388.706393,308
1685766388.7234607,309
1685766388.735779,311
1685766388.7474053,312
1685766388.7643933,312
1685766388.77641,310
1685766388.792708,309
1685766388.8043902,310
1685766388.8173907,311
1685766388.83347,312
1685766388.8457553,311
1685766388.8583977,309
1685766388.8743894,308
1685766388.886742,310
1685766388.8994162,312
1685766388.9154148,313
1685766388.9274445,312
1685766388.944416,311
1685766388.956575,312
1685766388.9685898,314
1685766388.9855852,316
1685766388.9975703,317
1685766389.010448,315
1685766389.0261228,314
1685766389.0381167,315
1685766389.0511086,318
1685766389.067454,319
1685766389.0791337,319
1685766389.0950866,317
1685766389.1081567,316
1685766389.1201522,316
1685766389.137138,318
1685766389.149073,318
1685766389.1614501,317
1685766389.1777196,314
1685766389.1903987,313
1685766389.2024066,314
1685766389.218709,315
1685766389.2307324,315
1685766389.2435532,314
1685766389.2597346,312
1685766389.272429,312
1685766389.2884364,313
1685766389.3004344,314
1685766389.3132572,314
1685766389.3294244,313
1685766389.341247,310
1685766389.3535671,311
1685766389.3703308,312
1685766389.3823404,312
1685766389.3946419,311
1685766389.4113443,308
1685766389.423348,305
1685766389.4393551,305
1685766389.452357,305
1685766389.4644492,303
1685766389.4810581,300
1685766389.4931278,296
1685766389.5050673,293
1685766389.5220857,293
1685766389.5343266,294
1685766389.54639,293
1685766389.5631495,292
1685766389.5750966,290
1685766389.587115,289
1685766389.6030512,291
1685766389.6160648,294
1685766389.6323955,295
1685766389.6442835,296
1685766389.6566994,300
1685766389.673357,307
1685766389.6863005,315
1685766389.6976507,320
1685766389.714365,324
1685766389.7268858,325
1685766389.7391405,326
1685766389.7550614,327
1685766389.7676687,329
1685766389.7837768,329
1685766389.7964277,327
1685766389.8087435,322
1685766389.8243973,319
1685766389.8369536,317
1685766389.8500128,315
1685766389.8659668,311
1685766389.8781292,305
1685766389.8899236,300
1685766389.9068806,296
1685766389.919188,296
1685766389.9352076,296
1685766389.9478555,297
1685766389.959871,297
1685766389.9766743,300
1685766389.988648,309
1685766390.0016794,320
1685766390.017677,330
1685766390.0297883,341
1685766390.0416617,349
1685766390.0583937,357
1685766390.0701315,366
1685766390.0831316,374
1685766390.0996723,380
1685766390.1116173,382
1685766390.1276636,383
1685766390.1399367,383
1685766390.1526132,384
1685766390.1686022,384
1685766390.1811678,383
1685766390.1936107,380
1685766390.2106204,374
1685766390.221933,371
1685766390.2346172,368
1685766390.2506125,365
1685766390.263649,359
1685766390.2796357,352
1685766390.2916462,345
1685766390.3036556,339
1685766390.3206341,335
1685766390.3326905,329
1685766390.344953,321
1685766390.3616438,311
1685766390.3738327,301
1685766390.3856478,292
1685766390.4026575,283
1685766390.414902,271
1685766390.4266422,260
1685766390.4437222,250
1685766390.4556642,241
1685766390.4717066,237
1685766390.4839845,235
1685766390.4966638,233
1685766390.5126424,231
1685766390.5256624,230
1685766390.5376601,231
1685766390.5536542,236
1685766390.5659714,240
1685766390.5786943,243
1685766390.5946782,245
1685766390.6075168,247
1685766390.6229975,251
1685766390.635934,256
1685766390.6477258,261
1685766390.6646612,263
1685766390.676657,265
1685766390.6887069,267
1685766390.706813,271
1685766390.7179391,276
1685766390.729934,279
1685766390.7459397,280
1685766390.7589355,281
1685766390.7752006,282
1685766390.7868602,286
1685766390.7998705,288
1685766390.8161705,290
1685766390.8278716,291
1685766390.8408723,290
1685766390.856878,291
1685766390.869856,295
1685766390.881878,299
1685766390.898127,301
1685766390.9098527,301
1685766390.9228575,302
1685766390.9388769,305
1685766390.9511898,311
1685766390.9678717,315
1685766390.9798734,318
1685766390.9918656,320
1685766391.0088882,323
1685766391.0208752,328
1685766391.032976,332
1685766391.0491707,334
1685766391.0619357,335
1685766391.073903,333
1685766391.0899093,332
1685766391.10296,332
1685766391.1189222,333
1685766391.131251,332
1685766391.1439328,328
1685766391.159962,324
1685766391.1719413,321
1685766391.18494,318
1685766391.2009695,315
1685766391.2129283,309
1685766391.2259374,305
1685766391.2421865,300
1685766391.2542932,298
1685766391.2662482,302
1685766391.2833025,306
1685766391.2952604,313
1685766391.311244,320
1685766391.3242517,329
1685766391.336245,341
1685766391.3532577,352
1685766391.3647072,359
1685766391.3774018,363
1685766391.3937018,365
1685766391.4053774,366
1685766391.418402,368
1685766391.4343972,368
1685766391.4467494,366
1685766391.4633822,360
1685766391.4753842,354
1685766391.4879458,348
1685766391.5039616,344
1685766391.516547,340
1685766391.5286918,333
1685766391.5456517,323
1685766391.5575006,311
1685766391.5695148,301
1685766391.586414,292
1685766391.5983884,282
1685766391.6146972,272
1685766391.627372,264
1685766391.6403916,259
1685766391.6556647,259
1685766391.6679037,263
1685766391.6802182,269
1685766391.6969445,274
1685766391.7090533,279
1685766391.7209299,286
1685766391.7379417,294
1685766391.7499256,301
1685766391.7618177,306
1685766391.7780974,308
1685766391.7911015,309
1685766391.8073995,311
1685766391.8200982,314
1685766391.831087,316
1685766391.8483295,316
1685766391.8610976,315
1685766391.8730972,313
1685766391.8890994,313
1685766391.9014049,314
1685766391.9130983,314
1685766391.9301715,312
1685766391.9421484,307
1685766391.959137,303
1685766391.9711335,300
1685766391.983436,297
1685766392.0001335,293
1685766392.0121374,288
1685766392.0243754,283
1685766392.0411372,281
1685766392.0531304,281
1685766392.0655825,283
1685766392.0819228,284
1685766392.0939252,285
1685766392.1059694,287
1685766392.1228967,291
1685766392.1349807,297
1685766392.1509697,302
1685766392.163974,304
1685766392.1759274,305
1685766392.192525,306
1685766392.2049308,309
1685766392.2172592,311
1685766392.233223,313
1685766392.2449584,312
1685766392.2579231,312
1685766392.2739124,311
1685766392.286899,315
1685766392.3029208,318
1685766392.3149023,320
1685766392.327905,319
1685766392.3439076,318
1685766392.356155,319
1685766392.3682318,322
1685766392.3849244,325
1685766392.3969147,325
1685766392.4089,325
1685766392.4259293,325
1685766392.4379106,327
1685766392.4539654,330
1685766392.466899,335
1685766392.4788716,337
1685766392.4949162,340
1685766392.5078657,341
1685766392.5198731,344
1685766392.535926,349
1685766392.54885,352
1685766392.5609808,351
1685766392.57761,350
1685766392.5891607,349
1685766392.602107,350
1685766392.6181076,349
1685766392.6304085,348
1685766392.6471353,344
1685766392.659128,340
1685766392.6711214,338
1685766392.6883152,338
1685766392.700063,337
1685766392.7117777,335
1685766392.7288778,332
1685766392.741263,328
1685766392.7533195,326
1685766392.7698002,327
1685766392.7818406,327
1685766392.7978492,324
1685766392.8107898,321
1685766392.8230734,318
1685766392.8390954,317
1685766392.8517923,316
1685766392.8637648,313
1685766392.8800814,307
1685766392.8927877,298
1685766392.9047642,289
1685766392.9208426,282
1685766392.9337916,275
1685766392.946013,267
1685766392.9620788,259
1685766392.9747648,252
1685766392.9907608,247
1685766393.0035608,247
1685766393.015616,247
1685766393.0315173,247
1685766393.0445573,247
1685766393.0568569,247
1685766393.0726323,250
1685766393.0852988,255
1685766393.0975792,259
1685766393.1136305,263
1685766393.1263156,265
1685766393.1426685,267
1685766393.1543658,272
1685766393.1673203,277
1685766393.1838746,280
1685766393.1960204,283
1685766393.208197,283
1685766393.2243123,284
1685766393.2370584,288
1685766393.2490153,290
1685766393.2653205,291
1685766393.277013,290
1685766393.2940893,288
1685766393.3060584,287
1685766393.3189943,288
1685766393.335011,289
1685766393.3470585,288
1685766393.3590598,285
1685766393.3762856,282
1685766393.3881521,281
1685766393.400279,282
1685766393.4171588,281
1685766393.4291415,280
1685766393.4414477,278
1685766393.4581604,275
1685766393.470451,275
1685766393.4860065,275
1685766393.4990048,276
1685766393.5112257,274
1685766393.5276086,272
1685766393.540289,271
1685766393.5520205,273
1685766393.5684013,275
1685766393.5810483,277
1685766393.5930405,277
1685766393.6093626,278
1685766393.6220505,280
1685766393.6381736,284
1685766393.6510932,290
1685766393.6630428,293
1685766393.6793664,295
1685766393.6910567,297
1685766393.7040188,301
1685766393.720048,306
1685766393.7327688,311
1685766393.744831,314
1685766393.7612412,315
1685766393.772984,316
1685766393.7853396,320
1685766393.8021393,324
1685766393.8141367,327
1685766393.8303347,328
1685766393.8429253,328
1685766393.8546627,329
1685766393.8717816,331
1685766393.8836367,334
1685766393.8962464,334
1685766393.9125276,333
1685766393.9248278,332
1685766393.936886,332
1685766393.9538734,334
1685766393.9659011,336
1685766393.9821134,336
1685766393.9938097,336
1685766394.0065622,335
1685766394.0232124,335
1685766394.035004,337
1685766394.0475583,338
1685766394.063736,338
1685766394.076131,337
1685766394.0887551,335
1685766394.1053367,336
1685766394.1170628,337
1685766394.1339734,338
1685766394.145808,337
1685766394.1581435,335
1685766394.1744583,334
1685766394.1863325,336
1685766394.199327,337
1685766394.2153804,336
1685766394.227381,334
1685766394.2403355,331
1685766394.2563314,330
1685766394.2683165,330
1685766394.2813313,330
1685766394.2973127,329
1685766394.309309,326
1685766394.326309,323
1685766394.3383121,322
1685766394.3503087,322
1685766394.367324,323
1685766394.379313,321
1685766394.3913677,319
1685766394.4083736,317
1685766394.4203794,318
1685766394.4323316,319
1685766394.4483316,319
1685766394.4613268,318
1685766394.4773338,316
1685766394.4893274,315
1685766394.502341,316
1685766394.5183196,317
1685766394.530822,317
1685766394.5434456,316
1685766394.5598521,314
1685766394.5719132,314
1685766394.5841162,316
1685766394.6010156,318
1685766394.6132312,319
1685766394.6251333,318
1685766394.6419556,317
1685766394.654249,318
1685766394.6702437,320
1685766394.6826665,322
1685766394.6949725,323
1685766394.7111824,322
1685766394.7236989,321
1685766394.7360716,322
1685766394.7524729,324
1685766394.76456,325
1685766394.776992,324
1685766394.7929103,321
1685766394.8055887,321
1685766394.8216329,323
1685766394.834364,325
1685766394.8469095,325
1685766394.8625822,323
1685766394.8752398,321
1685766394.8868403,320
1685766394.9038577,321
1685766394.915966,321
1685766394.9281545,320
1685766394.944915,319
1685766394.9572031,317
1685766394.9693463,317
1685766394.9854622,319
1685766394.9975066,320
1685766395.0138037,319
1685766395.0268493,317
1685766395.0395112,316
1685766395.0557153,317
1685766395.0678754,319
1685766395.0801458,319
1685766395.0964534,318
1685766395.108454,316
1685766395.1201956,316
1685766395.137118,317
1685766395.14953,319
1685766395.1661215,319
1685766395.1782603,318
1685766395.1901956,316
1685766395.2062907,316
1685766395.2192266,318
1685766395.2318676,319
1685766395.2478464,319
1685766395.2600253,317
1685766395.2727647,315
1685766395.2891312,316
1685766395.3010197,318
1685766395.3176594,319
1685766395.3292863,318
1685766395.3421674,316
1685766395.3585603,314
1685766395.370614,315
1685766395.3829188,317
1685766395.399794,317
1685766395.4118414,316
1685766395.4238372,314
1685766395.4399028,313
1685766395.452197,315
1685766395.4642363,316
1685766395.4806316,316
1685766395.4932187,315
1685766395.5103045,314
1685766395.5221477,314
1685766395.53415,315
1685766395.5509658,317
1685766395.563632,316
1685766395.575376,314
1685766395.5921943,313
1685766395.605022,313
1685766395.6162162,315
1685766395.63302,316
1685766395.6451652,315
1685766395.6614587,313
1685766395.6733358,311
1685766395.686112,312
1685766395.7024982,314
1685766395.714678,314
1685766395.7271235,313
1685766395.7435634,311
1685766395.7555869,310
1685766395.7675729,311
1685766395.7837393,312
1685766395.7963257,312
1685766395.8092346,311
1685766395.8254266,308
1685766395.8378708,308
1685766395.853374,310
1685766395.8660676,311
1685766395.8783805,310
1685766395.8951147,308
1685766395.9070115,306
1685766395.9196575,306
1685766395.9362202,308
1685766395.948241,308
1685766395.960282,307
1685766395.9765797,305
1685766395.9888349,304
1685766396.0052252,304
1685766396.0179036,306
1685766396.0301614,306
1685766396.046489,305
1685766396.058869,303
1685766396.0708404,302
1685766396.0881362,304
1685766396.0992434,305
1685766396.112287,306
1685766396.1286128,305
1685766396.1409667,303
1685766396.1566062,303
1685766396.1695912,305
1685766396.1819465,306
1685766396.1983662,306
1685766396.210529,304
1685766396.222529,303
1685766396.2391415,304
1685766396.2513797,306
1685766396.263667,307
1685766396.2799196,306
1685766396.2922745,305
1685766396.3044598,304
1685766396.3213377,304
1685766396.3332853,307
1685766396.348908,307
1685766396.3619218,306
1685766396.374525,304
1685766396.390888,304
1685766396.402542,305
1685766396.4151607,307
1685766396.4315484,307
1685766396.4440303,306
1685766396.4560158,304
1685766396.4720778,304
1685766396.484563,306
1685766396.501009,307
1685766396.5137565,307
1685766396.5261316,305
1685766396.5422182,303
1685766396.5538328,304
1685766396.566882,306
1685766396.5831296,307
1685766396.5955014,306
1685766396.6076806,304
1685766396.624006,303
1685766396.636479,304
1685766396.6522377,306
1685766396.6652422,307
1685766396.6776865,306
1685766396.6937943,304
1685766396.7061083,303
1685766396.718151,305
1685766396.734544,307
1685766396.747245,307
1685766396.759662,306
1685766396.7759926,304
1685766396.7878294,305
1685766396.8002017,307
1685766396.816081,308
1685766396.8291357,308
1685766396.8455546,306
1685766396.8572834,305
1685766396.8699903,305
1685766396.8864646,307
1685766396.898687,308
1685766396.910964,307
1685766396.9272697,305
1685766396.939757,304
1685766396.951288,305
1685766396.9680164,307
1685766396.9800813,307
1685766396.996235,306
1685766397.0091853,304
1685766397.0211146,304
1685766397.0378792,306
1685766397.050106,307
1685766397.0627117,307
1685766397.0782194,305
1685766397.0907657,304
1685766397.1034899,304
1685766397.1192203,306
1685766397.1317399,307
1685766397.1444595,307
1685766397.1602395,305
1685766397.173163,304
1685766397.189213,304
1685766397.2012148,307
1685766397.2135837,307
1685766397.230039,307
1685766397.2420926,305
1685766397.254158,304
1685766397.2716181,305
1685766397.2837143,307
1685766397.2960784,308
1685766397.3125515,306
1685766397.3247633,304
1685766397.3408995,304
1685766397.353341,306
1685766397.3653958,307
1685766397.3819714,307
1685766397.3942833,306
1685766397.4061093,305
1685766397.422833,305
1685766397.4348755,307
1685766397.4475086,308
1685766397.4632337,308
1685766397.4762177,306
1685766397.4916592,305
1685766397.504947,306
1685766397.517234,308
1685766397.5333767,309
1685766397.5459626,308
1685766397.5580015,306
1685766397.5744193,306
1685766397.5864189,307
1685766397.5989795,308
1685766397.6156547,309
1685766397.6270878,308
1685766397.6400802,306
1685766397.6558483,306
1685766397.6682808,308
1685766397.684742,309
1685766397.6971498,309
1685766397.709753,308
1685766397.7254493,306
1685766397.7374673,306
1685766397.7504494,308
1685766397.7663796,310
1685766397.7791636,309
1685766397.7915244,307
1685766397.8078995,306
1685766397.8201914,307
1685766397.8361325,309
1685766397.8489869,310
1685766397.8609996,309
1685766397.8770573,307
1685766397.8899586,306
1685766397.9019384,308
1685766397.9180927,310
1685766397.9309947,310
1685766397.9421835,309
1685766397.9591794,308
1685766397.9712212,307
1685766397.9872847,309
1685766398.0001485,311
1685766398.012834,311
1685766398.029354,310
1685766398.0413532,308
1685766398.0534034,308
1685766398.0699732,310
1685766398.0825753,311
1685766398.0946562,311
1685766398.1109588,309
1685766398.12322,308
1685766398.1352377,308
1685766398.152216,310
1685766398.1641903,311
1685766398.1808538,310
1685766398.193189,308
1685766398.2046735,307
1685766398.2218356,308
1685766398.2335565,310
1685766398.2455652,310
1685766398.2626524,309
1685766398.2745116,307
1685766398.2872052,307
1685766398.3031733,309
1685766398.3152668,311
1685766398.3316069,310
1685766398.3443532,309
1685766398.3568728,308
1685766398.3730838,308
1685766398.385252,310
1685766398.397938,311
1685766398.4142706,310
1685766398.4263139,309
1685766398.4383142,307
1685766398.4550757,308
1685766398.4672656,310
1685766398.4792478,311
1685766398.496163,310
1685766398.5081558,308
1685766398.5238347,307
1685766398.537159,309
1685766398.5491316,311
1685766398.5657556,311
1685766398.577775,310
1685766398.5900078,308
1685766398.6062136,308
1685766398.6182113,310
1685766398.631148,311
1685766398.6477826,311
1685766398.6591275,310
1685766398.675252,308
1685766398.6881213,308
1685766398.700649,310
1685766398.7172658,311
1685766398.7289667,311
1685766398.7417624,309
1685766398.7577548,307
1685766398.770329,308
1685766398.7826297,310
1685766398.798695,311
1685766398.8116112,310
1685766398.8273134,309
1685766398.8399744,308
1685766398.8520215,309
1685766398.867843,311
1685766398.880966,312
1685766398.8930023,311
1685766398.909874,309
1685766398.921942,309
1685766398.9339762,311
1685766398.9506578,312
1685766398.9627092,312
1685766398.975274,311
1685766398.9912217,309
1685766399.003532,310
1685766399.0201533,312
1685766399.032658,313
1685766399.0450275,313
1685766399.0611198,311
1685766399.0736647,310
1685766399.0854652,311
1685766399.1021876,313
1685766399.1141393,314
1685766399.126097,313
1685766399.1431468,311
1685766399.15519,310
1685766399.1709456,312
1685766399.1839519,313
1685766399.1965003,314
1685766399.2125423,313
1685766399.225111,311
1685766399.2373884,311
1685766399.253386,312
1685766399.265551,314
1685766399.278009,314
1685766399.2940254,312
1685766399.3068628,310
1685766399.318763,311
1685766399.335187,313
1685766399.3478546,314
1685766399.3642128,314
1685766399.3768835,312
1685766399.3888788,310
1685766399.4051297,311
1685766399.4171789,313
1685766399.4292364,314
1685766399.4461749,313
1685766399.4581752,311
1685766399.4709373,310
1685766399.4871557,311
1685766399.4990492,313
1685766399.5149198,313
1685766399.527937,312
1685766399.5399392,310
1685766399.5568402,310
1685766399.569074,312
1685766399.5810516,313
1685766399.5978625,313
1685766399.609648,311
1685766399.6215982,309
1685766399.638954,310
1685766399.6502323,312
1685766399.6666555,312
1685766399.6792831,312
1685766399.6912792,310
1685766399.7082636,309
1685766399.720644,310
1685766399.7321906,312
1685766399.7491288,312
1685766399.7618642,311
1685766399.7737217,309
1685766399.790216,308
1685766399.802161,310
1685766399.8147807,312
1685766399.8307621,312
1685766399.8434951,311
1685766399.8600512,309
1685766399.8722856,308
1685766399.8843253,310
1685766399.9002721,311
1685766399.9125504,311
1685766399.9252799,309
1685766399.9415553,308
1685766399.9542253,308
1685766399.9661965,310
1685766399.9821963,311
1685766399.9952343,310
1685766400.0115068,308
1685766400.023826,307
1685766400.0358412,308
1685766400.0521615,310
1685766400.0648434,311
1685766400.0768423,309
1685766400.0933814,307
1685766400.1052313,307
1685766400.1181,308
1685766400.1341114,310
1685766400.1461096,311
1685766400.1627672,309
1685766400.1746833,307
1685766400.1866803,307
1685766400.2035024,309
1685766400.2155523,311
1685766400.2285721,310
1685766400.2445066,309
1685766400.2564886,307
1685766400.2695405,307
1685766400.285727,309
1685766400.2975578,310
1685766400.3104944,310
1685766400.3268576,308
1685766400.3385854,307
1685766400.3554962,308
1685766400.3680549,310
1685766400.3802142,310
1685766400.3965268,310
1685766400.408493,308
1685766400.4208786,307
1685766400.437507,308
1685766400.448957,311
1685766400.4614894,311
1685766400.4785025,310
1685766400.4904995,309
1685766400.506827,309
1685766400.5195045,312
1685766400.532014,314
1685766400.5474784,314
1685766400.5603356,314
1685766400.5725603,313
1685766400.5891488,315
1685766400.6010916,317
1685766400.6135135,319
1685766400.629385,319
1685766400.642353,318
1685766400.6543403,318
1685766400.6703882,319
1685766400.6823921,322
1685766400.6996815,324
1685766400.7119632,323
1685766400.7232904,322
1685766400.740359,322
1685766400.752611,324
1685766400.764288,326
1685766400.781382,326
1685766400.7935123,322
1685766400.8056622,318
1685766400.8223007,314
1685766400.8343647,312
1685766400.8513331,310
1685766400.8635023,306
1685766400.8755608,301
1685766400.8923283,296
1685766400.9043875,294
1685766400.9165733,294
1685766400.9323683,294
1685766400.945354,292
1685766400.9573033,290
1685766400.9736836,288
1685766400.9863298,289
1685766401.0021205,292
1685766401.014486,295
1685766401.02712,298
1685766401.0431762,301
1685766401.0561502,306
1685766401.0683935,313
1685766401.0842628,319
1685766401.0969198,323
1685766401.108907,324
1685766401.1248996,323
1685766401.137977,324
1685766401.150035,326
1685766401.165962,326
1685766401.1789818,325
1685766401.1949768,322
1685766401.2072883,318
1685766401.2196233,316
1685766401.2360542,314
1685766401.248346,312
1685766401.2603202,307
1685766401.2774951,302
1685766401.2884917,298
1685766401.301491,296
1685766401.3178575,297
1685766401.3305087,297
1685766401.3466132,298
1685766401.3587945,300
1685766401.371685,307
1685766401.3874457,322
1685766401.3998039,336
1685766401.41246,349
1685766401.42846,360
1685766401.440792,372
1685766401.452441,383
1685766401.4689407,393
1685766401.4814544,402
1685766401.4937901,405
1685766401.5105493,405
1685766401.5225477,404
1685766401.5385504,402
1685766401.5510712,401
1685766401.5638366,397
1685766401.5800343,392
1685766401.592757,384
1685766401.6045344,376
1685766401.6213534,370
1685766401.6334262,364
1685766401.6453512,356
1685766401.661727,349
1685766401.674039,339
1685766401.689739,332
1685766401.702673,328
1685766401.7149806,323
1685766401.7316802,316
1685766401.7438967,307
1685766401.7557669,295
1685766401.7727013,284
1685766401.7847185,273
1685766401.7966664,261
1685766401.8132668,248
1685766401.8263323,236
1685766401.84192,226
1685766401.8539104,221
1685766401.8669043,219
1685766401.8831968,218
1685766401.895236,217
1685766401.9079325,217
1685766401.9241865,218
1685766401.935933,222
1685766401.9489093,226
1685766401.964897,230
1685766401.9772158,233
1685766401.9889605,235
1685766402.005978,239
1685766402.0179014,244
1685766402.0339618,250
1685766402.0469315,254
1685766402.0592427,256
1685766402.0759265,258
1685766402.087906,261
1685766402.0999632,266
1685766402.1159525,271
1685766402.1289182,274
1685766402.141178,275
1685766402.1568968,276
1685766402.1699598,279
1685766402.185898,283
1685766402.1979644,286
1685766402.2107675,287
1685766402.2269456,287
1685766402.2396357,289
1685766402.2519922,292
1685766402.2679305,296
1685766402.2807763,299
1685766402.2927127,300
1685766402.3086026,301
1685766402.3216083,304
1685766402.3336494,309
1685766402.3499284,314
1685766402.362601,317
1685766402.3788176,318
1685766402.3909128,319
1685766402.4035008,320
1685766402.4192827,324
1685766402.4313002,325
1685766402.4443643,323
1685766402.4607954,319
1685766402.4732842,316
1685766402.4853678,315
1685766402.5013516,314
1685766402.513605,314
1685766402.5303023,315
1685766402.5426505,317
1685766402.5549123,323
1685766402.5712607,333
1685766402.5834835,345
1685766402.5951803,354
1685766402.6122222,363
1685766402.6245012,369
1685766402.63644,377
1685766402.6531496,383
1685766402.6652122,388
1685766402.6811535,388
1685766402.6942239,385
1685766402.7064824,380
1685766402.7231362,374
1685766402.7351916,369
1685766402.748133,362
1685766402.7641141,351
1685766402.7762358,336
1685766402.7881305,321
1685766402.8041873,308
1685766402.8171144,298
1685766402.829317,289
1685766402.8457856,282
1685766402.858463,276
1685766402.8743777,275
1685766402.8868506,279
1685766402.8993056,285
1685766402.915465,291
1685766402.927462,295
1685766402.939799,297
1685766402.9564667,301
1685766402.9684598,305
1685766402.9811556,308
1685766402.9967196,308
1685766403.009714,307
1685766403.02571,305
1685766403.037781,305
1685766403.0507364,308
1685766403.066716,308
1685766403.0790257,305
1685766403.0907226,300
1685766403.1070669,295
1685766403.1200929,291
1685766403.1324027,290
1685766403.1484761,289
1685766403.1611154,287
1685766403.1731699,285
1685766403.1894183,286
1685766403.202045,290
1685766403.218042,293
1685766403.2301276,296
1685766403.2431405,297
1685766403.2590525,298
1685766403.2717397,300
1685766403.2840314,304
1685766403.2997577,307
1685766403.3127594,307
1685766403.324751,308
1685766403.341072,307
1685766403.3537586,311
1685766403.3699107,314
1685766403.381862,318
1685766403.394755,320
1685766403.4110022,319
1685766403.4233274,320
1685766403.4353032,322
1685766403.4519727,324
1685766403.4640012,324
1685766403.4766638,322
1685766403.4925838,318
1685766403.5046458,315
1685766403.5217292,316
1685766403.5338187,315
1685766403.5466244,313
1685766403.5626187,309
1685766403.5747256,303
1685766403.586703,299
1685766403.6036265,298
1685766403.6156058,297
1685766403.6276143,294
1685766403.6446178,290
1685766403.6566153,287
1685766403.6686108,286
1685766403.6856177,286
1685766403.697615,285
1685766403.7136335,283
1685766403.725962,278
1685766403.7382698,273
1685766403.7546844,268
1685766403.767058,263
1685766403.7794704,257
1685766403.7956965,250
1685766403.8084085,243
1685766403.820385,239
1685766403.8363845,239
1685766403.8489487,239
1685766403.8651016,240
1685766403.878033,241
1685766403.890107,241
1685766403.906107,244
1685766403.918857,248
1685766403.9307837,253
1685766403.9468646,256
1685766403.9598768,258
1685766403.9714942,261
1685766403.9890873,265
1685766404.0005963,271
1685766404.012602,276
1685766404.0296047,279
1685766404.0420032,280
1685766404.0575926,282
1685766404.0701458,287
1685766404.0818832,292
1685766404.0989602,295
1685766404.1109278,297
1685766404.1238337,298
1685766404.1400378,300
1685766404.1518855,305
1685766404.1644678,309
1685766404.1805272,313
1685766404.1925242,315
1685766404.209245,315
1685766404.2221842,318
1685766404.2340913,323
1685766404.2506604,326
1685766404.2629974,328
1685766404.2752988,328
1685766404.2909608,328
1685766404.303964,329
1685766404.3162193,332
1685766404.3324542,334
1685766404.3444803,334
1685766404.3601918,333
1685766404.3731427,333
1685766404.3858497,334
1685766404.401835,336
1685766404.4139676,337
1685766404.4269288,336
1685766404.4429977,334
1685766404.4552736,334
1685766404.4679227,335
1685766404.4839818,337
1685766404.4959052,337
1685766404.5089335,335
1685766404.525014,333
1685766404.5372336,333
1685766404.5531197,335
1685766404.5661829,335
1685766404.578213,335
1685766404.5942802,333
1685766404.606977,332
1685766404.6189678,332
1685766404.6358867,335
1685766404.6479447,336
1685766404.6598632,336
1685766404.676865,335
1685766404.6888623,334
1685766404.7049253,335
1685766404.7179081,336
1685766404.729905,336
1685766404.7459574,335
1685766404.757878,333
1685766404.7709026,332
1685766404.7871587,332
1685766404.7988975,333
1685766404.811899,333
1685766404.828017,331
1685766404.8402405,329
1685766404.8528805,328
1685766404.8688796,330
1685766404.8809106,331
1685766404.8979044,331
1685766404.9098809,328
1685766404.9216988,326
1685766404.9386985,326
1685766404.9507105,328
1685766404.962712,328
1685766404.979713,327
1685766404.9917045,325
1685766405.0040429,324
1685766405.02074,324
1685766405.0327086,325
1685766405.0487695,325
1685766405.0617478,324
1685766405.0738037,322
1685766405.0902057,322
1685766405.1019323,323
1685766405.1147678,324
1685766405.131442,324
1685766405.143509,322
1685766405.1554317,320
1685766405.1724474,320
1685766405.1844287,322
1685766405.2007432,322
1685766405.2132483,321
1685766405.2253187,319
1685766405.241514,318
1685766405.2538354,318
1685766405.2665112,320
1685766405.28272,321
1685766405.2951083,320
1685766405.30765,317
1685766405.3231273,316
1685766405.3361452,317
1685766405.348507,318
1685766405.3642418,318
1685766405.3772626,317
1685766405.393184,315
1685766405.4056659,314
1685766405.4178195,316
1685766405.4337227,317
1685766405.4467282,316
1685766405.4588044,315
1685766405.475163,313
1685766405.4871275,312
1685766405.4996872,314
1685766405.5164773,315
1685766405.5278811,314
1685766405.5445793,312
1685766405.5569828,310
1685766405.5696974,311
1685766405.5859256,313
1685766405.5981386,313
1685766405.6104999,312
1685766405.626783,309
1685766405.639039,308
1685766405.6515698,309
1685766405.667032,310
1685766405.679959,310
1685766405.696075,309
1685766405.7081163,307
1685766405.7212036,307
1685766405.7375376,309
1685766405.7515354,310
1685766405.7615383,310
1685766405.7785335,308
1685766405.7905421,306
1685766405.8025851,306
1685766405.8186054,308
1685766405.8315532,309
1685766405.8435848,309
1685766405.8596017,307
1685766405.8725498,305
1685766405.8885996,306
1685766405.900595,308
1685766405.9135282,309
1685766405.9297364,308
1685766405.9417462,307
1685766405.9546938,306
1685766405.9707327,308
1685766405.9826567,310
1685766405.9950566,310
1685766406.012106,309
1685766406.0233722,308
1685766406.0407827,308
1685766406.052226,309
1685766406.0649462,311
1685766406.081722,310
1685766406.0937157,309
1685766406.1061225,307
1685766406.1223505,307
1685766406.1342368,309
1685766406.1463716,310
1685766406.1626933,308
1685766406.175687,307
1685766406.1876204,305
1685766406.2041838,305
1685766406.2165477,308
1685766406.2321832,308
1685766406.2449584,308
1685766406.2570121,306
1685766406.2732036,306
1685766406.2861655,307
1685766406.2980533,309
1685766406.3150785,310
1685766406.3275163,309
1685766406.3391716,306
1685766406.35622,306
1685766406.3683245,307
1685766406.3844013,307
1685766406.3964472,306
1685766406.408575,304
1685766406.4258099,302
1685766406.4372199,302
1685766406.4502704,304
1685766406.4662924,305
1685766406.4781163,305
1685766406.4903488,303
1685766406.507448,302
1685766406.5197456,303
1685766406.536116,305
1685766406.548156,307
1685766406.5608368,306
1685766406.5775094,304
1685766406.5895019,304
1685766406.6026378,306
1685766406.617892,308
1685766406.6302288,308
1685766406.6428833,307
1685766406.65913,306
1685766406.671206,306
1685766406.6831045,308
1685766406.7002528,309
1685766406.7121205,309
1685766406.728592,308
1685766406.7409325,307
1685766406.7529805,308
1685766406.7696955,310
1685766406.781835,311
1685766406.794113,311
1685766406.8102875,310
1685766406.8229027,309
1685766406.8352337,310
1685766406.8511288,311
1685766406.8639257,312
1685766406.8792062,311
1685766406.8927226,309
1685766406.9047124,308
1685766406.9213233,310
1685766406.9330804,312
1685766406.9453537,312
1685766406.9614022,311
1685766406.974634,310
1685766406.9869258,310
1685766407.0032134,312
1685766407.0155678,315
1685766407.0276687,315
1685766407.0433035,313
1685766407.0565152,312
1685766407.0728762,313
1685766407.0845094,315
1685766407.0968983,315
1685766407.1132503,313
1685766407.1255405,310
1685766407.1385074,308
1685766407.154086,308
1685766407.1668437,309
1685766407.1789546,308
1685766407.1952987,306
1685766407.2073576,304
1685766407.223919,303
1685766407.236553,304
1685766407.2488146,305
1685766407.2650404,305
1685766407.2772956,304
1685766407.2891674,302
1685766407.3061004,303
1685766407.3181708,305
1685766407.3303013,306
1685766407.3470023,306
1685766407.3596165,305
1685766407.375331,304
1685766407.3881114,304
1685766407.3999844,307
1685766407.416157,308
1685766407.429013,307
1685766407.4415994,305
1685766407.4579268,304
1685766407.4701416,306
1685766407.4819074,308
1685766407.4989536,308
1685766407.5109081,307
1685766407.5233011,305
1685766407.539296,305
1685766407.5519373,307
1685766407.5685425,309
1685766407.5807047,309
1685766407.5929718,307
1685766407.6088622,306
1685766407.6211522,306
1685766407.633397,308
1685766407.6494417,309
1685766407.6623378,309
1685766407.6748075,307
1685766407.6910555,306
1685766407.7031949,306
1685766407.7198348,308
1685766407.7320044,309
1685766407.7446637,309
1685766407.7606757,307
1685766407.77272,306
1685766407.7847297,307
1685766407.8017213,309
1685766407.814042,310
1685766407.8257658,309
1685766407.8421206,307
1685766407.8549254,306
1685766407.8707836,308
1685766407.8832803,310
1685766407.8956518,310
1685766407.9123995,308
1685766407.9248862,307
1685766407.9368262,307
1685766407.9532008,309
1685766407.965197,310
1685766407.9778001,310
1685766407.9942377,308
1685766408.006571,307
1685766408.0186245,308
1685766408.03528,310
1685766408.0470483,311
1685766408.063745,310
1685766408.0762432,308
1685766408.0889966,308
1685766408.1047988,309
1685766408.1168413,311
1685766408.1290085,311
1685766408.1450827,310
1685766408.158145,308
1685766408.1698768,308
1685766408.1869247,310
1685766408.1993098,311
1685766408.2147424,311
1685766408.2272046,310
1685766408.2399347,308
1685766408.255977,308
1685766408.268888,310
1685766408.2804325,311
1685766408.2971835,311
1685766408.3099105,309
1685766408.3212667,307
1685766408.3376858,308
1685766408.3507261,310
1685766408.3624,310
1685766408.3791862,309
1685766408.391212,307
1685766408.407254,306
1685766408.4204853,308
1685766408.432679,310
1685766408.4484532,310
1685766408.4612086,309
1685766408.473453,307
1685766408.4899366,306
1685766408.5015395,309
1685766408.514575,310
1685766408.5303774,311
1685766408.5423734,309
1685766408.558796,308
1685766408.5713584,309
1685766408.5840487,311
1685766408.6006198,312
1685766408.6128325,311
1685766408.6252325,310
1685766408.6420703,308
1685766408.6532145,309
1685766408.6657147,311
1685766408.681644,312
1685766408.694213,311
1685766408.7103033,309
1685766408.723281,308
1685766408.7358084,310
1685766408.751864,311
1685766408.7638962,312
1685766408.776124,311
1685766408.7923293,308
1685766408.805268,308
1685766408.8172736,310
1685766408.8333497,312
1685766408.845582,312
1685766408.8582551,310
1685766408.8742447,309
1685766408.88719,309
1685766408.903605,311
1685766408.9151697,313
1685766408.927754,312
1685766408.9438019,311
1685766408.9567523,309
1685766408.9691474,310
1685766408.9857159,312
1685766408.9973638,313
1685766409.0102358,312
1685766409.0261974,310
1685766409.0386164,309
1685766409.0549905,310
1685766409.0669217,312
1685766409.0798504,312
1685766409.0957003,310
1685766409.1083977,309
1685766409.1203666,308
1685766409.136811,310
1685766409.1493294,311
1685766409.1612887,311
1685766409.1773458,309
1685766409.1902847,308
1685766409.2022905,308
1685766409.2187161,310
1685766409.2311347,311
1685766409.2471766,310
1685766409.25951,308
1685766409.2722032,307
1685766409.2885618,308
1685766409.3001778,310
1685766409.313123,311
1685766409.329665,309
1685766409.341242,308
1685766409.3534234,307
1685766409.3702593,308
1685766409.3828392,310
1685766409.3983512,310
1685766409.411289,309
1685766409.42384,307
1685766409.440043,307
1685766409.4522517,308
1685766409.4642363,310
1685766409.4812179,310
1685766409.493286,308
1685766409.5058763,306
1685766409.5220351,307
1685766409.5337062,309
1685766409.5497708,310
1685766409.562873,309
1685766409.5749202,308
1685766409.5910199,306
1685766409.6040223,307
1685766409.6160324,309
1685766409.6320753,310
1685766409.644042,309
1685766409.6570213,306
1685766409.6730165,306
1685766409.685554,307
1685766409.6977866,308
1685766409.7140305,308
1685766409.7265856,307
1685766409.7425675,305
1685766409.7555132,305
1685766409.7675602,306
1685766409.7840235,308
1685766409.7968268,307
1685766409.8078666,305
1685766409.8247879,304
1685766409.837281,304
1685766409.8494427,306
1685766409.8656652,307
1685766409.8782995,306
1685766409.893898,304
1685766409.9072978,303
1685766409.9193144,304
1685766409.9358256,306
1685766409.9475322,306
1685766409.960386,305
1685766409.9773245,303
1685766409.9885347,302
1685766410.001258,303
1685766410.0178673,305
1685766410.0299013,305
1685766410.042138,303
1685766410.0582726,300
1685766410.0708303,300
1685766410.0871265,302
1685766410.0993865,302
1685766410.1117373,302
1685766410.1283557,300
1685766410.1407418,298
1685766410.1526895,298
1685766410.1690392,299
1685766410.1814024,300
1685766410.1932342,299
1685766410.2098184,297
1685766410.222006,295
1685766410.23814,296
1685766410.2511022,298
1685766410.2632535,298
1685766410.2797728,297
1685766410.2917678,294
1685766410.3043756,293
1685766410.3203723,295
1685766410.3329551,296
1685766410.3454812,296
1685766410.361228,295
1685766410.3732188,293
1685766410.389399,293
1685766410.4024959,295
1685766410.4148674,296
1685766410.4317105,295
1685766410.4429436,294
1685766410.4558794,292
1685766410.472229,293
1685766410.4847987,295
1685766410.4963598,296
1685766410.5131662,295
1685766410.5256102,294
1685766410.5378683,293
1685766410.553667,295
1685766410.5662203,297
1685766410.5828176,298
1685766410.5945296,297
1685766410.6075318,296
1685766410.6231117,295
1685766410.6360166,298
1685766410.6480732,299
1685766410.6643186,300
1685766410.6772017,299
1685766410.6891904,298
1685766410.7052844,298
1685766410.7179816,301
1685766410.733531,302
1685766410.7461264,302
1685766410.759193,301
1685766410.775172,300
1685766410.7872584,302
1685766410.7997115,304
1685766410.816392,306
1685766410.8284595,305
1685766410.8406487,304
1685766410.8573492,304
1685766410.8693285,306
1685766410.8821242,309
1685766410.8983326,309
1685766410.910332,309
1685766410.926796,308
1685766410.939104,308
1685766410.9512873,311
1685766410.967248,312
1685766410.979875,313
1685766410.9917653,312
1685766411.0087068,311
1685766411.0207856,312
1685766411.0328298,314
1685766411.049605,315
1685766411.0614705,315
1685766411.0777154,314
1685766411.090713,313
1685766411.1029305,315
1685766411.1194806,317
1685766411.1318376,318
1685766411.143595,317
1685766411.160302,316
1685766411.17249,315
1685766411.1845398,317
1685766411.2015603,318
1685766411.2135599,319
1685766411.2289805,317
1685766411.2418098,316
1685766411.2537897,316
1685766411.2713344,318
1685766411.2831244,319
1685766411.2956882,319
1685766411.3112853,318
1685766411.3241763,316
1685766411.3358266,317
1685766411.352746,319
1685766411.364492,320
1685766411.3774683,320
1685766411.393694,318
1685766411.4059758,317
1685766411.4217443,319
1685766411.4341645,321
1685766411.4469206,322
1685766411.4629366,321
1685766411.4759133,320
1685766411.4879956,319
1685766411.50399,320
1685766411.5162935,322
1685766411.5289943,322
1685766411.5454917,321
1685766411.5572672,319
1685766411.573996,319
1685766411.5869405,321
1685766411.5980291,322
1685766411.6149995,322
1685766411.6270971,320
1685766411.6389308,319
1685766411.6559389,319
1685766411.6680138,321
1685766411.6800566,322
1685766411.6969156,322
1685766411.708935,320
1685766411.721233,318
1685766411.737219,319
1685766411.750225,321
1685766411.7664568,321
1685766411.7784595,320
1685766411.7905414,318
1685766411.8074424,317
1685766411.8192077,319
1685766411.832146,320
1685766411.848498,320
1685766411.8604906,319
1685766411.873166,317
1685766411.8893878,317
1685766411.9011781,318
1685766411.917708,319
1685766411.9297564,319
1685766411.9428113,318
1685766411.9587946,316
1685766411.970864,316
1685766411.9837368,318
1685766411.9997613,318
1685766412.0117404,318
1685766412.0247538,317
1685766412.0407326,316
1685766412.0528035,317
1685766412.0687985,319
1685766412.0819557,320
1685766412.0940516,319
1685766412.110803,318
1685766412.1228154,318
1685766412.135055,319
1685766412.1517358,321
1685766412.1637375,321
1685766412.1758256,319
1685766412.1918128,317
1685766412.2047558,317
1685766412.216796,318
1685766412.2330596,320
1685766412.2464116,319
1685766412.26152,318
1685766412.2744603,316
1685766412.2865472,317
1685766412.3027675,319
1685766412.3154795,320
1685766412.32741,319
1685766412.344028,317
1685766412.3562386,317
1685766412.368048,318
1685766412.3852773,319
1685766412.3973382,320
1685766412.412785,319
1685766412.4258366,318
1685766412.4380963,318
1685766412.4547932,320
1685766412.4668374,323
1685766412.479776,324
1685766412.4957721,324
1685766412.5078516,323
1685766412.520104,324
1685766412.5364187,326
1685766412.5486703,327
1685766412.5614295,325
1685766412.5775938,322
1685766412.589407,319
1685766412.605398,317
1685766412.6184902,316
1685766412.6304533,314
1685766412.6475034,310
1685766412.659001,306
1685766412.6719422,303
1685766412.6880152,303
1685766412.6999714,304
1685766412.712692,304
1685766412.7290027,303
1685766412.7408817,300
1685766412.7571497,300
1685766412.7699242,301
1685766412.7818246,302
1685766412.798887,303
1685766412.8108258,302
1685766412.8228333,301
1685766412.8398187,303
1685766412.8518972,308
1685766412.863882,314
1685766412.8805397,318
1685766412.892301,322
1685766412.908306,324
1685766412.921365,328
1685766412.9344456,332
1685766412.9499362,334
1685766412.9626243,334
1685766412.9749978,331
1685766412.9912412,327
1685766413.002932,325
1685766413.0159457,322
1685766413.031993,319
1685766413.0439878,314
1685766413.056945,307
1685766413.0730078,303
1685766413.0852814,303
1685766413.1019294,305
1685766413.114008,308
1685766413.1259441,314
1685766413.1423597,324
1685766413.1552265,335
1685766413.1668644,347
1685766413.1838574,359
1685766413.1958601,368
1685766413.2078705,375
1685766413.2242,382
1685766413.2370636,388
1685766413.2525434,395
1685766413.2655594,397
1685766413.2776005,398
1685766413.2942786,395
1685766413.3071067,392
1685766413.3187263,392
1685766413.3348844,389
1685766413.3475554,385
1685766413.3596008,378
1685766413.3755605,369
1685766413.3885436,363
1685766413.4010615,358
1685766413.4165726,353
1685766413.4296193,346
1685766413.4455616,338
1685766413.4582753,328
1685766413.4702268,319
1685766413.4865048,311
1685766413.4982753,300
1685766413.5112832,288
1685766413.5272202,273
1685766413.5402336,260
1685766413.5522392,248
1685766413.5681767,240
1685766413.581187,233
1685766413.5972626,226
1685766413.609226,221
1685766413.6212246,218
1685766413.638426,219
1685766413.6505625,222
1685766413.6621563,224
1685766413.6791666,225
1685766413.6911557,226
1685766413.7034805,229
1685766413.7204423,234
1685766413.7322795,240
1685766413.7445438,244
1685766413.7612119,247
1685766413.7736669,249
1685766413.789238,253
1685766413.8022513,258
1685766413.8143377,263
1685766413.8305724,265
1685766413.842664,266
1685766413.854968,268
1685766413.871649,272
1685766413.8837128,276
1685766413.8969104,280
1685766413.9129028,282
1685766413.924899,284
1685766413.9408717,287
1685766413.9537692,292
1685766413.9660726,297
1685766413.9819002,301
1685766413.994745,304
1685766414.006886,307
1685766414.0229967,313
1685766414.0357587,319
1685766414.047696,324
1685766414.0643077,325
1685766414.0768704,325
1685766414.0926876,324
1685766414.1050057,324
1685766414.1177075,326
1685766414.1339755,325
1685766414.1459584,321
1685766414.157909,316
1685766414.1749249,309
1685766414.1868699,306
1685766414.1989207,306
1685766414.215915,303
1685766414.2281404,301
1685766414.2411118,301
1685766414.2561486,306
1685766414.269067,315
1685766414.285398,325
1685766414.297117,335
1685766414.3101087,344
1685766414.3260632,351
1685766414.3381214,358
1685766414.3511343,365
1685766414.3670557,369
1685766414.3790545,369
1685766414.3912525,366
1685766414.4075766,362
1685766414.4205632,357
1685766414.4367423,352
1685766414.4491057,344
1685766414.4607918,332
1685766414.4778507,318
1685766414.4897754,304
1685766414.502773,293
1685766414.5188498,285
1685766414.530774,277
1685766414.543198,270
1685766414.5598552,265
1685766414.5721083,263
1685766414.584112,266
1685766414.6008472,271
1685766414.6128325,275
1685766414.6291091,278
1685766414.6418827,281
1685766414.653994,285
1685766414.6698143,289
1685766414.6828966,293
1685766414.69483,294
1685766414.7108898,293
1685766414.7238836,293
1685766414.7359433,294
1685766414.7523513,297
1685766414.7645135,298
1685766414.7813447,297
1685766414.792923,296
1685766414.8051481,294
1685766414.822191,294
1685766414.8341577,294
1685766414.8464158,294
1685766414.8632092,293
1685766414.8752046,291
1685766414.8876832,291
1685766414.9041352,297
1685766414.9162114,303
1685766414.9324892,310
1685766414.9450123,315
1685766414.9569643,320
1685766414.973278,325
1685766414.9860196,332
1685766414.997958,338
1685766415.0142865,339
1685766415.0269544,338
1685766415.0390878,336
1685766415.0549471,336
1685766415.06794,338
1685766415.080033,339
1685766415.096029,337
1685766415.1080017,336
1685766415.1249495,336
1685766415.137293,339
1685766415.1493008,343
1685766415.1659334,347
1685766415.178212,348
1685766415.1899378,349
1685766415.206955,350
1685766415.2199624,354
1685766415.2317321,357
1685766415.2477562,357
1685766415.259749,355
1685766415.2761004,352
1685766415.2887495,351
1685766415.300753,352
1685766415.317813,351
1685766415.329832,349
1685766415.3417442,345
1685766415.357953,341
1685766415.3705266,340
1685766415.382544,340
1685766415.3994832,337
1685766415.4114692,332
1685766415.423466,325
1685766415.4405422,318
1685766415.4527497,311
1685766415.469234,304
1685766415.4815373,295
1685766415.4935186,284
1685766415.5098147,274
1685766415.522489,267
1685766415.5344644,263
1685766415.5508015,261
1685766415.5630267,259
1685766415.575026,257
1685766415.5918052,256
1685766415.604544,257
1685766415.6206079,261
1685766415.6328635,265
1685766415.6447873,266
1685766415.6614752,268
1685766415.6734824,269
1685766415.685816,273
1685766415.7025504,277
1685766415.7145164,280
1685766415.7265327,282
1685766415.7430093,282
1685766415.7550075,283
1685766415.7714212,286
1685766415.7844646,290
1685766415.7967463,293
1685766415.8123908,293
1685766415.825456,293
1685766415.8374598,295
1685766415.8542714,298
1685766415.8665264,301
1685766415.8782666,302
1685766415.8953326,301
1685766415.9072676,301
1685766415.9197202,302
1685766415.9363148,305
1685766415.9485815,307
1685766415.9646568,307
1685766415.976576,306
1685766415.9895692,306
1685766416.0058527,307
1685766416.0178332,309
1685766416.029512,310
1685766416.0465698,309
1685766416.0588405,308
1685766416.0708604,307
1685766416.0877,309
1685766416.099568,311
1685766416.1158664,311
1685766416.128645,310
1685766416.1406875,308
1685766416.157131,308
1685766416.1690674,310
1685766416.182147,312
1685766416.198082,311
1685766416.2100825,310
1685766416.2231367,308
1685766416.2390652,309
1685766416.2514703,311
1685766416.2637973,312
1685766416.2798061,311
1685766416.29253,309
1685766416.30881,308
1685766416.3209546,310
1685766416.333457,312
1685766416.3498137,313
1685766416.3617864,312
1685766416.374461,310
1685766416.3905218,310
1685766416.4024634,312
1685766416.4155357,314
1685766416.431516,314
1685766416.4445255,313
1685766416.459638,311
1685766416.4724436,311
1685766416.4849486,314
1685766416.5014532,315
1685766416.5134566,314
1685766416.5254352,313
1685766416.5414932,312
1685766416.55454,313
1685766416.5671146,315
1685766416.5827177,317
1685766416.5955155,316
1685766416.6114926,314
1685766416.6235068,313
1685766416.6365156,314
1685766416.6527562,315
1685766416.6653883,316
1685766416.6774564,314
1685766416.6937494,312
1685766416.7065024,311
1685766416.7184465,312
1685766416.734804,313
1685766416.7470114,313
1685766416.7589858,311
1685766416.7749922,309
1685766416.788062,309
1685766416.804041,311
1685766416.8163223,312
1685766416.828993,311
1685766416.8450432,309
1685766416.8577344,308
1685766416.8692083,308
1685766416.8862693,310
1685766416.8983164,311
1685766416.910315,309
1685766416.927643,307
1685766416.9391682,306
1685766416.9551744,307
1685766416.968474,309
1685766416.9807258,309
1685766416.9965491,308
1685766417.009457,306
1685766417.0214782,306
1685766417.0374753,307
1685766417.0495372,309
1685766417.0625346,309
1685766417.078477,307
1685766417.090483,305
1685766417.106521,306
1685766417.1194751,308
1685766417.1315374,309
1685766417.1476781,309
1685766417.160473,307
1685766417.1725016,306
1685766417.1885111,306
1685766417.2015374,308
1685766417.2135274,309
1685766417.2296953,308
1685766417.2418637,306
1685766417.2551663,305
1685766417.2714014,306
1685766417.2834444,307
1685766417.3000038,307
1685766417.3118932,305
1685766417.3248446,303
1685766417.3418267,302
1685766417.3528395,304
1685766417.3648367,306
1685766417.3818204,305
1685766417.3938262,304
1685766417.4062383,302
1685766417.422827,302
1685766417.4348197,305
1685766417.4511967,306
1685766417.4635603,306
1685766417.476136,304
1685766417.4921505,303
1685766417.504144,304
1685766417.51672,306
1685766417.533185,306
1685766417.5453355,306
1685766417.5573425,304
1685766417.5743012,303
1685766417.58642,305
1685766417.5992382,307
1685766417.6155996,307
1685766417.6276517,306
1685766417.6436424,304
1685766417.6558895,304
1685766417.668717,306
1685766417.6844153,307
1685766417.6965866,307
1685766417.7098045,305
1685766417.7256763,303
1685766417.7384691,303
1685766417.750482,305
1685766417.7668498,306
1685766417.7793028,305
1685766417.7953851,304
1685766417.807668,303
1685766417.820463,304
1685766417.8362422,306
1685766417.8484395,307
1685766417.8612103,306
1685766417.8777764,303
1685766417.8897796,303
1685766417.9022582,305
1685766417.9184916,307
1685766417.930896,308
1685766417.9470239,309
1685766417.9586945,309
1685766417.9717004,312
1685766417.988037,316
1685766418.000431,319
1685766418.0128818,319
1685766418.0286086,318
1685766418.0415692,315
1685766418.0536535,313
1685766418.0695553,312
1685766418.081489,312
1685766418.0944552,309
1685766418.1114216,307
1685766418.1231062,306
1685766418.139042,308
1685766418.1516957,311
1685766418.164507,314
1685766418.1806457,315
1685766418.1927397,315
1685766418.205362,317
1685766418.221615,321
1685766418.233856,325
1685766418.2461488,328
1685766418.2620282,329
1685766418.274775,330
1685766418.2905245,331
1685766418.3034215,334
1685766418.3151782,336
1685766418.332175,336
1685766418.3443034,333
1685766418.356807,330
1685766418.3728027,328
1685766418.3846061,328
1685766418.3971977,328
1685766418.4139159,323
1685766418.426924,319
1685766418.442424,315
1685766418.4550037,314
1685766418.4674227,313
1685766418.4834857,311
1685766418.4954653,309
1685766418.5079463,307
1685766418.5247145,307
1685766418.5363638,309
1685766418.5494227,310
1685766418.5659366,310
1685766418.577743,309
1685766418.5901577,306
1685766418.6062129,308
1685766418.618862,310
1685766418.6352746,311
1685766418.6478214,312
1685766418.6597476,309
1685766418.6757646,306
1685766418.6882076,305
1685766418.7005847,306
1685766418.7171998,306
1685766418.7294958,305
1685766418.7414117,303
1685766418.7581184,302
1685766418.7697403,302
1685766418.7857726,303
1685766418.7990968,303
1685766418.8113854,302
1685766418.8271654,300
1685766418.8400187,300
1685766418.8526068,301
1685766418.8686507,302
1685766418.8806453,300
1685766418.893952,298
1685766418.9105117,296
1685766418.922358,296
1685766418.9345365,298
1685766418.9507504,299
1685766418.9627013,299
1685766418.9795816,298
1685766418.9916794,296
1685766419.0036695,298
1685766419.0204325,300
1685766419.0328293,301
1685766419.0451741,300
1685766419.0614016,300
1685766419.0736358,299
1685766419.0858488,302
1685766419.1023765,304
1685766419.1145422,305
1685766419.130869,304
1685766419.1432528,303
1685766419.1553066,304
1685766419.171903,306
1685766419.1840882,308
1685766419.19669,308
1685766419.212827,306
1685766419.2249405,305
1685766419.2377896,306
1685766419.2535563,308
1685766419.2660332,309
1685766419.2820363,309
1685766419.2947726,307
1685766419.3069696,306
1685766419.3233774,307
1685766419.3354788,309
1685766419.3478827,310
1685766419.364348,308
1685766419.37634,306
1685766419.3882318,306
1685766419.4046574,308
1685766419.417752,310
1685766419.4297523,311
1685766419.4465115,310
1685766419.458082,308
1685766419.4743366,308
1685766419.487397,310
1685766419.4995048,312
1685766419.515854,311
1685766419.528123,309
1685766419.5401263,307
1685766419.5565672,308
1685766419.5692935,310
1685766419.5814576,311
1685766419.5977702,310
1685766419.6107247,308
1685766419.6261926,307
1685766419.6389215,308
1685766419.6510684,310
1685766419.6665962,310
1685766419.6796148,310
1685766419.6920054,308
1685766419.708566,307
1685766419.720277,309
1685766419.7325943,311
1685766419.7495306,311
1685766419.7615683,310
1685766419.7738028,309
1685766419.7904818,309
1685766419.8024774,311
1685766419.8189912,313
1685766419.831137,313
1685766419.8431299,312
1685766419.8597744,310
1685766419.8718114,311
1685766419.883871,313
1685766419.9004567,313
1685766419.9131424,312
1685766419.9252944,310
1685766419.9419026,309
1685766419.9540768,310
1685766419.9699838,312
1685766419.982713,312
1685766419.9947107,310
1685766420.011531,308
1685766420.0235336,307
1685766420.0355148,308
1685766420.0525608,309
1685766420.0645638,309
1685766420.0765588,307
1685766420.0936594,305
1685766420.1056514,305
1685766420.1217442,306
1685766420.1337118,307
1685766420.1465285,307
1685766420.162924,305
1685766420.175288,304
1685766420.187561,304
1685766420.2039952,306
1685766420.2155626,307
1685766420.2284918,306
1685766420.2444468,304
1685766420.2574446,303
1685766420.2695868,304
1685766420.2852564,306
1685766420.2982666,306
1685766420.3146274,304
1685766420.3267765,302
1685766420.3385305,302
1685766420.3554482,303
1685766420.3673007,305
1685766420.3792992,304
1685766420.3966668,303
1685766420.4083548,301
1685766420.4202921,302
1685766420.4372144,304
1685766420.4498308,305
1685766420.4661686,304
1685766420.4781678,303
1685766420.4905925,301
1685766420.506874,302
1685766420.5195837,305
1685766420.5315623,305
1685766420.5481987,304
1685766420.5605898,302
1685766420.5725129,302
1685766420.5890396,303
1685766420.6013074,305
1685766420.6167703,305
1685766420.6298916,304
1685766420.642418,302
1685766420.6587365,302
1685766420.6709406,304
1685766420.683473,306
1685766420.6993155,306
1685766420.7112982,304
1685766420.7241163,303
1685766420.7402632,303
1685766420.7532892,305
1685766420.7649975,306
1685766420.781517,306
1685766420.793768,304
1685766420.8099537,303
1685766420.8217845,305
1685766420.8345194,307
1685766420.8512707,307
1685766420.863827,307
1685766420.875993,305
1685766420.8920634,305
1685766420.9044755,307
1685766420.9165154,309
1685766420.9329393,309
1685766420.9453056,308
1685766420.9612498,306
1685766420.9736717,306
1685766420.9867845,309
1685766421.0035133,310
1685766421.0149834,310
1685766421.027466,309
1685766421.0434177,307
1685766421.0559056,308
1685766421.0675938,310
1685766421.0842674,311
1685766421.0962565,311
1685766421.1092393,309
1685766421.125249,308
1685766421.1380355,309
1685766421.1534007,311
1685766421.1664488,312
1685766421.1788654,312
1685766421.1954484,310
1685766421.2068222,309
1685766421.2191334,311
1685766421.236523,313
1685766421.2485862,313
1685766421.2609377,312
1685766421.276933,310
1685766421.2893395,310
1685766421.3057566,313
1685766421.3177545,314
1685766421.3306508,313
1685766421.3461783,312
1685766421.359004,311
1685766421.3705037,311
1685766421.3874393,313
1685766421.3994489,314
1685766421.4124618,314
1685766421.4282782,312
1685766421.4408307,311
1685766421.4569018,312
1685766421.469914,314
1685766421.4817715,314
1685766421.498528,314
1685766421.5105734,312
1685766421.522763,311
1685766421.5385122,313
1685766421.5509083,315
1685766421.5634513,315
1685766421.5795858,314
1685766421.592544,312
1685766421.604509,313
1685766421.6211698,315
1685766421.6333039,316
1685766421.6491792,315
1685766421.661629,314
1685766421.6743863,312
1685766421.690752,313
1685766421.7030642,315
1685766421.7152836,316
1685766421.731624,315
1685766421.7434547,313
1685766421.7564485,312
1685766421.7722678,313
1685766421.7851872,315
1685766421.8015969,316
1685766421.812983,315
1685766421.8252084,313
1685766421.8422806,312
1685766421.8543754,314
1685766421.8668475,316
1685766421.8831043,316
1685766421.8951437,315
1685766421.9072273,313
1685766421.9239273,313
1685766421.9363875,316
1685766421.9525015,316
1685766421.9649591,316
1685766421.9777584,314
1685766421.9938817,313
1685766422.0065165,314
1685766422.018642,316
1685766422.034385,317
1685766422.046325,316
1685766422.0591874,314
1685766422.0758483,313
1685766422.0883727,315
1685766422.100633,316
1685766422.1165388,316
1685766422.1286504,315
1685766422.1456501,312
1685766422.1577024,312
1685766422.169599,314
1685766422.1857142,315
1685766422.1981707,315
1685766422.2108831,313
1685766422.2271123,311
1685766422.2395031,311
1685766422.2522185,313
1685766422.2682354,314
1685766422.280832,313
1685766422.295877,311
1685766422.3095202,310
1685766422.32095,311
1685766422.3375795,312
1685766422.3501084,313
1685766422.3617177,312
1685766422.378826,309
1685766422.3912508,308
1685766422.4032495,310
1685766422.4192538,311
1685766422.4315186,311
1685766422.444583,309
1685766422.4607966,307
1685766422.472849,307
1685766422.4894476,309
1685766422.5011742,310
1685766422.5140724,309
1685766422.5305521,307
1685766422.5427034,306
1685766422.5546954,306
1685766422.5706937,308
1685766422.5836937,309
1685766422.5959103,307
1685766422.611897,305
1685766422.6238956,304
1685766422.6408863,305
1685766422.6524847,307
1685766422.665604,307
1685766422.6822195,306
1685766422.6939073,304
1685766422.706909,303
1685766422.7228532,304
1685766422.7354875,306
1685766422.7476988,306
1685766422.7637804,304
1685766422.7764437,302
1685766422.7923524,302
1685766422.8044071,304
1685766422.8170934,305
1685766422.833689,304
1685766422.8454363,302
1685766422.8581226,300
1685766422.8741267,301
1685766422.8860505,303
1685766422.8986697,304
1685766422.9148386,303
1685766422.9274406,302
1685766422.940217,301
1685766422.9574718,302
1685766422.968667,304
1685766422.9846041,304
1685766422.9966989,303
1685766423.0096433,301
1685766423.025897,301
1685766423.037764,303
1685766423.0498278,305
1685766423.067136,305
1685766423.079123,304
1685766423.0911863,302
1685766423.1075144,303
1685766423.1202087,305
1685766423.1365318,306
1685766423.1481879,306
1685766423.161201,305
1685766423.1774957,304
1685766423.1895018,305
1685766423.2021449,307
1685766423.2181652,308
1685766423.2301383,307
1685766423.2431226,306
1685766423.25955,305
1685766423.2716134,307
1685766423.287888,309
1685766423.3006186,310
1685766423.312631,309
1685766423.3285475,307
1685766423.3415473,307
1685766423.353332,309
1685766423.3699605,311
1685766423.3829665,311
1685766423.394023,309
1685766423.411038,308
1685766423.422965,309
1685766423.4349647,311
1685766423.4519951,312
1685766423.4643958,312
1685766423.4805732,311
1685766423.4930408,310
1685766423.5053906,310
1685766423.5217214,312
1685766423.5333471,314
1685766423.5458658,313
1685766423.561927,311
1685766423.574742,310
1685766423.58642,312
1685766423.6033645,314
1685766423.615745,314
1685766423.6316662,313
1685766423.6444428,312
1685766423.656935,312
1685766423.6724336,314
1685766423.6855164,315
1685766423.6974282,315
1685766423.7134333,314
1685766423.7264926,313
1685766423.7385652,313
1685766423.7549572,315
1685766423.7672403,316
1685766423.7793093,316
1685766423.7960658,314
1685766423.8083186,312
1685766423.8243628,314
1685766423.8369966,316
1685766423.8495038,316
1685766423.8652499,315
1685766423.878006,313
1685766423.8899364,312
1685766423.9063923,314
1685766423.91858,315
1685766423.930588,315
1685766423.9475808,314
1685766423.9600818,312
1685766423.9760945,311
1685766423.9883752,313
1685766424.0010374,315
1685766424.0170858,314
1685766424.029071,312
1685766424.0413961,311
1685766424.0583255,312
1685766424.0703435,314
1685766424.0823274,315
1685766424.0986469,315
1685766424.1113918,314
1685766424.1274083,313
1685766424.1403391,316
1685766424.152363,318
1685766424.1684747,319
1685766424.180905,319
1685766424.1935382,317
1685766424.209533,316
1685766424.2217994,318
1685766424.2334712,320
1685766424.2505443,320
1685766424.262363,320
1685766424.2753353,318
1685766424.2913454,317
1685766424.3033416,319
1685766424.3204021,321
1685766424.332431,320
1685766424.344657,319
1685766424.3612926,317
1685766424.3732362,318
1685766424.3853617,319
1685766424.40236,320
1685766424.414467,317
1685766424.426441,313
1685766424.4423604,309
1685766424.455455,308
1685766424.4716735,308
1685766424.4833822,306
1685766424.4964793,304
1685766424.5126796,303
1685766424.524363,304
1685766424.5373647,308
1685766424.5534236,316
1685766424.5657675,322
1685766424.5777004,326
1685766424.5947828,329
1685766424.6068833,332
1685766424.6227016,336
1685766424.6357746,337
1685766424.6481867,336
1685766424.664327,331
1685766424.6762087,326
1685766424.6884902,322
1685766424.7052495,320
1685766424.717079,316
1685766424.7301295,311
1685766424.7457216,305
1685766424.7582393,303
1685766424.770229,305
1685766424.786972,311
1685766424.7992973,317
1685766424.8150222,321
1685766424.8280516,328
1685766424.8403244,337
1685766424.8569536,347
1685766424.868909,356
1685766424.8812647,362
1685766424.897985,365
1685766424.9099498,366
1685766424.921973,366
1685766424.9389734,369
1685766424.951692,369
1685766424.966859,368
1685766424.9799197,365
1685766424.9919283,362
1685766425.0082893,361
1685766425.0207798,361
1685766425.0325994,358
1685766425.0495982,353
1685766425.0616105,346
1685766425.073535,339
1685766425.0895512,334
1685766425.1027684,328
1685766425.1148348,319
1685766425.1315553,307
1685766425.1435418,294
1685766425.1600256,281
1685766425.1718786,269
1685766425.184551,261
1685766425.200636,253
1685766425.2126122,246
1685766425.2256303,240
1685766425.241611,239
1685766425.2536285,240
1685766425.2666194,241
1685766425.282667,241
1685766425.2948656,242
1685766425.311573,243
1685766425.3235528,247
1685766425.3359323,253
1685766425.3525624,257
1685766425.3643067,260
1685766425.3769403,262
1685766425.3932407,264
1685766425.405941,269
1685766425.4179444,274
1685766425.4339416,277
1685766425.4463143,278
1685766425.4627438,280
1685766425.475178,283
1685766425.48701,288
1685766425.5040207,292
1685766425.5162911,296
1685766425.5280042,298
1685766425.5450053,300
1685766425.5572984,303
1685766425.5696123,309
1685766425.5856278,313
1685766425.5976055,317
1685766425.6106713,319
1685766425.6267965,322
1685766425.6396189,328
1685766425.6556067,334
1685766425.6678064,339
1685766425.6800554,340
1685766425.6960497,339
1685766425.70875,340
1685766425.7209284,340
1685766425.7376692,339
1685766425.7495196,337
1685766425.7620747,332
1685766425.7789278,324
1685766425.7905092,319
1685766425.8068197,314
1685766425.8195195,308
1685766425.8315163,302
1685766425.8478158,295
1685766425.8595164,289
1685766425.8725247,288
1685766425.8887086,290
1685766425.9007792,295
1685766425.9135861,301
1685766425.9295785,309
1685766425.9420822,317
1685766425.9545925,328
1685766425.970847,338
1685766425.982856,345
1685766425.9995048,347
1685766426.0118253,347
1685766426.023836,347
1685766426.0405276,347
1685766426.0525224,346
1685766426.0650249,342
1685766426.0807133,336
1685766426.093331,328
1685766426.1063774,320
1685766426.1223743,314
1685766426.1343753,306
1685766426.1506805,296
1685766426.16345,286
1685766426.1753757,277
1685766426.191752,272
1685766426.2044542,272
1685766426.2163937,273
1685766426.2323906,275
1685766426.2454338,278
1685766426.2573752,283
1685766426.2733693,290
1685766426.2864475,298
1685766426.3024337,303
1685766426.3153965,305
1685766426.3273897,307
1685766426.3433752,308
1685766426.356097,310
1685766426.3675067,310
1685766426.384507,306
1685766426.3965025,301
1685766426.4085646,296
1685766426.4255698,292
1685766426.43761,290
1685766426.449663,289
1685766426.4666762,289
1685766426.478692,289
1685766426.4949503,290
1685766426.5076165,295
1685766426.5196912,302
1685766426.5356147,306
1685766426.5486066,309
1685766426.5606048,310
1685766426.5769033,310
1685766426.588593,313
1685766426.6015866,315
1685766426.6182606,314
1685766426.6306434,312
1685766426.6466544,309
1685766426.6588964,309
1685766426.6708956,311
1685766426.6875806,311
1685766426.7005732,313
1685766426.711568,311
1685766426.7286506,312
1685766426.7405667,313
1685766426.7528896,319
1685766426.7697694,322
1685766426.7821498,325
1685766426.7975664,326
1685766426.8105724,327
1685766426.8227937,330
1685766426.8386283,333
1685766426.8515835,335
1685766426.8636632,334
1685766426.8796327,333
1685766426.8926494,332
1685766426.9045842,332
1685766426.9205658,334
1685766426.933579,332
1685766426.9456534,329
1685766426.9622014,326
1685766426.9737659,324
1685766426.9907513,324
1685766427.0029783,324
1685766427.014744,321
1685766427.0317092,315
1685766427.0436883,308
1685766427.0560148,303
1685766427.0726824,299
1685766427.0846844,294
1685766427.097011,289
1685766427.1136873,283
1685766427.125737,279
1685766427.142008,279
1685766427.154748,281
1685766427.1669931,282
1685766427.1836894,282
1685766427.1956892,282
1685766427.2076797,283
1685766427.2240055,287
1685766427.2367623,291
1685766427.248707,293
1685766427.264974,295
1685766427.2766955,295
1685766427.2897623,297
1685766427.305756,301
1685766427.3186803,303
1685766427.3347685,305
1685766427.3469148,305
1685766427.3586943,305
1685766427.3752465,306
1685766427.3882585,309
1685766427.4001856,311
1685766427.4161987,311
1685766427.429251,309
1685766427.441243,308
1685766427.4571912,310
1685766427.4702513,312
1685766427.4862945,312
1685766427.4985306,311
1685766427.5112596,309
1685766427.5272608,309
1685766427.5392563,311
1685766427.5511835,312
1685766427.5682533,312
1685766427.5801868,311
1685766427.5921946,309
1685766427.609262,309
1685766427.6222136,312
1685766427.6374214,313
1685766427.650188,313
1685766427.6624634,311
1685766427.6789894,309
1685766427.6910279,309
1685766427.7029424,311
1685766427.7191255,312
1685766427.7318954,311
1685766427.7445714,309
1685766427.7608798,307
1685766427.7727604,309
1685766427.7855067,311
1685766427.8015006,311
1685766427.813754,310
1685766427.8304892,307
1685766427.84277,307
1685766427.8547513,308
1685766427.8714552,310
1685766427.8834362,309
1685766427.8957741,308
1685766427.9124303,305
1685766427.9244332,305
1685766427.936489,307
1685766427.9526474,308
1685766427.9655128,308
1685766427.98159,307
1685766427.9935913,305
1685766428.0066407,306
1685766428.0225902,309
1685766428.0352876,310
1685766428.0472093,309
1685766428.0632665,307
1685766428.0754488,306
1685766428.0884037,307
1685766428.1043992,309
1685766428.1169777,309
1685766428.129464,308
1685766428.1457064,307
1685766428.1574543,307
1685766428.1742778,310
1685766428.1862786,312
1685766428.198279,313
1685766428.2154894,312
1685766428.2273195,312
1685766428.2393222,313
1685766428.2563748,316
1685766428.2683263,318
1685766428.28026,318
1685766428.29735,317
1685766428.3095841,315
1685766428.3261898,317
1685766428.338251,318
1685766428.3504548,319
1685766428.3671765,318
1685766428.3791902,317
1685766428.3913329,316
1685766428.4078376,318
1685766428.4202359,320
1685766428.4326737,321
1685766428.448727,320
1685766428.461471,319
1685766428.4772878,320
1685766428.489799,323
1685766428.5018053,325
1685766428.518801,325
1685766428.5306444,324
1685766428.5432,322
1685766428.5591443,323
1685766428.5718317,325
1685766428.5838304,326
1685766428.6005638,325
1685766428.6128006,323
1685766428.624567,321
1685766428.6415665,322
1685766428.6536863,324
1685766428.669662,323
1685766428.6821058,322
1685766428.6948562,319
1685766428.7102692,318
1685766428.7229953,320
1685766428.7353053,321
1685766428.7519658,321
1685766428.7639616,319
1685766428.7765698,317
1685766428.7925143,317
1685766428.805525,318
1685766428.8218403,319
1685766428.8339424,319
1685766428.8461142,317
1685766428.8621001,316
1685766428.8744757,316
1685766428.8864906,318
1685766428.9034762,319
1685766428.9154668,318
1685766428.927493,316
1685766428.9444923,315
1685766428.956493,317
1685766428.9725254,318
1685766428.9855263,319
1685766428.9978135,318
1685766429.0135183,316
1685766429.026506,315
1685766429.0385282,316
1685766429.0545077,318
1685766429.0675106,318
1685766429.0794966,316
1685766429.0954986,314
1685766429.108505,314
1685766429.120498,316
1685766429.1371348,317
1685766429.1484904,317
1685766429.1654937,315
1685766429.1777163,313
1685766429.189706,313
1685766429.2067082,314
1685766429.218696,314
1685766429.2306967,313
1685766429.247569,310
1685766429.2596931,308
1685766429.271839,309
1685766429.287865,310
1685766429.3006785,311
1685766429.316964,309
1685766429.3291094,306
1685766429.3415253,305
1685766429.3582702,306
1685766429.3702555,307
1685766429.3829663,307
1685766429.3988118,305
1685766429.4113462,303
1685766429.423335,303
1685766429.4401765,305
1685766429.4521327,305
1685766429.464733,304
1685766429.4807754,302
1685766429.4927783,299
1685766429.5087776,300
1685766429.5217738,301
1685766429.533777,302
1685766429.5504978,300
1685766429.5627751,298
1685766429.5754511,297
1685766429.591445,298
1685766429.603445,300
1685766429.6164482,301
1685766429.6324992,300
1685766429.6444507,298
1685766429.660492,298
1685766429.6731234,300
1685766429.6851506,302
1685766429.7021518,301
1685766429.7141523,301
1685766429.7261515,299
1685766429.7431495,300
1685766429.755147,303
1685766429.7671509,304
1685766429.7841523,303
1685766429.7964094,302
1685766429.8123155,301
1685766429.8251488,302
1685766429.8371525,304
1685766429.8538477,305
1685766429.8661494,305
1685766429.8781471,303
1685766429.8941512,303
1685766429.9061499,305
1685766429.9191616,306
1685766429.9358058,307
1685766429.9472086,306
1685766429.9601555,304
1685766429.9763699,304
1685766429.988559,306
1685766430.0044305,308
1685766430.0176291,308
1685766430.0293717,306
1685766430.0463738,304
1685766430.0583808,305
1685766430.0703776,307
1685766430.0866544,308
1685766430.0996528,307
1685766430.114657,306
1685766430.1375186,304
1685766430.1445174,305
1685766430.1605184,307
1685766430.1685183,308
1685766430.1907868,307
1685766430.1981294,305
1685766430.2340212,304
1685766430.2340212,306
1685766430.2460217,308
1685766430.25002,308
1685766430.2690187,306
1685766430.2895176,304
1685766430.2915158,304
1685766430.3035166,306
1685766430.320515,307
1685766430.332517,307
1685766430.3485181,305
1685766430.3727136,303
1685766430.3735173,304
1685766430.3895166,306
1685766430.402515,307
1685766430.4145148,306
1685766430.430514,304
1685766430.4425147,302
1685766430.4555137,303
1685766430.4715142,305
1685766430.4840422,306
1685766430.5003378,304
1685766430.5125597,302
1685766430.5256176,300
1685766430.5416627,302
1685766430.5536642,304
1685766430.5662692,305
1685766430.581765,305
1685766430.5949292,301
1685766430.6069353,298
1685766430.6231601,299
1685766430.6351063,303
1685766430.6521099,303
1685766430.6639042,303
1685766430.6769521,301
1685766430.6930914,303
1685766430.7055058,306
1685766430.7170389,308
1685766430.7340949,308
1685766430.7460947,305
1685766430.7583585,304
1685766430.774619,307
1685766430.7872036,310
1685766430.7992063,311
1685766430.8164544,309
1685766430.8277233,307
1685766430.8447387,306
1685766430.8561068,309
1685766430.869188,311
1685766430.8851368,311
1685766430.8972423,309
1685766430.9101908,306
1685766430.9264975,306
1685766430.938631,309
1685766430.9507759,311
1685766430.9668195,311
1685766430.9799485,308
1685766430.9958322,306
1685766431.0079231,308
1685766431.0208354,311
1685766431.0371807,312
1685766431.0491073,311
1685766431.0614145,308
1685766431.0775166,306
1685766431.0904858,308
1685766431.1025565,311
1685766431.1194916,311
1685766431.1314893,309
1685766431.1475601,307
1685766431.1595612,306
1685766431.1725047,309
1685766431.18855,311
1685766431.2006814,311
1685766431.2136536,309
1685766431.2297058,306
1685766431.2419007,306
1685766431.2536163,309
1685766431.270612,311
1685766431.283186,310
1685766431.295182,308
1685766431.3115172,306
1685766431.3241396,307
1685766431.3399584,310
1685766431.3524992,311
1685766431.364451,310
1685766431.3815036,307
1685766431.3936644,306
1685766431.405675,308
1685766431.4214342,311
1685766431.4339893,311
1685766431.4469972,309
1685766431.4629424,306
1685766431.4758878,306
1685766431.4918883,309
1685766431.5040402,311
1685766431.5160382,311
1685766431.53304,309
1685766431.545156,307
1685766431.5570974,307
1685766431.574043,310
1685766431.5863519,311
1685766431.5980422,311
1685766431.615041,308
1685766431.6270394,306
1685766431.6431856,307
1685766431.6560528,310
1685766431.6680388,311
1685766431.6844149,310
1685766431.6970427,307
1685766431.7090518,306
1685766431.7250447,308
1685766431.7370977,310
1685766431.7500415,310
1685766431.7660534,309
1685766431.778106,306
1685766431.7910414,306
1685766431.80721,308
1685766431.8192701,310
1685766431.8357265,310
1685766431.8477883,309
1685766431.8607807,306
1685766431.876779,307
1685766431.8887813,310
1685766431.9008946,311
1685766431.9179194,310
1685766431.9299188,308
1685766431.9419167,307
1685766431.9589236,308
1685766431.9713566,311
1685766431.9870722,311
1685766431.999919,310
1685766432.0117066,308
1685766432.0284507,307
1685766432.0408158,309
1685766432.0530756,311
1685766432.0693452,311
1685766432.0812404,309
1685766432.0942006,307
1685766432.1103644,306
1685766432.122428,309
1685766432.134578,311
1685766432.1511369,311
1685766432.163422,309
1685766432.1797276,306
1685766432.1917322,307
1685766432.2039447,309
1685766432.2209146,311
1685766432.2331786,310
1685766432.2451236,307
1685766432.2615445,306
1685766432.2735083,307
1685766432.2865086,310
1685766432.3025064,310
1685766432.3145926,309
1685766432.3314474,306
1685766432.3437314,305
1685766432.3561943,306
1685766432.372118,308
1685766432.3849897,308
1685766432.3972213,306
1685766432.4133859,303
1685766432.4256291,303
1685766432.4382603,305
1685766432.4544637,306
1685766432.4661696,305
1685766432.4821765,303
1685766432.495251,300
1685766432.5072381,301
1685766432.5242548,303
1685766432.5361674,304
1685766432.5484,302
1685766432.564644,299
1685766432.5777075,298
1685766432.5896564,298
1685766432.6056561,300
1685766432.617667,301
1685766432.6306558,299
1685766432.6468594,296
1685766432.6587167,295
1685766432.6756554,297
1685766432.6877148,299
1685766432.6997054,299
1685766432.7167196,297
1685766432.728708,294
1685766432.7416587,294
1685766432.756925,297
1685766432.7699294,299
1685766432.7820206,298
1685766432.7979317,296
1685766432.8109598,294
1685766432.826925,295
1685766432.8389304,298
1685766432.8515377,299
1685766432.86844,298
1685766432.8803768,296
1685766432.8929574,295
1685766432.909254,296
1685766432.921147,299
1685766432.9340968,300
1685766432.9500768,298
1685766432.9620788,296
1685766432.9740791,295
1685766432.9913225,298
1685766433.0030735,301
1685766433.0190735,301
1685766433.0320783,299
1685766433.0440755,297
1685766433.0602996,298
1685766433.0722945,301
1685766433.085297,303
1685766433.1012962,302
1685766433.1137328,301
1685766433.126438,299
1685766433.1423056,301
1685766433.1543014,304
1685766433.1714683,306
1685766433.1835911,305
1685766433.1954677,303
1685766433.2124763,303
1685766433.2244935,305
1685766433.2364779,308
1685766433.2534711,309
1685766433.2655454,308
1685766433.2775428,306
1685766433.2935429,306
1685766433.306544,309
1685766433.3225453,311
1685766433.334544,311
1685766433.3475435,310
1685766433.3636463,308
1685766433.375647,309
1685766433.3886652,312
1685766433.40479,313
1685766433.4166546,313
1685766433.4286518,311
1685766433.4456487,310
1685766433.4576614,312
1685766433.4699547,314
1685766433.4858532,316
1685766433.4987535,315
1685766433.51475,313
1685766433.527654,312
1685766433.5396757,314
1685766433.5558853,317
1685766433.5686598,317
1685766433.5806458,316
1685766433.5970337,314
1685766433.6095371,313
1685766433.6221042,316
1685766433.6381047,318
1685766433.650311,318
1685766433.6667333,316
1685766433.6791801,314
1685766433.691222,314
1685766433.707215,318
1685766433.7202196,319
1685766433.7322178,319
1685766433.7492256,317
1685766433.7710068,315
1685766433.773014,316
1685766433.790004,319
1685766433.8021636,320
1685766433.818017,319
1685766433.8300126,316
1685766433.8430045,315
1685766433.8590026,317
1685766433.8710027,320
1685766433.883001,321
1685766433.9000041,319
1685766433.9120047,316
1685766433.9240036,316
1685766433.9410121,319
1685766433.9530015,321
1685766433.9659986,320
1685766433.9817305,318
1685766433.9947236,316
