timestamps,emg_signal
1685905648.6068583,298
1685905648.6192107,299
1685905648.632009,300
1685905648.6478796,302
1685905648.6602664,302
1685905648.6728022,301
1685905648.688406,301
1685905648.7013452,302
1685905648.7173994,303
1685905648.7303414,304
1685905648.742433,304
1685905648.758889,303
1685905648.7711217,303
1685905648.7831242,304
1685905648.799105,305
1685905648.812131,306
1685905648.8241243,305
1685905648.8401098,304
1685905648.8531077,304
1685905648.8651617,304
1685905648.8811855,305
1685905648.894109,305
1685905648.910163,303
1685905648.9221091,302
1685905648.935108,302
1685905648.9511611,303
1685905648.9637885,303
1685905648.976078,303
1685905648.9926198,301
1685905649.004815,300
1685905649.0168033,301
1685905649.0328715,302
1685905649.044846,303
1685905649.0617995,302
1685905649.0738678,301
1685905649.086587,300
1685905649.1027808,301
1685905649.1150525,302
1685905649.1268048,303
1685905649.1438086,302
1685905649.155752,301
1685905649.1677046,301
1685905649.1846867,303
1685905649.1967025,305
1685905649.2127447,306
1685905649.2252166,305
1685905649.23788,305
1685905649.2538595,306
1685905649.2668679,309
1685905649.2788124,310
1685905649.2948184,310
1685905649.3078053,309
1685905649.3197982,309
1685905649.3357155,310
1685905649.3486733,311
1685905649.3607209,312
1685905649.3766582,311
1685905649.389669,309
1685905649.4060001,308
1685905649.4179814,309
1685905649.4297624,310
1685905649.4469543,310
1685905649.4587157,308
1685905649.4707181,306
1685905649.487722,306
1685905649.499713,307
1685905649.511719,308
1685905649.5287075,308
1685905649.5407124,306
1685905649.556717,305
1685905649.5697858,305
1685905649.5819168,307
1685905649.5979266,307
1685905649.6109164,307
1685905649.623083,306
1685905649.639554,305
1685905649.6509202,306
1685905649.663929,307
1685905649.6799283,308
1685905649.6929188,307
1685905649.704962,306
1685905649.721538,305
1685905649.733541,306
1685905649.7495506,308
1685905649.7618792,308
1685905649.7745354,307
1685905649.7906015,306
1685905649.8025641,306
1685905649.8155699,308
1685905649.83178,309
1685905649.8437767,309
1685905649.8560715,308
1685905649.8726287,307
1685905649.8848794,307
1685905649.900589,309
1685905649.9139097,310
1685905649.9257073,309
1685905649.9424472,308
1685905649.9542258,307
1685905649.9671547,308
1685905649.983168,310
1685905649.9955432,311
1685905650.0077565,310
1685905650.0241275,309
1685905650.036128,309
1685905650.0526228,310
1685905650.065825,311
1685905650.0778244,311
1685905650.0941098,310
1685905650.1058354,309
1685905650.1188238,308
1685905650.134828,309
1685905650.14783,310
1685905650.1588416,309
1685905650.1758292,308
1685905650.1878428,306
1685905650.199885,307
1685905650.2168283,308
1685905650.2288382,308
1685905650.2448356,307
1685905650.2578223,306
1685905650.2698355,305
1685905650.2858415,305
1685905650.2988257,306
1685905650.310836,307
1685905650.3267944,305
1685905650.3397918,304
1685905650.351797,303
1685905650.3677983,304
1685905650.380804,306
1685905650.3967957,306
1685905650.408809,305
1685905650.4218085,304
1685905650.438464,305
1685905650.4497943,306
1685905650.4628115,308
1685905650.4788065,308
1685905650.490851,307
1685905650.5038025,306
1685905650.5198054,307
1685905650.5316305,309
1685905650.5446396,310
1685905650.5607066,309
1685905650.5734103,308
1685905650.5892031,307
1685905650.601234,308
1685905650.6137645,309
1685905650.6303852,309
1685905650.6422446,308
1685905650.6550887,307
1685905650.671656,306
1685905650.6836493,307
1685905650.6957152,308
1685905650.7122893,309
1685905650.724407,307
1685905650.7404606,306
1685905650.753681,306
1685905650.765735,307
1685905650.7817445,308
1685905650.794679,307
1685905650.8061152,306
1685905650.823062,305
1685905650.8353608,305
1685905650.8477116,307
1685905650.863691,307
1685905650.8757482,307
1685905650.8886917,305
1685905650.9046912,305
1685905650.9170299,306
1685905650.9328709,307
1685905650.9458787,308
1685905650.958273,307
1685905650.9742777,305
1685905650.9866982,305
1685905650.9986677,306
1685905651.0156646,308
1685905651.0278559,308
1685905651.0398731,307
1685905651.0566788,306
1685905651.0688756,306
1685905651.0846784,307
1685905651.0976753,308
1685905651.109674,308
1685905651.1257222,306
1685905651.1386547,306
1685905651.1506584,306
1685905651.1667113,307
1685905651.1796644,308
1685905651.1919765,307
1685905651.207658,306
1685905651.21965,305
1685905651.2362268,306
1685905651.2490501,307
1685905651.2610486,307
1685905651.2780485,306
1685905651.2900493,305
1685905651.3020487,305
1685905651.3187792,306
1685905651.3308384,307
1685905651.3428454,307
1685905651.3590877,306
1685905651.371784,305
1685905651.3838422,305
1685905651.3999212,306
1685905651.4120786,308
1685905651.4291139,308
1685905651.4418793,307
1685905651.4541166,306
1685905651.470116,307
1685905651.482131,308
1685905651.494264,309
1685905651.511269,309
1685905651.523263,307
1685905651.5350947,307
1685905651.5518482,308
1685905651.5640352,309
1685905651.5799775,310
1685905651.5924425,309
1685905651.6052496,307
1685905651.621387,307
1685905651.6334286,308
1685905651.646438,310
1685905651.6624513,310
1685905651.6751828,309
1685905651.6874483,308
1685905651.7034469,308
1685905651.7154303,309
1685905651.7279384,310
1685905651.7446158,310
1685905651.7566147,309
1685905651.773654,308
1685905651.785671,309
1685905651.797888,310
1685905651.8139532,310
1685905651.8267546,310
1685905651.8385699,309
1685905651.8554833,308
1685905651.8672466,309
1685905651.8793616,311
1685905651.8955123,311
1685905651.9085717,310
1685905651.9247594,309
1685905651.937269,309
1685905651.9493866,310
1685905651.9659193,311
1685905651.977845,311
1685905651.9900672,310
1685905652.0063837,309
1685905652.0184035,309
1685905652.0312169,310
1685905652.0476851,311
1685905652.0608058,311
1685905652.0764632,309
1685905652.0885327,308
1685905652.1005054,309
1685905652.1174445,310
1685905652.129627,310
1685905652.1416187,309
1685905652.1586199,308
1685905652.1709337,307
1685905652.1828983,308
1685905652.1990807,309
1685905652.2114618,309
1685905652.2234786,308
1685905652.2400837,307
1685905652.2522857,307
1685905652.268704,309
1685905652.2811868,311
1685905652.293594,311
1685905652.3098476,310
1685905652.3221653,309
1685905652.3341498,309
1685905652.3509061,311
1685905652.3632343,312
1685905652.375228,311
1685905652.391334,309
1685905652.4045188,308
1685905652.4204893,309
1685905652.4326026,310
1685905652.4446137,311
1685905652.461604,310
1685905652.4734914,308
1685905652.4862974,308
1685905652.502909,309
1685905652.5149744,310
1685905652.5269573,310
1685905652.5431485,309
1685905652.5555592,308
1685905652.571473,308
1685905652.5844543,309
1685905652.5964613,310
1685905652.6132975,310
1685905652.6255426,309
1685905652.636985,308
1685905652.6542063,308
1685905652.6664884,310
1685905652.6783407,311
1685905652.6948166,310
1685905652.7069736,309
1685905652.7189827,308
1685905652.736032,309
1685905652.7480285,310
1685905652.7643554,311
1685905652.7771642,310
1685905652.7891922,308
1685905652.8051062,308
1685905652.8175306,309
1685905652.8296623,311
1685905652.8465245,311
1685905652.8593843,310
1685905652.8713362,308
1685905652.8873782,308
1685905652.8994262,310
1685905652.9155636,311
1685905652.9282222,311
1685905652.9407918,310
1685905652.9564672,308
1685905652.9692802,309
1685905652.982231,310
1685905652.997479,311
1685905653.0105162,310
1685905653.0223925,309
1685905653.0395472,309
1685905653.0514636,309
1685905653.0634625,311
1685905653.0799356,311
1685905653.0919201,310
1685905653.1079195,309
1685905653.120922,309
1685905653.1329188,309
1685905653.1492627,310
1685905653.161262,310
1685905653.1742618,309
1685905653.1906912,308
1685905653.2028842,307
1685905653.2150078,308
1685905653.2311766,309
1685905653.2438934,309
1685905653.2596633,307
1685905653.2723482,306
1685905653.2844129,306
1685905653.3003416,307
1685905653.3127441,308
1685905653.3258684,307
1685905653.34187,305
1685905653.353748,305
1685905653.3666892,306
1685905653.383943,307
1685905653.3950958,307
1685905653.4080658,306
1685905653.4239814,305
1685905653.4363208,305
1685905653.4533422,307
1685905653.4646564,308
1685905653.4772613,308
1685905653.4937055,307
1685905653.5053184,306
1685905653.5182939,306
1685905653.534665,308
1685905653.5471184,309
1685905653.5589423,309
1685905653.5753605,307
1685905653.5876024,307
1685905653.6042783,308
1685905653.6166487,309
1685905653.6286538,310
1685905653.6448882,309
1685905653.6569257,308
1685905653.6696098,307
1685905653.6859326,308
1685905653.6981893,309
1685905653.7102313,309
1685905653.727306,308
1685905653.7398841,306
1685905653.7557466,306
1685905653.7680306,307
1685905653.7800775,308
1685905653.7960885,308
1685905653.8090844,307
1685905653.8209803,306
1685905653.8376215,306
1685905653.8500512,308
1685905653.8620536,308
1685905653.878067,308
1685905653.8910582,306
1685905653.9030578,306
1685905653.9197104,307
1685905653.931693,308
1685905653.9480035,309
1685905653.9600077,308
1685905653.973009,307
1685905653.989003,306
1685905654.0010011,307
1685905654.013568,309
1685905654.0299902,309
1685905654.0419948,307
1685905654.055005,306
1685905654.0710025,306
1685905654.0830066,308
1685905654.099054,309
1685905654.1122406,309
1685905654.1240442,308
1685905654.140991,307
1685905654.153066,307
1685905654.1650553,309
1685905654.1810431,310
1685905654.1940086,309
1685905654.2060502,308
1685905654.2230148,307
1685905654.2349932,308
1685905654.2510066,309
1685905654.2633631,310
1685905654.275739,309
1685905654.2919097,307
1685905654.3038223,307
1685905654.316794,308
1685905654.3330595,309
1685905654.3462243,309
1685905654.3580124,308
1685905654.3739967,306
1685905654.386128,306
1685905654.3990684,308
1685905654.4148986,309
1685905654.4274962,309
1685905654.4435356,307
1685905654.455549,307
1685905654.4681165,307
1685905654.4849555,308
1685905654.496726,308
1685905654.509537,308
1685905654.5257611,306
1685905654.5379446,305
1685905654.5498931,306
1685905654.5664344,307
1685905654.5784552,307
1685905654.594458,306
1685905654.6074448,305
1685905654.619748,305
1685905654.6364543,306
1685905654.64844,308
1685905654.6605005,308
1685905654.676547,307
1685905654.6895545,306
1685905654.7015462,307
1685905654.7185478,308
1685905654.730546,309
1685905654.7425435,309
1685905654.7585564,307
1685905654.771631,307
1685905654.7875445,307
1685905654.799926,308
1685905654.812554,309
1685905654.828568,309
1685905654.840585,307
1685905654.8532999,307
1685905654.8696961,308
1685905654.8816955,309
1685905654.8940265,310
1685905654.9110684,309
1685905654.9227307,308
1685905654.938586,308
1685905654.9516072,309
1685905654.964969,310
1685905654.9798288,310
1685905654.992789,309
1685905655.0051963,308
1685905655.021808,309
1685905655.0336711,310
1685905655.045682,311
1685905655.0624945,311
1685905655.0744207,309
1685905655.090256,309
1685905655.1033444,309
1685905655.115153,310
1685905655.1321654,311
1685905655.144171,310
1685905655.15634,309
1685905655.172392,308
1685905655.185347,309
1685905655.1972322,311
1685905655.2132664,311
1685905655.2262638,310
1685905655.23862,308
1685905655.2542539,308
1685905655.2669008,309
1685905655.2827792,310
1685905655.2957788,310
1685905655.3077934,309
1685905655.3238323,307
1685905655.3367848,307
1685905655.349249,308
1685905655.367101,309
1685905655.3776593,309
1685905655.3909473,308
1685905655.4059525,307
1685905655.417946,308
1685905655.4349487,309
1685905655.4469469,310
1685905655.4599478,309
1685905655.4757152,308
1685905655.48772,308
1685905655.5007193,308
1685905655.516716,310
1685905655.5287292,310
1685905655.5417275,309
1685905655.557733,308
1685905655.5697198,308
1685905655.5817282,309
1685905655.5987127,310
1685905655.610931,310
1685905655.6267223,309
1685905655.6397207,308
1685905655.651712,308
1685905655.6679418,310
1685905655.6804388,311
1685905655.6926377,310
1685905655.7099473,309
1685905655.7218404,309
1685905655.7339253,309
1685905655.750462,311
1685905655.762239,311
1685905655.778817,310
1685905655.7914822,309
1685905655.8035462,309
1685905655.8202095,310
1685905655.8325293,311
1685905655.8449001,311
1685905655.8608634,310
1685905655.8729866,308
1685905655.8855934,308
1685905655.9023066,309
1685905655.9145377,311
1685905655.9303768,311
1685905655.9426491,309
1685905655.9549112,308
1685905655.9713378,309
1685905655.9833832,310
1685905655.9956696,311
1685905656.0128663,310
1685905656.0245547,308
1685905656.037863,308
1685905656.0538015,308
1685905656.065858,309
1685905656.0782807,310
1685905656.0939457,309
1685905656.1069477,308
1685905656.1229546,307
1685905656.1354864,309
1685905656.1479318,310
1685905656.1639347,310
1685905656.1764457,309
1685905656.1885424,308
1685905656.2052457,308
1685905656.2172039,310
1685905656.229411,310
1685905656.2460728,310
1685905656.2585964,309
1685905656.2737255,308
1685905656.2870479,308
1685905656.2990127,310
1685905656.3159359,310
1685905656.328309,310
1685905656.3403664,308
1685905656.3565855,307
1685905656.3685753,308
1685905656.3806448,309
1685905656.398223,310
1685905656.4097338,309
1685905656.4215724,308
1685905656.4387238,308
1685905656.450709,309
1685905656.4665153,310
1685905656.4795153,310
1685905656.4915164,309
1685905656.5075724,308
1685905656.520526,308
1685905656.53253,310
1685905656.5485773,311
1685905656.5617094,311
1685905656.5735135,309
1685905656.5895233,308
1685905656.6025183,309
1685905656.6179848,310
1685905656.6310372,311
1685905656.6430378,310
1685905656.6592846,308
1685905656.67211,308
1685905656.6841402,309
1685905656.7004583,310
1685905656.7131379,311
1685905656.7253098,310
1685905656.7411463,308
1685905656.7541547,308
1685905656.769151,309
1685905656.782198,310
1685905656.7944493,310
1685905656.811476,308
1685905656.8234766,307
1685905656.8354719,307
1685905656.8518877,308
1685905656.8644767,309
1685905656.8764858,308
1685905656.8924944,307
1685905656.9055073,306
1685905656.9174924,306
1685905656.9337764,308
1685905656.9465039,308
1685905656.9624991,308
1685905656.9745092,306
1685905656.9876375,306
1685905657.0040162,307
1685905657.0161176,308
1685905657.0281327,309
1685905657.0441754,308
1685905657.0571218,307
1685905657.0691187,307
1685905657.0851336,308
1685905657.0981748,309
1685905657.1141355,309
1685905657.1261752,308
1685905657.1381323,307
1685905657.1549244,307
1685905657.1677096,308
1685905657.1797116,309
1685905657.1957316,308
1685905657.2087305,307
1685905657.2207146,306
1685905657.2367136,307
1685905657.2487843,308
1685905657.2617118,309
1685905657.2777114,308
1685905657.2903168,307
1685905657.306179,307
1685905657.3186796,308
1685905657.3316233,309
1685905657.3476183,309
1685905657.3596783,308
1685905657.3722243,307
1685905657.388152,307
1685905657.401148,308
1685905657.413424,309
1685905657.4291549,309
1685905657.4421551,308
1685905657.4581223,308
1685905657.4705007,308
1685905657.483112,310
1685905657.499095,310
1685905657.5110254,310
1685905657.5240235,309
1685905657.5400448,308
1685905657.5520933,309
1685905657.5649192,310
1685905657.5812902,310
1685905657.5936356,309
1685905657.6092372,307
1685905657.6222453,307
1685905657.634304,307
1685905657.6502357,308
1685905657.6632435,309
1685905657.6752663,307
1685905657.6913383,306
1685905657.7042768,306
1685905657.7163453,307
1685905657.7323732,308
1685905657.744761,308
1685905657.757345,307
1685905657.7738767,306
1685905657.7857857,307
1685905657.8024387,308
1685905657.8144305,309
1685905657.8264399,309
1685905657.843433,308
1685905657.8554301,307
1685905657.8675537,308
1685905657.8838682,309
1685905657.8968635,310
1685905657.9088657,309
1685905657.9254727,308
1685905657.9375644,308
1685905657.953208,309
1685905657.9662738,310
1685905657.9783568,310
1685905657.994217,309
1685905658.007276,308
1685905658.0195885,308
1685905658.0351262,309
1685905658.0481803,310
1685905658.0603755,309
1685905658.0766945,308
1685905658.0886889,307
1685905658.1014304,307
1685905658.1176784,309
1685905658.1296759,309
1685905658.145686,309
1685905658.1586828,307
1685905658.1706784,306
1685905658.187584,307
1685905658.1997097,308
1685905658.2119753,309
1685905658.2284486,308
1685905658.2404587,307
1685905658.2530022,306
1685905658.2694418,307
1685905658.2814994,309
1685905658.2975008,308
1685905658.3104599,307
1685905658.3225005,306
1685905658.3388882,306
1685905658.350891,307
1685905658.363292,308
1685905658.3798184,308
1685905658.3920944,306
1685905658.4042044,305
1685905658.4211125,306
1685905658.4331555,307
1685905658.4492605,308
1685905658.4611025,307
1685905658.4740987,305
1685905658.4901578,305
1685905658.5021555,305
1685905658.5151532,306
1685905658.531111,306
1685905658.5440989,305
1685905658.5560923,304
1685905658.5721178,303
1685905658.5848174,304
1685905658.5968192,305
1685905658.6132975,305
1685905658.625733,304
1685905658.642347,303
1685905658.6543868,303
1685905658.6667566,304
1685905658.6833456,305
1685905658.6952598,304
1685905658.7080853,303
1685905658.7243326,302
1685905658.736254,302
1685905658.748404,303
1685905658.764403,304
1685905658.776934,303
1685905658.7937553,301
1685905658.8061106,300
1685905658.8183267,301
1685905658.8341627,302
1685905658.8472557,302
1685905658.8592544,301
1685905658.8755107,299
1685905658.8877366,299
1685905658.9000897,300
1685905658.9167073,301
1685905658.92956,301
1685905658.9412892,299
1685905658.9574935,298
1685905658.969766,298
1685905658.985866,299
1685905658.9985352,299
1685905659.0110228,299
1685905659.0272045,297
1685905659.0397434,295
1685905659.0519888,295
1685905659.068056,296
1685905659.0800397,296
1685905659.092902,295
1685905659.1089082,294
1685905659.1212852,293
1685905659.1374624,294
1685905659.149742,295
1685905659.1624618,296
1685905659.178469,294
1685905659.190493,294
1685905659.2024517,293
1685905659.2194767,294
1685905659.232174,296
1685905659.2437572,296
1685905659.2608624,295
1685905659.2738795,294
1685905659.288317,294
1685905659.3013153,295
1685905659.3138862,296
1685905659.3301177,295
1685905659.3418815,294
1685905659.354671,294
1685905659.3712554,294
1685905659.3840752,296
1685905659.3960156,297
1685905659.411801,296
1685905659.4237895,295
1685905659.4363642,295
1685905659.4531329,296
1685905659.4651763,298
1685905659.481531,299
1685905659.493459,299
1685905659.5063343,298
1685905659.522798,299
1685905659.5346014,300
1685905659.5465982,302
1685905659.5640416,303
1685905659.5758643,303
1685905659.5875516,303
1685905659.6045845,304
1685905659.616913,306
1685905659.632638,308
1685905659.6455557,309
1685905659.6575565,309
1685905659.6739883,310
1685905659.6858203,312
1685905659.699093,314
1685905659.7150056,316
1685905659.7277563,317
1685905659.7392924,317
1685905659.7561471,318
1685905659.7678926,320
1685905659.7808714,322
1685905659.7968426,324
1685905659.809411,324
1685905659.8254347,324
1685905659.8383684,326
1685905659.849977,328
1685905659.8662078,331
1685905659.8791716,332
1685905659.8910987,332
1685905659.9080267,332
1685905659.9202628,333
1685905659.9323914,335
1685905659.9485574,337
1685905659.96046,338
1685905659.9774027,337
1685905659.9894917,338
1685905660.0021877,339
1685905660.018194,341
1685905660.0308938,343
1685905660.0424814,342
1685905660.0595434,341
1685905660.071226,341
1685905660.0839524,341
1685905660.1003518,342
1685905660.1126606,342
1685905660.127851,341
1685905660.1412454,338
1685905660.1533003,337
1685905660.1702847,336
1685905660.182304,336
1685905660.194307,334
1685905660.2109327,330
1685905660.222714,328
1685905660.2353623,327
1685905660.2514043,328
1685905660.2639968,328
1685905660.2764878,328
1685905660.2930865,327
1685905660.304708,327
1685905660.321168,328
1685905660.3332248,330
1685905660.3460798,330
1685905660.3623927,329
1685905660.3743305,328
1685905660.3868978,327
1685905660.4034584,327
1685905660.4155445,328
1685905660.4281237,326
1685905660.444393,324
1685905660.4565952,322
1685905660.472859,321
1685905660.4853215,321
1685905660.4976628,321
1685905660.5147555,319
1685905660.5260751,316
1685905660.5383732,314
1685905660.5549247,312
1685905660.5672262,313
1685905660.579332,312
1685905660.595073,310
1685905660.6080685,308
1685905660.62414,306
1685905660.636765,306
1685905660.649295,306
1685905660.6653478,306
1685905660.6780915,304
1685905660.6898954,301
1685905660.7062292,300
1685905660.718105,301
1685905660.7311378,301
1685905660.74751,300
1685905660.7594304,298
1685905660.7721686,296
1685905660.787957,295
1685905660.8005755,296
1685905660.817074,296
1685905660.8293972,295
1685905660.8412352,294
1685905660.857697,293
1685905660.8703425,293
1685905660.8828454,294
1685905660.8989596,296
1685905660.9115455,295
1685905660.923611,294
1685905660.939879,294
1685905660.9519196,296
1685905660.9680443,298
1685905660.981127,300
1685905660.9933286,300
1685905661.0093818,300
1685905661.0220487,301
1685905661.0336869,304
1685905661.0501733,307
1685905661.0622349,308
1685905661.0752263,308
1685905661.0913713,307
1685905661.1030846,307
1685905661.1162398,308
1685905661.1325703,309
1685905661.144377,308
1685905661.1611357,306
1685905661.1736069,304
1685905661.1858163,303
1685905661.2018228,304
1685905661.2139552,304
1685905661.2269533,302
1685905661.2434974,300
1685905661.2552674,298
1685905661.2677734,298
1685905661.2842646,298
1685905661.2963462,298
1685905661.3126452,296
1685905661.3246903,295
1685905661.3366868,294
1685905661.353535,294
1685905661.3660479,295
1685905661.3780124,295
1685905661.394183,294
1685905661.4066672,293
1685905661.4186568,293
1685905661.4349544,294
1685905661.4478555,295
1685905661.4598937,295
1685905661.4765267,294
1685905661.4888039,293
1685905661.5049882,294
1685905661.5171678,295
1685905661.5300362,296
1685905661.5462353,296
1685905661.5585382,295
1685905661.570528,295
1685905661.5870416,296
1685905661.5993295,297
1685905661.6110666,297
1685905661.628031,296
1685905661.6402884,295
1685905661.6563237,294
1685905661.6682856,295
1685905661.6812928,297
1685905661.6971004,297
1685905661.7100518,296
1685905661.721995,295
1685905661.737996,296
1685905661.7510514,297
1685905661.7631218,299
1685905661.7793543,299
1685905661.7911808,298
1685905661.8072395,297
1685905661.8205109,298
1685905661.8325143,300
1685905661.8485696,301
1685905661.8615108,301
1685905661.873515,300
1685905661.8902066,299
1685905661.9024267,300
1685905661.914259,302
1685905661.9312103,302
1685905661.9432268,302
1685905661.9552472,301
1685905661.971195,300
1685905661.9844441,302
1685905662.0003479,303
1685905662.0131946,304
1685905662.0251923,303
1685905662.0411909,302
1685905662.0532465,302
1685905662.0661898,303
1685905662.082688,304
1685905662.0950432,304
1685905662.1070414,303
1685905662.1230402,302
1685905662.136058,303
1685905662.1520474,304
1685905662.1640394,305
1685905662.176555,305
1685905662.1930392,304
1685905662.2050457,304
1685905662.2180412,305
1685905662.2340431,307
1685905662.2460446,308
1685905662.259067,307
1685905662.2750573,306
1685905662.2871144,306
1685905662.300049,308
1685905662.3160589,309
1685905662.328105,309
1685905662.344059,308
1685905662.3570418,307
1685905662.3691022,308
1685905662.3850453,309
1685905662.3973043,310
1685905662.4104712,310
1685905662.426249,309
1685905662.438585,309
1685905662.4507804,309
1685905662.4677799,311
1685905662.4797795,312
1685905662.4962747,311
1685905662.5083377,310
1685905662.5210688,310
1685905662.5372741,311
1685905662.549274,313
1685905662.5613315,314
1685905662.5784693,312
1685905662.590713,312
1685905662.6026883,312
1685905662.618688,313
1685905662.6313028,314
1685905662.6473618,314
1685905662.6603112,313
1685905662.672535,312
1685905662.6885824,312
1685905662.700621,313
1685905662.713564,314
1685905662.7296226,313
1685905662.7416291,312
1685905662.7535605,311
1685905662.7707124,311
1685905662.7827144,312
1685905662.794755,312
1685905662.811754,311
1685905662.823755,310
1685905662.839756,310
1685905662.8527591,311
1685905662.8646948,312
1685905662.8810375,312
1685905662.8927572,311
1685905662.9056973,310
1685905662.9217556,310
1685905662.9337661,311
1685905662.946757,312
1685905662.963054,312
1685905662.9755743,311
1685905662.9908357,310
1685905663.003845,310
1685905663.0158505,311
1685905663.0328472,312
1685905663.0448508,311
1685905663.0572746,310
1685905663.073208,309
1685905663.0862095,309
1685905663.0978756,311
1685905663.1148384,312
1685905663.1268835,311
1685905663.1428704,310
1685905663.1554434,310
1685905663.1674404,311
1685905663.1839294,313
1685905663.1969347,314
1685905663.208977,313
1685905663.2249243,311
1685905663.2369263,312
1685905663.2499254,312
1685905663.2659895,313
1685905663.2785544,314
1685905663.2909806,312
1685905663.306984,311
1685905663.319012,311
1685905663.3359244,313
1685905663.3479798,314
1685905663.3599844,313
1685905663.3766947,312
1685905663.3894117,312
1685905663.4016385,312
1685905663.4176168,313
1685905663.4294674,313
1685905663.4424665,312
1685905663.4586174,311
1685905663.470402,311
1685905663.4864738,312
1685905663.4994633,313
1685905663.5114028,313
1685905663.5284126,312
1685905663.5404022,310
1685905663.552403,310
1685905663.569405,311
1685905663.5812654,312
1685905663.593909,312
1685905663.6099148,310
1685905663.6223025,310
1685905663.6342986,310
1685905663.651065,311
1685905663.6635242,312
1685905663.6791227,311
1685905663.6920683,310
1685905663.7040496,309
1685905663.7210524,310
1685905663.7331927,312
1685905663.7457638,312
1685905663.7611449,311
1685905663.7741597,310
1685905663.7861576,310
1685905663.8021297,311
1685905663.815258,312
1685905663.8312745,312
1685905663.8432686,311
1685905663.8562138,310
1685905663.8724866,309
1685905663.8842177,311
1685905663.8972242,312
1685905663.913234,311
1685905663.9252725,310
1685905663.938088,309
1685905663.954085,309
1685905663.9663832,311
1685905663.982442,312
1685905663.9954953,312
1685905664.0070796,311
1685905664.024174,310
1685905664.0361354,310
1685905664.0487933,312
1685905664.0648625,313
1685905664.0773718,312
1685905664.0894191,311
1685905664.1059837,310
1685905664.117839,311
1685905664.130747,313
1685905664.1467586,313
1685905664.1588058,312
1685905664.1747484,311
1685905664.1877415,311
1685905664.1997535,312
1685905664.2166526,313
1685905664.228429,313
1685905664.2404346,312
1685905664.2574458,311
1685905664.2694423,311
1685905664.2814865,312
1685905664.2984474,314
1685905664.3108444,313
1685905664.326848,311
1685905664.3392622,311
1685905664.3512912,311
1685905664.367233,312
1685905664.380292,313
1685905664.3925965,312
1685905664.4084938,311
1685905664.4214945,311
1685905664.4336784,312
1685905664.4496865,313
1685905664.462445,314
1685905664.474745,312
1685905664.490348,311
1685905664.5032902,311
1685905664.5192893,312
1685905664.5313566,313
1685905664.544293,313
1685905664.5603468,311
1685905664.5722978,310
1685905664.5852919,310
1685905664.6007166,311
1685905664.6136532,312
1685905664.6256511,311
1685905664.6428037,310
1685905664.6546745,309
1685905664.670968,309
1685905664.683408,310
1685905664.695028,310
1685905664.711537,309
1685905664.724572,308
1685905664.7370565,307
1685905664.7528965,308
1685905664.7646294,309
1685905664.777587,309
1685905664.7938607,308
1685905664.806431,307
1685905664.822491,307
1685905664.8344862,309
1685905664.847487,310
1685905664.8634968,310
1685905664.8754866,309
1685905664.8884885,309
1685905664.9039512,309
1685905664.9168885,311
1685905664.9288948,311
1685905664.945344,311
1685905664.9573424,309
1685905664.970347,309
1685905664.9863586,309
1685905664.9983594,310
1685905665.0144045,310
1685905665.027343,310
1685905665.0393443,308
1685905665.0553427,307
1685905665.0686343,308
1685905665.0806212,310
1685905665.0966785,310
1685905665.108623,309
1685905665.1216154,307
1685905665.137675,308
1685905665.1500077,309
1685905665.1666167,310
1685905665.17836,310
1685905665.191635,308
1685905665.2073646,307
1685905665.2194192,307
1685905665.232371,309
1685905665.248369,310
1685905665.2603674,309
1685905665.273428,308
1685905665.289369,307
1685905665.301429,308
1685905665.3143778,309
1685905665.3303587,309
1685905665.3424208,308
1685905665.359362,307
1685905665.3715508,306
1685905665.3833652,307
1685905665.4003599,308
1685905665.4123597,308
1685905665.4248135,307
1685905665.4413993,306
1685905665.4533963,306
1685905665.465399,307
1685905665.481455,308
1685905665.4944105,308
1685905665.5104158,307
1685905665.522399,305
1685905665.5354044,305
1685905665.551464,307
1685905665.5634613,308
1685905665.5763984,308
1685905665.5924003,306
1685905665.6048863,306
1685905665.6170552,307
1685905665.6336775,308
1685905665.6456728,310
1685905665.6613007,309
1685905665.6743352,308
1685905665.6863468,308
1685905665.7034209,309
1685905665.7153976,311
1685905665.7273939,311
1685905665.744394,310
1685905665.7563984,309
1685905665.7688487,308
1685905665.7854,309
1685905665.7973962,310
1685905665.8093946,309
1685905665.8263402,308
1685905665.8383958,307
1685905665.8549857,306
1685905665.866702,308
1685905665.8796976,308
1685905665.8957546,307
1685905665.9079502,306
1685905665.9200091,305
1685905665.9369528,305
1685905665.9489608,307
1685905665.9615164,307
1685905665.9778845,306
1685905665.9899259,305
1685905666.0063376,304
1685905666.0184484,305
1685905666.031309,306
1685905666.0472593,306
1685905666.0589638,305
1685905666.0722246,304
1685905666.0884016,304
1685905666.1005375,305
1685905666.112878,306
1685905666.1295254,306
1685905666.1417236,305
1685905666.1542525,304
1685905666.1702752,304
1685905666.1824505,305
1685905666.1989725,306
1685905666.2113202,306
1685905666.2232773,304
1685905666.2394269,304
1685905666.2524812,304
1685905666.2645166,306
1685905666.2800748,306
1685905666.2933266,306
1685905666.3054907,304
1685905666.321956,304
1685905666.3339963,305
1685905666.3505497,306
1685905666.362545,307
1685905666.3743126,305
1685905666.391193,304
1685905666.4035048,304
1685905666.4158182,305
1685905666.4325233,307
1685905666.4447243,307
1685905666.4563503,306
1685905666.4733953,305
1685905666.4854486,306
1685905666.5017824,307
1685905666.513928,309
1685905666.5259767,308
1685905666.5423658,307
1685905666.5547197,306
1685905666.5667162,306
1685905666.5832546,307
1685905666.5959983,308
1685905666.6081722,308
1685905666.6251585,306
1685905666.6372616,306
1685905666.6490002,306
1685905666.665414,308
1685905666.6780431,308
1685905666.6945956,307
1685905666.7069893,306
1685905666.7189999,306
1685905666.7354527,307
1685905666.7474487,309
1685905666.759464,309
1685905666.7764492,308
1685905666.7886443,307
1685905666.8012013,307
1685905666.817277,309
1685905666.829169,310
1685905666.846105,310
1685905666.8580887,309
1685905666.8701012,308
1685905666.8869073,308
1685905666.8989086,310
1685905666.9109852,310
1685905666.9282553,309
1685905666.9400494,308
1685905666.952065,308
1685905666.9686217,309
1685905666.9806883,310
1685905666.9930823,310
1685905667.0092978,308
1685905667.0223107,308
1685905667.0383103,307
1685905667.051302,308
1685905667.0633805,310
1685905667.0793042,310
1685905667.0913522,309
1685905667.103549,308
1685905667.119922,308
1685905667.132798,310
1685905667.1452484,311
1685905667.1610436,310
1685905667.173922,309
1685905667.1897004,308
1685905667.2024705,308
1685905667.2147684,309
1685905667.2306767,310
1685905667.2431974,309
1685905667.255842,308
1685905667.271859,308
1685905667.2838433,309
1685905667.2958539,310
1685905667.3129423,311
1685905667.3248441,310
1685905667.340857,309
1685905667.3538437,310
1685905667.3678415,311
1685905667.3828497,312
1685905667.3948417,312
1685905667.4070873,311
1685905667.4230897,310
1685905667.4361198,310
1685905667.4480944,312
1685905667.4640892,313
1685905667.477092,312
1685905667.4892304,310
1685905667.5050507,310
1685905667.5173898,310
1685905667.5340512,311
1685905667.546121,312
1685905667.5580676,311
1685905667.5750515,310
1685905667.5877373,309
1685905667.59905,310
1685905667.616066,312
1685905667.628092,312
1685905667.6403756,311
1685905667.65647,310
1685905667.6695023,310
1685905667.6854243,311
1685905667.698425,312
1685905667.710403,311
1685905667.7265062,310
1685905667.7385063,309
1685905667.7515063,309
1685905667.7675068,311
1685905667.7795146,312
1685905667.79204,311
1685905667.808308,310
1685905667.820309,309
1685905667.8363113,309
1685905667.849522,311
1685905667.8620148,311
1685905667.8783414,310
1685905667.8903055,309
1685905667.9023197,309
1685905667.9192677,309
1685905667.931265,311
1685905667.9432683,311
1685905667.9602718,310
1685905667.972272,309
1685905667.9842732,309
1685905668.0012681,310
1685905668.0135055,311
1685905668.0295093,310
1685905668.0415003,309
1685905668.0545046,308
1685905668.0705135,308
1685905668.0825684,309
1685905668.0955112,310
1685905668.115504,310
1685905668.1234987,309
1685905668.1360092,308
1685905668.152507,309
1685905668.1645014,310
1685905668.1805024,311
1685905668.1935117,311
1685905668.2056031,310
1685905668.22161,309
1685905668.2347486,311
1685905668.2466054,312
1685905668.2626078,313
1685905668.2756186,312
1685905668.2876065,310
1685905668.3044608,310
1685905668.3166077,311
1685905668.3289943,312
1685905668.345426,312
1685905668.3572142,310
1685905668.3730676,309
1685905668.3862674,309
1685905668.3980649,311
1685905668.414811,311
1685905668.4268124,311
1685905668.4388173,310
1685905668.4558141,309
1685905668.4679456,310
1685905668.4802132,311
1685905668.4959638,312
1685905668.5089421,311
1685905668.525419,309
1685905668.5374572,309
1685905668.5504603,309
1685905668.5664582,310
1685905668.578831,311
1685905668.5908384,309
1685905668.606951,307
1685905668.6189556,307
1685905668.6319518,308
1685905668.6479628,309
1685905668.6600215,309
1685905668.6729643,307
1685905668.6889715,306
1685905668.7010524,306
1685905668.717624,308
1685905668.7295737,309
1685905668.7426262,308
1685905668.7585795,306
1685905668.7706206,306
1685905668.783565,306
1685905668.799625,307
1685905668.811634,308
1685905668.8246312,307
1685905668.8410363,305
1685905668.8532736,305
1685905668.8692799,306
1685905668.8817081,307
1685905668.89425,307
1685905668.9100735,306
1685905668.922679,305
1685905668.935216,305
1685905668.951589,306
1685905668.9635859,308
1685905668.9762115,308
1685905668.9917507,307
1685905669.0047848,306
1685905669.0200098,306
1685905669.0332613,308
1685905669.045,309
1685905669.0620053,309
1685905669.0740068,308
1685905669.0860002,308
1685905669.102771,308
1685905669.1150014,310
1685905669.126997,310
1685905669.1440074,309
1685905669.1560016,308
1685905669.168355,308
1685905669.1849165,309
1685905669.1972144,310
1685905669.2134643,310
1685905669.2253299,310
1685905669.237969,308
1685905669.2545145,309
1685905669.2667637,310
1685905669.2788067,311
1685905669.2953558,311
1685905669.3071702,310
1685905669.320041,309
1685905669.3366385,309
1685905669.3488245,310
1685905669.364383,310
1685905669.3773217,310
1685905669.3891864,308
1685905669.4061017,307
1685905669.4176946,308
1685905669.4306662,309
1685905669.446972,309
1685905669.4589257,309
1685905669.4718153,307
1685905669.487847,306
1685905669.5003092,307
1685905669.5123026,308
1685905669.528255,308
1685905669.5412621,306
1685905669.5571036,305
1685905669.5695155,305
1685905669.582154,306
1685905669.598599,308
1685905669.6108894,308
1685905669.6225867,306
1685905669.6396112,305
1685905669.6520321,306
1685905669.6639254,307
1685905669.6805108,308
1685905669.6925452,307
1685905669.7087557,306
1685905669.721499,305
1685905669.7336972,306
1685905669.7500088,307
1685905669.7631025,307
1685905669.774982,306
1685905669.7913554,304
1685905669.803134,304
1685905669.8158548,306
1685905669.8320866,307
1685905669.8441627,308
1685905669.8609521,307
1685905669.873276,306
1685905669.88472,307
1685905669.9012463,308
1685905669.9133024,310
1685905669.9262128,310
1685905669.9420533,309
1685905669.9550486,308
1685905669.9670308,308
1685905669.9831016,309
1685905669.9950774,310
1685905670.0082994,310
1685905670.0244787,308
1685905670.0366192,307
1685905670.053319,307
1685905670.0654175,308
1685905670.0774188,309
1685905670.094244,308
1685905670.1063967,307
1685905670.1200657,306
1685905670.1350744,307
1685905670.1469312,309
1685905670.159925,309
1685905670.1752687,309
1685905670.1883607,308
1685905670.20439,308
1685905670.216951,309
1685905670.2296505,310
1685905670.2456505,310
1685905670.258097,308
1685905670.2695804,307
1685905670.2866359,307
1685905670.298974,309
1685905670.3105018,309
1685905670.3277516,309
1685905670.3404315,308
1685905670.3521872,307
1685905670.3681436,307
1685905670.3805397,309
1685905670.3974662,309
1685905670.4095294,309
1685905670.422114,308
1685905670.438354,307
1685905670.4505332,308
1685905670.4628196,309
1685905670.47887,309
1685905670.4910483,308
1685905670.503774,307
1685905670.520139,307
1685905670.5323782,308
1685905670.5486062,309
1685905670.5610452,309
1685905670.573346,307
1685905670.5889692,306
1685905670.601967,306
1685905670.614471,308
1685905670.630179,309
1685905670.6431634,308
1685905670.654536,306
1685905670.6716125,306
1685905670.6839051,306
1685905670.7005272,307
1685905670.7129428,308
1685905670.724544,308
1685905670.7406785,307
1685905670.7535927,307
1685905670.7659297,308
1685905670.7816947,309
1685905670.7941742,310
1685905670.8068364,309
1685905670.82403,308
1685905670.8353615,308
1685905670.8477902,309
1685905670.8634431,310
1685905670.8765604,310
1685905670.8924823,309
1685905670.9051466,308
1685905670.9172957,308
1685905670.933429,309
1685905670.9460962,310
1685905670.9589493,309
1685905670.975064,308
1685905670.9871302,307
1685905670.999335,308
1685905671.015137,309
1685905671.0277,310
1685905671.044415,309
1685905671.0568619,308
1685905671.0692706,307
1685905671.0853918,308
1685905671.0975785,309
1685905671.1100147,310
1685905671.12601,309
1685905671.138011,308
1685905671.1510694,308
1685905671.16732,309
1685905671.179214,310
1685905671.1921377,310
1685905671.2077208,309
1685905671.2204714,308
1685905671.2360687,309
1685905671.2488222,310
1685905671.261021,311
1685905671.2781289,311
1685905671.2895882,309
1685905671.3026834,308
1685905671.318719,309
1685905671.3314037,310
1685905671.3439178,311
1685905671.359738,310
1685905671.372291,309
1685905671.3882422,308
1685905671.4002504,309
1685905671.41269,310
1685905671.4294977,310
1685905671.4411612,309
1685905671.4539056,308
1685905671.4703808,307
1685905671.4828238,309
1685905671.495215,310
1685905671.5109174,310
1685905671.5235324,309
1685905671.5392907,307
1685905671.5523207,308
1685905671.5643742,309
1685905671.5810416,309
1685905671.593304,309
1685905671.6049297,307
1685905671.621875,307
1685905671.6355128,307
1685905671.6460598,308
1685905671.6629207,309
1685905671.6749349,308
1685905671.6872094,307
1685905671.703211,306
1685905671.7162743,307
1685905671.7321985,308
1685905671.744377,308
1685905671.7570386,307
1685905671.7734995,306
1685905671.78599,305
1685905671.7980032,306
1685905671.8146155,307
1685905671.8277497,307
1685905671.8392653,307
1685905671.8553083,306
1685905671.8672357,306
1685905671.8842394,307
1685905671.8959725,309
1685905671.9081454,308
1685905671.9249737,307
1685905671.9372373,307
1685905671.9495094,307
1685905671.9655333,309
1685905671.978113,310
1685905671.9903457,309
1685905672.006859,308
1685905672.0193202,307
1685905672.0312293,308
1685905672.0481305,309
1685905672.0605867,310
1685905672.0767422,309
1685905672.089174,307
1685905672.101234,307
1685905672.1175096,308
1685905672.1299715,309
1685905672.1420681,309
1685905672.1581104,307
1685905672.1710336,306
1685905672.1830592,306
1685905672.1995363,307
1685905672.2119527,308
1685905672.228293,308
1685905672.240713,307
1685905672.2525644,306
1685905672.2691045,306
1685905672.2812452,307
1685905672.2936714,308
1685905672.3096447,307
1685905672.3219366,305
1685905672.3343801,304
1685905672.350924,305
1685905672.3634126,307
1685905672.3789003,308
1685905672.3921065,307
1685905672.4041705,306
1685905672.4200943,307
1685905672.4330587,308
1685905672.445574,310
1685905672.4612987,310
1685905672.4741416,310
1685905672.485985,309
1685905672.5025148,309
1685905672.514559,310
1685905672.5271971,311
1685905672.5434916,310
1685905672.5560617,309
1685905672.5712328,308
1685905672.5844922,308
1685905672.5969517,309
1685905672.612992,309
1685905672.6257293,309
1685905672.6377416,307
1685905672.6540217,307
1685905672.66593,308
1685905672.6789253,310
1685905672.6952882,311
1685905672.7070034,310
1685905672.7226362,309
1685905672.7356248,309
1685905672.747617,310
1685905672.7645717,312
1685905672.776661,312
1685905672.7887173,310
1685905672.8055668,309
1685905672.8175662,309
1685905672.8295667,310
1685905672.8465734,311
1685905672.8588161,310
1685905672.8708096,308
1685905672.8874946,307
1685905672.899492,307
1685905672.9158654,308
1685905672.9285004,308
1685905672.9402094,307
1685905672.9572096,306
1685905672.969198,305
1685905672.9815104,306
1685905672.9982076,307
1685905673.0102072,308
1685905673.0223405,307
1685905673.0392244,305
1685905673.0511966,305
1685905673.0672038,306
1685905673.0802143,307
1685905673.0922084,307
1685905673.108202,306
1685905673.121205,305
1685905673.1329951,305
1685905673.1496868,306
1685905673.1617947,307
1685905673.1741557,307
1685905673.190745,306
1685905673.2030075,305
1685905673.2146912,306
1685905673.2317781,308
1685905673.2440088,309
1685905673.2596912,308
1685905673.2726793,307
1685905673.284707,307
1685905673.3006842,308
1685905673.3137405,309
1685905673.3255138,310
1685905673.3423092,308
1685905673.35429,307
1685905673.3664517,307
1685905673.3828661,308
1685905673.3955195,309
1685905673.4115222,309
1685905673.423591,308
1685905673.4365377,307
1685905673.4527612,307
1685905673.4650333,309
1685905673.476838,310
1685905673.4935224,309
1685905673.5055397,308
1685905673.5175273,307
1685905673.5345805,307
1685905673.5465846,309
1685905673.5625353,310
1685905673.5756013,309
1685905673.5875301,307
1685905673.6038404,307
1685905673.6165266,307
1685905673.6287918,309
1685905673.6448374,309
1685905673.6578455,308
1685905673.6698442,307
1685905673.6858218,306
1685905673.698145,307
1685905673.710833,308
1685905673.7270944,308
1685905673.7388976,307
1685905673.7558258,306
1685905673.7688463,306
1685905673.7808285,307
1685905673.7968338,309
1685905673.8091443,309
1685905673.8211448,308
1685905673.8376997,307
1685905673.849698,308
1685905673.8622968,309
1685905673.8784633,310
1685905673.8906255,311
1685905673.907322,310
1685905673.9192855,311
1685905673.9319012,314
1685905673.94826,319
1685905673.960921,323
1685905673.9729047,326
1685905673.9892673,329
1685905674.001251,334
1685905674.014025,341
1685905674.0303428,349
1685905674.0424688,356
1685905674.0584695,362
1685905674.0711334,367
1685905674.083433,372
1685905674.0994716,376
1685905674.1121361,380
1685905674.1241305,381
1685905674.140473,379
1685905674.153135,376
1685905674.1653638,372
1685905674.1814592,366
1685905674.1941338,358
1685905674.2061238,347
1685905674.2231586,335
1685905674.2351427,323
1685905674.2511222,313
1685905674.2631881,306
1685905674.276192,298
1685905674.292248,290
1685905674.3043506,283
1685905674.317142,278
1685905674.3331468,274
1685905674.3454037,273
1685905674.358137,270
1685905674.3742485,267
1685905674.386158,264
1685905674.4021273,263
1685905674.4151213,264
1685905674.4274018,264
1685905674.4434018,265
1685905674.4564667,264
1685905674.4686198,264
1685905674.4844024,266
1685905674.4970546,268
1685905674.5094774,271
1685905674.5256958,272
1685905674.538355,273
1685905674.5502942,274
1685905674.56704,276
1685905674.5790572,279
1685905674.5949688,281
1685905674.6079655,282
1685905674.6199634,282
1685905674.6360447,283
1685905674.648594,285
1685905674.6610186,288
1685905674.6780493,290
1685905674.6893451,290
1685905674.7020156,290
1685905674.7185183,292
1685905674.7303193,294
1685905674.747035,296
1685905674.7589257,296
1685905674.770993,295
1685905674.7872667,295
1685905674.799815,296
1685905674.8128362,298
1685905674.8288274,300
1685905674.8411233,301
1685905674.8538256,303
1685905674.8698251,304
1685905674.8822825,310
1685905674.8984447,320
1685905674.9109063,329
1685905674.9230115,339
1685905674.9390733,348
1685905674.9520082,359
1685905674.964039,371
1685905674.9800122,383
1685905674.9930153,395
1685905675.005052,407
1685905675.0213544,419
1685905675.0333834,427
1685905675.0460458,437
1685905675.0620897,443
1685905675.0743692,447
1685905675.0910408,446
1685905675.1035714,446
1685905675.1152625,444
1685905675.1319203,442
1685905675.1439204,438
1685905675.1562452,431
1685905675.1737356,423
1685905675.1852074,415
1685905675.1975405,408
1685905675.2139838,401
1685905675.2258933,393
1685905675.2422574,383
1685905675.2549658,373
1685905675.266956,365
1685905675.2830212,359
1685905675.2959652,353
1685905675.30822,346
1685905675.32431,338
1685905675.3369691,330
1685905675.348959,324
1685905675.3652816,320
1685905675.3780143,316
1685905675.3899581,312
1685905675.4060204,306
1685905675.4189582,302
1685905675.4351006,299
1685905675.4470248,297
1685905675.4589555,294
1685905675.4759867,289
1685905675.4890494,284
1685905675.500011,278
1685905675.5169578,273
1685905675.5289545,268
1685905675.541297,261
1685905675.557958,253
1685905675.569958,243
1685905675.5863132,234
1685905675.5989575,227
1685905675.6113715,221
1685905675.6269886,215
1685905675.6399598,209
1685905675.6529896,203
1685905675.6689599,198
1685905675.680969,196
1685905675.6930304,196
1685905675.7090275,195
1685905675.721956,195
1685905675.7341266,197
1685905675.750017,201
1685905675.7630205,206
1685905675.7789679,211
1685905675.7919571,216
1685905675.8034267,219
1685905675.8201187,223
1685905675.8330958,229
1685905675.8443666,235
1685905675.860394,240
1685905675.873469,244
1685905675.885618,247
1685905675.902369,250
1685905675.914374,253
1685905675.9303818,256
1685905675.9424336,257
1685905675.9554386,256
1685905675.9716856,255
1685905675.9834857,255
1685905675.996431,256
1685905676.012367,257
1685905676.0243745,258
1685905676.037431,258
1685905676.0538898,259
1685905676.0654016,262
1685905676.0813572,265
1685905676.094191,267
1685905676.1064568,269
1685905676.1231282,269
1685905676.1353927,271
1685905676.1474316,273
1685905676.1643243,277
1685905676.1762445,280
1685905676.1883028,281
1685905676.2052488,282
1685905676.2172585,283
1685905676.2295103,286
1685905676.2462037,288
1685905676.2581987,290
1685905676.2742622,289
1685905676.2872746,289
1685905676.2992055,288
1685905676.3155622,290
1685905676.3282628,291
1685905676.3402634,291
1685905676.3565116,290
1685905676.3692124,290
1685905676.3812068,292
1685905676.3975387,297
1685905676.410201,303
1685905676.4262087,310
1685905676.438513,316
1685905676.4505339,323
1685905676.4672077,330
1685905676.4793613,335
1685905676.4912038,337
1685905676.5081997,338
1685905676.5204976,338
1685905676.532265,337
1685905676.5486865,337
1685905676.561379,337
1685905676.5733767,336
1685905676.5903835,331
1685905676.6023908,327
1685905676.6187077,322
1685905676.6303856,320
1685905676.6437426,316
1685905676.6603806,310
1685905676.671822,303
1685905676.684165,297
1685905676.7008843,292
1685905676.7130566,290
1685905676.7251036,288
1685905676.7418857,285
1685905676.7538197,283
1685905676.77015,282
1685905676.7818868,283
1685905676.7951925,285
1685905676.8108838,287
1685905676.8238945,288
1685905676.835824,288
1685905676.851929,289
1685905676.864171,292
1685905676.8768256,296
1685905676.8931074,298
1685905676.9058342,300
1685905676.9212718,301
1685905676.9338164,303
1685905676.9465098,306
1685905676.9625325,309
1685905676.975498,312
1685905676.9875045,313
1685905677.003693,314
1685905677.0155702,316
1685905677.028562,320
1685905677.044499,323
1685905677.0567672,324
1685905677.0694697,324
1685905677.0854373,325
1685905677.0975103,327
1685905677.114447,330
1685905677.1264422,332
1685905677.138509,333
1685905677.155442,333
1685905677.1675434,333
1685905677.1797564,335
1685905677.1964386,337
1685905677.2084448,339
1685905677.2207716,339
1685905677.2375057,338
1685905677.249446,339
1685905677.2655072,340
1685905677.2784507,341
1685905677.2907088,341
1685905677.3067753,340
1685905677.3195083,339
1685905677.3314853,339
1685905677.3477652,340
1685905677.3595402,341
1685905677.372445,340
1685905677.3884432,339
1685905677.4014487,338
1685905677.4134812,338
1685905677.429723,339
1685905677.4419003,340
1685905677.4582133,339
1685905677.4708776,337
1685905677.483958,337
1685905677.49894,337
1685905677.5119379,338
1685905677.524357,337
1685905677.5400143,335
1685905677.5524375,333
1685905677.5649602,332
1685905677.5809982,332
1685905677.5930018,332
1685905677.6099358,330
1685905677.6219735,328
1685905677.6342673,326
1685905677.6508374,325
1685905677.6635401,326
1685905677.6755183,325
1685905677.6918316,324
1685905677.7045355,321
1685905677.716518,319
1685905677.7335196,319
1685905677.7448661,319
1685905677.761514,319
1685905677.7734098,317
1685905677.785407,315
1685905677.8024237,314
1685905677.8144722,314
1685905677.8264902,314
1685905677.8434792,313
1685905677.8554711,312
1685905677.8674786,311
1685905677.8845406,311
1685905677.8964803,312
1685905677.9084785,313
1685905677.9254858,313
1685905677.9374747,312
1685905677.9535687,310
1685905677.9666038,310
1685905677.9786112,311
1685905677.9951882,312
1685905678.006929,312
1685905678.0198448,310
1685905678.035937,309
1685905678.0478394,309
1685905678.060838,310
1685905678.0768354,310
1685905678.08885,308
1685905678.104839,306
1685905678.1180828,305
1685905678.130074,305
1685905678.1464946,305
1685905678.1591222,304
1685905678.1718056,302
1685905678.1874118,300
1685905678.1999621,299
1685905678.2121243,299
1685905678.2290993,300
1685905678.240945,299
1685905678.252943,297
1685905678.2694814,295
1685905678.2819898,295
1685905678.2976742,295
1685905678.3106189,295
1685905678.3225973,294
1685905678.3385992,291
1685905678.351561,290
1685905678.3635068,290
1685905678.3795042,290
1685905678.3925076,291
1685905678.4045086,289
1685905678.420504,288
1685905678.4335086,287
1685905678.4491594,288
1685905678.461163,290
1685905678.4741642,292
1685905678.4901562,292
1685905678.502157,292
1685905678.5151584,293
1685905678.531155,295
1685905678.543198,297
1685905678.5552077,298
1685905678.572178,298
1685905678.5842,297
1685905678.6002223,298
1685905678.6131573,300
1685905678.6253076,301
1685905678.642158,300
1685905678.6534388,299
1685905678.666535,299
1685905678.6828363,299
1685905678.6948133,301
1685905678.7075315,301
1685905678.7233665,300
1685905678.7354884,299
1685905678.7484157,298
1685905678.7644782,299
1685905678.7770395,300
1685905678.792685,300
1685905678.8054519,299
1685905678.8178475,297
1685905678.8347197,297
1685905678.8467329,298
1685905678.8588097,298
1685905678.8757088,297
1685905678.887785,296
1685905678.9003649,295
1685905678.9167485,295
1685905678.9287238,296
1685905678.9449577,297
1685905678.9574816,297
1685905678.9700358,296
1685905678.98545,296
1685905678.9981344,296
1685905679.0102036,298
1685905679.027718,300
1685905679.0390823,299
1685905679.0520709,298
1685905679.0682847,298
1685905679.0803099,300
1685905679.0930898,302
1685905679.1084845,303
1685905679.1215158,303
1685905679.1371891,303
1685905679.1501818,305
1685905679.1621394,307
1685905679.1789696,309
1685905679.1912494,312
1685905679.2027283,311
1685905679.2197294,312
1685905679.232808,315
1685905679.2442224,318
1685905679.2599814,320
1685905679.2729793,319
1685905679.2893736,318
1685905679.301871,316
1685905679.3137813,314
1685905679.330485,313
1685905679.3423772,311
1685905679.3551419,306
1685905679.3711972,302
1685905679.383615,297
1685905679.3960576,295
1685905679.4122403,294
1685905679.424096,293
1685905679.4410226,290
1685905679.4533145,288
1685905679.4653718,288
1685905679.481001,288
1685905679.493966,290
1685905679.506406,291
1685905679.5228114,291
1685905679.5350792,291
1685905679.5470665,292
1685905679.5639617,294
1685905679.575322,297
1685905679.5881076,298
1685905679.6043327,300
1685905679.61704,301
1685905679.6327033,303
1685905679.6456838,305
1685905679.657818,308
1685905679.6737514,309
1685905679.686239,310
1685905679.6989515,311
1685905679.714905,314
1685905679.7272325,316
1685905679.7396739,317
1685905679.7564,315
1685905679.7682228,314
1685905679.7843826,314
1685905679.797102,315
1685905679.808972,318
1685905679.8255427,319
1685905679.8393593,319
1685905679.8507044,320
1685905679.8671393,322
1685905679.8791833,326
1685905679.8908427,328
1685905679.9081087,328
1685905679.9203253,327
1685905679.932258,327
1685905679.9488485,327
1685905679.9610448,327
1685905679.976886,326
1685905679.9893637,323
1685905680.0012877,320
1685905680.0186677,317
1685905680.0299158,317
1685905680.0428545,317
1685905680.0589216,319
1685905680.0719268,320
1685905680.083896,321
1685905680.0999823,325
1685905680.111858,329
1685905680.1288576,333
1685905680.1409009,334
1685905680.1536953,333
1685905680.1703281,331
1685905680.18232,329
1685905680.194255,327
1685905680.2109168,325
1685905680.2228723,321
1685905680.2356706,318
1685905680.25215,314
1685905680.2639153,313
1685905680.2798932,312
1685905680.2919934,311
1685905680.3054395,308
1685905680.321437,304
1685905680.3341236,301
1685905680.3461828,300
1685905680.3625576,300
1685905680.374863,299
1685905680.3868206,298
1685905680.403318,296
1685905680.4153466,296
1685905680.4274025,298
1685905680.4437304,300
1685905680.4562004,301
1685905680.4732254,301
1685905680.485469,301
1685905680.4975152,302
1685905680.5143507,305
1685905680.5257568,307
1685905680.5382195,308
1685905680.5547817,308
1685905680.567427,308
1685905680.579215,309
1685905680.5955536,311
1685905680.6078422,313
1685905680.6245015,312
1685905680.6371615,311
1685905680.6491253,311
1685905680.6658692,312
1685905680.6779861,314
1685905680.689868,314
1685905680.7061524,314
1685905680.7192342,313
1685905680.7313008,313
1685905680.7472732,314
1685905680.7590046,316
1685905680.772289,316
1685905680.7880719,315
1685905680.8005333,315
1685905680.8167996,315
1685905680.8288722,316
1685905680.841059,317
1685905680.8581867,316
1685905680.8702683,315
1685905680.88256,315
1685905680.8990042,315
1685905680.9116623,316
1685905680.9234478,317
1685905680.9403086,316
1685905680.952319,315
1685905680.9683564,314
1685905680.9812121,315
1685905680.994105,316
1685905681.0095737,316
1685905681.0218842,315
1685905681.0338163,313
1685905681.0505874,313
1685905681.0631151,314
1685905681.0750358,315
1685905681.0914946,314
1685905681.1033373,313
1685905681.120247,311
1685905681.1321127,311
1685905681.1448188,312
1685905681.161558,312
1685905681.1734767,312
1685905681.1854784,310
1685905681.201919,309
1685905681.2144246,309
1685905681.2264228,310
1685905681.243004,311
1685905681.2554386,310
1685905681.267221,308
1685905681.284304,307
1685905681.296046,307
1685905681.3127499,309
1685905681.325017,309
1685905681.3370204,307
1685905681.3538654,305
1685905681.366529,305
1685905681.3780582,305
1685905681.394797,306
1685905681.4071043,306
1685905681.418835,304
1685905681.4358454,303
1685905681.448027,303
1685905681.4639764,304
1685905681.4766774,305
1685905681.4893322,305
1685905681.5053387,303
1685905681.517487,303
1685905681.5295467,303
1685905681.5462797,304
1685905681.558175,305
1685905681.5701296,305
1685905681.5872808,304
1685905681.5987995,303
1685905681.6117578,304
1685905681.62758,306
1685905681.6406002,306
1685905681.6566482,305
1685905681.6692607,304
1685905681.6813214,304
1685905681.6975913,304
1685905681.709898,306
1685905681.721899,306
1685905681.7383697,305
1685905681.750773,304
1685905681.7627263,304
1685905681.7798977,305
1685905681.7912867,306
1685905681.8076608,306
1685905681.819983,304
1685905681.8325717,304
1685905681.848869,304
1685905681.8615367,305
1685905681.873686,306
1685905681.8903885,305
1685905681.902389,303
1685905681.9146817,302
1685905681.93095,302
1685905681.943105,303
1685905681.9598227,303
1685905681.97248,302
1685905681.9846766,300
1685905682.000213,300
1685905682.0132205,301
1685905682.0254579,302
1685905682.0415223,302
1685905682.0536911,300
1685905682.0663648,299
1685905682.082033,299
1685905682.0952134,300
1685905682.1073751,300
1685905682.1235788,299
1685905682.135978,297
1685905682.1519191,296
1685905682.1646082,296
1685905682.1763809,297
1685905682.1933894,297
1685905682.2058475,296
1685905682.2179785,294
1685905682.2342856,293
1685905682.2463698,293
1685905682.259041,294
1685905682.2753377,294
1685905682.2873254,293
1685905682.30405,291
1685905682.316126,291
1685905682.3282785,292
1685905682.345105,294
1685905682.3568249,299
1685905682.3688931,304
1685905682.3854203,306
1685905682.3975859,309
1685905682.410056,312
1685905682.4269087,314
1685905682.4392235,313
1685905682.4514496,311
1685905682.4679193,309
1685905682.4800813,308
1685905682.4965067,308
1685905682.509231,307
1685905682.520435,305
1685905682.5373816,302
1685905682.5494275,301
1685905682.5615256,301
1685905682.578194,301
1685905682.5902948,301
1685905682.6028888,300
1685905682.6189713,298
1685905682.631253,296
1685905682.6479344,296
1685905682.6600704,295
1685905682.6725972,293
1685905682.6886406,290
1685905682.700638,288
1685905682.7136967,287
1685905682.7303848,288
1685905682.741422,289
1685905682.7544587,290
1685905682.7710702,289
1685905682.7831125,289
1685905682.7993314,291
1685905682.8112984,294
1685905682.824235,296
1685905682.8400218,297
1685905682.8529086,297
1685905682.8652658,299
1685905682.881367,302
1685905682.893868,305
1685905682.906246,307
1685905682.9222953,308
1685905682.934277,309
1685905682.9475813,310
1685905682.962862,312
1685905682.9752614,315
1685905682.9917045,316
1685905683.0046167,316
1685905683.0165179,316
1685905683.0325847,317
1685905683.0452383,319
1685905683.0572312,321
1685905683.0740983,321
1685905683.0862837,320
1685905683.0978131,320
1685905683.1142366,321
1685905683.126995,323
1685905683.1435192,324
1685905683.1557484,323
1685905683.1680422,322
1685905683.184614,321
1685905683.1965966,322
1685905683.2086563,325
1685905683.2253828,326
1685905683.237994,326
1685905683.250169,326
1685905683.2664077,327
1685905683.2783759,329
1685905683.2906408,331
1685905683.3069139,332
1685905683.319769,331
1685905683.3354266,330
1685905683.3482234,331
1685905683.360218,332
1685905683.3771868,332
1685905683.3892422,332
1685905683.4010513,330
1685905683.4177885,328
1685905683.4302428,328
1685905683.442191,328
1685905683.4588864,328
1685905683.4705155,327
1685905683.4875557,325
1685905683.4998357,324
1685905683.5121253,324
1685905683.528806,325
1685905683.5407896,325
1685905683.5531418,323
1685905683.5694773,321
1685905683.5819001,321
1685905683.5939126,321
1685905683.6104026,322
1685905683.622273,321
1685905683.6383402,319
1685905683.651061,317
1685905683.6643538,317
1685905683.680021,317
1685905683.6922536,318
1685905683.704621,318
1685905683.7213645,316
1685905683.7333076,316
1685905683.7458403,317
1685905683.7622871,318
1685905683.7738733,319
1685905683.786214,319
1685905683.8029094,318
1685905683.8152804,318
1685905683.831564,319
1685905683.8435593,321
1685905683.8557918,321
1685905683.8718367,320
1685905683.884842,319
1685905683.897104,318
1685905683.9136171,318
1685905683.9257238,319
1685905683.9380846,318
1685905683.9540954,317
1685905683.9661,315
1685905683.9830666,315
1685905683.995103,315
1685905684.0078342,316
1685905684.024085,314
1685905684.0364032,312
1685905684.048887,311
1685905684.0648704,311
1685905684.077127,312
1685905684.0897841,312
1685905684.1056542,311
1685905684.1182525,309
1685905684.130051,308
1685905684.147325,309
1685905684.1593578,311
1685905684.1759534,311
1685905684.1881938,310
1685905684.2001846,309
1685905684.2166061,309
1685905684.229525,310
1685905684.2408323,311
1685905684.257613,310
1685905684.2701051,309
1685905684.2822762,308
1685905684.2984266,308
1685905684.3104286,309
1685905684.3269372,310
1685905684.3391087,309
1685905684.3519802,308
1685905684.368074,307
1685905684.3802285,308
1685905684.3919063,309
1685905684.4089675,310
1685905684.4209032,310
1685905684.433901,308
1685905684.4499598,308
1685905684.4619682,309
1685905684.478234,310
1685905684.490923,311
1685905684.5038314,309
1685905684.519592,308
1685905684.5322592,308
1685905684.544287,309
1685905684.5608582,310
1685905684.5733123,310
1685905684.5852003,308
1685905684.6013293,307
1685905684.6140382,307
1685905684.6259682,309
1685905684.6422935,310
1685905684.654954,310
1685905684.671207,308
1685905684.6830556,307
1685905684.6959553,308
1685905684.7121685,309
1685905684.7251136,310
1685905684.7364395,308
1685905684.7531054,307
1685905684.7653813,306
1685905684.7781184,306
1685905684.7941766,307
1685905684.8061604,307
1685905684.8226197,306
1685905684.8349621,304
1685905684.8476193,304
1685905684.8631659,305
1685905684.8757942,306
1685905684.8885899,306
1685905684.9044905,304
1685905684.91752,304
1685905684.9285593,304
1685905684.9454393,306
1685905684.95744,306
1685905684.969435,306
1685905684.986438,305
1685905684.9984372,305
1685905685.0154386,305
1685905685.0274336,307
1685905685.039438,308
1685905685.055548,307
1685905685.0687437,305
1685905685.0805476,305
1685905685.0974536,306
1685905685.1095355,307
1685905685.1217206,308
1685905685.137795,307
1685905685.1505342,306
1685905685.1667805,306
1685905685.17946,308
1685905685.1914556,309
1685905685.2074788,309
1685905685.2199974,308
1685905685.2324557,307
1685905685.2487903,308
1685905685.2604554,311
1685905685.273457,312
1685905685.2895136,312
1685905685.301801,312
1685905685.3174605,313
1685905685.3306057,315
1685905685.3428023,318
1685905685.3594506,320
1685905685.3715289,321
1685905685.3834426,322
1685905685.4005198,324
1685905685.4120498,327
1685905685.4249983,331
1685905685.4410088,335
1685905685.453317,338
1685905685.466204,341
1685905685.4819942,344
1685905685.4939997,349
1685905685.5109959,352
1685905685.5230303,354
1685905685.535587,355
1685905685.5518024,355
1685905685.5639346,355
1685905685.5765872,354
1685905685.5925848,352
1685905685.6055913,347
1685905685.617587,340
1685905685.633585,333
1685905685.6456509,327
1685905685.6619902,321
1685905685.6746755,314
1685905685.6869166,306
1685905685.703163,298
1685905685.715606,292
1685905685.7286131,288
1685905685.7440856,284
1685905685.7565298,281
1685905685.7685769,277
1685905685.7855318,273
1685905685.79759,271
1685905685.8098986,271
1685905685.8265352,271
1685905685.8385317,271
1685905685.8545897,270
1685905685.866847,270
1685905685.8795323,271
1685905685.8958478,273
1685905685.9079156,275
1685905685.920063,275
1685905685.937056,275
1685905685.9488297,276
1685905685.9615068,277
1685905685.9775023,280
1685905685.989568,282
1685905686.0055182,283
1685905686.0190644,283
1685905686.0308368,284
1685905686.0474622,286
1685905686.059812,289
1685905686.0714614,290
1685905686.088465,291
1685905686.1004632,291
1685905686.112527,292
1685905686.1294231,295
1685905686.1413507,296
1685905686.1533458,297
1685905686.170416,297
1685905686.1825671,298
1685905686.1986506,299
1685905686.2113333,301
1685905686.223333,303
1685905686.239402,304
1685905686.2523324,305
1685905686.2643304,306
1685905686.2806497,310
1685905686.2933316,313
1685905686.305365,316
1685905686.3215616,318
1685905686.3338752,320
1685905686.3495808,326
1685905686.362803,333
1685905686.3748991,343
1685905686.391556,354
1685905686.4036784,361
1685905686.4159293,370
1685905686.4325585,380
1685905686.4446557,388
1685905686.456579,396
1685905686.4735625,400
1685905686.4858685,403
1685905686.5016224,404
1685905686.5145628,406
1685905686.5266323,407
1685905686.54356,406
1685905686.5555575,403
1685905686.5675564,397
1685905686.583615,391
1685905686.595621,386
1685905686.6085858,381
1685905686.6248343,375
1685905686.6369646,368
1685905686.649893,360
1685905686.6658323,353
1685905686.67785,348
1685905686.6941545,342
1685905686.706913,334
1685905686.7188475,323
1685905686.7356546,309
1685905686.7475119,297
1685905686.7596974,285
1685905686.776117,273
1685905686.7888563,261
1685905686.8009145,249
1685905686.8171892,240
1685905686.8299153,235
1685905686.8461533,232
1685905686.858827,230
1685905686.8708234,227
1685905686.8869803,225
1685905686.8988142,226
1685905686.911821,229
1685905686.928176,232
1685905686.9398806,235
1685905686.9528825,238
1685905686.968901,240
1685905686.9811487,244
1685905686.9938278,249
1685905687.0099854,254
1685905687.021886,257
1685905687.038943,260
1685905687.0509288,261
1685905687.062984,265
1685905687.078875,269
1685905687.0918744,272
1685905687.1038315,274
1685905687.1208134,275
1685905687.1328127,277
1685905687.1448872,278
1685905687.161667,281
1685905687.173829,283
1685905687.1898084,284
1685905687.2018683,284
1685905687.2148108,285
1685905687.2308629,287
1685905687.2431962,289
1685905687.2558098,291
1685905687.2718077,291
1685905687.2838113,291
1685905687.2968094,292
1685905687.3128085,293
1685905687.325568,295
1685905687.340981,296
1685905687.3539803,296
1685905687.3660321,296
1685905687.3825195,296
1685905687.3949783,298
1685905687.4069896,298
1685905687.4231055,297
1685905687.4350924,295
1685905687.448096,293
1685905687.4641051,293
1685905687.4760938,293
1685905687.4890974,293
1685905687.5056422,292
1685905687.5170956,290
1685905687.5342772,289
1685905687.5465746,290
1685905687.558273,291
1685905687.5752802,293
1685905687.5872743,293
1685905687.5992777,293
1685905687.6162772,295
1685905687.6280873,298
1685905687.6400833,300
1685905687.6570873,303
1685905687.6690807,303
1685905687.6850917,304
1685905687.6980875,306
1685905687.710088,309
1685905687.7261913,311
1685905687.7391884,312
1685905687.7511902,312
1685905687.767188,312
1685905687.7791908,314
1685905687.792192,317
1685905687.8081903,318
1685905687.821197,319
1685905687.8331957,319
1685905687.8491926,319
1685905687.8611922,322
1685905687.878188,324
1685905687.8901868,326
1685905687.9027662,326
1685905687.919258,325
1685905687.9314356,325
1685905687.9431405,325
1685905687.9601996,326
1685905687.972141,325
1685905687.9844391,323
1685905688.0012002,321
1685905688.0131385,321
1685905688.029141,321
1685905688.0421405,321
1685905688.0545108,320
1685905688.0701876,318
1685905688.0826612,317
1685905688.095182,317
1685905688.1111884,318
1685905688.1231406,319
1685905688.1361377,317
1685905688.152135,315
1685905688.1651442,314
1685905688.1811447,315
1685905688.1931422,315
1685905688.206141,315
1685905688.2221386,313
1685905688.2341387,312
1685905688.246139,312
1685905688.263194,312
1685905688.2751439,313
1685905688.287142,312
1685905688.3042066,310
1685905688.3162117,309
1685905688.3282068,308
1685905688.3451998,309
1685905688.3572025,310
1685905688.373138,308
1685905688.3861427,307
1685905688.3981385,306
1685905688.4141388,306
1685905688.4269307,307
1685905688.4389782,308
1685905688.455932,307
1685905688.4679778,305
1685905688.4799883,305
1685905688.4959424,306
1685905688.5089843,307
1685905688.5249848,308
1685905688.5369842,307
1685905688.5499284,306
1685905688.5656323,306
1685905688.5778878,307
1685905688.590889,308
1685905688.6069345,308
1685905688.6190615,307
1685905688.6319456,305
1685905688.6478891,306
1685905688.659947,307
1685905688.671947,308
1685905688.6888974,307
1685905688.7009063,306
1685905688.717894,306
1685905688.7298968,306
1685905688.7429073,308
1685905688.7588954,308
1685905688.7709029,308
1685905688.7829084,306
1685905688.7998939,306
1685905688.8118923,307
1685905688.824468,308
1685905688.8407402,308
1685905688.8524954,307
1685905688.8688152,306
1685905688.881974,306
1685905688.8935518,306
1685905688.9105623,307
1685905688.9228537,307
1685905688.935131,305
1685905688.9511402,304
1685905688.9631884,304
1685905688.976197,306
1685905688.9921355,306
1685905689.0041347,306
1685905689.0202038,305
1685905689.0331917,304
1685905689.04513,305
1685905689.0612104,307
1685905689.0741918,307
1685905689.0861425,306
1685905689.103134,305
1685905689.1151345,305
1685905689.1271892,306
1685905689.1431909,307
1685905689.1561537,307
1685905689.168188,306
1685905689.1841908,305
1685905689.1971877,306
1685905689.2132068,307
1685905689.2255206,308
1685905689.2378156,308
1685905689.2538457,307
1685905689.2668588,306
1685905689.2782547,306
1685905689.2954397,308
1685905689.307318,309
1685905689.3192487,308
1685905689.3362505,307
1685905689.3483102,307
1685905689.3643167,308
1685905689.377257,310
1685905689.3892634,310
1685905689.4062505,309
1685905689.4185932,308
1685905689.430422,308
1685905689.4468572,309
1685905689.4594667,311
1685905689.4714043,310
1685905689.487467,309
1685905689.5004725,308
1685905689.512412,308
1685905689.5291078,310
1685905689.541111,311
1685905689.5573335,310
1685905689.5701907,309
1685905689.5820343,309
1685905689.5983589,309
1685905689.6110315,311
1685905689.623033,312
1685905689.6399355,311
1685905689.651698,310
1685905689.6645353,310
1685905689.6803522,311
1685905689.6926675,312
1685905689.7089489,312
1685905689.7213485,311
1685905689.7333646,310
1685905689.7500842,310
1685905689.7618306,311
1685905689.7741096,313
1685905689.79125,313
1685905689.803615,312
1685905689.815509,311
1685905689.832028,311
1685905689.8445504,313
1685905689.8569014,314
1685905689.8728476,313
1685905689.8848886,312
1685905689.9012213,311
1685905689.9141514,311
1685905689.9261012,313
1685905689.9420996,313
1685905689.9551032,312
1685905689.967103,310
1685905689.9831638,309
1685905689.9951053,310
1685905690.008103,311
1685905690.0243974,311
1685905690.0368888,309
1685905690.052875,308
1685905690.064938,307
1685905690.0777898,308
1685905690.0937274,310
1685905690.106709,310
1685905690.1187136,308
1685905690.1349685,307
1685905690.1470237,308
1685905690.1590972,309
1685905690.175999,310
1685905690.1879818,310
1685905690.2039654,308
1685905690.2169647,308
1685905690.2289636,308
1685905690.24503,310
1685905690.2579699,310
1685905690.2699661,310
1685905690.2869682,308
1685905690.2989676,308
1685905690.310966,309
1685905690.3274343,311
1685905690.339492,311
1685905690.3514864,310
1685905690.3684287,309
1685905690.3804247,310
1685905690.3964224,311
1685905690.4096265,313
1685905690.421581,313
1685905690.4374394,311
1685905690.4503798,311
1685905690.4623826,311
1685905690.4784124,312
1685905690.4913757,313
1685905690.5033739,312
1685905690.5201852,311
1685905690.5323749,310
1685905690.5483775,310
1685905690.5603845,312
1685905690.5733836,312
1685905690.5894976,311
1685905690.6015081,310
1685905690.6143763,309
1685905690.6303337,310
1685905690.6434753,311
1685905690.6554575,311
1685905690.6712072,310
1685905690.684251,309
1685905690.696206,309
1685905690.7129958,310
1685905690.7249165,311
1685905690.74093,311
1685905690.7529256,309
1685905690.766164,308
1685905690.7821531,309
1685905690.7941072,310
1685905690.8071306,311
1685905690.8234186,311
1685905690.835531,310
1685905690.8478618,310
1685905690.8641756,312
1685905690.8758864,314
1685905690.8927517,316
1685905690.9054356,317
1685905690.917389,317
1685905690.9339125,319
1685905690.9461524,324
1685905690.9584353,331
1685905690.975476,337
1685905690.987144,342
1685905690.999565,347
1685905691.0156434,351
1685905691.0280669,356
1685905691.0442362,358
1685905691.0568948,358
1685905691.0682993,354
1685905691.0851846,348
1685905691.097206,343
1685905691.1100197,337
1685905691.1262057,332
1685905691.1385093,325
1685905691.1510737,318
1685905691.167077,313
1685905691.1791127,311
1685905691.1917512,311
1685905691.20911,310
1685905691.220118,309
1685905691.2361674,308
1685905691.2491088,309
1685905691.2617757,312
1685905691.277149,313
1685905691.2901614,314
1685905691.3022552,312
1685905691.318272,310
1685905691.3306928,307
1685905691.3430154,306
1685905691.3595355,304
1685905691.3716505,301
1685905691.3879564,297
1685905691.4009395,294
1685905691.412986,293
1685905691.4295473,293
1685905691.4417586,292
1685905691.454091,290
1685905691.4698322,288
1685905691.4829526,287
1685905691.4951031,287
1685905691.5110073,289
1685905691.5234942,290
1685905691.5351741,289
1685905691.5519981,288
1685905691.5643172,289
1685905691.5811684,291
1685905691.5933447,293
1685905691.6057484,294
1685905691.6213012,293
1685905691.6341183,293
1685905691.646293,294
1685905691.6627326,296
1685905691.675158,298
1685905691.6872442,298
1685905691.7041032,297
1685905691.7161143,296
1685905691.7321112,298
1685905691.7460399,300
1685905691.7570376,301
1685905691.7737696,301
1685905691.7858121,301
1685905691.7979894,301
1685905691.814227,303
1685905691.826163,304
1685905691.8391633,305
1685905691.8551633,305
1685905691.8675761,304
1685905691.8833554,303
1685905691.8964355,304
1685905691.9084768,305
1685905691.924571,305
1685905691.9372346,304
1685905691.9492943,302
1685905691.965312,302
1685905691.9779084,304
1685905691.9905508,305
1685905692.0071251,305
1685905692.0191755,304
1685905692.031167,303
1685905692.0472834,304
1685905692.0593417,306
1685905692.0768132,306
1685905692.0888557,306
1685905692.1012685,305
1685905692.1170964,304
1685905692.1300268,305
1685905692.142024,307
1685905692.158645,307
1685905692.1707194,306
1685905692.1833398,305
1685905692.1990206,305
1685905692.2113597,306
1685905692.2277756,308
1685905692.2403827,308
1685905692.2523763,307
1685905692.2682886,306
1685905692.2814295,306
1685905692.2931325,308
1685905692.3091965,309
1685905692.3222935,309
1685905692.3347383,308
1685905692.350553,307
1685905692.363263,308
1685905692.3753083,309
1685905692.3913074,310
1685905692.4039285,310
1685905692.4200516,308
1685905692.4330957,308
1685905692.4448843,309
1685905692.4615703,310
1685905692.4736655,311
1685905692.4857793,310
1685905692.502508,308
1685905692.5148122,308
1685905692.5263443,309
1685905692.543498,311
1685905692.5557094,311
1685905692.5721323,310
1685905692.5841792,309
1685905692.5970194,309
1685905692.6132464,310
1685905692.625016,311
1685905692.6374414,311
1685905692.6533847,309
1685905692.6663027,308
1685905692.6785686,308
1685905692.6950696,310
1685905692.7072282,311
1685905692.7239664,310
1685905692.7351618,309
1685905692.749933,308
1685905692.76393,309
1685905692.776086,311
1685905692.7891762,311
1685905692.8052506,310
1685905692.8181596,308
1685905692.8301604,308
1685905692.8467817,309
1685905692.8594146,310
1685905692.8714154,310
1685905692.8874888,308
1685905692.9000964,308
1685905692.916156,308
1685905692.9285445,309
1685905692.9410746,309
1685905692.9572136,309
1685905692.969191,307
1685905692.981204,306
1685905692.9983046,306
1685905693.0102668,308
1685905693.02297,308
1685905693.0395436,307
1685905693.0511677,305
1685905693.0676565,304
1685905693.0802176,305
1685905693.092224,306
1685905693.108685,306
1685905693.121503,304
1685905693.1332834,303
1685905693.1494966,302
1685905693.1619196,303
1685905693.1738675,304
1685905693.1906135,303
1685905693.2030797,302
1685905693.2151327,301
1685905693.2313128,301
1685905693.2441611,302
1685905693.2602904,303
1685905693.272544,303
1685905693.284147,301
1685905693.3007689,300
1685905693.3132482,300
1685905693.3253622,301
1685905693.3419247,302
1685905693.3543723,300
1685905693.36703,298
1685905693.3832073,298
1685905693.3953452,298
1685905693.411396,299
1685905693.424114,299
1685905693.436077,298
1685905693.4520721,296
1685905693.464761,296
1685905693.47739,297
1685905693.4930942,298
1685905693.5057747,298
1685905693.5185778,296
1685905693.5342095,295
1685905693.5471833,295
1685905693.563227,296
1685905693.575542,296
1685905693.5879738,295
1685905693.6043613,294
1685905693.6164331,293
1685905693.628182,293
1685905693.6452608,294
1685905693.6569526,294
1685905693.6702957,293
1685905693.6862566,291
1685905693.699282,291
1685905693.7102969,292
1685905693.7272801,293
1685905693.7394748,293
1685905693.7549481,291
1685905693.7678828,290
1685905693.7798882,289
1685905693.7967544,290
1685905693.8092334,291
1685905693.8213563,290
1685905693.8374898,288
1685905693.8501797,288
1685905693.8622534,288
1685905693.878592,289
1685905693.8904343,290
1685905693.9072182,289
1685905693.9194448,287
1685905693.9315157,286
1685905693.9481008,287
1685905693.9609373,288
1685905693.973113,288
1685905693.9891088,287
1685905694.0010705,285
1685905694.013247,285
1685905694.0302913,286
1685905694.0421066,287
1685905694.054849,287
1685905694.0708702,286
1685905694.0831325,286
1685905694.0998776,286
1685905694.112148,287
1685905694.1243517,289
1685905694.1406791,289
1685905694.1531618,289
1685905694.1651864,289
1685905694.181191,290
1685905694.1942508,293
1685905694.2062886,295
1685905694.2230685,295
1685905694.235111,295
1685905694.2509773,296
1685905694.2639053,298
1685905694.2759075,301
1685905694.2922034,303
1685905694.304204,304
1685905694.3169637,304
1685905694.3335404,305
1685905694.3452435,307
1685905694.3572376,308
1685905694.3744307,309
1685905694.3867757,309
1685905694.4029057,309
1685905694.4149492,311
1685905694.4278586,315
1685905694.4442036,319
1685905694.4562316,322
1685905694.468229,324
1685905694.4851553,327
1685905694.4972942,331
1685905694.50929,336
1685905694.5260625,340
1685905694.5391808,343
1685905694.550735,345
1685905694.5667846,348
1685905694.5790749,352
1685905694.5952866,356
1685905694.608074,359
1685905694.6200466,360
1685905694.636349,360
1685905694.6490374,360
1685905694.6612418,361
1685905694.677324,362
1685905694.689552,361
1685905694.7015462,359
1685905694.7178757,356
1685905694.7309434,355
1685905694.7461221,355
1685905694.7594235,355
1685905694.7714672,353
1685905694.7874815,350
1685905694.8002076,347
1685905694.812585,346
1685905694.828936,346
1685905694.8413453,345
1685905694.8537023,342
1685905694.8693037,339
1685905694.8821504,337
1685905694.8944993,336
1685905694.9109068,336
1685905694.9235168,336
1685905694.9400854,333
1685905694.9512336,332
1685905694.9641926,330
1685905694.9799616,331
1685905694.992659,331
1685905695.0050104,329
1685905695.0216792,327
1685905695.033866,324
1685905695.0453486,323
1685905695.0623646,323
1685905695.0749896,322
1685905695.0907898,320
1685905695.103463,317
1685905695.1154652,315
1685905695.1320865,313
1685905695.1440065,313
1685905695.1562252,312
1685905695.17302,310
1685905695.1847892,307
1685905695.19765,305
1685905695.2136955,305
1685905695.225754,305
1685905695.2392015,304
1685905695.2553988,302
1685905695.2665591,300
1685905695.2831023,299
1685905695.2955902,299
1685905695.307603,300
1685905695.3245819,299
1685905695.337044,298
1685905695.3491282,297
1685905695.365339,297
1685905695.377343,298
1685905695.3903375,298
1685905695.406559,298
1685905695.4186814,296
1685905695.4349318,295
1685905695.4469793,296
1685905695.459976,297
1685905695.4762142,298
1685905695.4880378,297
1685905695.5005207,295
1685905695.5170648,295
1685905695.52904,296
1685905695.5419014,297
1685905695.5582404,297
1685905695.569953,296
1685905695.5859523,294
1685905695.5990837,295
1685905695.611251,296
1685905695.6277652,297
1685905695.6401587,297
1685905695.6520164,296
1685905695.6681247,295
1685905695.6811945,296
1685905695.693234,297
1685905695.7096279,298
1685905695.7221265,298
1685905695.7340984,297
1685905695.7497544,297
1685905695.7628467,298
1685905695.7789435,300
1685905695.7916334,301
1685905695.8037562,300
1685905695.8201742,299
1685905695.832768,299
1685905695.8448188,301
1685905695.8613617,302
1685905695.8734796,302
1685905695.8856235,301
1685905695.9018185,300
1685905695.9138682,301
1685905695.9301538,302
1685905695.9428594,303
1685905695.9548697,303
1685905695.9718943,302
1685905695.983941,302
1685905695.9958797,302
1685905696.0129373,303
1685905696.0249429,304
1685905696.0370946,304
1685905696.0530345,303
1685905696.0660744,302
1685905696.0780833,303
1685905696.0940733,304
1685905696.1070797,305
1685905696.1230087,304
1685905696.1350527,304
1685905696.1478508,304
1685905696.1638515,305
1685905696.1758597,307
1685905696.1889277,307
1685905696.2050443,307
1685905696.2174718,306
1685905696.229848,306
1685905696.246027,307
1685905696.25819,308
1685905696.2749114,308
1685905696.286851,307
1685905696.2996323,305
1685905696.3156981,305
1685905696.3274977,307
1685905696.3404984,307
1685905696.3568332,307
1685905696.3689575,306
1685905696.3815577,305
1685905696.397583,306
1685905696.4099205,308
1685905696.4255548,308
1685905696.438546,307
1685905696.4505396,306
1685905696.4675293,306
1685905696.479544,307
1685905696.4918523,308
1685905696.5089488,308
1685905696.5207875,307
1685905696.5325701,306
1685905696.5494244,307
1685905696.5615475,308
1685905696.5732772,309
1685905696.5902953,309
1685905696.6023443,308
1685905696.6182463,307
1685905696.6312997,308
1685905696.6432922,310
1685905696.659239,312
1685905696.672303,312
1685905696.6842906,311
1685905696.7008092,312
1685905696.7132998,313
1685905696.7253,315
1685905696.7415473,317
1685905696.7542982,316
1685905696.7702591,315
1685905696.7822742,315
1685905696.7951992,317
1685905696.8112757,318
1685905696.823541,319
1685905696.835497,318
1685905696.8522577,317
1685905696.864255,317
1685905696.8765411,319
1685905696.8932014,320
1685905696.9057944,321
1685905696.921884,319
1685905696.9340084,319
1685905696.9463913,320
1685905696.962284,322
1685905696.975223,324
1685905696.9872918,325
1685905697.0035582,325
1685905697.0162256,325
1685905697.0290093,326
1685905697.0450015,327
1685905697.0570092,326
1685905697.0690038,322
1685905697.0859349,317
1685905697.0980165,313
1685905697.113997,309
1685905697.126566,306
1685905697.1385758,302
1685905697.1549551,297
1685905697.1676486,294
1685905697.179686,292
1685905697.1966295,291
1685905697.2086418,292
1685905697.2208278,290
1685905697.2370105,288
1685905697.2496982,287
1685905697.2656338,288
1685905697.2776315,289
1685905697.2907102,290
1685905697.306955,290
1685905697.3186305,289
1685905697.3322165,290
1685905697.3478987,291
1685905697.3606114,293
1685905697.371886,295
1685905697.3886282,294
1685905697.4009314,294
1685905697.4126387,295
1685905697.4296222,296
1685905697.4419312,298
1685905697.4579444,299
1685905697.4710102,298
1685905697.4830017,297
1685905697.498942,297
1685905697.5118005,298
1685905697.523784,299
1685905697.5397246,299
1685905697.5528247,298
1685905697.565081,298
1685905697.5810847,298
1685905697.5937128,300
1685905697.6099987,301
1685905697.622087,300
1685905697.6347156,298
1685905697.6511703,297
1685905697.6631773,298
1685905697.675166,299
1685905697.6914952,298
1685905697.7041616,297
1685905697.7161658,296
1685905697.7331786,297
1685905697.7452402,299
1685905697.7571955,301
1685905697.77313,303
1685905697.7861316,304
1685905697.802457,306
1685905697.8151977,312
1685905697.8271372,319
1685905697.8437352,328
1685905697.8554816,335
1685905697.868169,341
1685905697.8843799,348
1685905697.8964906,354
1685905697.9092326,362
1685905697.9256377,366
1685905697.9377732,369
1685905697.9541714,370
1685905697.9663634,372
1685905697.9785655,374
1685905697.9952385,374
1685905698.0072367,373
1685905698.0195572,371
1685905698.0356019,366
1685905698.0482433,364
1685905698.0607028,362
1685905698.0770798,360
1685905698.08906,356
1685905698.105523,350
1685905698.1182,345
1685905698.1302657,341
1685905698.147189,338
1685905698.1591885,335
1685905698.171253,331
1685905698.1872528,325
1685905698.1992226,321
1685905698.2121847,316
1685905698.2282412,311
1685905698.2402475,306
1685905698.2523582,298
1685905698.2693782,288
1685905698.2813487,280
1685905698.298076,273
1685905698.3100243,268
1685905698.3226316,263
1685905698.3386927,258
1685905698.3506927,253
1685905698.3637102,250
1685905698.3801453,249
1685905698.3926978,249
1685905698.4047625,249
1685905698.4209573,249
1685905698.4329314,249
1685905698.4494586,251
1685905698.4617772,254
1685905698.4744554,257
1685905698.4907522,260
1685905698.5027514,261
1685905698.5154874,263
1685905698.5314927,267
1685905698.543759,271
1685905698.5557926,274
1685905698.5728137,276
1685905698.5847757,277
1685905698.5971127,279
1685905698.6131215,283
1685905698.625827,287
1685905698.6417527,290
1685905698.6542609,291
1685905698.6664872,292
1685905698.6824355,294
1685905698.695518,297
1685905698.7084494,300
1685905698.7245085,301
1685905698.7358434,301
1685905698.748158,301
1685905698.7653592,303
1685905698.7774196,306
1685905698.793386,307
1685905698.805412,308
1685905698.8184137,307
1685905698.8346462,307
1685905698.8465085,308
1685905698.8591006,309
1685905698.8755698,310
1685905698.8874724,310
1685905698.900323,309
1685905698.9162378,309
1685905698.9292436,310
1685905698.9452488,312
1685905698.9572,312
1685905698.969984,311
1685905698.986163,310
1685905698.997968,310
1685905699.0109103,312
1685905699.0273597,313
1685905699.0393362,313
1685905699.051297,311
1685905699.0682867,310
1685905699.080349,310
1685905699.0923529,311
1685905699.109354,312
1685905699.1214278,312
1685905699.1372902,310
1685905699.1493464,310
1685905699.1623607,311
1685905699.1783512,312
1685905699.1909094,313
1685905699.2035046,312
1685905699.2195466,312
1685905699.2314858,313
1685905699.2444208,315
1685905699.2607994,317
1685905699.2729917,319
1685905699.2892225,320
1685905699.3019445,320
1685905699.3139856,321
1685905699.3301382,324
1685905699.3423905,326
1685905699.3551452,327
1685905699.3710856,327
1685905699.384146,327
1685905699.39542,329
1685905699.4121528,330
1685905699.4240763,331
1685905699.4371421,329
1685905699.4531443,327
1685905699.465079,326
1685905699.4816122,325
1685905699.4941554,326
1685905699.5064201,326
1685905699.5230737,324
1685905699.535153,322
1685905699.5472612,321
1685905699.5633967,321
1685905699.576149,321
1685905699.5885742,320
1685905699.604435,318
1685905699.6170902,316
1685905699.6331453,315
1685905699.6451392,315
1685905699.658079,315
1685905699.6742456,314
1685905699.6860776,312
1685905699.6990807,310
1685905699.7150757,310
1685905699.7271461,311
1685905699.739407,312
1685905699.7561972,311
1685905699.7686558,309
1685905699.7846768,308
1685905699.7975802,309
1685905699.8093958,310
1685905699.8253999,310
1685905699.838393,309
1685905699.850451,308
1685905699.8663943,307
1685905699.8793278,308
1685905699.891402,310
1685905699.9076054,310
1685905699.919655,309
1685905699.932417,308
1685905699.9486337,308
1685905699.9603293,310
1685905699.9773302,311
1685905699.989345,310
1685905700.001663,309
1685905700.0181851,309
1685905700.0303128,309
1685905700.0433004,310
1685905700.0593808,311
1685905700.0716352,310
1685905700.0833647,309
1685905700.1003628,308
1685905700.1126606,309
1685905700.12833,310
1685905700.1411345,311
1685905700.1531167,310
1685905700.17015,308
1685905700.18216,308
1685905700.194435,309
1685905700.2111075,311
1685905700.2231858,311
1685905700.2351177,309
1685905700.2514012,308
1685905700.2639484,309
1685905700.279987,310
1685905700.292126,311
1685905700.304555,311
1685905700.321541,309
1685905700.3335395,308
1685905700.3455372,309
1685905700.36195,310
1685905700.3749895,311
1685905700.3870034,310
1685905700.4039633,308
1685905700.415241,308
1685905700.4280076,308
1685905700.44425,310
1685905700.456933,310
1685905700.4730113,309
1685905700.4852493,308
1685905700.4971583,308
1685905700.5139966,309
1685905700.5261874,310
1685905700.5389638,310
1685905700.5549262,309
1685905700.5671654,307
1685905700.5792463,307
1685905700.59529,308
1685905700.6083457,310
1685905700.6246386,309
1685905700.6362662,308
1685905700.6493278,307
1685905700.665329,307
1685905700.6775868,308
1685905700.6902666,309
1685905700.7064738,308
1685905700.719229,307
1685905700.7312386,307
1685905700.7472024,308
1685905700.7594557,309
1685905700.7722275,310
1685905700.7881408,309
1685905700.8001945,307
1685905700.817193,307
1685905700.8291352,308
1685905700.8412914,309
1685905700.8581662,309
1685905700.8701558,308
1685905700.8823464,306
1685905700.8983345,306
1685905700.9111814,308
1685905700.9236264,309
1685905700.9399168,308
1685905700.9518466,307
1685905700.9675822,306
1685905700.980605,307
1685905700.9926257,308
1685905701.0096235,309
1685905701.0219114,308
1685905701.0341725,307
1685905701.0501463,307
1685905701.0630944,308
1685905701.0751503,309
1685905701.0911632,310
1685905701.1040967,309
1685905701.1190894,308
1685905701.1320963,308
1685905701.1444302,309
1685905701.1610916,310
1685905701.1730952,311
1685905701.1851542,309
1685905701.202163,308
1685905701.2141924,308
1685905701.2264187,309
1685905701.2430954,310
1685905701.2551558,309
1685905701.267802,308
1685905701.2843196,307
1685905701.2962472,308
1685905701.3129473,309
1685905701.3252282,310
1685905701.3367176,309
1685905701.3535655,308
1685905701.36558,308
1685905701.378974,308
1685905701.3953583,310
1685905701.4070902,310
1685905701.4191415,309
1685905701.4351537,308
1685905701.4475942,308
1685905701.463338,308
1685905701.4763496,310
1685905701.488342,310
1685905701.5051506,308
1685905701.5170739,307
1685905701.5299277,307
1685905701.5458653,309
1685905701.5584323,310
1685905701.5703964,309
1685905701.5868456,308
1685905701.59925,308
1685905701.6111934,308
1685905701.628005,310
1685905701.6396704,311
1685905701.6570187,310
1685905701.668546,309
1685905701.6807013,309
1685905701.697524,310
1685905701.7093725,311
1685905701.722242,312
1685905701.7382126,311
1685905701.750946,310
1685905701.763083,310
1685905701.7796805,311
1685905701.791088,312
1685905701.8090193,312
1685905701.8200867,310
1685905701.8320851,309
1685905701.8490174,308
1685905701.861678,310
1685905701.8730793,310
1685905701.890023,310
1685905701.9020882,308
1685905701.9140813,308
1685905701.9310231,308
1685905701.9430835,310
1685905701.9590771,310
1685905701.9712968,310
1685905701.9842956,308
1685905702.0006373,308
1685905702.0127156,309
1685905702.0256326,310
1685905702.041319,311
1685905702.0542688,310
1685905702.0659761,308
1685905702.0822353,308
1685905702.095092,309
1685905702.1071792,310
1685905702.1237268,310
1685905702.1361475,309
1685905702.1515157,308
1685905702.1642509,309
1685905702.1771462,310
1685905702.193281,311
1685905702.205226,310
1685905702.2178001,309
1685905702.2342324,308
1685905702.2457907,309
1685905702.2591279,310
1685905702.275174,311
1685905702.2875023,310
1685905702.3036053,309
1685905702.3176033,308
1685905702.327989,309
1685905702.34478,311
1685905702.35686,312
1685905702.369013,311
1685905702.3856454,310
1685905702.3981209,311
1685905702.4103177,313
1685905702.426172,315
1685905702.4392385,316
1685905702.4513478,317
1685905702.4672556,318
1685905702.4792535,322
1685905702.4961708,327
1685905702.5081747,332
1685905702.5203261,334
1685905702.5372028,335
1685905702.549057,335
1685905702.562059,335
1685905702.578292,335
1685905702.5905356,334
1685905702.6029232,330
1685905702.6191928,325
1685905702.631657,321
1685905702.64792,318
1685905702.6599104,316
1685905702.6727827,312
1685905702.6889043,308
1685905702.7009945,304
1685905702.7137833,301
1685905702.7300513,301
1685905702.7422016,300
1685905702.7542696,298
1685905702.7710998,296
1685905702.7831554,294
1685905702.7957997,293
1685905702.8118038,295
1685905702.8236976,296
1685905702.8401825,295
1685905702.852404,294
1685905702.8650303,293
1685905702.8812585,294
1685905702.8942285,296
1685905702.9051797,297
1685905702.9223177,296
1685905702.9345257,295
1685905702.9471717,295
1685905702.9634907,297
1685905702.975549,298
1685905702.9911737,299
1685905703.0041115,299
1685905703.0161712,298
1685905703.0331914,299
1685905703.0451276,300
1685905703.0578082,301
1685905703.0742428,301
1685905703.085865,300
1685905703.0982354,300
1685905703.1152518,300
1685905703.127199,302
1685905703.1437795,303
1685905703.1551447,303
1685905703.1683776,302
1685905703.1843774,301
1685905703.1965885,302
1685905703.209259,304
1685905703.225262,305
1685905703.237964,304
1685905703.2499917,302
1685905703.2661438,302
1685905703.2790098,303
1685905703.2911065,305
1685905703.3071442,305
1685905703.3192117,305
1685905703.3361087,303
1685905703.3477364,304
1685905703.360438,305
1685905703.3772147,306
1685905703.3885467,306
1685905703.401611,305
1685905703.4182153,304
1685905703.43032,304
1685905703.442514,306
1685905703.458852,307
1685905703.4711382,307
1685905703.4878526,307
1685905703.4998477,308
1685905703.5127733,309
1685905703.5293777,312
1685905703.5406456,314
1685905703.553122,313
1685905703.569258,313
1685905703.581901,312
1685905703.5935214,313
1685905703.6102602,314
1685905703.6228461,314
1685905703.6352487,312
1685905703.6514335,310
1685905703.6630993,310
1685905703.6802838,310
1685905703.692006,311
1685905703.7043738,310
1685905703.721238,308
1685905703.7342052,307
1685905703.745206,307
1685905703.7612803,308
1685905703.7743685,309
1685905703.7864788,308
1685905703.8022215,306
1685905703.8147757,305
1685905703.8337734,305
1685905703.843434,307
1685905703.8563159,307
1685905703.8720264,306
1685905703.8850956,305
1685905703.8972192,305
1685905703.913036,306
1685905703.9255147,308
1685905703.937665,308
1685905703.9543138,307
1685905703.9662378,306
1685905703.9830933,306
1685905703.9949894,307
1685905704.0072136,308
1685905704.0242252,308
1685905704.0364192,306
1685905704.0482187,305
1685905704.0646732,305
1685905704.0766697,307
1685905704.0896087,307
1685905704.106213,306
1685905704.118123,305
1685905704.130124,304
1685905704.146388,304
1685905704.1591449,306
1685905704.175623,306
1685905704.1876,305
1685905704.2006416,304
1685905704.2160103,304
1685905704.2284534,305
1685905704.2412615,306
1685905704.2579303,306
1685905704.2701778,305
1685905704.281505,304
1685905704.2983665,304
1685905704.310743,306
1685905704.3267338,307
1685905704.3387341,307
1685905704.352093,306
1685905704.3681102,305
1685905704.3801107,305
1685905704.392937,306
1685905704.4086783,306
1685905704.4216576,306
1685905704.4340074,304
1685905704.4495263,304
1685905704.4626663,304
1685905704.4781094,306
1685905704.4911976,306
1685905704.5033948,305
1685905704.520007,304
1685905704.5320807,303
1685905704.5440722,304
1685905704.5605485,305
1685905704.5731847,306
1685905704.58523,305
1685905704.601525,304
1685905704.6141253,304
1685905704.6263015,305
1685905704.6422465,306
1685905704.6542447,306
1685905704.670454,305
1685905704.683434,304
1685905704.6962638,305
1685905704.7122445,306
1685905704.7238894,307
1685905704.737093,307
1685905704.7542849,305
1685905704.7652984,305
1685905704.7774475,306
1685905704.7941628,307
1685905704.8063238,308
1685905704.8224468,307
1685905704.835328,306
1685905704.8473208,305
1685905704.8639548,306
1685905704.8762705,308
1685905704.8880503,308
1685905704.9041111,307
1685905704.9171383,306
1685905704.9292011,306
1685905704.9454975,308
1685905704.9572465,309
1685905704.9707778,309
1685905704.986819,308
1685905704.9984004,307
1685905705.0153196,308
1685905705.0277207,309
1685905705.040182,310
1685905705.0561755,310
1685905705.068507,308
1685905705.0810556,307
1685905705.0966964,308
1685905705.1087263,309
1685905705.121935,309
1685905705.1378634,309
1685905705.150774,307
1685905705.1668708,307
1685905705.1792524,308
1685905705.190722,309
1685905705.2075894,310
1685905705.2195365,309
1685905705.2325196,307
1685905705.2490356,307
1685905705.260952,309
1685905705.2732918,310
1685905705.289902,309
1685905705.3021512,308
1685905705.3183336,307
1685905705.3308897,308
1685905705.3428876,309
1685905705.359399,310
1685905705.3716838,309
1685905705.3842654,308
1685905705.399866,307
1685905705.411936,308
1685905705.424862,310
1685905705.441308,310
1685905705.4533117,309
1685905705.4662402,308
1685905705.482244,308
1685905705.4941568,309
1685905705.5103672,310
1685905705.5233676,311
1685905705.5348756,310
1685905705.5512779,308
1685905705.56383,308
1685905705.5761797,310
1685905705.593141,311
1685905705.6047735,311
1685905705.61743,309
1685905705.6333234,309
1685905705.6460395,309
1685905705.6620493,311
1685905705.674137,312
1685905705.687128,311
1685905705.7032897,309
1685905705.7160025,309
1685905705.7275233,309
1685905705.7446558,311
1685905705.7565749,311
1685905705.768943,310
1685905705.7853606,309
1685905705.7979636,309
1685905705.8135767,311
1685905705.8263843,312
1685905705.838544,312
1685905705.8548443,311
1685905705.8672123,310
1685905705.8795962,311
1685905705.895389,312
1685905705.9082615,313
1685905705.9208055,312
1685905705.937174,311
1685905705.9492323,310
1685905705.960946,311
1685905705.9780612,311
1685905705.9904428,312
1685905706.006314,311
1685905706.0187647,310
1685905706.0311017,309
1685905706.0476992,310
1685905706.060062,311
1685905706.0719972,312
1685905706.0880797,311
1685905706.1002724,310
1685905706.1129436,310
1685905706.129456,310
1685905706.141984,312
1685905706.1569562,312
1685905706.170407,311
1685905706.182382,310
1685905706.1993794,310
1685905706.2112403,311
1685905706.223877,312
1685905706.2403083,312
1685905706.2523015,310
1685905706.264363,309
1685905706.2808115,310
1685905706.2931347,311
1685905706.3058147,312
1685905706.322471,312
1685905706.3339262,310
1685905706.349962,310
1685905706.362962,310
1685905706.3752115,312
1685905706.3917248,312
1685905706.4042218,311
1685905706.4162095,309
1685905706.4329946,309
1685905706.4448516,310
1685905706.4572294,311
1685905706.4733686,311
1685905706.4852238,310
1685905706.5012991,309
1685905706.5143414,309
1685905706.526887,310
1685905706.5431292,311
1685905706.5550332,311
1685905706.567702,310
1685905706.5840964,309
1685905706.5960407,309
1685905706.6085243,310
1685905706.6251059,310
1685905706.6372035,310
1685905706.6533155,308
1685905706.6659138,307
1685905706.6779032,308
1685905706.6947262,309
1685905706.7070167,310
1685905706.7190173,308
1685905706.7348533,307
1685905706.7478743,307
1685905706.7600513,308
1685905706.777027,309
1685905706.7883325,309
1685905706.8011954,308
1685905706.8168793,307
1685905706.829346,307
1685905706.8464088,308
1685905706.8585582,309
1685905706.870811,309
1685905706.887267,307
1685905706.8992817,307
1685905706.911298,308
1685905706.928311,309
1685905706.940217,310
1685905706.952239,309
1685905706.9692254,308
1685905706.9812243,307
1685905706.9972668,308
1685905707.0100386,310
1685905707.0220313,311
1685905707.0380924,310
1685905707.051091,309
1685905707.0630362,309
1685905707.0790906,310
1685905707.0911484,311
1685905707.1040292,311
1685905707.1201448,310
1685905707.132144,309
1685905707.1453335,309
1685905707.1612859,310
1685905707.1737962,311
1685905707.1898575,311
1685905707.2027104,310
1685905707.214616,309
1685905707.2311502,309
1685905707.2434442,310
1685905707.2554429,311
1685905707.2722058,310
1685905707.2842486,308
1685905707.2970355,307
1685905707.3131547,308
1685905707.3253794,309
1685905707.3408985,309
1685905707.3542047,308
1685905707.3662355,307
1685905707.3822205,307
1685905707.3951898,308
1685905707.4071257,310
1685905707.4241843,310
1685905707.4355233,309
1685905707.448165,307
1685905707.4645185,308
1685905707.4763763,309
1685905707.492359,310
1685905707.5054233,310
1685905707.517718,308
1685905707.5344205,307
1685905707.5463655,308
1685905707.5590966,309
1685905707.5753565,310
1685905707.5875044,309
1685905707.5996423,307
1685905707.616113,307
1685905707.6278274,308
1685905707.6409643,309
1685905707.6569076,309
1685905707.6688287,308
1685905707.6858993,307
1685905707.6981158,307
1685905707.7098317,308
1685905707.72685,309
1685905707.7390764,309
1685905707.7511554,308
1685905707.7678895,307
1685905707.779861,307
1685905707.7918446,309
1685905707.808237,310
1685905707.8209696,309
1685905707.8372452,308
1685905707.8499126,308
1685905707.8619094,309
1685905707.877913,310
1685905707.889913,310
1685905707.9029942,310
1685905707.9196784,308
1685905707.9309645,308
1685905707.9439268,309
1685905707.959927,310
1685905707.9722104,310
1685905707.9849505,309
1685905708.000878,308
1685905708.0128875,308
1685905708.0299675,309
1685905708.042101,310
1685905708.054638,310
1685905708.070877,309
1685905708.0830052,308
1685905708.0948741,309
1685905708.1119459,310
1685905708.124142,312
1685905708.135877,311
1685905708.1529431,310
1685905708.1649618,309
1685905708.1809404,310
1685905708.1938975,311
1685905708.205957,313
1685905708.2218869,312
1685905708.2348726,311
1685905708.2468781,311
1685905708.2631357,313
1685905708.275646,315
1685905708.2875645,316
1685905708.3046343,316
1685905708.316576,316
1685905708.332564,317
1685905708.34462,320
1685905708.3575714,322
1685905708.373636,322
1685905708.3859475,322
1685905708.3986397,323
1685905708.414572,324
1685905708.4265673,326
1685905708.4395726,328
1685905708.455391,328
1685905708.46833,327
1685905708.4804,327
1685905708.4966595,328
1685905708.509326,330
1685905708.5253937,330
1685905708.5376942,329
1685905708.5496101,326
1685905708.5664022,324
1685905708.578614,323
1685905708.5904267,321
1685905708.607411,318
1685905708.6196861,313
1685905708.632157,307
1685905708.6483407,303
1685905708.6603434,300
1685905708.6773999,298
1685905708.6896617,295
1685905708.701343,291
1685905708.7173715,287
1685905708.7303987,286
1685905708.742326,285
1685905708.7584145,284
1685905708.771392,283
1685905708.7833803,281
1685905708.7994132,280
1685905708.8123198,280
1685905708.8244078,282
1685905708.8403249,283
1685905708.8533907,283
1685905708.8693254,283
1685905708.8816144,283
1685905708.8933523,285
1685905708.9101267,288
1685905708.922482,290
1685905708.9352288,290
1685905708.9512897,290
1685905708.963484,291
1685905708.9762273,294
1685905708.992169,296
1685905709.0044804,297
1685905709.021242,297
1685905709.033176,297
1685905709.045482,298
1685905709.0622318,300
1685905709.0746486,302
1685905709.0866125,302
1685905709.1032379,302
1685905709.1153266,302
1685905709.1274981,303
1685905709.1442327,305
1685905709.1561737,307
1685905709.1722286,306
1685905709.1845317,305
1685905709.1972322,305
1685905709.213169,307
1685905709.2252982,307
1685905709.2382421,306
1685905709.2544696,304
1685905709.2665339,303
1685905709.2791824,301
1685905709.295563,302
1685905709.3072262,303
1685905709.3196564,303
1685905709.3360622,304
1685905709.348781,305
1685905709.3648376,311
1685905709.3777852,318
1685905709.3898084,327
1685905709.4058483,335
1685905709.418,342
1685905709.430144,352
1685905709.4469452,361
1685905709.4587119,372
1685905709.4716923,381
1685905709.4879391,387
1685905709.499694,391
1685905709.516072,395
1685905709.5286894,398
1685905709.5413454,400
1685905709.557348,399
1685905709.5696757,396
1685905709.5824118,391
1685905709.5988917,387
1685905709.6104057,384
1685905709.6231089,380
1685905709.6389983,375
1685905709.651967,368
1685905709.6639616,362
1685905709.6799178,356
1685905709.692927,351
1685905709.708915,344
1685905709.720912,337
1685905709.7339036,329
1685905709.7500777,322
1685905709.7622302,317
1685905709.7749708,313
1685905709.7913923,307
1685905709.8033721,300
1685905709.8156068,293
1685905709.8315084,287
1685905709.8445272,285
1685905709.8605165,283
1685905709.8725069,280
1685905709.8855107,276
1685905709.9015691,271
1685905709.9135811,267
1685905709.9265883,262
1685905709.9425316,258
1685905709.9545965,253
1685905709.9665682,247
1685905709.9835908,243
1685905709.9957788,241
1685905710.0115085,240
1685905710.0242226,239
1685905710.0369575,238
1685905710.05294,237
1685905710.0648801,238
1685905710.0779533,239
1685905710.093875,242
1685905710.1061995,245
1685905710.1191247,246
1685905710.135207,248
1685905710.147475,251
1685905710.1591835,255
1685905710.1761208,260
1685905710.1882718,263
1685905710.2045157,266
1685905710.216763,268
1685905710.2287514,272
1685905710.2457528,276
1685905710.2578769,281
1685905710.2701364,283
1685905710.2868314,285
1685905710.2987642,287
1685905710.3111465,289
1685905710.3278236,293
1685905710.3397534,295
1685905710.355816,297
1685905710.3688302,297
1685905710.3807552,298
1685905710.3968112,300
1685905710.4097712,303
1685905710.4218342,305
1685905710.4378135,305
1685905710.4501173,304
1685905710.4627538,304
1685905710.47877,305
1685905710.491768,307
1685905710.5039604,307
1685905710.5204127,305
1685905710.5324209,305
1685905710.5487046,305
1685905710.5606985,306
1685905710.5734105,307
1685905710.5893476,307
1685905710.601537,305
1685905710.614422,305
1685905710.6309874,305
1685905710.6423693,307
1685905710.655424,308
1685905710.671351,308
1685905710.6843498,307
1685905710.7004354,308
1685905710.7121167,310
1685905710.72508,312
1685905710.7410765,313
1685905710.7540612,312
1685905710.7660522,311
1685905710.7822769,310
1685905710.7943833,311
1685905710.8061292,311
1685905710.8235483,310
1685905710.8356128,307
1685905710.8475437,304
1685905710.8645494,302
1685905710.876606,302
1685905710.8925645,302
1685905710.9045455,301
1685905710.9175525,299
1685905710.9335778,299
1685905710.9458234,300
1685905710.9585428,302
1685905710.974543,304
1685905710.9868598,305
1685905710.9996138,306
1685905711.0155685,308
1685905711.027508,311
1685905711.0445092,313
1685905711.056706,315
1685905711.0688612,314
1685905711.0855763,313
1685905711.0976117,313
1685905711.1095376,313
1685905711.1265695,314
1685905711.1387746,313
1685905711.1508894,311
1685905711.167575,309
1685905711.1795843,308
1685905711.1955094,308
1685905711.207569,308
1685905711.220503,307
1685905711.2372272,305
1685905711.2492268,303
1685905711.2606885,303
1685905711.278253,303
1685905711.290254,303
1685905711.30318,301
1685905711.3184712,299
1685905711.3313067,298
1685905711.3433745,299
1685905711.3596113,299
1685905711.3722603,300
1685905711.3883467,299
1685905711.4006188,297
1685905711.4134376,297
1685905711.4294238,298
1685905711.4417021,300
1685905711.453358,300
1685905711.4704342,299
1685905711.482559,298
1685905711.4943595,298
1685905711.511361,299
1685905711.5232313,300
1685905711.5399008,299
1685905711.5519204,298
1685905711.564221,297
1685905711.5809772,297
1685905711.5939252,299
1685905711.604987,300
1685905711.6219282,299
1685905711.6338112,298
1685905711.6468062,298
1685905711.662752,299
1685905711.6748054,301
1685905711.6870835,301
1685905711.7036364,301
1685905711.7165592,300
1685905711.7322419,300
1685905711.7439206,301
1685905711.757098,303
1685905711.773944,303
1685905711.7861497,302
1685905711.7979808,301
1685905711.814304,302
1685905711.826208,303
1685905711.8392072,304
1685905711.8551168,304
1685905711.8676255,303
1685905711.8837419,303
1685905711.896413,304
1685905711.9082787,306
1685905711.9252744,307
1685905711.937331,307
1685905711.9492576,307
1685905711.96559,307
1685905711.9783192,308
1685905711.9902523,309
1685905712.0072486,310
1685905712.0193226,310
1685905712.0353105,309
1685905712.0472698,309
1685905712.0603166,310
1685905712.0762527,312
1685905712.0893319,312
1685905712.1013253,311
1685905712.1172547,310
1685905712.1293507,310
1685905712.142272,312
1685905712.15848,313
1685905712.170251,313
1685905712.182619,312
1685905712.1993313,311
1685905712.2112541,312
1685905712.2278569,314
1685905712.2401822,315
1685905712.2529216,314
1685905712.2689135,313
1685905712.2809331,313
1685905712.2938724,314
1685905712.3098612,315
1685905712.32218,316
1685905712.3339167,315
1685905712.3508573,314
1685905712.3629172,314
1685905712.3791883,315
1685905712.3919172,316
1685905712.4042609,316
1685905712.4201913,315
1685905712.4323118,314
1685905712.4448571,315
1685905712.4618726,316
1685905712.4738877,317
1685905712.4860952,316
1685905712.5019283,315
1685905712.5148616,315
1685905712.5264556,315
1685905712.5433908,317
1685905712.5554612,318
1685905712.5713909,317
1685905712.5843916,316
1685905712.5965207,315
1685905712.6134603,316
1685905712.6254034,318
1685905712.6376746,318
1685905712.6534662,317
1685905712.6664686,316
1685905712.6787453,316
1685905712.694715,318
1685905712.707454,319
1685905712.7234802,319
1685905712.735986,318
1685905712.7486978,318
1685905712.7643392,318
1685905712.776624,320
1685905712.7894237,320
1685905712.8053591,320
1685905712.8177085,319
1685905712.830421,319
1685905712.8463533,320
1685905712.858414,321
1685905712.8746881,322
1685905712.8874156,321
1685905712.8994293,319
1685905712.916369,319
1685905712.9287796,320
1685905712.9401875,321
1685905712.9566014,321
1685905712.9696903,320
1685905712.981645,318
1685905712.9981067,318
1685905713.0105646,320
1685905713.0223408,320
1685905713.0392022,320
1685905713.051314,318
1685905713.0673735,317
1685905713.0793717,317
1685905713.0923092,318
1685905713.1083012,318
1685905713.1213362,317
1685905713.1328979,315
1685905713.1489432,314
1685905713.1621885,314
1685905713.1737368,315
1685905713.1909065,314
1685905713.2032282,313
1685905713.2193234,311
1685905713.2315378,311
1685905713.2442229,311
1685905713.260343,312
1685905713.2728558,312
1685905713.284485,310
1685905713.3012471,309
1685905713.3138113,309
1685905713.32531,310
1685905713.3418167,311
1685905713.3543775,310
1685905713.36704,309
1685905713.3830414,308
1685905713.3961058,309
1685905713.4131114,310
1685905713.4240587,311
1685905713.4361029,310
1685905713.4521015,309
1685905713.465096,308
1685905713.477089,309
1685905713.4932916,310
1685905713.5050948,311
1685905713.518077,310
1685905713.534032,309
1685905713.5460956,309
1685905713.5631056,310
1685905713.5750492,311
1685905713.588057,312
1685905713.604096,311
1685905713.6160982,310
1685905713.6290462,310
1685905713.6450903,311
1685905713.657721,312
1685905713.6693168,312
1685905713.6863792,311
1685905713.6983726,310
1685905713.7143762,310
1685905713.7263157,311
1685905713.7393403,312
1685905713.7553704,311
1685905713.7676666,310
1685905713.7803862,309
1685905713.7963674,310
1685905713.8083687,312
1685905713.821371,312
1685905713.8373613,311
1685905713.849504,310
1685905713.861547,309
1685905713.8785646,310
1685905713.8909655,312
1685905713.9071417,312
1685905713.9192064,311
1685905713.932133,309
1685905713.9483554,309
1685905713.9609332,311
1685905713.972328,312
1685905713.989284,311
1685905714.0012243,310
1685905714.013851,309
1685905714.0303686,309
1685905714.0428207,311
1685905714.0582905,312
1685905714.071254,312
1685905714.0829668,311
1685905714.0997436,310
1685905714.1121442,312
1685905714.1240337,313
1685905714.1404152,313
1685905714.1531734,313
1685905714.165303,312
1685905714.1812937,312
1685905714.1940978,313
1685905714.2055635,315
1685905714.2228224,315
1685905714.2348204,314
1685905714.2520797,313
1685905714.263182,313
1685905714.2760766,315
1685905714.2926702,317
1685905714.3049777,317
1685905714.316935,317
1685905714.3326886,318
1685905714.3462372,319
1685905714.3580794,321
1685905714.374301,321
1685905714.3866143,320
1685905714.4022872,317
1685905714.4152718,316
1685905714.4276114,315
1685905714.444255,316
1685905714.4558134,315
1685905714.4684536,314
1685905714.4849124,312
1685905714.497271,313
1685905714.5089555,314
1685905714.526063,315
1685905714.5381258,316
1685905714.554223,314
1685905714.5663512,313
1685905714.5790484,311
1685905714.5955787,311
1685905714.608022,310
1685905714.6201138,307
1685905714.6367493,304
1685905714.6489804,303
1685905714.660396,303
1685905714.6774101,305
1685905714.6893852,308
1685905714.7014933,310
1685905714.7183309,312
1685905714.7303312,314
1685905714.7471292,317
1685905714.759291,320
1685905714.771904,322
1685905714.787907,323
1685905714.7999487,323
1685905714.812769,325
1685905714.82853,328
1685905714.8414693,330
1685905714.8534687,330
1685905714.8694658,329
1685905714.881536,328
1685905714.8984673,328
1685905714.912465,328
1685905714.9224663,329
1685905714.9387968,327
1685905714.9515254,325
1685905714.9639466,322
1685905714.9801867,322
1685905714.9923363,322
1685905715.0043383,321
1685905715.021011,319
1685905715.0334904,318
1685905715.0461903,317
1685905715.062166,319
1685905715.0746908,321
1685905715.0904784,322
1685905715.1033838,321
1685905715.1152709,321
1685905715.132195,321
1685905715.1443703,323
1685905715.1562774,326
1685905715.1724544,326
1685905715.1849625,324
1685905715.1978798,323
1685905715.213821,322
1685905715.2261288,322
1685905715.2420933,320
1685905715.2551863,317
1685905715.266857,313
1685905715.2839081,309
1685905715.29584,307
1685905715.3077412,305
1685905715.324324,302
1685905715.3367643,298
1685905715.3486326,294
1685905715.3658037,289
1685905715.3774915,286
1685905715.3941157,282
1685905715.406336,278
1685905715.419325,273
1685905715.4343917,269
1685905715.4474547,267
1685905715.459502,266
1685905715.4760916,266
1685905715.4885066,265
1685905715.5005314,264
1685905715.5171602,264
1685905715.5288737,265
1685905715.5418174,269
1685905715.55745,272
1685905715.570527,273
1685905715.5868,273
1685905715.5987387,274
1685905715.6113687,277
1685905715.627694,280
1685905715.639737,283
1685905715.6522844,284
1685905715.6689034,284
1685905715.6801996,285
1685905715.6933506,288
1685905715.7095535,291
1685905715.7218652,294
1685905715.7374833,295
1685905715.7503245,296
1685905715.7623763,298
1685905715.7792778,301
1685905715.7915819,303
1685905715.8039262,304
1685905715.8200574,304
1685905715.8321054,304
1685905715.844978,304
1685905715.8606987,305
1685905715.8733902,306
1685905715.8855693,305
1685905715.9021723,303
1685905715.913896,303
1685905715.9308786,303
1685905715.943162,304
1685905715.955071,305
1685905715.9717343,304
1685905715.9837995,303
1685905715.996366,303
1685905716.0129528,304
1685905716.0243285,305
1685905716.0374315,305
1685905716.0538092,304
1685905716.0661614,303
1685905716.0823622,303
1685905716.0951777,304
1685905716.1061592,305
1685905716.123563,304
1685905716.1358242,303
1685905716.1471908,302
1685905716.16455,303
1685905716.1762443,304
1685905716.1882637,305
1685905716.2049375,304
1685905716.217227,302
1685905716.2340565,301
1685905716.2464988,302
1685905716.2585266,303
1685905716.2749038,303
1685905716.28728,301
1685905716.2993956,299
1685905716.3158786,298
1685905716.3272054,298
1685905716.3401868,299
1685905716.3568482,298
1685905716.3691907,296
1685905716.3809428,295
1685905716.397999,294
1685905716.409598,295
1685905716.4255397,296
1685905716.4385388,295
1685905716.4505572,293
1685905716.4675364,292
1685905716.4796014,293
1685905716.491534,294
1685905716.5081563,294
1685905716.5206962,293
1685905716.53214,292
1685905716.5492032,292
1685905716.5612028,293
1685905716.577136,294
1685905716.5901353,295
1685905716.6023974,294
1685905716.6190417,293
1685905716.631024,293
1685905716.6435041,294
1685905716.6601148,296
1685905716.6720407,296
1685905716.6848845,295
1685905716.7007954,294
1685905716.7124522,295
1685905716.7254553,296
1685905716.7415133,297
1685905716.753945,297
1685905716.7705216,295
1685905716.7825766,295
1685905716.7949212,295
1685905716.8109822,297
1685905716.8235826,298
1685905716.8355176,297
1685905716.85258,296
1685905716.8645763,296
1685905716.8770742,297
1685905716.8927834,299
1685905716.9054503,300
1685905716.9213643,299
1685905716.9345508,298
1685905716.9466157,299
1685905716.9629283,300
1685905716.9751542,302
1685905716.9877634,302
1685905717.0038733,301
1685905717.016321,301
1685905717.0282938,302
1685905717.044855,304
1685905717.0571961,306
1685905717.072345,306
1685905717.085243,306
1685905717.0977602,306
1685905717.114349,307
1685905717.1267633,309
1685905717.1390796,311
1685905717.1552892,310
1685905717.1675932,310
1685905717.180207,310
1685905717.1962836,312
1685905717.2088947,314
1685905717.2220693,314
1685905717.2373707,314
1685905717.249703,313
1685905717.2657795,313
1685905717.2783866,315
1685905717.2908087,316
1685905717.3068314,317
1685905717.319186,316
1685905717.330879,316
1685905717.3480315,316
1685905717.35964,318
1685905717.372574,319
1685905717.3888447,319
1685905717.4013557,318
1685905717.4172485,318
1685905717.429248,319
1685905717.4422474,320
1685905717.459306,321
1685905717.4706125,321
1685905717.4831483,320
1685905717.4991405,320
1685905717.5118272,321
1685905717.5233235,323
1685905717.5403676,323
1685905717.5523443,322
1685905717.5651584,321
1685905717.581347,322
1685905717.5940554,323
1685905717.6099374,324
1685905717.6221778,324
1685905717.6349301,323
1685905717.6509824,322
1685905717.6633563,322
1685905717.6750114,323
1685905717.6921628,324
1685905717.7042713,323
1685905717.7162464,321
1685905717.7328317,320
1685905717.7452958,320
1685905717.7616036,321
1685905717.7738745,321
1685905717.7861934,320
1685905717.8021352,318
1685905717.8150342,317
1685905717.827872,318
1685905717.8436904,319
1685905717.8551257,319
1685905717.8681796,318
1685905717.8842757,317
1685905717.89627,317
1685905717.9083674,318
1685905717.9250138,319
1685905717.938395,319
1685905717.9539423,318
1685905717.9666922,317
1685905717.978818,317
1685905717.995178,318
1685905718.0073195,319
1685905718.0193114,318
1685905718.0353472,316
1685905718.0480037,315
1685905718.0602257,316
1685905718.077243,317
1685905718.0892024,318
1685905718.1050675,317
1685905718.1181216,316
1685905718.1301813,315
1685905718.1465065,316
1685905718.158923,318
1685905718.1712642,318
1685905718.187846,317
1685905718.2000773,316
1685905718.2123346,316
1685905718.2280903,317
1685905718.2406576,319
1685905718.2561476,318
1685905718.2691376,317
1685905718.28187,316
1685905718.2977967,317
1685905718.3104699,318
1685905718.322753,319
1685905718.3385367,318
1685905718.3508341,317
1685905718.3630095,316
1685905718.3801472,317
1685905718.3922834,318
1685905718.4041476,318
1685905718.4213681,317
1685905718.4333522,315
1685905718.4497848,314
1685905718.4615972,315
1685905718.4739275,316
1685905718.4905984,316
1685905718.5032244,315
1685905718.5152783,313
1685905718.531947,313
1685905718.5441718,314
1685905718.556164,314
1685905718.572595,314
1685905718.5847757,312
1685905718.6012766,311
1685905718.613259,311
1685905718.626261,313
1685905718.6423104,313
1685905718.6542573,312
1685905718.6667972,311
1685905718.6832638,310
1685905718.695264,310
1685905718.7073224,311
1685905718.7242603,311
1685905718.7362719,310
1685905718.7523105,308
1685905718.7643185,308
1685905718.7772682,308
1685905718.7933242,309
1685905718.8053174,309
1685905718.818264,307
1685905718.8342605,306
1685905718.846402,306
1685905718.8592594,307
1685905718.8753011,308
1685905718.888262,308
1685905718.900251,306
1685905718.9167376,305
1685905718.9289486,306
1685905718.9452257,307
1685905718.9573529,308
1685905718.9692757,307
1685905718.9863806,306
1685905718.998887,306
1685905719.010381,307
1685905719.027251,309
1685905719.039697,309
1685905719.0520098,308
1685905719.0680919,307
1685905719.0804508,308
1685905719.096179,309
1685905719.10912,311
1685905719.1211398,311
1685905719.1372426,310
1685905719.150205,309
1685905719.162291,309
1685905719.1784778,310
1685905719.1912346,311
1685905719.2031872,311
1685905719.2194886,309
1685905719.2311966,308
1685905719.2442043,308
1685905719.2601962,310
1685905719.2732377,310
1685905719.2891793,309
1685905719.3014138,308
1685905719.3136668,307
1685905719.330458,308
1685905719.3424938,309
1685905719.3551297,310
1685905719.3716357,308
1685905719.3836305,307
1685905719.395869,307
1685905719.4128852,308
1685905719.4248867,309
1685905719.4408965,309
1685905719.4530199,308
1685905719.464869,306
1685905719.4818895,307
1685905719.4938643,308
1685905719.5058637,309
1685905719.5228639,308
1685905719.5350463,307
1685905719.547178,306
1685905719.5639303,307
1685905719.5759068,308
1685905719.591834,309
1685905719.604235,308
1685905719.6172466,307
1685905719.633259,307
1685905719.6455433,308
1685905719.6576009,310
1685905719.6735668,309
1685905719.6865413,308
1685905719.6985238,307
1685905719.7155871,307
1685905719.727551,308
1685905719.7397196,309
1685905719.755864,309
1685905719.7685413,308
1685905719.7848516,307
1685905719.796854,308
1685905719.809519,309
1685905719.8259327,310
1685905719.8381321,309
1685905719.8505533,307
1685905719.8669136,306
1685905719.879089,307
1685905719.8919356,307
1685905719.907977,307
1685905719.9199347,305
1685905719.9360964,302
1685905719.9489863,301
1685905719.9603932,301
1685905719.9778507,301
1685905719.9898932,301
1685905720.001698,300
1685905720.01807,299
1685905720.0307488,300
1685905720.0427423,303
1685905720.0590725,305
1685905720.0717337,306
1685905720.0839846,307
1685905720.100752,308
1685905720.1128032,311
1685905720.129139,315
1685905720.1407294,319
1685905720.1538012,321
1685905720.1697545,323
1685905720.1817317,326
1685905720.1947918,332
1685905720.210905,338
1685905720.2227294,343
1685905720.2350476,347
1685905720.251745,351
1685905720.2641728,356
1685905720.279797,363
1685905720.2921784,367
1685905720.3049564,367
1685905720.32194,362
1685905720.3337038,355
1685905720.3456955,347
1685905720.3627584,339
1685905720.3747385,331
1685905720.3867548,321
1685905720.402806,312
1685905720.4157405,304
1685905720.431753,299
1685905720.4447577,296
1685905720.456756,292
1685905720.4727597,289
1685905720.4847376,285
1685905720.4977582,283
1685905720.513749,283
1685905720.5267603,284
1685905720.5387392,284
1685905720.5547388,283
1685905720.5668097,282
1685905720.5790775,283
1685905720.5960336,284
1685905720.607738,285
1685905720.624806,286
1685905720.6367571,286
1685905720.649058,286
1685905720.6650686,287
1685905720.677786,289
1685905720.6897607,291
1685905720.7061303,292
1685905720.7191312,292
1685905720.7310877,293
1685905720.747114,294
1685905720.7600691,296
1685905720.776078,297
1685905720.7891843,297
1685905720.8010614,296
1685905720.8170676,296
1685905720.829061,297
1685905720.8418164,299
1685905720.8580644,300
1685905720.8707733,299
1685905720.882755,299
1685905720.8988829,300
1685905720.9119065,303
1685905720.9239058,306
1685905720.9399061,307
1685905720.952148,307
1685905720.9689038,309
1685905720.9808953,313
1685905720.992949,317
1685905721.009213,322
1685905721.0218883,327
1685905721.0340805,332
1685905721.0508893,339
1685905721.062881,348
1685905721.0748792,359
1685905721.0908787,369
1685905721.1039493,376
1685905721.1200302,384
1685905721.1323059,390
1685905721.1448238,396
1685905721.1613338,400
1685905721.173266,402
1685905721.1852696,400
1685905721.202272,397
1685905721.2142875,394
1685905721.2262228,391
1685905721.24329,388
1685905721.2554772,383
1685905721.27122,376
1685905721.2842212,368
1685905721.29625,362
1685905721.312541,356
1685905721.3252444,351
1685905721.337457,345
1685905721.353315,338
1685905721.365285,333
1685905721.3782413,329
1685905721.3942435,326
1685905721.4065142,321
1685905721.419243,316
1685905721.4352407,310
1685905721.4475362,304
1685905721.4642324,298
1685905721.4763834,294
1685905721.4885473,288
1685905721.5052319,281
1685905721.5176437,273
1685905721.529725,266
1685905721.5457053,259
1685905721.5587008,254
1685905721.5706508,248
1685905721.5867133,243
1685905721.5989676,239
1685905721.6148317,238
1685905721.627844,239
1685905721.6401584,239
1685905721.6568468,239
1685905721.6688483,239
1685905721.6811574,239
1685905721.696895,242
1685905721.7098684,246
1685905721.7218647,248
1685905721.7388756,250
1685905721.7508879,252
1685905721.7628698,255
1685905721.7799296,258
1685905721.7918959,262
1685905721.8088684,265
1685905721.8199291,267
1685905721.8328576,268
1685905721.8491905,271
1685905721.8613753,274
1685905721.8738744,277
1685905721.8898816,279
1685905721.901866,280
1685905721.9149952,281
1685905721.931041,283
1685905721.9433036,286
1685905721.959047,288
1685905721.972,290
1685905721.9839785,290
1685905722.0010483,291
1685905722.01244,294
1685905722.02529,296
1685905722.0420074,298
1685905722.054011,298
1685905722.066234,298
1685905722.0830092,299
1685905722.09501,301
1685905722.1107273,303
1685905722.124339,304
1685905722.1352942,304
1685905722.1522598,303
1685905722.1645582,303
1685905722.1772501,304
1685905722.1932354,305
1685905722.2052436,304
1685905722.21825,303
1685905722.2343314,301
1685905722.2468574,301
1685905722.2582324,303
1685905722.275254,303
1685905722.2875092,302
1685905722.3035257,301
1685905722.316299,301
1685905722.3283298,301
1685905722.3442333,303
1685905722.3571994,304
1685905722.3691916,303
1685905722.3851814,302
1685905722.3983185,302
1685905722.4101942,303
1685905722.4261737,304
1685905722.4391756,305
1685905722.4551754,304
1685905722.468198,303
1685905722.4801753,304
1685905722.4962444,305
1685905722.5085359,307
1685905722.5205333,307
1685905722.537567,306
1685905722.549525,306
1685905722.5615103,307
1685905722.5782027,309
1685905722.5902388,311
1685905722.6022527,311
1685905722.6192012,310
1685905722.631281,311
1685905722.6479576,312
1685905722.6604586,314
1685905722.671935,315
1685905722.6889348,314
1685905722.7009478,312
1685905722.71312,312
1685905722.7294476,312
1685905722.742095,313
1685905722.7540917,313
1685905722.7710748,312
1685905722.783093,311
1685905722.7991195,311
1685905722.8113992,312
1685905722.8240712,314
1685905722.8403666,314
1685905722.853066,313
1685905722.8650706,313
1685905722.8810713,314
1685905722.8940692,317
1685905722.906271,318
1685905722.9223647,317
1685905722.935261,316
1685905722.9503067,316
1685905722.9632595,317
1685905722.9755547,318
1685905722.9922469,318
1685905723.0042608,316
1685905723.0162613,315
1685905723.032604,314
1685905723.0453146,315
1685905723.0572486,316
1685905723.0732524,316
1685905723.0862741,314
1685905723.0984564,313
1685905723.1143167,313
1685905723.127317,314
1685905723.1433942,315
1685905723.1555002,314
1685905723.1683662,312
1685905723.184271,312
1685905723.196203,312
1685905723.209203,313
1685905723.2252045,313
1685905723.2372987,312
1685905723.250273,310
1685905723.2663333,309
1685905723.2782297,310
1685905723.2945757,311
1685905723.3072817,312
1685905723.3202238,310
1685905723.3362222,309
1685905723.3483112,308
1685905723.359958,309
1685905723.3769903,310
1685905723.388964,310
1685905723.400949,309
1685905723.41797,308
1685905723.430212,308
1685905723.4429696,309
1685905723.458953,310
1685905723.4707007,309
1685905723.4876513,308
1685905723.499925,307
1685905723.5116296,307
1685905723.5285766,309
1685905723.5408242,310
1685905723.552569,308
1685905723.5695608,307
1685905723.582268,307
1685905723.5945678,308
1685905723.6106253,309
1685905723.622639,309
1685905723.6391685,309
1685905723.6507337,308
1685905723.6635888,308
1685905723.6796398,309
1685905723.69263,310
1685905723.704568,310
1685905723.72158,309
1685905723.7335665,308
1685905723.7455745,308
1685905723.7625847,309
1685905723.7746327,310
1685905723.7903285,309
1685905723.8025682,308
1685905723.8155851,307
1685905723.8315864,308
1685905723.8435776,309
1685905723.855925,310
1685905723.8729916,309
1685905723.8849235,308
1685905723.89694,308
1685905723.913227,309
1685905723.9259226,310
1685905723.938037,310
1685905723.9543262,309
1685905723.9669688,308
1685905723.9830937,308
1685905723.995669,309
1685905724.0076354,310
1685905724.0235975,309
1685905724.0366633,308
1685905724.0486252,307
1685905724.0652268,308
1685905724.0773942,309
1685905724.0897944,310
1685905724.1062684,309
1685905724.118225,308
1685905724.1342134,307
1685905724.146267,308
1685905724.1592097,309
1685905724.1751964,310
1685905724.1874273,309
1685905724.2002034,308
1685905724.2162642,307
1685905724.2285297,308
1685905724.2412047,309
1685905724.2572062,310
1685905724.2702327,309
1685905724.2822132,307
1685905724.298226,308
1685905724.3112042,309
1685905724.3270714,310
1685905724.3397756,310
1685905724.3517292,308
1685905724.3677125,308
1685905724.3804255,308
1685905724.3924098,310
1685905724.4083624,311
1685905724.4213972,310
1685905724.4333982,309
1685905724.4496808,308
1685905724.4627438,309
1685905724.4786909,310
1685905724.4909923,311
1685905724.502677,310
1685905724.519588,308
1685905724.5318558,308
1685905724.5444767,309
1685905724.560982,310
1685905724.57312,311
1685905724.585452,309
1685905724.6014805,308
1685905724.6141586,308
1685905724.629802,310
1685905724.6429014,311
1685905724.6551068,310
1685905724.6713612,309
1685905724.6838582,308
1685905724.6960027,309
1685905724.7119577,310
1685905724.724038,311
1685905724.7366917,310
1685905724.7534306,308
1685905724.7656827,307
1685905724.7776663,308
1685905724.79421,309
1685905724.8064973,310
1685905724.8225014,308
1685905724.8344865,307
1685905724.8472104,307
1685905724.8639581,308
1685905724.8762364,309
1685905724.8884757,309
1685905724.9050355,308
1685905724.9164703,307
1685905724.9285078,307
1685905724.9462657,309
1685905724.958064,310
1685905724.974108,309
1685905724.9861307,308
1685905724.9991655,307
1685905725.0151062,308
1685905725.027713,309
1685905725.039658,310
1685905725.0556724,309
1685905725.0676553,308
1685905725.0806522,307
1685905725.0972164,308
1685905725.109146,310
1685905725.120998,310
1685905725.1379287,309
1685905725.1504636,308
1685905725.1659923,307
1685905725.1789386,308
1685905725.1910663,310
1685905725.2069306,310
1685905725.2198691,309
1685905725.2320263,308
1685905725.248182,308
1685905725.261184,309
1685905725.2732613,310
1685905725.2898703,310
1685905725.3013358,309
1685905725.3183331,308
1685905725.3306544,309
1685905725.3429403,310
1685905725.3596022,311
1685905725.3716445,310
1685905725.3843691,309
1685905725.4007795,308
1685905725.412923,309
1685905725.4248989,311
1685905725.4412565,311
1685905725.4537845,310
1685905725.4697943,308
1685905725.482208,309
1685905725.494005,310
1685905725.5107439,311
1685905725.5227437,311
1685905725.5356047,310
1685905725.5522041,310
1685905725.5641303,312
1685905725.5766232,315
1685905725.5928488,319
1685905725.6052136,321
1685905725.6166651,323
1685905725.6339653,327
1685905725.6461568,333
1685905725.662768,340
1685905725.6748865,345
1685905725.686827,348
1685905725.703374,348
1685905725.715942,346
1685905725.7279367,345
1685905725.7444994,342
1685905725.7563267,337
1685905725.769331,331
1685905725.7853246,324
1685905725.79775,318
1685905725.814119,314
1685905725.8257523,310
1685905725.8383093,305
1685905725.8546169,301
1685905725.8671098,297
1685905725.8791728,295
1685905725.895467,295
1685905725.9081616,294
1685905725.9201686,293
1685905725.9369814,291
1685905725.949377,290
1685905725.96177,291
1685905725.9780004,292
1685905725.9900339,293
1685905726.0059364,293
1685905726.0189395,292
1685905726.030935,292
1685905726.047367,294
1685905726.0593886,296
1685905726.0721276,297
1685905726.0887425,296
1685905726.1010053,296
1685905726.112979,296
1685905726.1291077,298
1685905726.1410277,300
1685905726.1584873,300
1685905726.1703918,299
1685905726.1825354,299
1685905726.199162,300
1685905726.2111642,302
1685905726.2235312,303
1685905726.2399616,303
1685905726.2519355,302
1685905726.2648573,302
1685905726.281025,303
1685905726.2933276,304
1685905726.3092775,305
1685905726.3221278,305
1685905726.3339865,303
1685905726.3505116,304
1685905726.3633466,305
1685905726.3743904,306
1685905726.3918738,306
1685905726.403974,305
1685905726.416735,304
1685905726.4325695,304
1685905726.444993,306
1685905726.456829,307
1685905726.4743857,307
1685905726.485303,305
1685905726.5021803,304
1685905726.5140953,305
1685905726.5269558,306
1685905726.5429418,307
1685905726.555488,306
1685905726.5679564,305
1685905726.583699,304
1685905726.5964105,305
1685905726.608488,307
1685905726.624985,308
1685905726.6371768,307
1685905726.653895,306
1685905726.6658397,306
1685905726.6783037,307
1685905726.6943,308
1685905726.7063632,308
1685905726.7196746,307
1685905726.7355237,306
1685905726.747375,306
1685905726.760072,307
1685905726.7768435,308
1685905726.7889109,308
1685905726.8007348,307
1685905726.817317,306
1685905726.8299205,306
1685905726.8466432,308
1685905726.8585424,309
1685905726.8702486,308
1685905726.8866017,307
1685905726.8990352,307
1685905726.9114606,307
1685905726.9279158,308
1685905726.9399247,309
1685905726.952897,308
1685905726.9693098,306
1685905726.9815698,306
1685905726.9980006,307
1685905727.0101326,309
1685905727.0223408,308
1685905727.0383325,307
1685905727.051129,306
1685905727.063269,306
1685905727.0793664,307
1685905727.0913074,308
1685905727.1041977,308
1685905727.120799,307
1685905727.1327803,306
1685905727.1486492,307
1685905727.1618383,308
1685905727.1741307,309
1685905727.1902802,308
1685905727.2022715,307
1685905727.215082,306
1685905727.2313972,307
1685905727.2434077,308
1685905727.2555397,309
1685905727.2721572,307
1685905727.2843618,306
1685905727.2969275,306
1685905727.3131309,307
1685905727.3251793,309
1685905727.3420508,309
1685905727.3541014,308
1685905727.366666,307
1685905727.3819706,307
1685905727.3943055,308
1685905727.4073377,309
1685905727.423983,308
1685905727.4359777,307
1685905727.4483595,306
1685905727.464412,306
1685905727.4767385,307
1685905727.4932964,308
1685905727.5058174,307
1685905727.517706,305
1685905727.534701,305
1685905727.5466416,306
1685905727.5590444,307
1685905727.5753186,307
1685905727.5870976,306
1685905727.5995784,305
1685905727.6159918,305
1685905727.6285915,307
1685905727.640639,308
1685905727.6571608,308
1685905727.669202,306
1685905727.6855824,305
1685905727.6981528,306
1685905727.709757,307
1685905727.7268002,308
1685905727.7390919,308
1685905727.751245,306
1685905727.767662,306
1685905727.7803745,306
1685905727.7923758,308
1685905727.809465,308
1685905727.8207173,307
1685905727.8373952,305
1685905727.8499982,305
1685905727.862147,305
1685905727.878309,306
1685905727.8899853,307
1685905727.903043,305
1685905727.918746,304
1685905727.9315178,304
1685905727.9443393,305
1685905727.9600954,306
1685905727.9729905,306
1685905727.9883435,304
1685905728.0014517,304
1685905728.013398,304
1685905728.0299506,305
1685905728.042066,307
1685905728.0540676,306
1685905728.0702622,305
1685905728.0829353,304
1685905728.0950494,305
1685905728.1120892,307
1685905728.1240566,307
1685905728.1363568,306
1685905728.1520975,305
1685905728.16464,305
1685905728.1813154,305
1685905728.1939955,307
1685905728.205787,307
1685905728.2220635,305
1685905728.2343476,304
1685905728.2469156,304
1685905728.2633476,305
1685905728.2752542,306
1685905728.2879481,305
1685905728.3043318,304
1685905728.316193,302
1685905728.3327794,303
1685905728.3450809,304
1685905728.3577592,304
1685905728.374124,303
1685905728.386462,302
1685905728.3982263,301
1685905728.4148686,301
1685905728.4274542,303
1685905728.439485,303
1685905728.456346,302
1685905728.4684956,301
1685905728.4806426,301
1685905728.4969296,302
1685905728.5088139,303
1685905728.5253277,303
1685905728.5373125,302
1685905728.549404,302
1685905728.5666587,302
1685905728.5785787,303
1685905728.590779,304
1685905728.6072097,304
1685905728.6199617,303
1685905728.631396,303
1685905728.6480904,303
1685905728.6609135,305
1685905728.676828,306
1685905728.6893363,306
1685905728.701628,305
1685905728.7180216,304
1685905728.7302284,306
1685905728.7423942,307
1685905728.7583725,307
1685905728.7712548,306
1685905728.7835486,304
1685905728.8000255,304
1685905728.8130302,305
1685905728.828833,306
1685905728.8410337,306
1685905728.8531842,304
1685905728.8692865,303
1685905728.8812842,303
1685905728.8942268,304
1685905728.910074,305
1685905728.9230103,304
1685905728.9350574,303
1685905728.9517102,302
1685905728.964342,302
1685905728.9756129,303
1685905728.9924653,304
1685905729.0045533,303
1685905729.0211465,301
1685905729.0332882,301
1685905729.0452933,301
1685905729.061354,302
1685905729.0742972,302
1685905729.086277,301
1685905729.1027725,300
1685905729.11553,300
1685905729.1275373,301
1685905729.1441722,302
1685905729.1558487,302
1685905729.1721768,300
1685905729.184221,299
1685905729.1972473,299
1685905729.2136488,301
1685905729.225931,302
1685905729.2381563,301
1685905729.2543278,300
1685905729.267004,300
1685905729.2788646,300
1685905729.2951264,301
1685905729.3079739,302
1685905729.3238876,301
1685905729.3371658,300
1685905729.3484812,300
1685905729.364937,301
1685905729.3769853,303
1685905729.3898199,304
1685905729.406051,303
1685905729.418401,302
1685905729.4302735,302
1685905729.446973,304
1685905729.4593985,305
1685905729.4715426,305
1685905729.487625,304
1685905729.4996643,303
1685905729.5166085,303
1685905729.5290565,305
1685905729.5412445,306
1685905729.5578032,306
1685905729.5698001,305
1685905729.5821898,304
1685905729.5979161,305
1685905729.6109164,307
1685905729.6230068,308
1685905729.6397626,307
1685905729.6520667,306
1685905729.6681828,306
1685905729.680784,307
1685905729.6930704,308
1685905729.708767,309
1685905729.7217083,308
1685905729.7338712,307
1685905729.750438,307
1685905729.7624023,309
1685905729.7749944,310
1685905729.791119,310
1685905729.803918,310
1685905729.815226,309
1685905729.8323343,310
1685905729.8440611,312
1685905729.8601837,313
1685905729.873121,313
1685905729.8853848,312
1685905729.9016132,312
1685905729.9140124,313
1685905729.9262185,315
1685905729.942932,316
1685905729.9551396,315
1685905729.9673824,314
1685905729.983305,314
1685905729.995434,315
1685905730.0113494,317
1685905730.0241797,317
1685905730.0370767,316
1685905730.0534887,315
1685905730.064962,315
1685905730.0779517,317
1685905730.0938148,318
1685905730.1063924,318
1685905730.1187203,317
1685905730.1348047,316
1685905730.1471827,316
1685905730.1632898,318
1685905730.1763358,318
1685905730.1882403,318
1685905730.2048242,316
1685905730.2173562,316
1685905730.2293558,317
1685905730.2460184,318
1685905730.2580657,319
1685905730.2704346,318
1685905730.2862642,316
1685905730.2986414,316
1685905730.3118608,318
1685905730.328698,319
1685905730.3398013,319
1685905730.3558252,318
1685905730.368528,317
1685905730.3803911,318
1685905730.3973806,319
1685905730.4095807,320
1685905730.422109,319
1685905730.4380846,318
1685905730.4499853,317
1685905730.4630094,318
1685905730.4787216,319
1685905730.4917562,320
1685905730.5069594,319
1685905730.520151,318
1685905730.5316942,318
1685905730.548373,319
1685905730.560768,320
1685905730.5733757,320
1685905730.5892673,319
1685905730.6022696,318
1685905730.6144235,317
1685905730.6303787,318
1685905730.6424885,319
1685905730.6550965,319
1685905730.671092,317
1685905730.6840982,316
1685905730.7005575,316
1685905730.7126138,317
1685905730.7245529,318
1685905730.7415354,317
1685905730.7536361,315
1685905730.7655973,314
1685905730.782536,315
1685905730.7945552,316
1685905730.806891,317
1685905730.8235724,316
1685905730.8355684,315
1685905730.8519452,314
1685905730.864568,315
1685905730.8765848,316
1685905730.8925679,316
1685905730.9045706,315
1685905730.9175663,313
1685905730.933565,313
1685905730.9455638,314
1685905730.9585676,315
1685905730.9745657,315
1685905730.9865618,314
1685905731.002682,313
1685905731.0155678,313
1685905731.027685,314
1685905731.0445726,314
1685905731.0565772,314
1685905731.0686283,313
1685905731.0856354,312
1685905731.0975916,313
1685905731.1098037,314
1685905731.1265836,314
1685905731.1385748,314
1685905731.1504464,312
1685905731.1672504,312
1685905731.1791854,313
1685905731.1951668,314
1685905731.2082307,315
1685905731.2205322,313
1685905731.2371848,312
1685905731.2492661,312
1685905731.2612207,313
1685905731.2782247,314
1685905731.2902908,314
1685905731.3022494,312
1685905731.3185332,311
1685905731.3311946,312
1685905731.3472373,313
1685905731.3594499,314
1685905731.3722153,313
1685905731.3881762,312
1685905731.4005234,312
1685905731.4131749,312
1685905731.4294028,313
1685905731.4415472,314
1685905731.453804,313
1685905731.470482,312
1685905731.4825175,312
1685905731.4947665,313
1685905731.5115058,314
1685905731.5237696,315
1685905731.5398571,313
1685905731.5518875,313
1685905731.5645027,313
1685905731.580541,314
1685905731.5934827,316
1685905731.6055598,316
1685905731.6220598,316
1685905731.6341736,316
1685905731.6462882,317
1685905731.6636055,320
1685905731.6751835,322
1685905731.6914365,322
1685905731.7041724,322
1685905731.7161632,323
1685905731.732394,325
1685905731.7444339,329
1685905731.7573538,332
1685905731.7731836,335
1685905731.7854416,338
1685905731.79814,340
1685905731.814183,344
1685905731.8264244,346
1685905731.8431854,345
1685905731.8551576,341
1685905731.8674595,336
1685905731.884167,331
1685905731.8961678,327
1685905731.9085658,322
1685905731.9252293,316
1685905731.9372869,309
1685905731.9497657,302
1685905731.9658532,297
1685905731.9783103,294
1685905731.990497,291
1685905732.0072055,287
1685905732.0192902,284
1685905732.0355358,281
1685905732.0474453,281
1685905732.060469,282
1685905732.0765266,282
1685905732.0887425,282
1685905732.101433,281
1685905732.1174912,281
1685905732.1295369,283
1685905732.1417723,285
1685905732.1584268,287
1685905732.1707644,287
1685905732.1867337,286
1685905732.1994908,287
1685905732.211477,289
1685905732.2289188,291
1685905732.2399807,292
1685905732.2528327,291
1685905732.2689552,290
1685905732.2810144,292
1685905732.2935073,294
1685905732.3095307,295
1685905732.3224947,295
1685905732.3344338,294
1685905732.3514264,295
1685905732.3633704,297
1685905732.379423,299
1685905732.3913484,301
1685905732.4043689,302
1685905732.4203506,304
1685905732.4327166,307
1685905732.4454436,312
1685905732.461105,317
1685905732.4731123,323
1685905732.4861832,329
1685905732.502182,337
1685905732.5141444,349
1685905732.531124,362
1685905732.5434647,375
1685905732.5561082,384
1685905732.572181,391
1685905732.5844615,397
1685905732.597103,403
1685905732.613131,407
1685905732.625168,410
1685905732.6374245,407
1685905732.6541147,402
1685905732.6661155,395
1685905732.6824682,388
1685905732.6951814,382
1685905732.7071085,374
1685905732.7234414,366
1685905732.7361088,359
1685905732.7478888,353
1685905732.7648587,349
1685905732.7768931,345
1685905732.78903,340
1685905732.8048832,334
1685905732.817908,329
1685905732.8298316,324
1685905732.8462164,321
1685905732.859023,317
1685905732.875215,310
1685905732.8870695,303
1685905732.9000006,294
1685905732.9162166,288
1685905732.9280646,281
1685905732.941024,274
1685905732.9570613,266
1685905732.9693184,257
1685905732.9812772,249
1685905732.9983478,244
1685905733.010317,240
1685905733.0266607,237
1685905733.038387,234
1685905733.051394,232
1685905733.0673845,231
1685905733.0803292,233
1685905733.092338,235
1685905733.1086714,237
1685905733.121256,238
1685905733.1328535,240
1685905733.1493213,243
1685905733.162038,247
1685905733.1739717,251
1685905733.1900258,253
1685905733.2030535,255
1685905733.2192092,258
1685905733.231044,262
1685905733.244033,267
1685905733.260132,270
1685905733.2724843,272
1685905733.2851276,274
1685905733.3011231,276
1685905733.3132286,279
1685905733.3254733,282
1685905733.3421931,285
1685905733.3542008,286
1685905733.3701324,287
1685905733.383135,288
1685905733.3951786,290
1685905733.4121144,292
1685905733.4241905,294
1685905733.4364793,293
1685905733.4521751,293
1685905733.4651167,294
1685905733.4771955,296
1685905733.4941459,298
1685905733.505926,297
1685905733.5180075,297
1685905733.5346844,296
1685905733.5467,297
1685905733.5627658,299
1685905733.575691,300
1685905733.5876887,300
1685905733.6037538,299
1685905733.6167705,300
1685905733.6292987,302
1685905733.6456873,304
1685905733.657753,305
1685905733.6697628,305
1685905733.6860056,304
1685905733.6987054,305
1685905733.7147036,306
1685905733.727637,308
1685905733.7396402,308
1685905733.7556167,307
1685905733.767678,307
1685905733.7806385,307
1685905733.7967365,309
1685905733.8096282,311
1685905733.8209527,311
1685905733.837632,311
1685905733.8503952,312
1685905733.866427,314
1685905733.878335,317
1685905733.8906717,319
1685905733.9074132,320
1685905733.9203439,320
1685905733.931345,321
1685905733.948603,322
1685905733.9603596,324
1685905733.972668,324
1685905733.989423,322
1685905734.0016258,321
1685905734.0134006,320
1685905734.0303588,320
1685905734.0423527,320
1685905734.0585096,319
1685905734.0715263,317
1685905734.0831995,315
1685905734.0993805,315
1685905734.1124036,315
1685905734.124473,316
1685905734.140446,314
1685905734.1530569,312
1685905734.1652195,311
1685905734.1819115,312
1685905734.194072,313
1685905734.2098892,312
1685905734.2228925,311
1685905734.235035,309
1685905734.2511995,308
1685905734.2638679,309
1685905734.275887,310
1685905734.2922077,310
1685905734.304885,309
1685905734.3171802,307
1685905734.3339865,307
1685905734.344875,308
1685905734.3579502,309
1685905734.3739467,308
1685905734.386874,307
1685905734.403039,306
1685905734.4152021,306
1685905734.4269724,307
1685905734.443944,308
1685905734.4562109,308
1685905734.4691398,306
1685905734.4851341,305
1685905734.4971457,305
1685905734.5094981,307
1685905734.5261476,307
1685905734.5382073,306
1685905734.5542903,305
1685905734.566504,305
1685905734.579158,306
1685905734.5951355,307
1685905734.6081321,307
1685905734.6204355,306
1685905734.636137,305
1685905734.6484945,306
1685905734.661154,307
1685905734.6771371,308
1685905734.6894808,308
1685905734.7055054,307
1685905734.7181988,306
1685905734.7301335,307
1685905734.7471578,309
1685905734.759131,310
1685905734.7711306,309
1685905734.7881582,307
1685905734.80059,307
1685905734.812199,307
1685905734.829194,308
1685905734.8412054,308
1685905734.8531396,307
1685905734.8701522,306
1685905734.8822277,305
1685905734.8986132,306
1685905734.9101999,307
1685905734.9231493,308
1685905734.9394534,306
1685905734.9514987,305
1685905734.9642007,305
1685905734.9801438,307
1685905734.993127,308
1685905735.005238,308
1685905735.0214858,307
1685905735.033458,306
1685905735.049189,307
1685905735.0622337,308
1685905735.0751586,309
1685905735.0911446,308
1685905735.1033523,307
1685905735.115189,307
1685905735.1321292,308
1685905735.144327,309
1685905735.1564753,310
1685905735.1731539,309
1685905735.1851897,308
1685905735.201179,308
1685905735.2142437,309
1685905735.2262313,310
1685905735.2427833,310
1685905735.2545078,309
1685905735.2672925,308
1685905735.2832227,308
1685905735.295221,310
1685905735.3087623,310
1685905735.3242035,310
1685905735.3361316,309
1685905735.3491242,308
1685905735.3654568,308
1685905735.3781457,310
1685905735.394205,311
1685905735.4061394,310
1685905735.4191303,309
1685905735.4351883,309
1685905735.447142,309
1685905735.4601305,311
1685905735.476129,311
1685905735.4884634,310
1685905735.5004444,309
1685905735.5171566,309
1685905735.5291297,310
1685905735.5449393,311
1685905735.5580015,311
1685905735.5698702,309
1685905735.5868948,308
1685905735.5989478,309
1685905735.611274,310
1685905735.6279392,311
1685905735.6398723,311
1685905735.6521738,309
1685905735.6683059,309
1685905735.6805289,310
1685905735.6932333,311
1685905735.709575,311
1685905735.7212863,311
1685905735.737291,309
1685905735.7502818,309
1685905735.7622159,310
1685905735.7792146,311
1685905735.7912152,311
1685905735.8034434,310
1685905735.8198116,309
1685905735.8325207,309
1685905735.844505,310
1685905735.860631,311
1685905735.8735135,311
1685905735.8894966,309
1685905735.9018486,309
1685905735.9144988,309
1685905735.9308364,310
1685905735.942757,311
1685905735.9550772,311
1685905735.971177,310
1685905735.9841805,310
1685905735.996198,310
1685905736.0124843,311
1685905736.0251765,312
1685905736.0371761,311
1685905736.0535367,310
1685905736.065518,309
1685905736.082194,311
1685905736.094493,312
1685905736.1070583,312
1685905736.123568,311
1685905736.1352115,310
1685905736.1477065,310
1685905736.1643412,311
1685905736.1766953,312
1685905736.188889,312
1685905736.2054796,310
1685905736.2177403,309
1685905736.233541,309
1685905736.2456405,311
1685905736.2576926,311
1685905736.27435,311
1685905736.2871132,309
1685905736.2993512,309
1685905736.3158102,309
1685905736.3282404,311
1685905736.340494,311
1685905736.3565145,311
1685905736.3686674,309
1685905736.3852549,309
1685905736.3980002,310
1685905736.4100308,311
1685905736.4265466,311
1685905736.438837,310
1685905736.4510133,309
1685905736.4676838,309
1685905736.4794116,310
1685905736.491964,311
1685905736.5080059,310
1685905736.5207958,309
1685905736.532893,308
1685905736.5489268,308
1685905736.5614464,310
1685905736.5769687,310
1685905736.5899775,310
1685905736.60197,308
1685905736.6190295,308
1685905736.630969,308
1685905736.6430306,310
1685905736.659026,310
1685905736.672032,309
1685905736.6840308,308
1685905736.7000263,308
1685905736.7130442,309
1685905736.7290277,310
1685905736.7410266,310
1685905736.7536092,309
1685905736.769548,308
1685905736.7825797,308
1685905736.794609,309
1685905736.8115458,310
1685905736.8235443,310
1685905736.8357842,309
1685905736.8526103,308
1685905736.8645425,308
1685905736.8773193,310
1685905736.8934462,310
1685905736.9058678,310
1685905736.9221103,308
1685905736.9337184,308
1685905736.9457877,308
1685905736.9625673,310
1685905736.9752433,311
1685905736.9877372,310
1685905737.0043855,309
1685905737.0153785,310
1685905737.028317,311
1685905737.0448117,313
1685905737.0564864,314
1685905737.0744119,314
1685905737.0854084,314
1685905737.0974188,315
1685905737.1141603,317
1685905737.126744,320
1685905737.1394806,322
1685905737.1556537,324
1685905737.167727,328
1685905737.1799092,335
1685905737.1963294,343
1685905737.2085457,350
1685905737.224593,355
1685905737.2367284,356
1685905737.2493453,356
1685905737.2660987,355
1685905737.2780793,352
1685905737.2905228,346
1685905737.3066204,339
1685905737.319825,331
1685905737.3312092,323
1685905737.3478858,319
1685905737.3602302,314
1685905737.3727918,310
1685905737.3883667,304
1685905737.4014034,300
1685905737.417831,298
1685905737.42919,297
1685905737.4421406,296
1685905737.4594913,295
1685905737.4704578,293
1685905737.4827707,291
1685905737.4987605,292
1685905737.51171,293
1685905737.5244205,294
1685905737.5401654,293
1685905737.5527053,292
1685905737.568693,292
1685905737.5817006,294
1685905737.5937045,296
1685905737.6095,296
1685905737.621819,296
1685905737.6348343,296
1685905737.6502788,296
1685905737.663356,297
1685905737.675401,299
1685905737.6921206,299
1685905737.7043016,298
1685905737.7164907,298
1685905737.732907,298
1685905737.7455022,300
1685905737.7617018,301
1685905737.77405,301
1685905737.7865372,300
1685905737.8024607,300
1685905737.815116,301
1685905737.8265078,302
1685905737.8440845,303
1685905737.856054,303
1685905737.8677356,302
1685905737.8847578,301
1685905737.8968115,302
1685905737.9129777,303
1685905737.9254127,304
1685905737.937958,303
1685905737.9542542,302
1685905737.966656,302
1685905737.9786901,303
1685905737.9947584,304
1685905738.0074072,304
1685905738.0199504,303
1685905738.0362265,303
1685905738.0484548,303
1685905738.0640965,305
1685905738.0773182,306
1685905738.0891616,306
1685905738.105147,305
1685905738.1181042,304
1685905738.1303794,304
1685905738.1463668,306
1685905738.159124,307
1685905738.1712997,306
1685905738.1875758,305
1685905738.199629,304
1685905738.2117813,305
1685905738.228071,306
1685905738.2404244,306
1685905738.2572997,305
1685905738.2692611,304
1685905738.2820652,304
1685905738.2981558,305
1685905738.310733,306
1685905738.3227375,306
1685905738.339133,305
1685905738.351712,305
1685905738.3631446,305
1685905738.3794975,306
1685905738.3923898,307
1685905738.4090211,307
1685905738.4204495,306
1685905738.4328756,305
1685905738.4504054,305
1685905738.4623685,307
1685905738.474439,308
1685905738.4908288,307
1685905738.5029185,306
1685905738.5148923,305
1685905738.5315533,306
1685905738.5433187,308
1685905738.5564678,308
1685905738.5728614,307
1685905738.5848749,306
1685905738.6016417,306
1685905738.6147194,307
1685905738.6257193,308
1685905738.64172,308
1685905738.655043,307
1685905738.6664822,306
1685905738.682908,306
1685905738.6952841,308
1685905738.7073982,309
1685905738.7241313,308
1685905738.7366097,307
1685905738.7528048,307
1685905738.7654734,307
1685905738.7767155,309
1685905738.7933707,309
1685905738.806146,309
1685905738.8187747,307
1685905738.8349085,307
1685905738.8470697,308
1685905738.8589826,309
1685905738.8761318,309
1685905738.8881917,308
1685905738.9044514,306
1685905738.916142,306
1685905738.9291246,307
1685905738.945184,309
1685905738.9571185,309
1685905738.9701247,308
1685905738.9861262,306
1685905738.9983928,307
1685905739.0111253,308
1685905739.0271776,309
1685905739.0391734,309
1685905739.0514426,308
1685905739.0678113,307
1685905739.0798645,308
1685905739.096809,309
1685905739.1088169,310
1685905739.1208808,309
1685905739.1382976,308
1685905739.1498132,307
1685905739.1618724,308
1685905739.1784756,309
1685905739.191013,310
1685905739.203449,308
1685905739.2197285,307
1685905739.2321236,307
1685905739.2484827,308
1685905739.2601027,309
1685905739.273142,309
1685905739.2894287,307
1685905739.3014097,306
1685905739.3140197,306
1685905739.3298047,307
1685905739.342794,308
1685905739.3551607,307
1685905739.3712502,305
1685905739.3837917,304
1685905739.3997092,305
1685905739.4121284,306
1685905739.4252427,307
1685905739.4405193,306
1685905739.4526663,305
1685905739.4653344,305
1685905739.4820018,306
1685905739.4942565,307
1685905739.5060575,307
1685905739.5231118,306
1685905739.5358033,305
1685905739.5476813,305
1685905739.5640633,306
1685905739.5756118,307
1685905739.5917168,307
1685905739.6065245,305
1685905739.618527,304
1685905739.6337028,304
1685905739.645081,305
1685905739.6583557,306
1685905739.6747544,305
1685905739.6867914,304
1685905739.698754,303
1685905739.7154112,304
1685905739.7273946,305
1685905739.743119,306
1685905739.756181,305
1685905739.7684696,304
1685905739.7845237,303
1685905739.7972982,304
1685905739.8097088,305
1685905739.8254514,305
1685905739.8382409,303
1685905739.850303,302
1685905739.8669193,301
1685905739.878809,302
1685905739.8914547,303
1685905739.9079118,303
1685905739.9193423,301
1685905739.9367862,300
1685905739.9483292,301
1685905739.960996,302
1685905739.9773076,303
1685905739.9897633,302
1685905740.0027502,300
1685905740.0179102,299
1685905740.0307543,300
1685905740.0427372,301
1685905740.0593464,302
1685905740.0711727,301
1685905740.087731,299
1685905740.0997474,299
1685905740.1128156,300
1685905740.1287389,301
1685905740.14081,302
1685905740.1538818,300
1685905740.1700168,299
1685905740.1822548,299
1685905740.194298,300
1685905740.2102962,301
1685905740.223119,302
1685905740.2386725,300
1685905740.252089,300
1685905740.2641716,300
1685905740.2805445,302
1685905740.293004,303
1685905740.3049228,303
1685905740.3216367,301
1685905740.3340483,301
1685905740.3459973,302
1685905740.362279,303
1685905740.3749535,304
1685905740.387117,303
1685905740.4029417,302
1685905740.4153416,302
1685905740.4318144,302
1685905740.4445615,304
1685905740.456831,304
1685905740.4731536,303
1685905740.4854846,302
1685905740.4979022,303
1685905740.5144634,304
1685905740.5264091,306
1685905740.538797,306
1685905740.5550637,304
1685905740.567298,304
1685905740.5835154,304
1685905740.5959182,305
1685905740.6078136,306
1685905740.6247532,306
1685905740.637054,305
1685905740.6495404,304
1685905740.6655977,305
1685905740.6780083,307
1685905740.6901946,308
1685905740.7067103,307
1685905740.7187579,306
1685905740.7311342,306
1685905740.7476652,307
1685905740.7596521,309
1685905740.7757828,309
1685905740.7880845,308
1685905740.800766,308
1685905740.8170564,308
1685905740.8296409,309
1685905740.8413546,311
1685905740.857878,310
1685905740.8697128,309
1685905740.8828135,309
1685905740.8987427,309
1685905740.9115274,310
1685905740.9277244,311
1685905740.940025,311
1685905740.9517531,309
1685905740.9688692,309
1685905740.9806406,310
1685905740.993559,311
1685905741.009027,312
1685905741.0220923,311
1685905741.0342643,310
1685905741.050279,310
1685905741.063106,311
1685905741.0792313,312
1685905741.0917754,313
1685905741.1039312,312
1685905741.1222596,310
1685905741.1322396,311
1685905741.144032,312
1685905741.1611655,313
1685905741.1736612,313
1685905741.1858575,312
1685905741.2020762,311
1685905741.214313,312
1685905741.226123,313
1685905741.2428925,314
1685905741.2559688,313
1685905741.2718241,312
1685905741.2841163,312
1685905741.2960963,313
1685905741.312095,314
1685905741.324934,315
1685905741.3374426,314
1685905741.3544438,313
1685905741.3656013,313
1685905741.378227,314
1685905741.3953018,315
1685905741.407104,316
1685905741.4227946,314
1685905741.4357312,313
1685905741.4481046,313
1685905741.4641628,314
1685905741.475892,316
1685905741.4896443,315
1685905741.5053666,314
1685905741.5176752,313
1685905741.5300617,314
1685905741.546319,315
1685905741.5582361,316
1685905741.5709722,315
1685905741.5871933,314
1685905741.5992422,313
1685905741.6157863,314
1685905741.6280289,315
1685905741.6405852,316
1685905741.6565132,315
1685905741.6687446,313
1685905741.6813269,313
1685905741.6979587,314
1685905741.7100024,316
1685905741.7220082,315
1685905741.7389586,314
1685905741.7508638,313
1685905741.7670493,313
1685905741.7796066,314
1685905741.791392,315
1685905741.8084526,315
1685905741.8201752,313
1685905741.832159,312
1685905741.8491113,313
1685905741.8611877,314
1685905741.8739111,315
1685905741.890406,314
1685905741.9023972,312
1685905741.9190578,312
1685905741.9311492,312
1685905741.9437184,314
1685905741.9598453,314
1685905741.9718385,313
1685905741.9846768,312
1685905742.0006487,311
1685905742.0134697,312
1685905742.0249035,314
1685905742.0418441,313
1685905742.05385,312
1685905742.0660682,311
1685905742.0824718,311
1685905742.0949948,313
1685905742.1114209,314
1685905742.1235182,313
1685905742.1355872,312
1685905742.1523187,311
1685905742.1648743,312
1685905742.1769528,313
1685905742.1934133,314
1685905742.2058775,314
1685905742.2181993,312
1685905742.2337615,312
1685905742.2467716,312
1685905742.2626908,313
1685905742.2747655,314
1685905742.2876954,312
1685905742.3038266,311
1685905742.316452,310
1685905742.3283305,311
1685905742.344913,312
1685905742.3564913,313
1685905742.3695543,311
1685905742.3859048,310
1685905742.3980267,310
1685905742.4105513,311
1685905742.4270916,313
1685905742.4384878,312
1685905742.4555504,310
1685905742.4674864,310
1685905742.4797819,310
1685905742.4959836,312
1685905742.5087676,312
1685905742.5211768,311
1685905742.5372672,309
1685905742.5491188,309
1685905742.5621853,310
1685905742.5782642,311
1685905742.5902565,312
1685905742.6066358,311
1685905742.6193354,310
1685905742.631259,309
1685905742.6472895,310
1685905742.6603332,312
1685905742.6725197,312
1685905742.6886044,311
1685905742.701356,310
1685905742.71346,310
1685905742.7292771,312
1685905742.7423475,313
1685905742.758314,312
1685905742.7702987,311
1685905742.7833476,311
1685905742.7992947,311
1685905742.8112912,313
1685905742.8244646,314
1685905742.8403502,313
1685905742.852249,312
1685905742.8642867,312
1685905742.881355,314
1685905742.8933513,316
1685905742.9056482,317
1685905742.922293,317
1685905742.9341607,317
1685905742.950572,319
1685905742.9635375,322
1685905742.9748938,326
1685905742.9918952,329
1685905743.004231,330
1685905743.0168338,331
1685905743.032901,334
1685905743.0449688,337
1685905743.057841,339
1685905743.0739055,339
1685905743.086072,339
1685905743.102446,339
1685905743.1147013,340
1685905743.1270218,341
1685905743.1436536,342
1685905743.155827,340
1685905743.1680124,337
1685905743.1847646,334
1685905743.1967278,331
1685905743.208651,326
1685905743.2247138,320
1685905743.2377553,313
1685905743.249703,305
1685905743.2667074,298
1685905743.2787375,292
1685905743.294645,288
1685905743.307093,282
1685905743.3195024,276
1685905743.3355095,272
1685905743.348191,270
1685905743.3605113,270
1685905743.3767214,270
1685905743.3894064,269
1685905743.401353,268
1685905743.4174135,269
1685905743.4303424,271
1685905743.4467022,274
1685905743.458339,276
1685905743.471339,277
1685905743.4872751,278
1685905743.4995716,280
1685905743.51175,283
1685905743.5284562,286
1685905743.5403373,288
1685905743.5532777,288
1685905743.5692701,288
1685905743.581291,289
1685905743.5976393,292
1685905743.6102748,294
1685905743.6225908,294
1685905743.6390202,294
1685905743.6516495,293
1685905743.6637168,295
1685905743.6798544,298
1685905743.6922684,300
1685905743.7049534,302
1685905743.72098,302
1685905743.7330348,303
1685905743.74575,307
1685905743.7618876,312
1685905743.7743063,318
1685905743.7900436,324
1685905743.8028886,333
1685905743.8151839,344
1685905743.8318982,355
1685905743.8439062,365
1685905743.8560832,375
1685905743.872633,381
1685905743.8845503,386
1685905743.897544,391
1685905743.913626,394
1685905743.9257689,397
1685905743.941705,396
1685905743.9546952,394
1685905743.9667516,390
1685905743.983018,387
1685905743.9956956,385
1685905744.007696,380
1685905744.0237606,375
1685905744.0357082,368
1685905744.0489094,361
1685905744.0647483,354
1685905744.077586,346
1685905744.0900085,338
1685905744.1055815,330
1685905744.1185238,323
1685905744.134587,316
1685905744.1468356,313
1685905744.1595912,310
1685905744.1755123,305
1685905744.187408,299
1685905744.2004704,291
1685905744.2166538,284
1685905744.228766,277
1685905744.2414262,270
1685905744.2574155,261
1685905744.2694185,253
1685905744.2854648,245
1685905744.2985456,241
1685905744.3107123,240
1685905744.3273723,238
1685905744.3397746,237
1685905744.3518913,236
1685905744.3687894,235
1685905744.3801014,238
1685905744.3928452,241
1685905744.4095206,243
1685905744.420832,245
1685905744.4376514,246
1685905744.4494019,248
1685905744.4623868,251
1685905744.4787445,254
1685905744.4914677,257
1685905744.5034142,259
1685905744.5193956,261
1685905744.5317671,265
1685905744.5444663,269
1685905744.5604694,273
1685905744.572599,276
1685905744.5848768,278
1685905744.6016085,280
1685905744.6139493,283
1685905744.6295958,288
1685905744.6425986,291
1685905744.6552167,292
1685905744.6710198,292
1685905744.6836812,293
1685905744.6953113,294
1685905744.7123868,295
1685905744.7243712,296
1685905744.7366328,295
1685905744.7533436,294
1685905744.7650278,294
1685905744.7813442,296
1685905744.7940097,297
1685905744.806015,297
1685905744.8230813,295
1685905744.8350148,294
1685905744.8473084,295
1685905744.8641636,297
1685905744.875482,299
1685905744.8876948,300
1685905744.9046278,300
1685905744.9166474,301
1685905744.9296274,303
1685905744.9457574,305
1685905744.9579675,307
1685905744.9736824,307
1685905744.9869041,306
1685905744.9989996,306
1685905745.0148249,307
1685905745.0277052,308
1685905745.039747,309
1685905745.0557215,308
1685905745.06874,307
1685905745.0807872,307
1685905745.0973291,308
1685905745.1092565,309
1685905745.1253073,310
1685905745.1382427,309
1685905745.1504822,309
1685905745.1667068,310
1685905745.1786423,312
1685905745.1916838,314
1685905745.2071667,315
1685905745.220229,315
1685905745.2324266,315
1685905745.2487776,316
1685905745.2607026,319
1685905745.2771652,320
1685905745.2897513,320
1685905745.3017464,319
1685905745.3180215,319
1685905745.330763,320
1685905745.3429406,322
1685905745.3596954,322
1685905745.3717597,320
1685905745.3840146,319
1685905745.4000015,319
1685905745.412685,320
1685905745.4248137,321
1685905745.4416676,320
1685905745.453919,318
1685905745.4699678,317
1685905745.4816482,317
1685905745.494719,317
1685905745.5109124,318
1685905745.5227258,317
1685905745.53573,315
1685905745.5521212,314
1685905745.5641634,314
1685905745.5764058,315
1685905745.5923195,315
1685905745.6053658,313
1685905745.6214938,311
1685905745.6333609,311
1685905745.6463003,311
1685905745.6623623,312
1685905745.674363,312
1685905745.6866677,310
1685905745.7043262,308
1685905745.715357,308
1685905745.7277002,309
1685905745.7443187,310
1685905745.7563753,310
1685905745.772848,308
1685905745.7853749,307
1685905745.7976573,307
1685905745.8133163,308
1685905745.826318,308
1685905745.8386931,307
1685905745.8553195,305
1685905745.8673737,305
1685905745.879489,305
1685905745.895345,306
1685905745.907786,307
1685905745.920299,305
1685905745.9363606,304
1685905745.949433,304
1685905745.9653738,305
1685905745.9777112,306
1685905745.9904213,306
1685905746.006354,304
1685905746.0187278,303
1685905746.0307243,303
1685905746.0471954,305
1685905746.0598824,306
1685905746.0718884,306
1685905746.0879488,305
1685905746.100941,304
1685905746.116875,304
1685905746.1288755,306
1685905746.1418786,307
1685905746.1578813,306
1685905746.1699436,305
1685905746.1822011,305
1685905746.1994278,305
1685905746.2111971,307
1685905746.2240055,308
1685905746.2399597,307
1685905746.2519498,307
1685905746.2649856,307
1685905746.2809162,308
1685905746.2929022,310
1685905746.3089724,310
1685905746.3219645,309
1685905746.3339596,308
1685905746.3499305,308
1685905746.363009,309
1685905746.3751361,310
1685905746.3910835,310
1685905746.4034243,308
1685905746.4161713,307
1685905746.4321585,308
1685905746.444145,310
1685905746.460229,311
1685905746.4736376,310
1685905746.485503,309
1685905746.5021706,309
1685905746.5141943,310
1685905746.5269043,312
1685905746.5432394,312
1685905746.5552218,311
1685905746.567154,310
1685905746.5841935,310
1685905746.596004,311
1685905746.6122577,312
1685905746.6249347,312
1685905746.6369867,311
1685905746.6532652,310
1685905746.6661298,310
1685905746.6789649,312
1685905746.6949475,313
1685905746.706974,312
1685905746.7189453,311
1685905746.7352517,310
1685905746.7479177,311
1685905746.7599146,312
1685905746.7759135,313
1685905746.788974,312
1685905746.8049386,311
1685905746.817238,310
1685905746.8297234,311
1685905746.8459637,312
1685905746.8594162,313
1685905746.8703883,312
1685905746.8870938,311
1685905746.899611,311
1685905746.9119587,312
1685905746.9277225,313
1685905746.94042,313
1685905746.9564087,312
1685905746.9686437,311
1685905746.9811745,311
1685905746.9980922,312
1685905747.0101519,313
1685905747.022109,313
1685905747.0381598,311
1685905747.0511646,311
1685905747.0631783,311
1685905747.0794127,312
1685905747.0921595,313
1685905747.1041758,312
1685905747.1211336,310
1685905747.132434,310
1685905747.1492107,311
1685905747.161138,312
1685905747.173408,312
1685905747.1901326,311
1685905747.2023935,310
1685905747.2151463,310
1685905747.231076,311
1685905747.2433372,312
1685905747.256088,312
1685905747.2721527,311
1685905747.2844489,310
1685905747.3007605,309
1685905747.3133864,311
1685905747.3254402,311
1685905747.3423877,311
1685905747.3543854,310
1685905747.3664472,309
1685905747.38337,310
1685905747.3952007,311
1685905747.4069874,312
1685905747.4236639,311
1685905747.4366708,310
1685905747.4519348,309
1685905747.4646747,310
1685905747.476651,311
1685905747.4933226,312
1685905747.5055714,310
1685905747.5172663,309
1685905747.5345054,309
1685905747.547269,310
1685905747.5586274,311
1685905747.5753329,311
1685905747.587334,310
1685905747.5995722,308
1685905747.6162665,308
1685905747.6282556,310
1685905747.6445205,311
1685905747.6576905,310
1685905747.669536,309
1685905747.6853092,308
1685905747.6983225,309
1685905747.7103236,310
1685905747.726281,310
1685905747.7390075,309
1685905747.7512062,307
1685905747.7679036,306
1685905747.7799523,307
1685905747.796208,308
1685905747.8089535,309
1685905747.820963,307
1685905747.8372095,306
1685905747.8499591,305
1685905747.8619723,306
1685905747.8783448,307
1685905747.8912454,307
1685905747.9032536,306
1685905747.9193332,305
1685905747.9311798,306
1685905747.9443607,307
1685905747.9604127,308
1685905747.9723525,308
1685905747.989345,306
1685905748.0014195,306
1685905748.0143638,306
1685905748.0297296,307
1685905748.0424116,308
1685905748.0543482,307
1685905748.0707247,306
1685905748.0827098,305
1685905748.095435,306
1685905748.1117294,307
1685905748.1243627,307
1685905748.1404064,306
1685905748.1529374,305
1685905748.1649694,305
1685905748.1811938,306
1685905748.1939359,307
1685905748.2059405,307
1685905748.221929,306
1685905748.234865,305
1685905748.2469366,305
1685905748.2631834,307
1685905748.2751937,308
1685905748.291953,307
1685905748.3038692,306
1685905748.3161876,306
1685905748.3329418,306
1685905748.3451855,308
1685905748.3572037,309
1685905748.3739414,308
1685905748.3861914,307
1685905748.3987126,306
1685905748.414669,308
1685905748.4274156,309
1685905748.4394405,309
1685905748.45566,308
1685905748.4684176,308
1685905748.4844215,308
1685905748.4966958,310
1685905748.5087087,311
1685905748.5253422,311
1685905748.5370953,311
1685905748.549631,310
1685905748.5659273,310
1685905748.578699,312
1685905748.591019,313
1685905748.6070251,312
1685905748.6196797,311
1685905748.6357071,310
1685905748.6479855,310
1685905748.6606562,311
1685905748.6766264,311
1685905748.6893473,310
1685905748.702287,308
1685905748.7182853,308
1685905748.7303393,309
1685905748.7423303,310
1685905748.7583241,310
1685905748.7713442,309
1685905748.7833276,307
1685905748.7996051,307
1685905748.812115,309
1685905748.8277473,310
1685905748.8407483,310
1685905748.8537564,309
1685905748.8697486,308
1685905748.8817666,310
1685905748.8939946,311
1685905748.9103947,313
1685905748.92257,312
1685905748.9352574,311
1685905748.95137,311
1685905748.9636014,313
1685905748.9795682,315
1685905748.9923441,316
1685905749.004554,316
1685905749.0212708,315
1685905749.0336642,316
1685905749.0461242,319
1685905749.0621214,323
1685905749.0744994,327
1685905749.0861208,331
1685905749.1032138,335
1685905749.1147716,340
1685905749.1307645,345
1685905749.143774,348
1685905749.1557612,347
1685905749.1727843,343
1685905749.1849957,339
1685905749.1968307,335
1685905749.213202,332
1685905749.2250066,328
1685905749.2383184,323
1685905749.254574,317
1685905749.2666295,313
1685905749.2791998,311
1685905749.2951488,309
1685905749.3074207,308
1685905749.3236792,304
1685905749.3358898,302
1685905749.3489635,301
1685905749.3651817,301
1685905749.3777173,302
1685905749.3899136,301
1685905749.40602,300
1685905749.418455,298
1685905749.4309597,299
1685905749.4470823,300
1685905749.4594047,301
1685905749.4753249,301
1685905749.4882917,300
1685905749.4997342,300
1685905749.516979,301
1685905749.5293057,302
1685905749.541258,303
1685905749.5576222,303
1685905749.5700185,302
1685905749.58217,302
1685905749.598583,303
1685905749.61113,305
1685905749.6232626,305
1685905749.639855,304
1685905749.6520884,304
1685905749.6682708,304
1685905749.6808083,305
1685905749.6934536,306
1685905749.7092319,306
1685905749.7217035,305
1685905749.7338493,304
1685905749.7503064,304
1685905749.76271,306
1685905749.774718,307
1685905749.791249,307
1685905749.803536,306
1685905749.8195624,306
1685905749.8323023,307
1685905749.8443658,308
1685905749.8608282,309
1685905749.8732996,308
1685905749.8849683,307
1685905749.9016995,306
1685905749.914301,307
1685905749.9264767,308
1685905749.942419,308
1685905749.955296,307
1685905749.9713607,306
1685905749.9836545,306
1685905749.9963443,308
1685905750.012993,309
1685905750.0247111,308
1685905750.0372322,307
1685905750.0533416,306
1685905750.0657542,307
1685905750.0784347,308
1685905750.0942178,309
1685905750.1067476,308
1685905750.1188462,306
1685905750.1353018,306
1685905750.1476977,306
1685905750.1642964,307
1685905750.1763072,308
1685905750.1882617,307
1685905750.2051818,305
1685905750.2173035,305
1685905750.2293708,306
1685905750.2458353,307
1685905750.2575085,307
1685905750.2703104,306
1685905750.2867208,305
1685905750.298399,305
1685905750.315382,306
1685905750.3277183,308
1685905750.3397627,307
1685905750.3563542,306
1685905750.3687115,305
1685905750.3807764,305
1685905750.3971887,306
1685905750.4098244,308
1685905750.4222994,306
1685905750.4383063,305
1685905750.4506977,305
1685905750.4627016,305
1685905750.479303,307
1685905750.491349,307
1685905750.5088139,306
1685905750.5206072,305
1685905750.532703,304
1685905750.5492985,305
1685905750.5610826,306
1685905750.5734615,306
1685905750.5902767,305
1685905750.6027818,304
1685905750.6144853,305
1685905750.6308634,306
1685905750.6432958,307
1685905750.6594698,307
1685905750.6718435,306
1685905750.6834826,306
1685905750.7003872,306
1685905750.713433,308
1685905750.7253017,308
1685905750.741372,307
1685905750.7539032,306
1685905750.7660148,305
1685905750.7822883,306
1685905750.7944036,308
1685905750.8107176,308
1685905750.823276,307
1685905750.8358352,305
1685905750.8520865,305
1685905750.8638318,306
1685905750.8758204,307
1685905750.8925116,307
1685905750.90596,306
1685905750.9177032,305
1685905750.9354177,305
1685905750.9462972,307
1685905750.9586897,307
1685905750.9752748,307
1685905750.987247,306
1685905751.0036182,305
1685905751.0164282,305
1685905751.028298,307
1685905751.044705,307
1685905751.0568326,307
1685905751.0684934,305
1685905751.0854726,305
1685905751.098071,305
1685905751.110303,306
1685905751.1267786,307
1685905751.1387093,306
1685905751.155295,305
1685905751.1673539,305
1685905751.1797056,306
1685905751.196302,307
1685905751.207765,307
1685905751.2207053,306
1685905751.2372904,305
1685905751.2492967,305
1685905751.2617052,307
1685905751.2782834,307
1685905751.2897832,307
1685905751.3026967,306
1685905751.319295,305
1685905751.3312936,306
1685905751.3477056,307
1685905751.3602712,308
1685905751.3722148,307
1685905751.387729,306
1685905751.4007325,306
1685905751.4133396,307
1685905751.429707,308
1685905751.4418337,309
1685905751.4542482,308
1685905751.470458,307
1685905751.482848,307
1685905751.4983456,308
1685905751.511714,310
1685905751.5236402,310
1685905751.540185,308
1685905751.552331,308
1685905751.5648303,308
1685905751.5812316,310
1685905751.59333,311
1685905751.605693,310
1685905751.6223006,309
1685905751.6343012,308
1685905751.6507006,309
1685905751.6632922,310
1685905751.675232,311
1685905751.6919873,310
1685905751.7042916,308
1685905751.7161927,308
1685905751.73271,309
1685905751.7452934,311
1685905751.7572334,311
1685905751.7736313,310
1685905751.7858758,308
1685905751.7983038,309
1685905751.8147507,310
1685905751.8268323,311
1685905751.8432937,311
1685905751.8554745,309
1685905751.867271,308
1685905751.883794,309
1685905751.8964949,310
1685905751.9087105,311
1685905751.9244797,310
1685905751.9373496,309
1685905751.9492173,308
1685905751.9659228,309
1685905751.9783576,311
1685905751.9947464,311
1685905752.0072958,310
1685905752.0193017,309
1685905752.0357082,308
1685905752.047911,309
1685905752.0595908,311
1685905752.0763493,310
1685905752.0898547,309
1685905752.1012948,308
1685905752.1175132,308
1685905752.130079,309
1685905752.1420891,310
1685905752.1580198,310
1685905752.1709802,308
1685905752.1865788,307
1685905752.199745,308
1685905752.2120364,309
1685905752.228184,310
1685905752.2407162,309
1685905752.2525892,308
1685905752.269637,307
1685905752.2813373,308
1685905752.2937129,309
1685905752.3102844,310
1685905752.3223293,310
1685905752.338681,309
1685905752.3512888,309
1685905752.3627524,310
1685905752.3794093,312
1685905752.3922932,312
1685905752.4042995,310
1685905752.4206636,309
1685905752.4332902,309
1685905752.4448237,310
1685905752.4608269,311
1685905752.4746888,310
1685905752.4901855,309
1685905752.5027068,308
1685905752.5152907,308
1685905752.5312815,310
1685905752.5437052,311
1685905752.5556183,310
1685905752.571758,309
1685905752.5846982,308
1685905752.5968344,309
1685905752.6132917,311
1685905752.625702,311
1685905752.6381173,310
1685905752.6547153,308
1685905752.6664743,308
1685905752.6828291,309
1685905752.6952946,310
1685905752.7073581,310
1685905752.7235715,309
1685905752.7362974,308
1685905752.7476628,308
1685905752.7646334,309
1685905752.7776499,310
1685905752.78929,309
1685905752.8056998,308
1685905752.8182871,307
1685905752.8343575,308
1685905752.8467083,309
1685905752.8593333,309
1685905752.8754256,309
1685905752.8876946,307
1685905752.9002926,307
1685905752.9162934,308
1685905752.928698,309
1685905752.9414182,310
1685905752.9575644,309
1685905752.9696956,307
1685905752.9817433,307
1685905752.9982822,308
1685905753.0106866,310
1685905753.0272784,309
1685905753.0392241,308
1685905753.0515034,307
1685905753.0673733,307
1685905753.0805507,309
1685905753.0923395,310
1685905753.1088164,309
1685905753.120766,308
1685905753.133307,308
1685905753.150069,308
1685905753.162276,310
1685905753.178387,310
1685905753.1906953,310
1685905753.2032826,308
1685905753.2193272,308
1685905753.2316833,309
1685905753.2441845,310
1685905753.2607694,310
1685905753.2726865,309
1685905753.285275,307
1685905753.301279,307
1685905753.3136866,309
1685905753.3302743,310
1685905753.342832,309
1685905753.354686,308
1685905753.371319,307
1685905753.3832679,308
1685905753.3956888,309
1685905753.4122763,310
1685905753.4240658,310
1685905753.4364924,309
1685905753.453255,308
1685905753.4649684,309
1685905753.4773648,310
1685905753.4937778,311
1685905753.5059924,310
1685905753.522353,308
1685905753.5342226,308
1685905753.546959,309
1685905753.5629573,310
1685905753.5756626,310
1685905753.5879376,309
1685905753.604363,308
1685905753.6168623,308
1685905753.628992,309
1685905753.6452918,310
1685905753.6569924,310
1685905753.6730626,309
1685905753.6858501,308
1685905753.6984746,308
1685905753.7142625,309
1685905753.7271123,310
1685905753.7390764,309
1685905753.755028,308
1685905753.7680266,307
1685905753.780027,308
1685905753.796027,309
1685905753.808201,310
1685905753.8212097,308
1685905753.836838,307
1685905753.8498402,307
1685905753.8663087,308
1685905753.8795505,309
1685905753.8909748,309
1685905753.9073095,308
1685905753.9191709,307
1685905753.931995,308
1685905753.948427,309
1685905753.9608877,310
1685905753.9728181,310
1685905753.9893186,308
1685905754.0016782,308
1685905754.0180762,308
1685905754.030111,309
1685905754.042897,310
1685905754.059296,309
1685905754.0712082,307
1685905754.0836637,307
1685905754.1003346,307
1685905754.1122878,309
1685905754.1251066,309
1685905754.1412065,307
1685905754.1532764,307
1685905754.1696286,306
1685905754.1813748,307
1685905754.1942768,309
1685905754.2106838,309
1685905754.2232716,308
1685905754.2352226,307
1685905754.2516918,307
1685905754.263378,308
1685905754.276289,309
1685905754.2927005,309
1685905754.3048344,307
1685905754.3172972,307
1685905754.3334513,307
1685905754.3460927,309
1685905754.362514,310
1685905754.3743534,308
1685905754.3866985,307
1685905754.4032931,306
1685905754.4153433,307
1685905754.427577,309
1685905754.444623,309
1685905754.4563282,308
1685905754.468333,307
1685905754.4845364,307
1685905754.4972858,308
1685905754.5136948,309
1685905754.526693,310
1685905754.5384786,308
1685905754.5544229,307
1685905754.5673273,308
1685905754.5792897,309
1685905754.5957005,310
1685905754.6082823,310
1685905754.6202216,308
1685905754.6367025,308
1685905754.650051,309
1685905754.661298,310
1685905754.6776931,311
1685905754.6898224,310
1685905754.7062922,309
1685905754.7181065,309
1685905754.730865,310
1685905754.7466211,312
1685905754.7594717,313
1685905754.771701,312
1685905754.7882876,311
1685905754.8003397,311
1685905754.8118463,313
1685905754.828819,314
1685905754.8413477,314
1685905754.8576994,312
1685905754.870292,312
1685905754.882287,312
1685905754.8986957,313
1685905754.910482,314
1685905754.9224613,313
1685905754.9394085,312
1685905754.9514494,312
1685905754.9634628,312
1685905754.980402,314
1685905754.992461,314
1685905755.00846,313
1685905755.0214045,311
1685905755.0335238,310
1685905755.049536,310
1685905755.0628636,311
1685905755.0743923,311
1685905755.0912871,309
1685905755.103691,307
1685905755.1158752,306
1685905755.1322196,307
1685905755.1445613,308
1685905755.1566699,307
1685905755.173216,305
1685905755.1853075,304
1685905755.2008827,304
1685905755.2142968,305
1685905755.2258952,306
1685905755.2426927,305
1685905755.2548587,303
1685905755.2673984,302
1685905755.2836199,303
1685905755.2959087,304
1685905755.3084447,304
1685905755.3239067,303
1685905755.3370166,302
1685905755.3532033,302
1685905755.3661056,303
1685905755.378283,303
1685905755.3942857,303
1685905755.406696,302
1685905755.4192643,301
1685905755.4352872,301
1685905755.4467502,303
1685905755.4598317,304
1685905755.4762871,304
1685905755.4886959,303
1685905755.5052607,302
1685905755.5172875,303
1685905755.528777,305
1685905755.5460825,306
1685905755.5582871,306
1685905755.5703504,304
1685905755.5870962,304
1685905755.5986688,305
1685905755.6106446,307
1685905755.6276393,307
1685905755.6393375,306
1685905755.6513917,305
1685905755.6681128,305
1685905755.6800604,306
1685905755.697059,307
1685905755.7091026,308
1685905755.7211194,306
1685905755.7380538,305
1685905755.7501173,305
1685905755.7621145,307
1685905755.779059,308
1685905755.7912066,308
1685905755.8032699,306
1685905755.820218,305
1685905755.8323393,306
1685905755.8489997,307
1685905755.8611622,308
1685905755.8737504,307
1685905755.889787,305
1685905755.90229,305
1685905755.9138253,306
1685905755.9314282,307
1685905755.943285,308
1685905755.9560883,307
1685905755.9716187,306
1685905755.9832227,306
1685905755.9961596,307
1685905756.012221,308
1685905756.0242217,308
1685905756.0414422,307
1685905756.0537875,306
1685905756.0662847,307
1685905756.082733,308
1685905756.0944796,309
1685905756.1072814,309
1685905756.1228561,307
1685905756.1359637,307
1685905756.1477158,308
1685905756.164319,309
1685905756.1769161,310
1685905756.1932206,310
1685905756.2046938,309
1685905756.217621,308
1685905756.2339275,309
1685905756.246252,311
1685905756.2578602,311
1685905756.274863,309
1685905756.2871766,308
1685905756.2997115,308
1685905756.3160686,309
1685905756.3279803,310
1685905756.34473,310
1685905756.357012,309
1685905756.368996,308
1685905756.3847396,308
1685905756.3967454,309
1685905756.4103613,310
1685905756.426436,309
1685905756.4388664,308
1685905756.450474,307
1685905756.4674284,308
1685905756.4795048,310
1685905756.4922738,310
1685905756.5083458,309
1685905756.5206802,308
1685905756.5372026,307
1685905756.549281,308
1685905756.5607567,309
1685905756.578406,309
1685905756.5902793,308
1685905756.6026921,307
1685905756.619082,307
1685905756.631201,308
1685905756.643283,309
1685905756.6597478,308
1685905756.6722286,307
1685905756.688629,306
1685905756.7012534,306
1685905756.7125883,307
1685905756.7296748,308
1685905756.7418005,307
1685905756.7533808,306
1685905756.7703755,305
1685905756.7820234,306
1685905756.7941923,307
1685905756.811456,308
1685905756.8236794,307
1685905756.835997,306
1685905756.8523445,305
1685905756.8646092,306
1685905756.8812015,308
1685905756.8933523,308
1685905756.9056983,307
1685905756.9222827,306
1685905756.9342332,307
1685905756.946608,308
1685905756.963405,309
1685905756.975288,309
1685905756.9876895,308
1685905757.0042784,308
1685905757.0162861,308
1685905757.0326886,310
1685905757.04447,311
1685905757.0564685,310
1685905757.073725,309
1685905757.0862756,308
1685905757.0982842,309
1685905757.1145763,310
1685905757.1265535,311
1685905757.1387932,309
1685905757.1558394,308
1685905757.1678593,308
1685905757.1798823,309
1685905757.1966307,310
1685905757.2088606,311
1685905757.2249844,309
1685905757.2373686,309
1685905757.249616,309
1685905757.2661996,310
1685905757.2783515,311
1685905757.2906852,311
1685905757.3072824,309
1685905757.3192768,309
1685905757.3318253,309
1685905757.3479257,310
1685905757.359913,311
1685905757.37597,310
1685905757.3879688,309
1685905757.4009187,308
1685905757.4169707,309
1685905757.4289742,310
1685905757.4420485,310
1685905757.458104,309
1685905757.4701042,308
1685905757.4821014,307
1685905757.4991076,308
1685905757.5107965,309
1685905757.5272565,309
1685905757.5402694,308
1685905757.5522687,307
1685905757.5683136,307
1685905757.5814085,309
1685905757.5934076,310
1685905757.6094134,309
1685905757.6214077,308
1685905757.6344075,307
1685905757.6505344,308
1685905757.6625416,309
1685905757.675531,310
1685905757.691396,309
1685905757.7040222,308
1685905757.720035,307
1685905757.73298,308
1685905757.7448056,310
1685905757.7607627,310
1685905757.773804,309
1685905757.7858005,308
1685905757.801803,308
1685905757.8147445,309
1685905757.8267446,310
1685905757.8433363,310
1685905757.855394,309
1685905757.871346,308
1685905757.8842258,308
1685905757.8962257,309
1685905757.9122252,310
1685905757.925214,310
1685905757.937239,308
1685905757.9536746,307
1685905757.9656737,308
1685905757.978701,309
1685905757.9946804,310
1685905758.0066226,309
1685905758.023167,308
1685905758.0358787,308
1685905758.0478277,309
1685905758.064513,310
1685905758.0765765,310
1685905758.0885828,309
1685905758.105525,308
1685905758.116967,308
1685905758.1294231,309
1685905758.1461813,310
1685905758.1581714,309
1685905758.1702278,308
1685905758.1869714,307
1685905758.198995,307
1685905758.2159953,308
1685905758.2280445,309
1685905758.2400525,308
1685905758.257051,307
1685905758.2690568,306
1685905758.2810042,307
1685905758.2980456,308
1685905758.3100572,309
1685905758.3218703,308
1685905758.3389156,307
1685905758.350468,306
1685905758.3675194,307
1685905758.3791533,309
1685905758.3920963,309
1685905758.408434,308
1685905758.4204807,307
1685905758.4324803,307
1685905758.4494708,308
1685905758.4614236,309
1685905758.4742305,309
1685905758.490501,308
1685905758.502198,307
1685905758.5152528,308
1685905758.531546,309
1685905758.5434897,310
1685905758.5594888,309
1685905758.5722072,308
1685905758.5840235,307
1685905758.6006794,308
1685905758.612614,309
1685905758.624983,310
1685905758.64132,309
1685905758.6543427,307
1685905758.666402,307
1685905758.6823988,308
1685905758.695343,310
1685905758.7109456,310
1685905758.7233262,309
1685905758.735885,308
1685905758.753194,308
1685905758.764697,309
1685905758.7774608,310
1685905758.7942529,310
1685905758.8062713,308
1685905758.818426,307
1685905758.834809,307
1685905758.8473933,308
1685905758.863756,309
1685905758.87583,309
1685905758.888261,307
1685905758.9044578,306
1685905758.916692,307
1685905758.9292724,308
1685905758.9453714,309
1685905758.9571502,308
1685905758.9702582,307
1685905758.9865222,306
1685905758.998634,307
1685905759.0109992,308
1685905759.0271647,309
1685905759.0397344,307
1685905759.0560553,306
1685905759.067847,306
1685905759.0807729,308
1685905759.0970616,309
1685905759.1092498,308
1685905759.1217291,307
1685905759.1382694,306
1685905759.1501765,307
1685905759.1626794,308
1685905759.1792963,309
1685905759.1910212,308
1685905759.2078276,307
1685905759.2198145,307
1685905759.232277,308
1685905759.2486067,309
1685905759.2603624,310
1685905759.2724392,309
1685905759.289453,307
1685905759.301684,307
1685905759.3142729,308
1685905759.3303409,309
1685905759.3420897,309
1685905759.3555894,308
1685905759.3713667,307
1685905759.3838563,307
1685905759.400273,309
1685905759.412262,310
1685905759.424669,309
1685905759.4412708,308
1685905759.4523673,307
1685905759.465681,307
1685905759.4822667,309
1685905759.4942777,310
1685905759.5066183,309
1685905759.5232656,308
1685905759.534992,307
1685905759.5520356,308
1685905759.5642488,310
1685905759.5762742,310
1685905759.5926783,309
1685905759.6048124,308
1685905759.6172752,308
1685905759.6336756,309
1685905759.646617,310
1685905759.6578772,310
1685905759.674453,309
1685905759.68668,308
1685905759.7032712,308
1685905759.7153444,309
1685905759.7274573,310
1685905759.744299,309
1685905759.7563274,308
1685905759.7686837,307
1685905759.7852702,308
1685905759.796839,309
1685905759.809943,310
1685905759.8262272,309
1685905759.838308,308
1685905759.8500907,308
1685905759.8672705,309
1685905759.8792694,310
1685905759.8956792,310
1685905759.9082737,309
1685905759.920154,308
1685905759.9364836,308
1685905759.949269,309
1685905759.961275,310
1685905759.977677,310
1685905759.9902492,308
1685905760.0019934,307
1685905760.0185971,308
1685905760.0308156,309
1685905760.0473132,309
1685905760.059456,309
1685905760.0716841,307
1685905760.0882719,307
1685905760.1004417,308
1685905760.1123748,309
1685905760.1287644,309
1685905760.1413496,309
1685905760.1536212,307
1685905760.170272,307
1685905760.1823328,308
1685905760.1949587,309
1685905760.2107272,310
1685905760.223529,309
1685905760.2399096,307
1685905760.2521858,308
1685905760.2642798,309
1685905760.2806766,310
1685905760.2931845,310
1685905760.304721,308
1685905760.3210204,307
1685905760.333724,307
1685905760.3462706,309
1685905760.3626795,309
1685905760.3752596,309
1685905760.3912697,307
1685905760.403682,307
1685905760.4158487,307
1685905760.4328582,309
1685905760.4446764,310
1685905760.456811,309
1685905760.473838,307
1685905760.4853733,307
1685905760.4979496,308
1685905760.5135436,310
1685905760.5263402,310
1685905760.542679,308
1685905760.5552158,308
1685905760.5673358,308
1685905760.5836823,309
1685905760.5962086,310
1685905760.6083126,309
1685905760.6247697,308
1685905760.6372728,307
1685905760.6492715,307
1685905760.6656864,309
1685905760.6782696,310
1685905760.689743,309
1685905760.7063127,308
1685905760.7192676,308
1685905760.7352717,309
1685905760.7476804,310
1685905760.760206,310
1685905760.7762704,309
1685905760.7877502,308
1685905760.8008018,307
1685905760.8172662,308
1685905760.8296723,309
1685905760.8413844,309
1685905760.8582218,308
1685905760.8697162,307
1685905760.8861048,307
1685905760.8992674,308
1685905760.911341,309
1685905760.9278073,308
1685905760.9402683,307
1685905760.9518652,306
1685905760.9690583,307
1685905760.9803646,308
1685905760.993275,309
1685905761.0096767,308
1685905761.022264,307
1685905761.0377855,307
1685905761.0506794,308
1685905761.06288,309
1685905761.0787246,309
1685905761.091649,308
1685905761.103594,307
1685905761.1201391,307
1685905761.1322827,308
1685905761.1449556,310
1685905761.1612015,309
1685905761.1728415,309
1685905761.1855822,307
1685905761.2015784,308
1685905761.213532,309
1685905761.230731,310
1685905761.2427485,309
1685905761.255279,308
1685905761.2712483,307
1685905761.2832928,308
1685905761.2963011,309
1685905761.312303,310
1685905761.3242443,309
1685905761.3373034,307
1685905761.353301,307
1685905761.3652966,308
1685905761.3813043,309
1685905761.3942504,310
1685905761.406295,308
1685905761.4222937,307
1685905761.4352865,307
1685905761.4472988,308
1685905761.4633203,309
1685905761.4763143,309
1685905761.4884567,308
1685905761.504445,307
1685905761.5164564,307
1685905761.5295808,308
1685905761.5456517,309
1685905761.5583203,309
1685905761.574313,307
1685905761.5862625,307
1685905761.5993013,307
1685905761.615319,309
1685905761.6273816,310
1685905761.6397896,309
1685905761.6557999,308
1685905761.6689136,307
1685905761.6812897,308
1685905761.6974876,309
1685905761.7095997,310
1685905761.7256038,308
1685905761.737604,307
1685905761.7507439,307
1685905761.7665794,308
1685905761.7785816,310
1685905761.7915885,309
1685905761.8075826,308
1685905761.8195918,307
1685905761.8325949,307
1685905761.8485909,308
1685905761.8607278,309
1685905761.8765879,309
1685905761.8895762,308
1685905761.901589,307
1685905761.9185915,308
1685905761.9307432,309
1685905761.9427037,309
1685905761.9598386,308
1685905761.971668,307
1685905761.9836693,307
1685905762.0000458,307
1685905762.0121202,309
1685905762.0250008,309
1685905762.0415554,308
1685905762.0535362,307
1685905762.069707,307
1685905762.0825672,308
1685905762.0945728,309
1685905762.110709,309
1685905762.1235871,307
1685905762.1359158,306
1685905762.1515574,307
1685905762.164342,309
1685905762.1763532,310
1685905762.1923506,309
1685905762.2053454,307
1685905762.2215908,307
1685905762.2335799,308
1685905762.2464447,309
1685905762.262488,310
1685905762.2747908,309
1685905762.2868595,308
1685905762.3034546,308
1685905762.3158937,309
1685905762.3279052,310
1685905762.3439105,310
1685905762.3569684,308
1685905762.3686273,307
1685905762.3851655,307
1685905762.3972793,309
1685905762.4143038,309
1685905762.4264505,309
1685905762.4384573,308
1685905762.4551082,307
1685905762.4668722,308
1685905762.479857,309
1685905762.4958668,310
1685905762.5080228,309
1685905762.5208573,308
1685905762.536809,307
1685905762.5489457,308
1685905762.5650785,309
1685905762.5781362,310
1685905762.5904331,308
1685905762.606401,307
1685905762.618639,307
1685905762.6307833,308
1685905762.6479187,309
1685905762.6601028,309
1685905762.6723194,308
1685905762.6885426,306
1685905762.7005765,307
1685905762.7165494,308
1685905762.7296872,309
1685905762.741566,309
1685905762.7584872,307
1685905762.7705364,307
1685905762.7831428,307
1685905762.7991786,308
1685905762.8111396,309
1685905762.8231375,308
1685905762.8404684,307
1685905762.8522196,306
1685905762.8648405,307
1685905762.8809254,308
1685905762.8935359,308
1685905762.9095068,307
1685905762.9222224,306
1685905762.934274,306
1685905762.9502387,306
1685905762.9632785,308
1685905762.9752104,307
1685905762.9912374,306
1685905763.0042903,305
1685905763.016379,305
1685905763.0328147,306
1685905763.0447757,307
1685905763.0615883,306
1685905763.0739715,304
1685905763.0857549,304
1685905763.1023896,304
1685905763.1150446,305
1685905763.1271882,305
1685905763.143826,304
1685905763.1558468,303
1685905763.1682112,302
1685905763.1848066,302
1685905763.1970534,303
1685905763.213268,303
1685905763.2256758,301
1685905763.2382405,300
1685905763.2542615,299
1685905763.265726,300
1685905763.2788064,300
1685905763.2952685,300
1685905763.3076692,298
1685905763.3193736,297
1685905763.3358357,297
1685905763.3478365,298
1685905763.36065,299
1685905763.3773012,298
1685905763.3893383,296
1685905763.405788,295
1685905763.4182596,296
1685905763.430328,297
1685905763.4468167,297
1685905763.4588144,296
1685905763.4712634,294
1685905763.487666,294
1685905763.500259,295
1685905763.5122619,296
1685905763.528666,296
1685905763.5407493,295
1685905763.5572517,293
1685905763.569476,293
1685905763.582255,295
1685905763.5982587,296
1685905763.6107998,296
1685905763.6227996,294
1685905763.6388767,293
1685905763.6513958,294
1685905763.6629353,295
1685905763.6803098,296
1685905763.6923437,296
1685905763.7049694,295
1685905763.7209651,294
1685905763.7334566,295
1685905763.7500231,297
1685905763.7620473,298
1685905763.7743642,297
1685905763.7903516,295
1685905763.8030505,296
1685905763.8152947,297
1685905763.8319438,299
1685905763.8440526,299
1685905763.856261,299
1685905763.8728576,298
1685905763.884857,298
1685905763.900912,300
1685905763.9129083,302
1685905763.9251995,302
1685905763.9411707,301
1685905763.9541686,301
1685905763.9662378,302
1685905763.9829314,304
1685905763.9957464,305
1685905764.0079992,305
1685905764.0241606,304
1685905764.035562,304
1685905764.0525813,305
1685905764.0651917,306
1685905764.077706,307
1685905764.0938752,306
1685905764.106068,305
1685905764.1179967,305
1685905764.134134,306
1685905764.1470675,308
1685905764.1596298,308
1685905764.1759984,307
1685905764.188054,306
1685905764.200297,307
1685905764.2164702,308
1685905764.2293756,310
1685905764.2452292,309
1685905764.257854,308
1685905764.2699363,307
1685905764.2859101,308
1685905764.2978516,309
1685905764.3110042,310
1685905764.3272555,309
1685905764.3392425,308
1685905764.3518116,308
1685905764.3679528,309
1685905764.3800037,310
1685905764.39682,311
1685905764.4090698,310
1685905764.421368,309
1685905764.436976,310
1685905764.4501479,311
1685905764.4622538,313
1685905764.4787285,313
1685905764.4907126,312
1685905764.5035892,311
1685905764.519089,312
1685905764.5319629,313
1685905764.544239,314
1685905764.5601945,314
1685905764.5726812,313
1685905764.5895965,312
1685905764.6023612,313
1685905764.6137583,314
1685905764.6304836,315
1685905764.642654,315
1685905764.6549494,313
1685905764.6708674,313
1685905764.682858,314
1685905764.6958773,315
1685905764.7121327,316
1685905764.724436,315
1685905764.7405448,313
1685905764.7532642,313
1685905764.7652707,314
1685905764.7817185,316
1685905764.7940898,316
1685905764.8061707,314
1685905764.8223429,314
1685905764.8349025,314
1685905764.847422,316
1685905764.8641727,317
1685905764.8761346,317
1685905764.8925178,315
1685905764.9041164,315
1685905764.9169044,315
1685905764.9336247,317
1685905764.9457858,317
1685905764.9572828,316
1685905764.9742405,315
1685905764.9862828,314
1685905764.9990585,315
1685905765.01505,316
1685905765.0277486,317
1685905765.0393703,315
1685905765.056633,314
1685905765.068703,315
1685905765.0850852,316
1685905765.0973961,317
1685905765.1095898,317
1685905765.1264036,316
1685905765.1382427,315
1685905765.1507578,315
1685905765.1670496,316
1685905765.179084,317
1685905765.1914437,316
1685905765.2080352,315
1685905765.2202272,314
1685905765.2368166,315
1685905765.2490346,316
1685905765.2612197,317
1685905765.277781,316
1685905765.2892535,314
1685905765.301941,314
1685905765.318014,315
1685905765.3309488,316
1685905765.3424525,316
1685905765.3589458,315
1685905765.3709598,314
1685905765.386949,314
1685905765.3999991,315
1685905765.412004,316
1685905765.4289255,316
1685905765.4405715,315
1685905765.4532712,314
1685905765.4699392,314
1685905765.482288,315
1685905765.494344,316
1685905765.5107608,315
1685905765.5228853,314
1685905765.534922,313
1685905765.552202,313
1685905765.5642052,315
1685905765.5805237,315
1685905765.5928757,314
1685905765.6047935,312
1685905765.6213932,312
1685905765.634045,313
1685905765.6453552,314
1685905765.6624696,315
1685905765.6743438,314
1685905765.6869922,312
1685905765.7030978,313
1685905765.715524,314
1685905765.7314587,315
1685905765.7442312,315
1685905765.7559264,314
1685905765.7728388,313
1685905765.7855768,314
1685905765.7971277,315
1685905765.8139315,315
1685905765.8259106,315
1685905765.8380284,313
1685905765.854971,312
1685905765.86797,313
1685905765.879865,314
1685905765.895912,314
1685905765.9082649,313
1685905765.9244773,312
1685905765.9364448,312
1685905765.949253,313
1685905765.9655237,314
1685905765.9779599,314
1685905765.9902322,313
1685905766.0061727,311
1685905766.0186603,311
1685905766.0315492,312
1685905766.0477154,314
1685905766.0594387,313
1685905766.07607,311
1685905766.0883834,310
1685905766.1008673,311
1685905766.1164517,312
1685905766.13,312
1685905766.1416845,311
1685905766.1580265,310
1685905766.169816,309
1685905766.182728,309
1685905766.1989071,310
1685905766.2116573,310
1685905766.2275543,309
1685905766.2398493,307
1685905766.2521756,307
1685905766.268223,307
1685905766.2809067,309
1685905766.293464,308
1685905766.309876,307
1685905766.3215568,306
1685905766.3335707,306
1685905766.350798,307
1685905766.3628395,308
1685905766.3751519,307
1685905766.3914053,306
1685905766.404074,305
1685905766.4199982,305
1685905766.4324243,307
1685905766.445013,307
1685905766.4610898,306
1685905766.473148,305
1685905766.4857998,304
1685905766.501625,305
1685905766.514619,306
1685905766.5265653,307
1685905766.5432162,306
1685905766.5551322,305
1685905766.5711372,304
1685905766.5843084,306
1685905766.5962703,306
1685905766.61281,306
1685905766.6249738,305
1685905766.6370118,304
1685905766.6533172,304
1685905766.665958,305
1685905766.6784098,306
1685905766.6947858,305
1685905766.706795,304
1685905766.718733,303
1685905766.7349904,304
1685905766.748027,306
1685905766.7643378,306
1685905766.7761738,305
1685905766.7891228,304
1685905766.8052125,303
1685905766.8170366,304
1685905766.829923,305
1685905766.845452,306
1685905766.8584635,305
1685905766.8704422,303
1685905766.886441,303
1685905766.8994448,305
1685905766.9154365,306
1685905766.9274373,305
1685905766.939445,304
1685905766.956437,303
1685905766.9684365,304
1685905766.9804387,305
1685905766.9974375,306
1685905767.0094419,305
1685905767.0219157,304
1685905767.038489,304
1685905767.0507019,304
1685905767.0666077,306
1685905767.079653,306
1685905767.092022,305
1685905767.1075425,304
1685905767.120557,304
1685905767.1329718,305
1685905767.14937,306
1685905767.161364,306
1685905767.173354,305
1685905767.19016,304
1685905767.2013507,304
1685905767.2143478,306
1685905767.2303479,307
1685905767.2430964,307
1685905767.2594059,305
1685905767.2714014,305
1685905767.2839155,305
1685905767.3009079,307
1685905767.312705,308
1685905767.325268,307
1685905767.340961,306
1685905767.3539727,305
1685905767.3659031,306
1685905767.3827672,308
1685905767.3947592,308
1685905767.4112284,307
1685905767.423453,306
1685905767.435938,306
1685905767.4525764,307
1685905767.464622,308
1685905767.4768372,308
1685905767.4935691,307
1685905767.5058954,306
1685905767.5178537,306
1685905767.533961,307
1685905767.5468059,309
1685905767.5590298,308
1685905767.574494,307
1685905767.5878487,306
1685905767.603267,307
1685905767.6161668,308
1685905767.6287131,309
1685905767.6449454,308
1685905767.6572442,307
1685905767.6693196,307
1685905767.6859682,308
1685905767.697797,309
1685905767.7100937,310
1685905767.7264667,309
1685905767.739082,308
1685905767.7551558,307
1685905767.7671628,309
1685905767.7802432,310
1685905767.796517,310
1685905767.8093982,309
1685905767.8208709,308
1685905767.8365796,308
1685905767.848888,309
1685905767.8618934,310
1685905767.8778849,310
1685905767.88989,308
1685905767.9058845,308
1685905767.9189541,308
1685905767.9317126,309
1685905767.9481387,310
1685905767.9601398,310
1685905767.9725888,308
1685905767.989005,308
1685905768.0012996,309
1685905768.0130906,310
1685905768.0298116,311
1685905768.0416021,310
1685905768.0546086,309
1685905768.0708303,309
1685905768.082657,310
1685905768.0987225,311
1685905768.111615,311
1685905768.1235979,310
1685905768.1403127,309
1685905768.1527464,309
1685905768.164737,311
1685905768.1811292,312
1685905768.1936476,312
1685905768.2056355,310
1685905768.2221954,310
1685905768.234565,310
1685905768.2510738,311
1685905768.2642555,312
1685905768.275781,311
1685905768.2919743,310
1685905768.3039606,309
1685905768.3166046,310
1685905768.3331878,311
1685905768.34539,312
1685905768.3576095,311
1685905768.3732207,309
1685905768.386315,310
1685905768.398735,311
1685905768.4144905,312
1685905768.4271646,312
1685905768.4439628,311
1685905768.4559548,310
1685905768.4677935,310
1685905768.4840748,312
1685905768.4965591,312
1685905768.509128,312
1685905768.525689,310
1685905768.5378182,310
1685905768.5499263,310
1685905768.565939,312
1685905768.5789282,312
1685905768.594934,311
1685905768.607938,310
1685905768.6198556,310
1685905768.6349003,311
1685905768.6479712,312
1685905768.6608331,312
1685905768.677114,311
1685905768.6889474,310
1685905768.7014635,310
1685905768.7176223,311
1685905768.730898,312
1685905768.7461336,312
1685905768.7595382,310
1685905768.7708492,309
1685905768.7870157,310
1685905768.7993612,311
1685905768.812008,312
1685905768.828007,312
1685905768.8400092,310
1685905768.8532066,309
1685905768.869176,310
1685905768.8813317,311
1685905768.8941693,312
1685905768.9104466,311
1685905768.9230077,310
1685905768.9391115,310
1685905768.9510224,310
1685905768.9630203,312
1685905768.9803066,312
1685905768.9922898,311
1685905769.0045671,310
1685905769.020953,310
1685905769.0333107,311
1685905769.0457873,313
1685905769.0617864,312
1685905769.0739644,311
1685905769.0908012,310
1685905769.1030297,311
1685905769.1151779,312
1685905769.1317968,313
1685905769.1438792,312
1685905769.155836,310
1685905769.1725254,310
1685905769.184902,310
1685905769.19691,311
1685905769.2128737,312
1685905769.2258706,311
1685905769.2378712,310
1685905769.254567,310
1685905769.266611,311
1685905769.2825663,312
1685905769.295566,312
1685905769.3075712,310
1685905769.3237112,309
1685905769.335695,309
1685905769.3484557,310
1685905769.3644907,311
1685905769.3766365,311
1685905769.3889186,310
1685905769.4052913,309
1685905769.4184074,309
1685905769.434123,310
1685905769.4464538,311
1685905769.4592547,311
1685905769.475552,310
1685905769.4874473,310
1685905769.4996045,311
1685905769.516604,313
1685905769.5288367,315
1685905769.5408208,315
1685905769.5575972,315
1685905769.5697963,316
1685905769.5858765,318
1685905769.5986392,321
1685905769.610294,321
1685905769.6273,321
1685905769.6392896,320
1685905769.6517692,320
1685905769.6675172,320
1685905769.680619,321
1685905769.692708,319
1685905769.709141,317
1685905769.7210314,315
1685905769.733898,314
1685905769.7501838,314
1685905769.7616403,314
1685905769.77861,312
1685905769.790679,310
1685905769.802787,309
1685905769.8188179,309
1685905769.832299,311
1685905769.8440213,311
1685905769.8605664,311
1685905769.8728647,311
1685905769.8848631,312
1685905769.9012017,315
1685905769.914029,318
1685905769.9297204,319
1685905769.9423053,319
1685905769.9549356,318
1685905769.9705224,317
1685905769.983604,317
1685905769.9958596,314
1685905770.0117486,310
1685905770.0277486,304
1685905770.0365057,298
1685905770.055154,293
1685905770.0679255,291
1685905770.0843823,288
1685905770.0949352,285
1685905770.1060696,281
1685905770.1336088,280
1685905770.1346078,280
1685905770.1466115,281
1685905770.1636288,282
1685905770.1797547,283
1685905770.1878295,283
1685905770.2039557,284
1685905770.2168753,286
1685905770.2418303,289
1685905770.248832,291
1685905770.2578924,291
1685905770.2737966,292
1685905770.2857964,294
1685905770.2987933,296
1685905770.315137,299
1685905770.327139,299
1685905770.339136,299
1685905770.3561394,299
1685905770.3681364,300
1685905770.3801367,302
1685905770.3965125,303
1685905770.4092395,303
1685905770.425242,301
1685905770.4372406,301
1685905770.4502416,303
1685905770.4662461,304
1685905770.478238,305
1685905770.4913013,303
1685905770.5072894,302
1685905770.519341,302
1685905770.5314968,303
1685905770.5481224,305
1685905770.5608962,304
1685905770.5728872,302
1685905770.588979,301
1685905770.601258,300
1685905770.6176217,301
1685905770.6297843,302
1685905770.6427784,302
1685905770.6589797,302
1685905770.6713374,302
1685905770.683338,305
1685905770.6993182,310
1685905770.7122211,316
1685905770.724782,320
1685905770.7412028,323
1685905770.7532446,331
1685905770.7692444,339
1685905770.7813928,349
1685905770.794395,357
1685905770.8103921,364
1685905770.8224535,368
1685905770.83504,374
1685905770.853867,378
1685905770.8639686,381
1685905770.875637,381
1685905770.8927677,379
1685905770.9051642,376
1685905770.9206707,373
1685905770.9337802,371
1685905770.9459164,367
1685905770.9620798,361
1685905770.9746199,355
1685905770.9864159,349
1685905771.0033011,344
1685905771.0156746,341
1685905771.0281005,337
1685905771.0436594,332
1685905771.055815,326
1685905771.0688016,322
1685905771.0849845,317
1685905771.0977025,312
1685905771.1137505,306
1685905771.1257615,298
1685905771.1387043,290
1685905771.1547642,284
1685905771.166704,279
1685905771.1797044,274
1685905771.1954315,269
1685905771.2074928,263
1685905771.22038,259
1685905771.236484,256
1685905771.2487245,255
1685905771.2646074,255
1685905771.2776113,253
1685905771.2893724,251
1685905771.306396,250
1685905771.318524,251
1685905771.330458,254
1685905771.347415,256
1685905771.3594542,258
1685905771.371551,259
1685905771.3883994,262
1685905771.400188,267
1685905771.4129772,271
1685905771.4290304,276
1685905771.4410377,279
1685905771.457978,281
1685905771.4700997,284
1685905771.4820375,287
1685905771.4991455,290
1685905771.511144,291
1685905771.5232668,291
1685905771.539158,291
1685905771.5521429,292
1685905771.5642684,294
1685905771.580151,295
1685905771.5926602,295
1685905771.609604,294
1685905771.6211643,294
1685905771.6344266,296
1685905771.6503932,298
1685905771.6622286,299
1685905771.6751676,298
1685905771.691896,297
1685905771.703731,297
1685905771.7157516,299
1685905771.732108,300
1685905771.7449503,301
1685905771.756743,301
1685905771.7727852,300
1685905771.7857316,301
1685905771.8018982,303
1685905771.8139794,305
1685905771.826993,306
1685905771.8432412,306
1685905771.855234,307
1685905771.86736,307
1685905771.8842483,309
1685905771.8960547,311
1685905771.9080472,310
1685905771.9251063,308
1685905771.937006,307
1685905771.9530501,307
1685905771.9662578,307
1685905771.9779942,306
1685905771.99466,304
1685905772.0066793,301
1685905772.0186577,300
1685905772.0347066,300
1685905772.047665,301
1685905772.059661,301
1685905772.076673,300
1685905772.0887406,299
1685905772.104826,299
1685905772.1176586,301
1685905772.1296587,303
1685905772.145762,303
1685905772.15829,303
1685905772.170343,303
1685905772.186308,304
1685905772.1992087,307
1685905772.2110116,308
1685905772.2280116,308
1685905772.23996,308
1685905772.2526364,308
1685905772.2689507,309
1685905772.281121,311
1685905772.2972589,311
1685905772.3093023,310
1685905772.3222408,308
1685905772.3383055,308
1685905772.3503017,310
1685905772.363244,311
1685905772.3794038,312
1685905772.3912401,311
1685905772.4038277,311
1685905772.4207764,311
1685905772.4328926,313
1685905772.448766,313
1685905772.4608417,313
1685905772.4737687,312
1685905772.489783,311
1685905772.501783,312
1685905772.514767,313
1685905772.530767,313
1685905772.5427701,313
1685905772.5557818,311
1685905772.5717824,311
1685905772.5837667,312
1685905772.5967667,313
1685905772.6128397,313
1685905772.624771,311
1685905772.6417677,310
1685905772.6538227,310
1685905772.6658955,310
1685905772.68277,311
1685905772.6947792,310
1685905772.7067957,309
1685905772.7237666,308
1685905772.7357948,308
1685905772.7478871,309
1685905772.764891,311
1685905772.7767644,310
1685905772.792906,309
1685905772.8049889,308
1685905772.817923,309
1685905772.8340425,310
1685905772.846431,311
1685905772.8589265,310
1685905772.874925,309
1685905772.8874292,308
1685905772.8998394,309
1685905772.9158351,310
1685905772.927834,310
1685905772.944266,309
1685905772.9568338,308
1685905772.9691844,308
1685905772.9854598,309
1685905772.9980268,311
1685905773.0100245,310
1685905773.0260262,309
1685905773.0391169,308
1685905773.051028,309
1685905773.0670242,310
1685905773.0800488,312
1685905773.092028,311
1685905773.1081507,310
1685905773.1211522,309
1685905773.137152,310
1685905773.149157,312
1685905773.1621583,312
1685905773.1781514,311
1685905773.1901755,310
1685905773.2025878,309
1685905773.2194612,310
1685905773.2314703,311
1685905773.2438183,311
1685905773.2605147,310
1685905773.2724638,309
1685905773.2885284,309
1685905773.3012655,311
1685905773.3132784,312
1685905773.3291159,312
1685905773.3422444,310
1685905773.3541126,309
1685905773.3706653,310
1685905773.3831193,311
1685905773.3946934,312
1685905773.4116602,312
1685905773.4241204,310
1685905773.4397166,310
1685905773.4526596,311
1685905773.4646602,312
1685905773.4806805,313
1685905773.4936602,312
1685905773.5053608,310
1685905773.5223706,310
1685905773.5343692,311
1685905773.5468724,312
1685905773.5634723,312
1685905773.5753646,311
1685905773.587532,310
1685905773.6039817,310
1685905773.6159818,312
1685905773.6326404,313
1685905773.645189,312
1685905773.6567926,311
1685905773.6742003,310
1685905773.6858323,310
1685905773.6977859,312
1685905773.7149556,312
1685905773.726847,312
1685905773.738925,310
1685905773.7558053,310
1685905773.7678435,311
1685905773.7842898,312
1685905773.7970173,312
1685905773.8087966,312
1685905773.8247871,310
1685905773.8379035,310
1685905773.849802,311
1685905773.8658679,312
1685905773.879018,313
1685905773.8913305,311
1685905773.9076557,310
1685905773.9196508,310
1685905773.9318976,311
1685905773.9477258,312
1685905773.9606535,312
1685905773.9766502,310
1685905773.9888613,310
1685905774.0013874,310
1685905774.0173085,311
1685905774.0302458,312
1685905774.042301,311
1685905774.0582967,310
1685905774.071249,309
1685905774.0832553,310
1685905774.1000085,311
1685905774.1120586,312
1685905774.1287777,311
1685905774.140903,309
1685905774.1529043,309
1685905774.1687694,310
1685905774.1817658,311
1685905774.1941292,311
1685905774.210177,310
1685905774.2222402,309
1685905774.235163,309
1685905774.250929,310
1685905774.2635765,312
1685905774.2796476,311
1685905774.292581,310
1685905774.3047967,309
1685905774.3207965,309
1685905774.3328593,311
1685905774.3459673,312
1685905774.3620083,311
1685905774.3740141,309
1685905774.3860002,309
1685905774.4027941,309
1685905774.4148004,311
1685905774.426797,311
1685905774.4440916,310
1685905774.4558551,309
1685905774.4718606,309
1685905774.4847937,310
1685905774.4968636,312
1685905774.5127976,311
1685905774.525874,310
1685905774.538354,309
1685905774.5545273,309
1685905774.5664103,311
1685905774.5792165,311
1685905774.5953498,311
1685905774.6071324,310
1685905774.6240778,309
1685905774.6364255,309
1685905774.6490872,311
1685905774.6650774,311
1685905774.6770794,310
1685905774.6893773,309
1685905774.7055738,309
1685905774.7178862,310
1685905774.7305734,311
1685905774.7465746,311
1685905774.7592716,310
1685905774.7746713,309
1685905774.7875938,309
1685905774.7995412,310
1685905774.8166003,311
1685905774.8285277,311
1685905774.8405268,310
1685905774.8575406,309
1685905774.8698368,309
1685905774.8815846,310
1685905774.8985424,311
1685905774.9105792,310
1685905774.9225795,309
1685905774.9395792,308
1685905774.9515717,309
1685905774.9675715,311
1685905774.980704,311
1685905774.9925735,310
1685905775.0086918,308
1685905775.0209777,308
1685905775.0337017,309
1685905775.0496948,310
1685905775.0621884,311
1685905775.0746884,309
1685905775.0912197,308
1685905775.1024828,308
1685905775.1193843,309
1685905775.1314955,311
1685905775.1434953,311
1685905775.1605968,309
1685905775.1724825,308
1685905775.1854887,309
1685905775.2015274,310
1685905775.2135246,311
1685905775.2255225,311
1685905775.2425613,309
1685905775.254523,309
1685905775.2665222,309
1685905775.283599,311
1685905775.295526,311
1685905775.312004,310
1685905775.3243554,309
1685905775.3368576,309
1685905775.3529978,310
1685905775.3654382,311
1685905775.3770022,311
1685905775.393986,310
1685905775.4057543,309
1685905775.4187508,309
1685905775.4347506,311
1685905775.446753,312
1685905775.4637527,311
1685905775.475755,311
1685905775.4877555,310
1685905775.5043216,310
1685905775.5173197,312
1685905775.5293214,313
1685905775.545937,312
1685905775.5583227,310
1685905775.5703144,309
1685905775.586315,310
1685905775.5983138,311
1685905775.6112542,312
1685905775.627257,311
1685905775.639264,309
1685905775.6564329,309
1685905775.6682577,310
1685905775.6804614,312
1685905775.697258,312
1685905775.7092564,312
1685905775.7212684,311
1685905775.7382631,313
1685905775.7502584,317
1685905775.762255,323
1685905775.779258,329
1685905775.7912543,336
1685905775.8072546,343
1685905775.82026,351
1685905775.832258,357
1685905775.848747,361
1685905775.8612545,361
1685905775.873252,358
1685905775.889547,354
1685905775.9013555,350
1685905775.9143555,345
1685905775.930359,340
1685905775.942357,333
1685905775.9583528,327
1685905775.971354,321
1685905775.9833517,317
1685905776.0003548,314
1685905776.0124457,310
1685905776.0244093,305
1685905776.0404081,302
1685905776.0533533,300
1685905776.065571,299
1685905776.0813956,299
1685905776.0943947,298
1685905776.1064458,296
1685905776.1228578,295
1685905776.135637,295
1685905776.151448,297
1685905776.1641276,297
1685905776.1763995,297
1685905776.1923938,295
1685905776.2044406,295
1685905776.2174032,296
1685905776.2334569,298
1685905776.2453969,299
1685905776.2583957,298
1685905776.2743962,297
1685905776.2864013,297
1685905776.3025799,299
1685905776.3154666,301
1685905776.3273938,301
1685905776.3443983,300
1685905776.3564007,300
1685905776.3691533,300
1685905776.3855,302
1685905776.397395,303
1685905776.4099736,303
1685905776.426399,302
1685905776.438398,301
1685905776.4544036,302
1685905776.4673965,303
1685905776.479488,304
1685905776.4953969,303
1685905776.5079436,302
1685905776.5198376,302
1685905776.5368204,303
1685905776.549439,304
1685905776.5608287,305
1685905776.5778253,304
1685905776.5898368,303
1685905776.6017706,303
1685905776.6181548,304
1685905776.6310961,306
1685905776.6470935,305
1685905776.659096,304
1685905776.6721046,303
1685905776.6885653,303
1685905776.7007396,305
1685905776.712937,306
1685905776.7293286,305
1685905776.7417717,304
1685905776.753775,304
1685905776.7702801,304
1685905776.781827,305
1685905776.7988272,306
1685905776.810464,306
1685905776.8234,304
1685905776.839598,304
1685905776.8513966,305
1685905776.864398,306
1685905776.8804154,306
1685905776.892548,305
1685905776.9046876,304
1685905776.9216864,304
1685905776.9336815,305
1685905776.9456792,306
1685905776.96268,306
1685905776.974699,304
1685905776.9910808,303
1685905777.0036833,304
1685905777.0157456,305
1685905777.032683,306
1685905777.044685,305
1685905777.0566845,304
1685905777.0731175,303
1685905777.0858839,304
1685905777.0979033,305
1685905777.1138864,306
1685905777.125932,305
1685905777.1428924,304
1685905777.1548808,304
1685905777.1668873,305
1685905777.1838808,306
1685905777.1958985,306
1685905777.208284,306
1685905777.2252696,305
1685905777.2372677,305
1685905777.249283,306
1685905777.2653255,307
1685905777.2773223,307
1685905777.294315,306
1685905777.3062613,305
1685905777.3182762,306
1685905777.3352523,307
1685905777.3473902,308
1685905777.3592558,307
1685905777.3763936,306
1685905777.3882089,305
1685905777.4002535,305
1685905777.4172163,307
1685905777.4292607,307
1685905777.4412649,306
1685905777.4582565,305
1685905777.4702647,304
1685905777.48627,305
1685905777.4992158,306
1685905777.5112972,306
1685905777.5282302,305
1685905777.540231,304
1685905777.5522301,304
1685905777.570038,305
1685905777.580974,306
1685905777.5930126,306
1685905777.6099994,304
1685905777.6220565,304
1685905777.63829,304
1685905777.6509955,306
1685905777.6630003,307
1685905777.679262,306
1685905777.692024,305
1685905777.7041202,305
1685905777.720124,306
1685905777.732134,307
1685905777.7451282,308
1685905777.7611153,307
1685905777.7731235,306
1685905777.7861295,306
1685905777.802119,307
1685905777.8141167,308
1685905777.8311172,308
1685905777.8431218,307
1685905777.8551183,306
1685905777.8721182,307
1685905777.8841164,308
1685905777.8961308,309
1685905777.9131167,309
1685905777.9251246,308
1685905777.9371195,307
1685905777.9541173,308
1685905777.9661171,309
1685905777.9821298,310
1685905777.994432,309
1685905778.007211,308
1685905778.0229874,307
1685905778.0360186,308
1685905778.048035,309
1685905778.06405,310
1685905778.0765543,309
1685905778.089388,307
1685905778.105661,307
1685905778.117722,308
1685905778.1338105,310
1685905778.1466613,310
1685905778.1587026,308
1685905778.1747286,308
1685905778.1876593,308
1685905778.1996593,310
1685905778.2159665,310
1685905778.2279654,310
1685905778.2402422,309
1685905778.2571926,308
1685905778.268972,308
1685905778.281035,310
1685905778.2979822,310
1685905778.310199,309
1685905778.3266459,308
1685905778.3386939,308
1685905778.3516428,308
1685905778.3677623,310
1685905778.3798459,310
1685905778.391651,309
1685905778.4086428,308
1685905778.4206657,307
1685905778.4325984,309
1685905778.4496715,310
1685905778.4618802,310
1685905778.4782403,309
1685905778.4902022,308
1685905778.502672,308
1685905778.51944,309
1685905778.5316079,310
1685905778.5438654,310
1685905778.5605328,308
1685905778.5728297,308
1685905778.5851657,309
1685905778.600912,310
1685905778.613448,311
1685905778.6295154,310
1685905778.641452,309
1685905778.6544576,308
1685905778.6700807,309
1685905778.6831207,311
1685905778.695683,311
1685905778.7117813,309
1685905778.7241845,308
1685905778.7362273,307
1685905778.7529194,308
1685905778.764507,309
1685905778.7774994,309
1685905778.7936141,308
1685905778.8063953,307
1685905778.8217,308
1685905778.835071,309
1685905778.84692,310
1685905778.8628619,309
1685905778.8756251,308
1685905778.8876157,307
1685905778.9036255,308
1685905778.9166276,309
1685905778.928707,310
1685905778.944733,309
1685905778.9576244,308
1685905778.9736156,308
1685905778.9856787,309
1685905778.997633,309
1685905779.0146172,309
1685905779.0266786,309
1685905779.0396216,307
1685905779.0556154,307
1685905779.0678253,309
1685905779.0798967,309
1685905779.0968287,309
1685905779.1088262,308
1685905779.1208918,307
1685905779.137835,307
1685905779.1498268,309
1685905779.1658425,309
1685905779.1788344,309
1685905779.1908283,308
1685905779.207175,307
1685905779.2199678,308
1685905779.2319643,309
1685905779.2480245,309
1685905779.2609658,309
1685905779.2728066,307
1685905779.2884886,307
1685905779.3014264,308
1685905779.31743,309
1685905779.3304465,310
1685905779.3424404,308
1685905779.3589709,307
1685905779.3714993,308
1685905779.3834412,309
1685905779.3994431,310
1685905779.4124393,309
1685905779.4244287,307
1685905779.440431,306
1685905779.452437,307
1685905779.468481,308
1685905779.481499,309
1685905779.4934452,308
1685905779.5097165,306
1685905779.5227103,306
1685905779.534774,307
1685905779.5507057,308
1685905779.5637102,308
1685905779.5757737,307
1685905779.5921419,306
1685905779.6047297,306
1685905779.6167018,307
1685905779.632764,308
1685905779.6457129,308
1685905779.661713,307
1685905779.673703,306
1685905779.686701,306
1685905779.7027013,307
1685905779.7147067,308
1685905779.7277048,308
1685905779.7437024,306
1685905779.755758,306
1685905779.7677577,306
1685905779.7847028,307
1685905779.7972155,308
1685905779.812536,307
1685905779.8255372,306
1685905779.8375928,306
1685905779.8545413,306
1685905779.8665395,308
1685905779.8787506,308
1685905779.8955374,307
1685905779.907765,306
1685905779.9198,305
1685905779.935801,306
1685905779.9488015,308
1685905779.9608104,308
1685905779.9774897,306
1685905779.9898663,305
1685905780.005881,305
1685905780.0178585,307
1685905780.029877,308
1685905780.0468829,307
1685905780.0592897,306
1685905780.071802,305
1685905780.0879488,306
1685905780.099906,307
1685905780.1119585,308
1685905780.1289575,306
1685905780.1409504,305
1685905780.1569626,305
1685905780.1698942,306
1685905780.181899,308
1685905780.1980672,308
1685905780.2109966,307
1685905780.2230065,306
1685905780.2390666,306
1685905780.2519917,307
1685905780.2642565,308
1685905780.2800128,308
1685905780.2929914,307
1685905780.3085067,306
1685905780.3216586,306
1685905780.3335283,308
1685905780.3494742,308
1685905780.362543,308
1685905780.3744907,306
1685905780.3905299,306
1685905780.4034743,307
1685905780.415008,308
1685905780.4318864,309
1685905780.4442995,308
1685905780.4568377,306
1685905780.4728522,306
1685905780.4848993,308
1685905780.500905,309
1685905780.5138328,309
1685905780.5261173,308
1685905780.5420234,307
1685905780.5549088,307
1685905780.5668406,308
1685905780.5828385,310
1685905780.595891,309
1685905780.6078935,308
1685905780.624269,307
1685905780.6368387,308
1685905780.6529012,309
1685905780.6648984,310
1685905780.6775494,309
1685905780.69409,308
1685905780.7064235,308
1685905780.7184198,309
1685905780.7354178,310
1685905780.7474277,310
1685905780.759427,309
1685905780.7755058,308
1685905780.788417,308
1685905780.800473,310
1685905780.816637,311
1685905780.828646,312
1685905780.845574,311
1685905780.8575797,310
1685905780.8697884,311
1685905780.8867905,313
1685905780.8987913,315
1685905780.9113166,315
1685905780.927797,314
1685905780.9398713,315
1685905780.9523816,316
1685905780.968723,318
1685905780.980868,320
1685905780.996389,320
1685905781.0093894,320
1685905781.0213788,320
1685905781.03744,322
1685905781.0503786,324
1685905781.0624425,325
1685905781.0793815,325
1685905781.091545,324
1685905781.1035311,325
1685905781.119695,327
1685905781.131761,330
1685905781.1477444,331
1685905781.160235,331
1685905781.1735957,331
1685905781.1896005,332
1685905781.2016017,333
1685905781.2142746,332
1685905781.2302504,329
1685905781.2431893,325
1685905781.2553966,319
1685905781.2712424,315
1685905781.2836063,312
1685905781.296273,307
1685905781.3122723,301
1685905781.3243184,295
1685905781.3414323,291
1685905781.3529294,289
1685905781.3658645,287
1685905781.3818629,285
1685905781.3939214,283
1685905781.4068632,282
1685905781.4228647,281
1685905781.4356432,283
1685905781.447922,285
1685905781.4639235,285
1685905781.4768617,285
1685905781.4919274,285
1685905781.5048764,287
1685905781.5174377,289
1685905781.5339932,291
1685905781.5459595,292
1685905781.5583758,292
1685905781.5744374,292
1685905781.5873826,294
1685905781.5993884,296
1685905781.6153846,297
1685905781.6279607,297
1685905781.6403863,296
1685905781.6564574,297
1685905781.6683872,299
1685905781.6844366,300
1685905781.6974354,301
1685905781.7093935,300
1685905781.7256584,299
1685905781.7385898,299
1685905781.7506227,300
1685905781.7665894,301
1685905781.779648,301
1685905781.7916605,300
1685905781.8076599,299
1685905781.820657,300
1685905781.8367374,301
1685905781.8486087,303
1685905781.860675,303
1685905781.877613,302
1685905781.8898535,303
1685905781.901663,306
1685905781.9189382,308
1685905781.9306712,310
1685905781.943606,310
1685905781.9596052,310
1685905781.971666,312
1685905781.987668,313
1685905782.00062,316
1685905782.0126712,317
1685905782.0286624,318
1685905782.0416088,318
1685905782.0536652,320
1685905782.0696583,323
1685905782.0826159,326
1685905782.094606,327
1685905782.1109805,328
1685905782.1236727,330
1685905782.1357224,334
1685905782.151667,339
1685905782.1646798,344
1685905782.180603,348
1685905782.1926057,350
1685905782.2056348,354
1685905782.2217536,359
1685905782.233675,363
1685905782.2456663,366
1685905782.2626421,368
1685905782.274657,368
1685905782.2876613,368
1685905782.3036048,368
1685905782.3156104,366
1685905782.3316197,364
1685905782.3446717,359
1685905782.3566587,354
1685905782.3736722,350
1685905782.3856063,348
1685905782.3976169,343
1685905782.414165,338
1685905782.4262235,333
1685905782.4391644,328
1685905782.4551754,324
1685905782.4672287,322
1685905782.479237,319
1685905782.4962392,315
1685905782.5082107,311
1685905782.5242324,308
1685905782.5372314,307
1685905782.5491698,305
1685905782.5658429,303
1685905782.5781646,300
1685905782.590166,295
1685905782.6061673,292
1685905782.6185052,290
1685905782.6315289,288
1685905782.6477058,283
1685905782.6595058,276
1685905782.67651,270
1685905782.6885152,265
1685905782.700652,262
1685905782.7175312,258
1685905782.729114,254
1685905782.7422817,251
1685905782.7583375,249
1685905782.7703388,249
1685905782.782338,250
1685905782.7993486,252
1685905782.8119214,253
1685905782.823926,253
1685905782.8399255,255
1685905782.8528693,259
1685905782.8689344,263
1685905782.8808687,266
1685905782.8928819,268
1685905782.9098675,269
1685905782.9220395,272
1685905782.9340389,275
1685905782.9509923,277
1685905782.96304,278
1685905782.9749815,279
1685905782.991232,279
1685905783.0039158,281
1685905783.0204706,284
1685905783.0330384,286
1685905783.0445304,287
1685905783.0614843,287
1685905783.073491,287
1685905783.0855296,290
1685905783.1024873,293
1685905783.1144702,295
1685905783.1265306,295
1685905783.143533,296
1685905783.155532,298
1685905783.1715333,301
1685905783.18453,304
1685905783.196474,305
1685905783.2127168,305
1685905783.225474,305
1685905783.2375424,305
1685905783.2535284,306
1685905783.2665303,307
1685905783.2787297,306
1685905783.2945068,303
1685905783.3074734,303
1685905783.319533,302
1685905783.3355181,303
1685905783.3475306,304
1685905783.36453,303
1685905783.3764718,302
1685905783.3894744,303
1685905783.4054766,304
1685905783.4176013,307
1685905783.4296594,308
1685905783.4466567,308
1685905783.4588277,308
1685905783.4705985,309
1685905783.4876158,311
1685905783.4999018,312
1685905783.5156007,313
1685905783.528614,312
1685905783.5406203,312
1685905783.5566597,313
1685905783.5686574,314
1685905783.5816615,315
1685905783.5976682,315
1685905783.6096609,314
1685905783.6226583,314
1685905783.6387117,314
1685905783.6515973,316
1685905783.663659,317
1685905783.679598,316
1685905783.6926,315
1685905783.7082548,314
1685905783.721232,316
1685905783.7329583,317
1685905783.74896,317
1685905783.7619026,316
1685905783.773959,315
1685905783.7899601,315
1685905783.8029685,316
1685905783.815439,317
1685905783.8312075,317
1685905783.843902,315
1685905783.8599079,314
1685905783.8719645,315
1685905783.8846395,316
1685905783.9006577,317
1685905783.913604,316
1685905783.925261,315
1685905783.942246,315
1685905783.9543877,315
1685905783.9663076,317
1685905783.9832606,317
1685905783.9953055,316
1685905784.011273,315
1685905784.0233026,314
1685905784.036545,315
1685905784.0522935,316
1685905784.0652602,316
1685905784.0772607,314
1685905784.0933754,313
1685905784.106251,312
1685905784.1182501,313
1685905784.1342704,313
1685905784.1463063,312
1685905784.159314,310
1685905784.1752963,309
1685905784.1873686,309
1685905784.204358,310
1685905784.2163868,310
1685905784.2284667,309
1685905784.245409,308
1685905784.2574081,307
1685905784.2694147,307
1685905784.2864127,308
1685905784.29853,309
1685905784.310591,307
1685905784.3265924,306
1685905784.3395512,306
1685905784.3555717,306
1685905784.3675704,308
1685905784.3805208,307
1685905784.3965173,306
1685905784.4085133,305
1685905784.4215174,305
1685905784.4375646,306
1685905784.449504,307
1685905784.4625595,307
1685905784.4786541,305
1685905784.4905026,304
1685905784.5065007,304
1685905784.5197,305
1685905784.5317037,305
1685905784.547698,304
1685905784.5606427,303
1685905784.5726366,302
1685905784.5886536,303
1685905784.601658,304
1685905784.6136405,304
1685905784.6296399,303
1685905784.642702,302
1685905784.6548626,301
1685905784.6706386,302
1685905784.6836398,303
1685905784.699698,303
1685905784.7116387,302
1685905784.7246413,301
1685905784.7406383,301
1685905784.7526429,302
1685905784.7646973,302
1685905784.781641,302
1685905784.7942789,301
1685905784.805956,300
1685905784.8229177,300
1685905784.8349628,302
1685905784.8512769,303
1685905784.8629627,302
1685905784.8759184,301
1685905784.891904,300
1685905784.9039078,301
1685905784.916328,303
1685905784.9332664,303
1685905784.9452672,302
1685905784.958269,301
1685905784.974577,301
1685905784.9863253,302
1685905784.998326,303
1685905785.015286,303
1685905785.0272403,302
1685905785.0432994,301
1685905785.05624,302
1685905785.0681813,304
1685905785.0851815,304
1685905785.097184,304
1685905785.1091835,303
1685905785.1253927,302
1685905785.1383495,303
1685905785.1503942,304
1685905785.1663487,305
1685905785.1783566,304
1685905785.1953413,303
1685905785.2075312,303
1685905785.2193398,304
1685905785.2363458,306
1685905785.2489088,306
1685905785.260465,306
1685905785.2774837,305
1685905785.2895527,306
1685905785.3014736,307
1685905785.3184013,309
1685905785.3304465,309
1685905785.346444,308
1685905785.3595061,307
1685905785.371396,308
1685905785.3873796,309
1685905785.4004018,310
1685905785.412718,310
1685905785.428673,308
1685905785.4404082,308
1685905785.4532146,309
1685905785.4699397,311
1685905785.481944,312
1685905785.4939406,311
1685905785.5109408,309
1685905785.5229383,309
1685905785.5388951,310
1685905785.5519488,312
1685905785.5639389,312
1685905785.5805855,311
1685905785.5929062,310
1685905785.6049004,310
1685905785.6208973,312
1685905785.6338992,313
1685905785.64591,313
1685905785.6619444,312
1685905785.6739442,312
1685905785.6909604,312
1685905785.703369,314
1685905785.7149444,315
1685905785.7320929,314
1685905785.7439034,313
1685905785.756889,312
1685905785.772945,313
1685905785.7848876,314
1685905785.7968955,315
1685905785.8139067,313
1685905785.8259447,312
1685905785.837891,312
1685905785.854945,313
1685905785.8668969,314
1685905785.8829536,314
1685905785.8959057,312
1685905785.9079454,311
1685905785.9239433,312
1685905785.9369435,313
1685905785.9488838,314
1685905785.964993,313
1685905785.977885,312
1685905785.989902,311
1685905786.0058835,312
1685905786.0180492,313
1685905786.0350964,314
1685905786.047136,313
1685905786.0593507,311
1685905786.0761392,311
1685905786.0881407,312
1685905786.100885,313
1685905786.1171355,314
1685905786.1290774,313
1685905786.1410751,311
1685905786.1580756,312
1685905786.170091,313
1685905786.1860924,314
1685905786.199078,314
1685905786.2110798,313
1685905786.227078,312
1685905786.2400944,312
1685905786.2521224,314
1685905786.2681363,314
1685905786.2801373,314
1685905786.2931354,312
1685905786.30908,312
1685905786.3212445,312
1685905786.3342485,314
1685905786.3502371,314
1685905786.3622928,313
1685905786.3793387,312
1685905786.3912506,312
1685905786.4032936,313
1685905786.420266,314
1685905786.4326575,315
1685905786.444553,313
1685905786.4612536,312
1685905786.473766,313
1685905786.485305,314
1685905786.5013094,316
1685905786.5143087,315
1685905786.530311,314
1685905786.54331,313
1685905786.5552645,313
1685905786.5712562,315
1685905786.5842557,315
1685905786.5962682,314
1685905786.612159,313
1685905786.6249657,312
1685905786.6369061,313
1685905786.6529074,314
1685905786.6659071,315
1685905786.677846,314
1685905786.693905,312
1685905786.706905,312
1685905786.72285,313
1685905786.735851,314
1685905786.7478473,314
1685905786.7639127,312
1685905786.7759914,311
1685905786.7889054,311
1685905786.8049912,312
1685905786.8169053,313
1685905786.829906,312
1685905786.8458452,311
1685905786.8578563,310
1685905786.8738463,311
1685905786.8868713,313
1685905786.8989084,314
1685905786.9158585,314
1685905786.9279044,315
1685905786.940066,318
1685905786.9568465,322
1685905786.9689088,327
1685905786.981153,330
1685905786.997858,331
1685905787.0099082,331
1685905787.025947,330
1685905787.0378616,331
1685905787.050908,330
1685905787.067061,327
1685905787.078906,324
1685905787.0918481,320
1685905787.1078591,318
1685905787.1199105,317
1685905787.1329064,316
1685905787.1489077,313
1685905787.1609051,310
1685905787.1738603,308
1685905787.1898458,307
1685905787.2020235,308
1685905787.2188444,308
1685905787.2310584,306
1685905787.243023,305
1685905787.2600179,304
1685905787.2720196,305
1685905787.2843845,306
1685905787.3003292,306
1685905787.3130631,305
1685905787.3250637,303
1685905787.3410635,303
1685905787.3540034,304
1685905787.3700633,305
1685905787.3828232,305
1685905787.395021,304
1685905787.4116018,303
1685905787.423424,303
1685905787.4354846,304
1685905787.4524276,305
1685905787.4644227,305
1685905787.4767058,304
1685905787.4924853,303
1685905787.5054853,304
1685905787.5174277,305
1685905787.5334842,306
1685905787.5464866,305
1685905787.5624442,304
1685905787.575427,304
1685905787.5874844,305
1685905787.6034818,307
1685905787.6154826,307
1685905787.6284387,305
1685905787.6446643,305
1685905787.6564405,305
1685905787.6694999,306
1685905787.6854382,307
1685905787.6974213,307
1685905787.7144246,306
1685905787.7264223,305
1685905787.7384207,305
1685905787.7554204,307
1685905787.767456,308
1685905787.7794228,307
1685905787.79642,306
1685905787.8084638,306
1685905787.820427,306
1685905787.8374383,308
1685905787.8494215,309
1685905787.8656507,307
1685905787.8784857,306
1685905787.890426,306
1685905787.906424,307
1685905787.9184365,309
1685905787.9314237,309
1685905787.947427,308
1685905787.960453,307
1685905787.971772,307
1685905787.9890761,309
1685905788.0007792,310
1685905788.012712,309
1685905788.0294714,308
1685905788.0418596,308
1685905788.058474,308
1685905788.07041,310
1685905788.0824156,310
1685905788.09941,309
1685905788.11141,308
1685905788.1237547,307
1685905788.1404157,308
1685905788.152466,310
1685905788.164469,310
1685905788.1814632,308
1685905788.1936324,307
1685905788.2097316,307
1685905788.2217343,308
1685905788.2337918,309
1685905788.250737,309
1685905788.2627518,308
1685905788.2747927,307
1685905788.2917333,307
1685905788.3037477,309
1685905788.3168716,310
1685905788.3327317,309
1685905788.3447313,308
1685905788.3567383,307
1685905788.3737483,307
1685905788.385796,309
1685905788.4017496,309
1685905788.4147553,308
1685905788.426736,306
1685905788.4427755,306
1685905788.4557276,307
1685905788.4677794,309
1685905788.4837801,309
1685905788.496777,308
1685905788.5091615,307
1685905788.5249906,307
1685905788.53773,308
1685905788.5537806,309
1685905788.565851,310
1685905788.5777757,308
1685905788.5947173,307
1685905788.6067293,308
1685905788.619738,309
1685905788.6357172,310
1685905788.6477296,309
1685905788.660775,308
1685905788.6767766,307
1685905788.6892936,308
1685905788.7047765,309
1685905788.7180114,310
1685905788.7294161,309
1685905788.746471,307
1685905788.7584794,307
1685905788.771422,308
1685905788.787467,310
1685905788.799412,310
1685905788.811467,309
1685905788.8284667,307
1685905788.840472,308
1685905788.852478,309
1685905788.8694701,310
1685905788.8814116,309
1685905788.8974102,308
1685905788.9104266,308
1685905788.9224713,308
1685905788.9394155,310
1685905788.951474,311
1685905788.96348,310
1685905788.9794095,309
1685905788.992477,308
1685905789.0044708,309
1685905789.0204315,310
1685905789.0324705,310
1685905789.049471,309
1685905789.0614853,308
1685905789.0744708,308
1685905789.090426,308
1685905789.1024718,309
1685905789.1146512,309
1685905789.1314695,308
1685905789.1434739,307
1685905789.1554716,307
1685905789.1724265,309
1685905789.1844723,310
1685905789.1964254,309
1685905789.213422,308
1685905789.2260087,307
1685905789.2414742,307
1685905789.2544215,309
1685905789.2664227,310
1685905789.2834158,308
1685905789.2954328,307
1685905789.307471,307
1685905789.3234704,307
1685905789.336135,309
1685905789.348888,309
1685905789.3646445,308
1685905789.3766496,306
1685905789.3936048,306
1685905789.4055903,308
1685905789.4176512,309
1685905789.4345932,309
1685905789.4466522,307
1685905789.458651,307
1685905789.4755893,307
1685905789.4879477,308
1685905789.4999435,309
1685905789.5166485,309
1685905789.5286741,308
1685905789.5447345,307
1685905789.556736,308
1685905789.5696754,309
1685905789.5857353,310
1685905789.5986946,309
1685905789.6107485,308
1685905789.6266816,307
1685905789.6387942,308
1685905789.6517353,310
1685905789.6677344,310
1685905789.6797307,308
1685905789.6927533,307
1685905789.7091713,307
1685905789.7216952,308
1685905789.7377715,309
1685905789.7497349,309
1685905789.761736,308
1685905789.778746,307
1685905789.7906775,307
1685905789.8027322,309
1685905789.8196895,310
1685905789.8313718,309
1685905789.8434203,308
1685905789.8604345,307
1685905789.8723574,308
1685905789.8884246,309
1685905789.901418,310
1685905789.913357,309
1685905789.9298182,307
1685905789.941818,307
1685905789.9547703,308
1685905789.9708314,309
1685905789.9828162,310
1685905789.9958217,308
1685905790.0117602,307
1685905790.0246694,307
1685905790.036728,309
1685905790.0527282,310
1685905790.0647314,309
1685905790.0817668,308
1685905790.0936885,307
1685905790.1056814,307
1685905790.121967,309
1685905790.1353066,310
1685905790.1469154,309
1685905790.1629698,307
1685905790.1759698,307
1685905790.187971,308
1685905790.2039688,309
1685905790.216914,310
1685905790.2325528,308
1685905790.2455134,307
1685905790.2575588,307
1685905790.274553,308
1685905790.2864985,309
1685905790.2985585,309
1685905790.3155127,308
1685905790.3275506,307
1685905790.3395498,307
1685905790.3555448,308
1685905790.3685372,309
1685905790.3845358,309
1685905790.3965304,307
1685905790.4085298,306
1685905790.4251947,307
1685905790.4377863,308
1685905790.4498386,309
1685905790.4670513,308
1685905790.4788022,307
1685905790.4908473,307
1685905790.507848,307
1685905790.5198479,309
1685905790.5323114,309
1685905790.5482707,308
1685905790.5612116,307
1685905790.5772645,307
1685905790.5892074,308
1685905790.6012125,309
1685905790.6182756,309
1685905790.6304035,308
1685905790.6424,307
1685905790.6593394,307
1685905790.6713393,309
1685905790.6833436,310
1685905790.7003865,309
1685905790.712338,308
1685905790.7279599,307
1685905790.741017,308
1685905790.754207,309
1685905790.770016,309
1685905790.7819605,309
1685905790.7939596,307
1685905790.8109698,307
1685905790.822741,308
1685905790.8348188,309
1685905790.8517575,309
1685905790.8637714,308
1685905790.8767622,306
1685905790.8929653,306
1685905790.904775,308
1685905790.9207575,309
1685905790.9337654,309
1685905790.9457595,307
1685905790.9617722,306
1685905790.9747748,307
1685905790.986763,308
1685905791.002755,309
1685905791.0148082,308
1685905791.0278037,307
1685905791.0438254,306
1685905791.0567575,307
1685905791.072758,308
1685905791.084822,309
1685905791.0977635,308
1685905791.1137595,307
1685905791.1257613,306
1685905791.13776,307
1685905791.1547759,309
1685905791.1668186,309
1685905791.1794767,308
1685905791.1958196,306
1685905791.2078187,307
1685905791.2237802,308
1685905791.2368267,309
1685905791.2487767,309
1685905791.2647605,308
1685905791.2777686,307
1685905791.289818,308
1685905791.3058257,309
1685905791.3188267,310
1685905791.3309689,309
1685905791.3474793,307
1685905791.3599107,307
1685905791.3719704,308
1685905791.3879611,309
1685905791.3999722,309
1685905791.4169257,308
1685905791.4289684,307
1685905791.4409373,307
1685905791.4581516,307
1685905791.4699602,309
1685905791.4819107,309
1685905791.498923,307
1685905791.5109284,306
1685905791.5231664,306
1685905791.5392554,307
1685905791.5521975,308
1685905791.5681925,307
1685905791.580192,306
1685905791.5931964,305
1685905791.6091924,305
1685905791.6211898,307
1685905791.6339378,307
1685905791.6499414,306
1685905791.6629379,305
1685905791.674939,304
1685905791.6911378,305
1685905791.7039387,306
1685905791.7160017,306
1685905791.7319398,305
1685905791.744,304
1685905791.7609982,304
1685905791.7729993,305
1685905791.7859402,306
1685905791.8019373,305
1685905791.8139997,304
1685905791.825998,303
1685905791.8429406,303
1685905791.8552825,305
1685905791.8669386,306
1685905791.883945,305
1685905791.8959987,304
1685905791.9119995,303
1685905791.9249415,304
1685905791.936943,305
1685905791.953952,305
1685905791.9659402,305
1685905791.9779382,303
1685905791.9939373,303
1685905792.0069404,304
1685905792.0189378,305
1685905792.0357072,305
1685905792.0476673,304
1685905792.063721,303
1685905792.076815,303
1685905792.088621,304
1685905792.1045754,305
1685905792.117617,305
1685905792.1295564,303
1685905792.1453714,302
1685905792.158429,303
1685905792.1703675,304
1685905792.1863656,305
1685905792.1994236,305
1685905792.2114282,303
1685905792.2276108,303
1685905792.2404282,304
1685905792.256369,305
1685905792.2684252,306
1685905792.2814276,305
1685905792.2973664,304
1685905792.3093848,304
1685905792.3224242,305
1685905792.3384504,306
1685905792.3505564,306
1685905792.3624523,305
1685905792.379512,304
1685905792.3915195,305
1685905792.40751,306
1685905792.420459,307
1685905792.4326663,307
1685905792.4486618,306
1685905792.4607499,305
1685905792.473725,306
1685905792.4901443,307
1685905792.5016704,309
1685905792.5147226,308
1685905792.530911,306
1685905792.5436625,306
1685905792.5556815,307
1685905792.5717237,309
1685905792.5846658,309
1685905792.600729,308
1685905792.6127224,307
1685905792.624684,307
1685905792.6417227,309
1685905792.653342,311
1685905792.6662889,311
1685905792.682328,310
1685905792.6942697,310
1685905792.7072785,310
1685905792.7234592,312
1685905792.7360263,313
1685905792.7520072,313
1685905792.7640257,312
1685905792.7770095,312
1685905792.7930603,313
1685905792.8052008,315
1685905792.8180454,315
1685905792.834063,315
1685905792.8460636,313
1685905792.8580754,313
1685905792.8750725,314
1685905792.8870158,316
1685905792.9030187,316
1685905792.9160645,315
1685905792.9280045,314
1685905792.9440691,314
1685905792.9570043,316
1685905792.9694324,318
1685905792.986004,319
1685905792.9980206,319
1685905793.0100143,320
1685905793.0260653,323
1685905793.0390782,326
1685905793.0510242,329
1685905793.0670218,329
1685905793.0800629,328
1685905793.0960217,325
1685905793.108005,323
1685905793.1210046,321
1685905793.1367426,318
1685905793.1496818,313
1685905793.1616814,308
1685905793.1776845,304
1685905793.1906886,302
1685905793.2026901,301
1685905793.2186804,299
1685905793.2316804,297
1685905793.2476835,295
1685905793.2596786,294
1685905793.2726839,295
1685905793.2887766,296
1685905793.300681,296
1685905793.3126805,295
1685905793.3298848,294
1685905793.341887,296
1685905793.3538842,298
1685905793.3709016,299
1685905793.3832011,299
1685905793.3948865,298
1685905793.4118853,298
1685905793.4238856,298
1685905793.4402072,300
1685905793.4522088,301
1685905793.464405,300
1685905793.481263,299
1685905793.493279,299
1685905793.5062566,301
1685905793.5222628,304
1685905793.5342026,307
1685905793.5463462,308
1685905793.5633717,312
1685905793.5754364,317
1685905793.5914276,324
1685905793.6043677,332
1685905793.6164293,339
1685905793.632429,348
1685905793.6444314,355
1685905793.657429,363
1685905793.6734293,368
1685905793.686386,373
1685905793.6984274,374
1685905793.7144284,373
1685905793.7272768,372
1685905793.7430549,371
1685905793.7554123,369
1685905793.7674704,365
1685905793.7844138,359
1685905793.796473,353
1685905793.80847,346
1685905793.8254697,342
1685905793.837018,338
1685905793.8501103,333
1685905793.8663287,328
1685905793.8782485,322
1685905793.8903089,318
1685905793.9073076,316
1685905793.91931,314
1685905793.9352524,310
1685905793.948268,306
1685905793.9603114,302
1685905793.976308,301
1685905793.9893072,301
1685905794.0013235,300
1685905794.0173104,299
1685905794.0303075,298
1685905794.042262,296
1685905794.0583107,298
1685905794.0714269,299
1685905794.0872488,299
1685905794.0992475,299
1685905794.1122646,298
1685905794.12842,297
1685905794.140323,297
1685905794.1532645,296
1685905794.169382,293
1685905794.1814163,289
1685905794.1933224,285
1685905794.2104707,281
1685905794.22228,278
1685905794.234642,275
1685905794.2507021,270
1685905794.263639,266
1685905794.2796555,262
1685905794.2926407,260
1685905794.3046434,261
1685905794.3206992,261
1685905794.3327012,260
1685905794.345698,259
1685905794.3616948,260
1685905794.3736384,262
1685905794.3866384,265
1685905794.4026973,267
1685905794.4146433,268
1685905794.4317057,269
1685905794.4436967,272
1685905794.4557006,275
1685905794.4726412,278
1685905794.4846387,280
1685905794.496656,281
1685905794.5136595,282
1685905794.525642,284
1685905794.5380425,287
1685905794.5540252,289
1685905794.5660298,290
1685905794.5830455,290
1685905794.5950878,291
1685905794.6080275,293
1685905794.624043,296
1685905794.6360312,298
1685905794.6480813,298
1685905794.665028,298
1685905794.6770856,299
1685905794.6890626,300
1685905794.7060363,302
1685905794.7180872,303
1685905794.7307632,303
1685905794.7467532,303
1685905794.7588012,304
1685905794.7748013,306
1685905794.788135,308
1685905794.7997184,309
1685905794.8167605,309
1685905794.8283288,309
1685905794.8413515,311
1685905794.8573892,314
1685905794.8693302,316
1685905794.8823867,316
1685905794.8983452,316
1685905794.910329,316
1685905794.9263396,317
1685905794.9394,319
1685905794.9513915,319
1685905794.9683342,317
1685905794.9803448,315
1685905794.9923887,314
1685905795.0083444,315
1685905795.0213897,316
1685905795.0337691,316
1685905795.0493903,314
1685905795.0625417,314
1685905795.074389,314
1685905795.0913413,317
1685905795.1033404,318
1685905795.1193304,318
1685905795.131328,317
1685905795.14435,317
1685905795.1603906,319
1685905795.1723926,321
1685905795.1853337,323
1685905795.201329,323
1685905795.2138636,323
1685905795.2263892,324
1685905795.2423894,326
1685905795.2543342,327
1685905795.2703288,328
1685905795.2834196,327
1685905795.2959623,326
1685905795.311679,325
1685905795.323737,326
1685905795.336738,326
1685905795.353067,326
1685905795.3646793,324
1685905795.3776834,322
1685905795.393676,321
1685905795.4057407,321
1685905795.4217372,321
1685905795.4346974,320
1685905795.44674,318
1685905795.4636958,317
1685905795.475697,317
1685905795.487738,318
1685905795.5049462,318
1685905795.516742,317
1685905795.528695,315
1685905795.5457375,314
1685905795.5577126,314
1685905795.5696778,315
1685905795.5866995,314
1685905795.598738,313
1685905795.6147482,311
1685905795.6267495,311
1685905795.6396847,312
1685905795.655682,313
1685905795.6686795,312
1685905795.6806817,311
1685905795.696686,310
1685905795.7097397,310
1685905795.7216828,311
1685905795.7377172,312
1685905795.7496521,311
1685905795.766652,310
1685905795.7787223,309
1685905795.7907062,310
1685905795.807655,311
1685905795.8197062,312
1685905795.8316672,311
1685905795.8486645,309
1685905795.8607059,309
1685905795.8727112,310
1685905795.889662,310
1685905795.901653,310
1685905795.913705,309
1685905795.9301498,307
1685905795.942965,307
1685905795.9589653,308
1685905795.970916,309
1685905795.9839618,308
1685905796.000259,307
1685905796.0121498,306
1685905796.0249686,306
1685905796.0409024,307
1685905796.052962,308
1685905796.0659049,306
1685905796.0819764,305
1685905796.0939624,304
1685905796.1109037,305
1685905796.122963,306
1685905796.1351442,307
1685905796.1512911,306
1685905796.1633508,304
1685905796.176342,304
1685905796.192342,306
1685905796.2043428,307
1685905796.217345,307
1685905796.2333443,306
1685905796.245293,305
1685905796.261341,305
1685905796.2742858,307
1685905796.2872903,308
1685905796.3033414,308
1685905796.3153415,306
1685905796.3273456,306
1685905796.3442874,307
1685905796.356342,308
1685905796.3682997,309
1685905796.385296,308
1685905796.3976197,307
1685905796.4093423,307
1685905796.4262872,307
1685905796.4385402,309
1685905796.4545557,309
1685905796.466557,307
1685905796.479546,306
1685905796.495601,306
1685905796.5075383,308
1685905796.520606,309
1685905796.5366075,309
1685905796.5485451,308
1685905796.5615587,307
1685905796.577599,307
1685905796.589555,308
1685905796.6056051,309
1685905796.6185434,309
1685905796.6306121,307
1685905796.647603,306
1685905796.659629,307
1685905796.671604,308
1685905796.688607,309
1685905796.7005394,308
1685905796.7125454,306
1685905796.7295575,305
1685905796.7415402,307
1685905796.7535405,308
1685905796.770555,308
1685905796.782556,307
1685905796.7985964,306
1685905796.8105783,306
1685905796.8235364,308
1685905796.839556,308
1685905796.8525386,308
1685905796.8647075,307
1685905796.880605,306
1685905796.892967,306
1685905796.9056003,308
1685905796.921607,309
1685905796.9337082,308
1685905796.9497063,306
1685905796.9626946,306
1685905796.9746914,307
1685905796.9907594,308
1685905797.0036898,309
1685905797.0157065,308
1685905797.0318038,307
1685905797.0447493,307
1685905797.0566971,308
1685905797.072692,310
1685905797.0857081,310
1685905797.1017122,309
1685905797.113756,308
1685905797.1266942,308
1685905797.1426914,308
1685905797.1547523,309
1685905797.1677492,309
1685905797.1839538,307
1685905797.1957057,307
1685905797.2086916,307
1685905797.2247128,308
1685905797.2367055,310
1685905797.2487535,309
1685905797.265718,308
1685905797.2777052,307
1685905797.2936912,308
1685905797.3070364,309
1685905797.3187008,310
1685905797.3355649,308
1685905797.3475099,307
1685905797.3595104,307
1685905797.3765755,308
1685905797.388571,309
1685905797.400526,309
1685905797.4175153,308
1685905797.4295783,307
1685905797.4455724,307
1685905797.4585717,308
1685905797.470517,309
1685905797.4867768,308
1685905797.5000553,307
1685905797.5116804,306
1685905797.5276966,307
1685905797.539889,308
1685905797.5528498,309
1685905797.5688312,308
1685905797.5808449,307
1685905797.5938303,306
1685905797.6098883,307
1685905797.6218884,309
1685905797.638197,309
1685905797.6512082,308
1685905797.6631925,306
1685905797.679211,307
1685905797.6922107,308
1685905797.704252,309
1685905797.7204857,308
1685905797.732253,307
1685905797.7452538,306
1685905797.761637,306
1685905797.7737954,308
1685905797.7897832,309
1685905797.8017824,308
1685905797.814781,307
1685905797.8314393,306
1685905797.8434932,307
1685905797.8554955,308
1685905797.8714921,309
1685905797.8844311,308
1685905797.8966308,307
1685905797.9127111,307
1685905797.9246624,308
1685905797.9406557,309
1685905797.953703,310
1685905797.9664967,308
1685905797.981716,307
1685905797.994684,307
1685905798.0074022,308
1685905798.0236742,309
1685905798.0356429,309
1685905798.0476892,307
1685905798.0646832,306
1685905798.0766983,306
1685905798.0887053,307
1685905798.105648,308
1685905798.1176467,307
1685905798.1339853,306
1685905798.1464877,305
1685905798.1588457,305
1685905798.1748934,306
1685905798.1868823,307
1685905798.1998267,305
1685905798.215821,304
1685905798.228822,303
1685905798.2409153,304
1685905798.257606,305
1685905798.2689273,305
1685905798.285493,304
1685905798.2984464,303
1685905798.3105507,303
1685905798.327117,305
1685905798.3392115,306
1685905798.3514757,306
1685905798.367207,305
1685905798.3793502,305
1685905798.3923163,306
1685905798.4090486,308
1685905798.4211628,309
1685905798.4332888,309
1685905798.4492435,307
1685905798.4615362,307
1685905798.4778407,308
1685905798.4902322,310
1685905798.5022292,310
1685905798.5193982,310
1685905798.5309634,309
1685905798.5439003,309
1685905798.559961,310
1685905798.5726342,312
1685905798.58496,312
1685905798.6012747,311
1685905798.612905,310
1685905798.6289616,311
1685905798.6424136,313
1685905798.6539621,314
1685905798.6709085,313
1685905798.6829135,312
1685905798.6949623,311
1685905798.7109604,313
1685905798.7239203,315
1685905798.735962,316
1685905798.7520175,316
1685905798.7648778,315
1685905798.7803676,315
1685905798.7933657,316
1685905798.805372,317
1685905798.8220437,317
1685905798.8340464,315
1685905798.8470428,313
1685905798.8630412,311
1685905798.8750455,311
1685905798.887184,311
1685905798.9041855,310
1685905798.9161832,308
1685905798.928188,306
1685905798.9451945,305
1685905798.9571877,306
1685905798.9731827,306
1685905798.9861968,306
1685905798.998247,304
1685905799.014257,303
1685905799.0271904,303
1685905799.039737,305
1685905799.0552447,305
1685905799.0681822,305
1685905799.0801861,303
1685905799.0962062,303
1685905799.109192,304
1685905799.1251853,305
1685905799.1371863,306
1685905799.1501842,305
1685905799.1661835,303
1685905799.178204,304
1685905799.1902635,305
1685905799.2071824,306
1685905799.2192445,306
1685905799.2311978,304
1685905799.2481833,303
1685905799.260243,303
1685905799.2721992,304
1685905799.289186,304
1685905799.3012588,303
1685905799.3172421,301
1685905799.3305144,299
1685905799.3421981,299
1685905799.3581977,300
1685905799.3714168,300
1685905799.3831866,298
1685905799.3992422,297
1685905799.4121852,296
1685905799.4241862,297
1685905799.4402423,299
1685905799.4531903,299
1685905799.4692426,298
1685905799.4811828,298
1685905799.4941933,298
1685905799.5102088,301
1685905799.522189,303
1685905799.5344,305
1685905799.5511794,307
1685905799.5631917,309
1685905799.575243,311
1685905799.592182,316
1685905799.6042423,319
1685905799.6201835,322
1685905799.633188,325
1685905799.645188,329
1685905799.662185,333
1685905799.6741853,337
1685905799.6862428,338
1685905799.7022429,336
1685905799.715361,333
1685905799.7273629,331
1685905799.7434237,328
1685905799.7563667,325
1685905799.768362,321
1685905799.7843785,316
1685905799.7963676,310
1685905799.8133638,307
1685905799.8253653,305
1685905799.838364,302
1685905799.854364,298
1685905799.866376,295
1685905799.8783634,293
1685905799.895367,293
1685905799.9073637,294
1685905799.9193628,295
1685905799.9363668,294
1685905799.9483638,292
1685905799.964427,291
1685905799.977373,292
1685905799.9893656,293
1685905800.0053632,293
1685905800.0185256,292
1685905800.03058,290
1685905800.0473588,289
1685905800.0592456,289
1685905800.071243,291
1685905800.0872436,291
1685905800.1002543,291
1685905800.1123657,292
1685905800.1283708,294
1685905800.141381,297
1685905800.1573648,300
1685905800.1698427,301
1685905800.1823702,301
1685905800.1983685,303
1685905800.2103662,304
1685905800.223374,307
1685905800.2395904,308
1685905800.2516353,308
1685905800.263725,308
1685905800.28038,309
1685905800.2923956,310
1685905800.308594,312
1685905800.3216038,312
1685905800.3338668,311
1685905800.3495922,310
1685905800.3626485,310
1685905800.374589,312
1685905800.390782,313
1685905800.4028,313
1685905800.4157972,312
1685905800.4317858,311
1685905800.4437907,312
1685905800.45979,312
1685905800.472782,313
1685905800.4848366,311
1685905800.5013783,309
1685905800.5137806,308
1685905800.5257902,309
1685905800.5417902,310
1685905800.5547845,310
1685905800.5667806,309
1685905800.5827806,308
1685905800.5958092,308
1685905800.6078281,309
1685905800.6238382,310
1685905800.636782,310
1685905800.652837,308
1685905800.66508,307
1685905800.6777859,307
1685905800.6938417,308
1685905800.7057905,308
1685905800.7187972,308
1685905800.7348483,306
1685905800.7477849,304
1685905800.7598076,304
1685905800.7758212,305
1685905800.7887893,305
1685905800.8038583,303
1685905800.8168044,302
1685905800.8288438,301
1685905800.8457873,301
1685905800.8577845,302
1685905800.8698442,302
1685905800.886808,301
1685905800.8987856,300
1685905800.9108462,299
1685905800.9277961,300
1685905800.9397845,301
1685905800.9518468,301
1685905800.9678442,300
1685905800.980794,299
1685905800.996785,299
1685905801.0094407,300
1685905801.0218048,301
1685905801.0377996,301
1685905801.0498571,300
1685905801.0627925,299
1685905801.0787878,300
1685905801.0908437,302
1685905801.1037862,303
1685905801.1195223,302
1685905801.1325343,301
1685905801.1485186,300
1685905801.1605215,301
1685905801.1735196,303
1685905801.1895185,303
1685905801.2015338,301
1685905801.214212,300
1685905801.2301965,299
1685905801.2421892,301
1685905801.2551918,301
1685905801.2711868,301
1685905801.2831864,300
1685905801.2991996,299
1685905801.3122447,300
1685905801.3242538,301
1685905801.3416708,301
1685905801.353195,301
1685905801.3652644,300
1685905801.382198,299
1685905801.394225,299
1685905801.4064722,301
1685905801.4230602,301
1685905801.4350605,300
1685905801.4471166,299
1685905801.4640563,299
1685905801.4760635,300
1685905801.492116,301
1685905801.5050588,301
1685905801.5170722,300
1685905801.5340583,299
1685905801.5460677,299
1685905801.5581276,300
1685905801.5740707,301
1685905801.5870576,301
1685905801.5987167,300
1685905801.615431,299
1685905801.6273742,300
1685905801.6433206,301
1685905801.6563218,302
1685905801.6683214,301
1685905801.6853113,300
1685905801.6973684,300
1685905801.7093642,301
1685905801.7263982,302
1685905801.7383866,303
1685905801.7504447,302
1685905801.76739,301
1685905801.7793872,301
1685905801.7914004,302
1685905801.808392,303
1685905801.8204315,303
1685905801.8364928,302
1685905801.8484309,301
1685905801.8614323,301
1685905801.8774495,303
1685905801.8904362,304
1685905801.9024556,304
1685905801.9184546,303
1685905801.930452,302
1685905801.943441,303
1685905801.9594657,304
1685905801.971505,306
1685905801.9884498,305
1685905802.000442,304
1685905802.013058,304
1685905802.0290549,305
1685905802.04105,307
1685905802.0540493,308
1685905802.0700703,307
1685905802.0820508,306
1685905802.095054,306
1685905802.1111286,308
1685905802.1231987,309
1685905802.135135,310
1685905802.1521308,309
1685905802.1641393,308
1685905802.180133,309
1685905802.1931405,310
1685905802.2051904,311
1685905802.2213545,311
1685905802.2343009,310
1685905802.2462919,309
1685905802.2623527,310
1685905802.275298,312
1685905802.2873096,312
1685905802.3033519,311
1685905802.3163009,310
1685905802.3322954,310
1685905802.3442907,311
1685905802.3563132,313
1685905802.3732924,312
1685905802.3853538,311
1685905802.3982975,310
1685905802.4142919,310
1685905802.4262924,311
1685905802.4383044,312
1685905802.4552915,312
1685905802.4673543,311
1685905802.4833112,310
1685905802.4963,310
1685905802.508354,311
1685905802.5247705,312
1685905802.5368173,312
1685905802.5497675,310
1685905802.5657575,310
1685905802.5778282,310
1685905802.5898294,311
1685905802.6067576,312
1685905802.6188211,311
1685905802.6308177,309
1685905802.6477592,309
1685905802.6597595,310
1685905802.67576,311
1685905802.6887593,311
1685905802.7007568,310
1685905802.7167575,309
1685905802.7297702,309
1685905802.7417781,311
1685905802.7577875,312
1685905802.770759,312
1685905802.7827585,311
1685905802.7997625,310
1685905802.8118725,311
1685905802.8274395,312
1685905802.8404408,314
1685905802.8524346,313
1685905802.8684514,312
1685905802.8814538,312
1685905802.8934376,313
1685905802.9094977,315
1685905802.9214966,315
1685905802.934439,315
1685905802.9504418,314
1685905802.9625046,314
1685905802.9786086,315
1685905802.9916594,316
1685905803.0036023,316
1685905803.0199504,315
1685905803.0328772,314
1685905803.0449164,314
1685905803.0609362,315
1685905803.073885,316
1685905803.0864651,315
1685905803.1020403,314
1685905803.11498,314
1685905803.1269777,314
1685905803.143149,315
1685905803.154979,317
1685905803.171978,315
1685905803.1840212,314
1685905803.195977,314
1685905803.2129834,315
1685905803.225032,316
1685905803.238037,316
1685905803.2539775,315
1685905803.2660415,314
1685905803.277993,313
1685905803.294993,314
1685905803.3071887,316
1685905803.3231018,315
1685905803.336106,314
1685905803.348102,313
1685905803.3645492,314
1685905803.3771613,315
1685905803.3893096,316
1685905803.4051018,315
1685905803.4177563,314
1685905803.4298244,313
1685905803.4457674,314
1685905803.4587712,315
1685905803.470756,316
1685905803.4868107,315
1685905803.4997606,313
1685905803.5157712,313
1685905803.528327,314
1685905803.540322,315
1685905803.5573213,315
1685905803.5692673,314
1685905803.581644,313
1685905803.5982797,313
1685905803.6102703,315
1685905803.6222782,316
1685905803.6392713,316
1685905803.6512794,315
1685905803.667325,314
1685905803.6802723,314
1685905803.6922746,315
1685905803.7082675,316
1685905803.7203255,315
1685905803.7332685,313
1685905803.749619,312
1685905803.761325,313
1685905803.7742708,314
1685905803.789905,315
1685905803.8029065,314
1685905803.8190486,312
1685905803.8310673,312
1685905803.8430643,313
1685905803.8600516,315
1685905803.8720493,314
1685905803.8850605,313
1685905803.901049,312
1685905803.91321,313
1685905803.9252236,314
1685905803.942218,315
1685905803.9542103,314
1685905803.9664023,313
1685905803.9832287,312
1685905803.995209,313
1685905804.011218,314
1685905804.0236924,315
1685905804.0357082,314
1685905804.0526886,313
1685905804.0647306,313
1685905804.07675,314
1685905804.0936978,315
1685905804.1057107,315
1685905804.1176803,314
1685905804.134674,313
1685905804.1466663,312
1685905804.1627288,313
1685905804.1756747,315
1685905804.1877031,315
1685905804.204491,313
1685905804.2163506,312
1685905804.2284245,313
1685905804.2453513,314
1685905804.257353,315
1685905804.2693546,315
1685905804.2853508,313
1685905804.2983496,313
1685905804.3103573,314
1685905804.3265393,316
1685905804.33946,318
1685905804.3552408,318
1685905804.3681877,319
1685905804.3805783,320
1685905804.3961802,323
1685905804.4091873,326
1685905804.4211795,329
1685905804.437179,331
1685905804.4498155,332
1685905804.4618714,335
1685905804.4788265,338
1685905804.4908113,341
1685905804.5068717,343
1685905804.5188496,344
1685905804.5318134,345
1685905804.547825,346
1685905804.559871,348
1685905804.572831,348
1685905804.5888717,346
1685905804.6018193,344
1685905804.6138191,342
1685905804.6299062,341
1685905804.6418712,340
1685905804.6548102,338
1685905804.67087,334
1685905804.6828694,329
1685905804.6998277,325
1685905804.7118785,323
1685905804.724809,321
1685905804.7408116,318
1685905804.7528753,314
1685905804.764871,310
1685905804.781815,307
1685905804.7938108,306
1685905804.8064344,304
1685905804.8229165,301
1685905804.8349092,298
1685905804.8509183,296
1685905804.863913,294
1685905804.8759115,294
1685905804.8919117,294
1685905804.9040415,292
1685905804.9169123,290
1685905804.9329119,289
1685905804.945912,289
1685905804.9579217,290
1685905804.9739118,291
1685905804.9859116,291
1685905805.0021098,290
1685905805.0149286,291
1685905805.0269144,294
1685905805.0438564,298
1685905805.0560374,301
1685905805.0679173,303
1685905805.084865,305
1685905805.0968683,310
1685905805.1089122,314
1685905805.1258595,318
1685905805.1378577,321
1685905805.1498675,322
1685905805.1668603,324
1685905805.1788678,328
1685905805.1948721,332
1685905805.2078686,334
1685905805.219851,335
1685905805.236536,334
1685905805.2489111,334
1685905805.2608519,335
1685905805.2769108,335
1685905805.289857,335
1685905805.3018527,333
1685905805.317913,330
1685905805.3298528,328
1685905805.3468583,326
1685905805.3588603,325
1685905805.370851,322
1685905805.387851,318
1685905805.3998697,315
1685905805.4119081,311
1685905805.4288561,309
1685905805.4408689,306
1685905805.4528558,302
1685905805.4698548,297
1685905805.4818535,293
1685905805.4939122,291
1685905805.510853,290
1685905805.523115,288
1685905805.5391638,286
1685905805.5511644,283
1685905805.564186,282
1685905805.580119,281
1685905805.5921648,282
1685905805.6051066,280
1685905805.6211483,279
1685905805.6331635,277
1685905805.6461189,277
1685905805.6621232,278
1685905805.6746838,279
1685905805.6908748,278
1685905805.7033827,278
1685905805.7153704,277
1685905805.7313724,277
1685905805.7443814,279
1685905805.7563741,280
1685905805.772426,280
1685905805.7853749,280
1685905805.7974317,280
1685905805.8133726,282
1685905805.8263736,284
1685905805.8423743,286
1685905805.8551128,287
1685905805.8664327,287
1685905805.8833718,288
1685905805.8963864,291
1685905805.9083817,295
1685905805.924373,297
1685905805.9363756,298
1685905805.9484339,298
1685905805.9656246,300
1685905805.9774337,303
1685905805.989513,305
1685905806.0063841,306
1685905806.0184412,306
1685905806.0343742,307
1685905806.047372,309
1685905806.0594373,313
1685905806.0754433,315
1685905806.0883765,314
1685905806.1004443,313
1685905806.1164412,312
1685905806.1293771,311
1685905806.1413727,310
1685905806.1573734,308
1685905806.170375,305
1685905806.1863809,302
1685905806.198387,302
1685905806.2113714,303
1685905806.2276933,304
1685905806.2396965,303
1685905806.251695,301
1685905806.2677157,301
1685905806.2806835,302
1685905806.2926826,304
1685905806.3086896,305
1685905806.3217468,306
1685905806.33375,305
1685905806.3499413,306
1685905806.3619702,308
1685905806.3789713,311
1685905806.3909807,313
1685905806.4029796,314
1685905806.4199715,315
1685905806.4320295,316
1685905806.4440274,318
1685905806.4609756,320
1685905806.473085,321
1685905806.4850876,320
1685905806.5020854,318
1685905806.5140984,319
1685905806.5302389,320
1685905806.543083,320
1685905806.5550811,320
1685905806.571141,319
1685905806.5840924,317
1685905806.5960834,317
1685905806.612085,318
1685905806.6251411,318
1685905806.6370835,316
1685905806.6530936,314
1685905806.6650739,313
1685905806.681783,312
1685905806.6951983,312
1685905806.707136,311
1685905806.7232232,308
1685905806.7347167,305
1685905806.7477248,303
1685905806.7637746,302
1685905806.775718,302
1685905806.7887242,301
1685905806.804864,299
1685905806.8175871,297
1685905806.829786,296
1685905806.846056,297
1685905806.857694,298
1685905806.8746269,296
1685905806.8866386,295
1685905806.8986938,294
1685905806.9156256,294
1685905806.928206,296
1685905806.9397008,297
1685905806.956652,297
1685905806.9685931,296
1685905806.9806848,296
1685905806.997635,298
1685905807.0096433,300
1685905807.0256786,301
1685905807.0386288,301
1685905807.0507395,301
1685905807.0670679,302
1685905807.0799077,304
1685905807.091851,306
1685905807.1085382,307
1685905807.1203074,307
1685905807.1329536,307
1685905807.1489384,307
1685905807.1614308,309
1685905807.1735883,311
1685905807.190215,311
1685905807.202483,310
1685905807.2192159,310
1685905807.2312098,311
1685905807.2431982,313
1685905807.2592673,313
1685905807.272202,313
1685905807.2845256,311
1685905807.3002133,310
1685905807.3132012,312
1685905807.325203,313
1685905807.3412004,312
1685905807.3542607,311
1685905807.3702013,310
1685905807.3822615,310
1685905807.3952727,311
1685905807.4113543,311
1685905807.423535,311
1685905807.4352145,309
1685905807.452479,307
1685905807.4645233,307
1685905807.4772737,308
1685905807.4932048,309
1685905807.5056438,308
1685905807.5214157,307
1685905807.534414,306
1685905807.546414,307
1685905807.5623937,308
1685905807.5754735,309
1685905807.5877218,308
1685905807.6037169,307
1685905807.616398,306
1685905807.628417,308
1685905807.6443946,309
1685905807.6564581,309
1685905807.6694047,307
1685905807.6854568,306
1685905807.698208,306
1685905807.7144055,307
1685905807.7263947,308
1685905807.7384481,308
1685905807.7554054,307
1685905807.7674234,306
1685905807.7793963,306
1685905807.796545,307
1685905807.8084052,308
1685905807.8204534,308
1685905807.837412,306
1685905807.8494601,306
1685905807.8654068,307
1685905807.8784518,308
1685905807.89041,308
1685905807.9064066,307
1685905807.9193974,306
1685905807.9314077,306
1685905807.9474514,307
1685905807.9604008,308
1685905807.9724083,308
1685905807.9884527,307
1685905808.000778,306
1685905808.013405,306
1685905808.0294502,307
1685905808.0414522,308
1685905808.0584083,308
1685905808.0703902,307
1685905808.0830622,306
1685905808.099058,307
1685905808.1111195,308
1685905808.1240623,309
1685905808.1400535,308
1685905808.152122,307
1685905808.1650689,307
1685905808.1808214,307
1685905808.193748,309
1685905808.2097704,309
1685905808.2217436,308
1685905808.2347462,307
1685905808.2507305,307
1685905808.2627919,308
1685905808.2747476,310
1685905808.291732,309
1685905808.303734,308
1685905808.3157918,307
1685905808.3327355,307
1685905808.345094,308
1685905808.3607488,309
1685905808.373751,309
1685905808.3857913,307
1685905808.401744,307
1685905808.4146268,307
1685905808.426885,309
1685905808.442886,309
1685905808.4558842,309
1685905808.4678876,307
1685905808.4839408,307
1685905808.495944,308
1685905808.5088825,310
1685905808.5251236,310
1685905808.5378928,309
1685905808.5538967,307
1685905808.5661755,307
1685905808.5789347,309
1685905808.5948849,309
1685905808.6068811,309
1685905808.6198986,308
1685905808.6358933,307
1685905808.64789,307
1685905808.6600769,309
1685905808.6768792,310
1685905808.6888793,309
1685905808.7048826,308
1685905808.7178838,308
1685905808.7298872,309
1685905808.745896,310
1685905808.7591946,310
1685905808.7708845,309
1685905808.7877614,308
1685905808.799766,307
1685905808.811828,308
1685905808.8284476,309
1685905808.8404331,309
1685905808.8524406,308
1685905808.8694372,306
1685905808.8816016,306
1685905808.8975897,307
1685905808.9095972,309
1685905808.9226196,308
1685905808.9385982,307
1685905808.9516113,307
1685905808.9636047,307
1685905808.9795885,308
1685905808.9923668,309
1685905809.0045927,308
1685905809.0205948,307
1685905809.0326707,307
1685905809.0496047,308
1685905809.0615861,309
1685905809.0741622,310
1685905809.0901566,308
1685905809.102169,307
1685905809.1154861,307
1685905809.1312962,308
1685905809.14329,309
1685905809.1562984,309
1685905809.1725228,308
1685905809.1845222,307
1685905809.2005258,308
1685905809.2135413,309
1685905809.2258763,310
1685905809.2415895,310
1685905809.254543,308
1685905809.2665405,308
1685905809.2828994,308
1685905809.2949417,310
1685905809.307895,311
1685905809.323903,310
1685905809.3359616,308
1685905809.3488941,307
1685905809.3649,308
1685905809.37696,310
1685905809.3938847,310
1685905809.405895,309
1685905809.4179418,308
1685905809.4339414,308
1685905809.4468853,309
1685905809.458942,310
1685905809.474943,310
1685905809.487885,309
1685905809.5000103,308
1685905809.516675,309
1685905809.5286715,310
1685905809.5446663,311
1685905809.5576766,310
1685905809.569685,309
1685905809.5863729,308
1685905809.5985289,309
1685905809.6103566,310
1685905809.6273725,310
1685905809.6393704,309
1685905809.6513636,308
1685905809.6673934,308
1685905809.680358,309
1685905809.6924183,310
1685905809.7083466,310
1685905809.7213547,309
1685905809.7375777,308
1685905809.7501364,308
1685905809.7622197,309
1685905809.7788737,310
1685905809.7906365,310
1685905809.803563,308
1685905809.819552,308
1685905809.8317735,308
1685905809.8442955,310
1685905809.8600228,310
1685905809.8735087,310
1685905809.8890939,308
1685905809.9012992,308
1685905809.9140944,309
1685905809.9301257,310
1685905809.9421659,311
1685905809.9551132,310
1685905809.9710972,308
1685905809.983126,308
1685905809.9951384,309
1685905810.0120895,310
1685905810.0241892,310
1685905810.0407026,309
1685905810.052892,308
1685905810.0649407,308
1685905810.0822062,309
1685905810.0943122,310
1685905810.1057463,309
1685905810.1226583,308
1685905810.135039,307
1685905810.1470282,308
1685905810.1640263,309
1685905810.1758945,310
1685905810.1877258,310
1685905810.204718,308
1685905810.2167127,308
1685905810.232955,309
1685905810.2459056,310
1685905810.2579315,310
1685905810.2739544,309
1685905810.2864652,308
1685905810.2989135,308
1685905810.3149533,309
1685905810.3269546,310
1685905810.3399036,310
1685905810.3558981,309
1685905810.368313,308
1685905810.3844464,308
1685905810.3968942,309
1685905810.408895,310
1685905810.4261665,310
1685905810.4379222,308
1685905810.449955,307
1685905810.4668927,308
1685905810.479061,309
1685905810.4911194,310
1685905810.5071282,309
1685905810.5200694,308
1685905810.53211,307
1685905810.5480628,308
1685905810.5610557,310
1685905810.577115,310
1685905810.5900724,309
1685905810.6020741,308
1685905810.618118,308
1685905810.6301186,309
1685905810.643056,310
1685905810.6591053,310
1685905810.6710958,309
1685905810.6841161,308
1685905810.7000692,308
1685905810.7120576,310
1685905810.7280624,311
1685905810.7407262,310
1685905810.7531133,308
1685905810.7700772,308
1685905810.782073,309
1685905810.7940578,310
1685905810.8110604,310
1685905810.823339,310
1685905810.83507,308
1685905810.8514953,308
1685905810.8640695,309
1685905810.8801143,310
1685905810.8921132,311
1685905810.905056,309
1685905810.9210587,308
1685905810.9330552,308
1685905810.9460561,310
1685905810.9620547,310
1685905810.9740558,310
1685905810.9870648,309
1685905811.0030558,308
1685905811.0150628,308
1685905811.0280547,309
1685905811.0445006,310
1685905811.0561142,310
1685905811.072071,308
1685905811.0850697,308
1685905811.0970538,308
1685905811.114066,310
1685905811.1260715,310
1685905811.1380582,309
1685905811.1550555,308
1685905811.167057,307
1685905811.1794767,309
1685905811.1961153,310
1685905811.208073,310
1685905811.224503,309
1685905811.2370677,308
1685905811.249071,308
1685905811.26507,309
1685905811.2780662,310
1685905811.2903244,310
1685905811.3061137,308
1685905811.3190758,308
1685905811.3310695,308
1685905811.3471134,309
1685905811.359068,310
1685905811.372067,309
1685905811.3885803,308
1685905811.4005775,307
1685905811.416622,308
1685905811.4286213,309
1685905811.4415774,310
1685905811.4575577,309
1685905811.469573,308
1685905811.4825215,308
1685905811.4985745,309
1685905811.511046,310
1685905811.5235186,310
1685905811.5395176,308
1685905811.5515203,307
1685905811.5685315,307
1685905811.580575,309
1685905811.5927098,310
1685905811.6095243,309
1685905811.6215744,308
1685905811.6335788,307
1685905811.650533,307
1685905811.662534,309
1685905811.6745806,310
1685905811.6915314,309
1685905811.703543,307
1685905811.7196457,307
1685905811.7325327,308
1685905811.7445347,309
1685905811.7606192,309
1685905811.773518,308
1685905811.785651,307
1685905811.8016937,307
1685905811.813696,308
1685905811.8266518,309
1685905811.8430278,309
1685905811.8546968,308
1685905811.8676467,307
1685905811.8836553,307
1685905811.8966482,308
1685905811.9126544,310
1685905811.9247062,309
1685905811.936702,307
1685905811.953648,307
1685905811.9656482,307
1685905811.9778836,308
1685905811.994812,309
1685905812.0068154,308
1685905812.0188117,307
1685905812.0348723,306
1685905812.0478287,307
1685905812.063824,308
1685905812.0759783,309
1685905812.089035,307
1685905812.1049879,306
1685905812.1171174,307
1685905812.1301239,308
1685905812.1461327,309
1685905812.1581714,309
1685905812.1701229,308
1685905812.1871328,307
1685905812.199119,307
1685905812.2111342,308
1685905812.228128,309
1685905812.24032,309
1685905812.256138,307
1685905812.2691293,307
1685905812.281137,307
1685905812.297181,309
1685905812.3101232,309
1685905812.3221354,308
1685905812.3381312,307
1685905812.3511393,307
1685905812.3631363,308
1685905812.379185,309
1685905812.3911781,309
1685905812.40828,308
1685905812.4201298,307
1685905812.43219,307
1685905812.449134,308
1685905812.4611225,309
1685905812.473131,309
1685905812.490118,308
1685905812.502629,307
1685905812.5140834,307
1685905812.5310369,308
1685905812.5430415,309
1685905812.559027,308
1685905812.5720377,307
1685905812.584506,306
1685905812.600507,307
1685905812.6125567,309
1685905812.6245527,309
1685905812.6415086,308
1685905812.6535516,307
1685905812.6655517,306
1685905812.6825,308
1685905812.6944954,309
1685905812.706511,309
1685905812.7235146,308
1685905812.7355556,307
1685905812.7515562,307
1685905812.7645001,309
1685905812.7770119,310
1685905812.7928545,309
1685905812.80484,308
1685905812.8178568,307
1685905812.833905,308
1685905812.8459039,309
1685905812.8588603,309
1685905812.8748417,308
1685905812.887254,307
1685905812.9033024,307
1685905812.9162662,308
1685905812.9282594,309
1685905812.9442387,309
1685905812.956306,308
1685905812.969241,307
1685905812.9852943,307
1685905812.9972942,308
1685905813.0102534,309
1685905813.0262556,309
1685905813.0382519,308
1685905813.051238,307
1685905813.0672526,307
1685905813.0792956,309
1685905813.096253,310
1685905813.1084404,309
1685905813.120311,308
1685905813.1372678,307
1685905813.1492424,308
1685905813.1612499,309
1685905813.1784065,309
1685905813.1904087,308
1685905813.202677,307
1685905813.218405,307
1685905813.2314227,308
1685905813.2474673,309
1685905813.2604165,309
1685905813.2724206,308
1685905813.2884698,307
1685905813.3004174,307
1685905813.3134103,308
1685905813.3298008,309
1685905813.342425,309
1685905813.3544185,308
1685905813.3704717,307
1685905813.382424,307
1685905813.3984666,308
1685905813.4114687,309
1685905813.4234202,309
1685905813.4404092,308
1685905813.4524617,307
1685905813.46447,308
1685905813.4815972,309
1685905813.4935951,311
1685905813.5056589,310
1685905813.5216534,309
1685905813.534598,309
1685905813.5465932,309
1685905813.5626554,310
1685905813.5756063,310
1685905813.591594,309
1685905813.6035926,307
1685905813.6166055,308
1685905813.6326663,309
1685905813.644654,310
1685905813.6575978,310
1685905813.6737478,308
1685905813.6856556,308
1685905813.698598,308
1685905813.714596,309
1685905813.7266104,310
1685905813.7426586,309
1685905813.7555988,308
1685905813.7675955,307
1685905813.7846062,308
1685905813.7966106,310
1685905813.8085964,310
1685905813.8250213,309
1685905813.8373199,308
1685905813.8493214,308
1685905813.8662739,309
1685905813.878321,310
1685905813.890324,310
1685905813.907275,308
1685905813.9192624,308
1685905813.9352636,308
1685905813.9482594,309
1685905813.9602633,310
1685905813.9762774,310
1685905813.9892828,309
1685905814.0015194,308
1685905814.0172668,308
1685905814.030266,310
1685905814.04227,311
1685905814.058552,310
1685905814.0712674,308
1685905814.0872643,308
1685905814.0993385,308
1685905814.112272,309
1685905814.1282747,310
1685905814.1403403,308
1685905814.15232,307
1685905814.169276,307
1685905814.181279,308
1685905814.1943233,309
1685905814.2102652,309
1685905814.2223206,308
1685905814.2383196,307
1685905814.2512763,307
1685905814.263323,309
1685905814.280299,310
1685905814.2923546,310
1685905814.3042986,309
1685905814.320299,308
1685905814.3332572,309
1685905814.3452544,310
1685905814.3612993,310
1685905814.3742487,309
1685905814.3862448,308
1685905814.4022918,307
1685905814.415243,308
1685905814.431293,309
1685905814.4432933,310
1685905814.4552379,308
1685905814.472235,307
1685905814.4840033,307
1685905814.4970045,308
1685905814.5130117,310
1685905814.5250037,309
1685905814.5380044,308
1685905814.554935,307
1685905814.5662098,307
1685905814.5822067,309
1685905814.595214,310
1685905814.6072185,309
1685905814.624219,307
1685905814.6362293,306
1685905814.6482737,307
1685905814.6652758,308
1685905814.6772146,309
1685905814.6895692,308
1685905814.7053375,306
1685905814.718343,306
1685905814.7303705,307
1685905814.7465384,309
1685905814.7593467,309
1685905814.7753432,308
1685905814.787333,307
1685905814.8003373,307
1685905814.8163788,308
1685905814.828393,309
1685905814.8413363,309
1685905814.8573568,307
1685905814.8693933,306
1685905814.881396,307
1685905814.8983488,308
1685905814.910335,309
1685905814.926396,309
1685905814.9393494,307
1685905814.9513273,306
1685905814.968333,307
1685905814.9803493,309
1685905814.9923937,309
1685905815.0084085,308
1685905815.021337,307
1685905815.0333405,307
1685905815.0494087,308
1685905815.062342,310
1685905815.078395,310
1685905815.0903394,309
1685905815.1033523,308
1685905815.1193945,307
1685905815.131396,309
1685905815.144348,310
1685905815.160392,309
1685905815.172374,308
1685905815.1846604,307
1685905815.2016218,307
1685905815.2136667,309
1685905815.225621,309
1685905815.2426362,308
1685905815.2546425,307
1685905815.2706273,307
1685905815.2829359,308
1685905815.2958963,309
1685905815.311941,310
1685905815.3242016,309
1685905815.3361864,308
1685905815.353416,307
1685905815.3654423,308
1685905815.3776515,310
1685905815.3943596,309
1685905815.4063704,308
1685905815.4223588,307
1685905815.4353588,307
1685905815.4474204,308
1685905815.4634175,309
1685905815.4754171,309
1685905815.4883602,308
1685905815.504366,307
1685905815.5164163,307
1685905815.5293558,309
1685905815.545418,310
1685905815.557372,309
1685905815.5733738,307
1685905815.5863702,307
1685905815.5983212,308
1685905815.6151557,309
1685905815.627213,310
1685905815.6392093,308
1685905815.6561532,307
1685905815.6682138,307
1685905815.6802099,309
1685905815.6971536,310
1685905815.7092106,310
1685905815.7212076,308
1685905815.7381537,308
1685905815.7502072,308
1685905815.766161,309
1685905815.779152,310
1685905815.791151,310
1685905815.8071618,309
1685905815.8201606,308
1685905815.8321605,309
1685905815.848151,311
1685905815.8601632,312
1685905815.873161,311
1685905815.889159,310
1685905815.9011588,309
1685905815.9181788,310
1685905815.9303422,311
1685905815.9429567,312
1685905815.958955,310
1685905815.9712446,309
1685905815.9839473,309
1685905816.0003018,310
1685905816.0123022,312
1685905816.0242965,312
1685905816.0413375,311
1685905816.053359,310
1685905816.065344,311
1685905816.082284,312
1685905816.0943377,314
1685905816.1103458,314
1685905816.1223319,313
1685905816.135342,314
1685905816.1513505,315
1685905816.1633425,317
1685905816.1763346,319
1685905816.1924891,318
1685905816.2044857,318
1685905816.2174299,318
1685905816.2334876,319
1685905816.2464285,321
1685905816.2624235,321
1685905816.2745523,321
1685905816.286217,320
1685905816.3032167,321
1685905816.3151643,322
1685905816.328167,324
1685905816.3442311,323
1685905816.3564434,323
1685905816.3681824,322
1685905816.385219,323
1685905816.397305,325
1685905816.413612,325
1685905816.4263651,325
1685905816.4386134,324
1685905816.4546533,323
1685905816.4673007,324
1685905816.4796252,326
1685905816.4964707,326
1685905816.508332,326
1685905816.5204515,324
1685905816.5370173,324
1685905816.5500178,325
1685905816.5620193,325
1685905816.5780334,326
1685905816.5907285,324
1685905816.6063738,323
1685905816.6184185,322
1685905816.6306639,322
1685905816.6476674,322
1685905816.6596777,321
1685905816.6723833,318
1685905816.6885583,317
1685905816.7003558,316
1685905816.7132323,316
1685905816.7293699,316
1685905816.7418375,314
1685905816.758089,312
1685905816.7698207,311
1685905816.7828236,311
1685905816.7990537,312
1685905816.8117597,311
1685905816.8237724,308
1685905816.839989,306
1685905816.8519437,305
1685905816.8647254,304
1685905816.880931,305
1685905816.8929274,304
1685905816.9086711,302
1685905816.9219835,300
1685905816.9339507,299
1685905816.9506855,300
1685905816.962922,299
1685905816.9749663,298
1685905816.9917247,297
1685905817.003771,295
1685905817.01591,296
1685905817.0326574,296
1685905817.0449734,297
1685905817.05791,296
1685905817.0732317,294
1685905817.0859003,294
1685905817.101894,295
1685905817.1138911,296
1685905817.1269464,296
1685905817.1429188,295
1685905817.1548877,294
1685905817.1678996,294
1685905817.183897,295
1685905817.195953,296
1685905817.2079492,297
1685905817.224896,296
1685905817.2371519,295
1685905817.25323,296
1685905817.2652237,298
1685905817.2782242,299
1685905817.2942228,298
1685905817.3062234,297
1685905817.3192244,298
1685905817.3352182,298
1685905817.34728,301
1685905817.3592868,302
1685905817.3762262,303
1685905817.3882234,303
1685905817.4002242,305
1685905817.417224,308
1685905817.4292166,313
1685905817.445216,317
1685905817.4582162,319
1685905817.4702168,321
1685905817.4862165,324
1685905817.4992461,327
1685905817.5112212,330
1685905817.5272634,330
1685905817.5402243,328
1685905817.552271,327
1685905817.5682855,326
1685905817.5812316,326
1685905817.5972831,326
1685905817.6092832,324
1685905817.6222293,320
1685905817.6382856,318
1685905817.650264,316
1685905817.6632304,314
1685905817.6792843,312
1685905817.69128,309
1685905817.7042298,305
1685905817.720288,303
1685905817.7322826,302
1685905817.7442849,301
1685905817.76129,300
1685905817.7732842,296
1685905817.789285,294
1685905817.8022866,292
1685905817.814285,292
1685905817.8302872,292
1685905817.8432724,291
1685905817.8552861,289
1685905817.8712778,287
1685905817.88424,287
1685905817.8962228,287
1685905817.9122233,288
1685905817.9252245,286
1685905817.9412234,284
1685905817.9542906,283
1685905817.965915,283
1685905817.9820457,284
1685905817.9941585,284
1685905818.0071604,283
1685905818.0233786,281
1685905818.0354693,281
1685905818.047557,283
1685905818.0642643,284
1685905818.0762682,285
1685905818.0926733,285
1685905818.1048276,285
1685905818.1178284,286
1685905818.1338735,289
1685905818.1458926,291
1685905818.158829,292
1685905818.174958,292
1685905818.1872723,294
1685905818.1995423,296
1685905818.2158973,299
1685905818.2288682,302
1685905818.2408981,303
1685905818.257358,303
1685905818.2698166,303
1685905818.2858467,305
1685905818.2974489,308
1685905818.3103223,309
1685905818.3263586,308
1685905818.339376,308
1685905818.3512425,307
1685905818.36785,308
1685905818.379839,308
1685905818.3918319,308
1685905818.4083745,305
1685905818.4212496,303
1685905818.4371014,301
1685905818.4498875,301
1685905818.46207,302
1685905818.4782016,301
1685905818.4902163,299
1685905818.5026581,299
1685905818.5190303,301
1685905818.5320039,304
1685905818.543787,307
1685905818.560501,308
1685905818.572544,310
1685905818.58486,312
1685905818.6014557,317
1685905818.6140714,322
1685905818.6295319,325
1685905818.6419344,326
1685905818.654241,327
1685905818.6710932,328
1685905818.6835048,330
1685905818.6956356,332
1685905818.712045,332
1685905818.724309,331
1685905818.7365222,330
1685905818.7531042,329
1685905818.7651644,329
1685905818.7820687,329
1685905818.794107,327
1685905818.8056686,325
1685905818.822512,323
1685905818.835112,322
1685905818.847161,321
1685905818.863442,320
1685905818.875381,317
1685905818.887742,313
1685905818.9042118,310
1685905818.9167826,308
1685905818.932986,307
1685905818.9449396,304
1685905818.95788,300
1685905818.9740624,296
1685905818.9863124,295
1685905818.9986036,294
1685905819.0151024,294
1685905819.0265918,293
1685905819.0396378,290
1685905819.0560887,289
1685905819.0685089,289
1685905819.080641,290
1685905819.097102,292
1685905819.109194,292
1685905819.1260478,291
1685905819.138141,292
1685905819.1501694,293
1685905819.1661808,296
1685905819.1792014,297
1685905819.1912355,298
1685905819.2074568,297
1685905819.2191744,298
1685905819.232086,301
1685905819.2484941,303
1685905819.2610993,304
1685905819.2770648,303
1685905819.289496,303
1685905819.3011942,304
1685905819.3182535,305
1685905819.3301048,307
1685905819.3420782,307
1685905819.3589847,306
1685905819.3713272,305
1685905819.3834338,306
1685905819.3999631,307
1685905819.4126213,308
1685905819.4248655,308
1685905819.4401996,307
1685905819.4535263,306
1685905819.4698796,307
1685905819.4819589,309
1685905819.4941947,309
1685905819.5105836,308
1685905819.5227153,307
1685905819.5351171,307
1685905819.551645,308
1685905819.5646555,309
1685905819.5760553,309
1685905819.5925279,308
1685905819.6046796,307
1685905819.6206484,308
1685905819.6332533,309
1685905819.645104,311
1685905819.6612408,310
1685905819.6740668,309
1685905819.6862233,308
1685905819.7029963,309
1685905819.7147095,310
1685905819.7281857,311
1685905819.7440188,311
1685905819.7559686,310
1685905819.7728312,309
1685905819.7850409,310
1685905819.7972834,312
1685905819.813884,312
1685905819.8259428,311
1685905819.8379405,310
1685905819.854783,310
1685905819.8668408,311
1685905819.879058,311
1685905819.8948245,311
1685905819.9079406,310
1685905819.920368,309
1685905819.9365149,309
1685905819.9482245,311
1685905819.9651647,312
1685905819.9782598,311
1685905819.9898894,310
1685905820.0063267,309
1685905820.0179205,309
1685905820.0307624,311
1685905820.046804,311
1685905820.0594895,311
1685905820.0716486,309
1685905820.0884223,309
1685905820.1005065,310
1685905820.116632,311
1685905820.1292715,312
1685905820.1407852,310
1685905820.1578205,309
1685905820.1691728,309
1685905820.1817503,310
1685905820.198301,311
1685905820.2109716,310
1685905820.2232835,309
1685905820.2392325,308
1685905820.2518373,308
1685905820.268267,310
1685905820.2802217,311
1685905820.2926903,310
1685905820.309096,309
1685905820.320708,308
1685905820.3336425,308
1685905820.3502376,310
1685905820.3623106,311
1685905820.3750014,310
1685905820.3910718,308
1685905820.4029667,308
1685905820.415132,309
1685905820.4322689,310
1685905820.4451685,310
1685905820.4605417,309
1685905820.473484,308
1685905820.4852712,308
1685905820.501092,309
1685905820.5141976,310
1685905820.5259695,310
1685905820.5423586,309
1685905820.5550604,308
1685905820.5672867,308
1685905820.5838761,310
1685905820.596058,310
1685905820.6120615,309
1685905820.6249707,308
1685905820.6368413,308
1685905820.6538434,308
1685905820.6654272,309
1685905820.6775577,310
1685905820.6936593,309
1685905820.7056668,308
1685905820.7186503,307
1685905820.7347085,308
1685905820.7471888,310
1685905820.7595003,310
1685905820.7755036,309
1685905820.788735,308
1685905820.804525,308
1685905820.8161933,309
1685905820.8290474,310
1685905820.8450437,310
1685905820.8580475,309
1685905820.8700454,308
1685905820.8863795,308
1685905820.8983822,310
1685905820.910439,310
1685905820.9273922,310
1685905820.940062,309
1685905820.9560275,308
1685905820.96838,309
1685905820.9803815,310
1685905820.9973843,310
1685905821.0093825,309
1685905821.0213835,308
1685905821.0383825,307
1685905821.050385,308
1685905821.062875,310
1685905821.0793853,310
1685905821.0909736,309
1685905821.1066763,308
1685905821.119674,308
1685905821.131678,309
1685905821.1486728,311
1685905821.1606808,310
1685905821.1726837,309
1685905821.189646,308
1685905821.2017114,309
1685905821.2144308,310
1685905821.2301974,311
1685905821.2431898,310
1685905821.2556977,309
1685905821.2718594,308
1685905821.2840915,309
1685905821.3001308,310
1685905821.3133326,311
1685905821.3250515,310
1685905821.3410892,309
1685905821.353149,308
1685905821.3651574,309
1685905821.3822927,311
1685905821.3938875,311
1685905821.4071975,309
1685905821.423303,308
1685905821.436149,309
1685905821.45189,310
1685905821.4638689,310
1685905821.476129,310
1685905821.4924953,309
1685905821.5044608,308
1685905821.51725,308
1685905821.533254,309
1685905821.5470147,310
1685905821.5580795,309
1685905821.5740356,308
1685905821.5864832,308
1685905821.5994833,308
1685905821.6159263,310
1685905821.6277423,310
1685905821.6446018,309
1685905821.6568758,308
1685905821.6691875,308
1685905821.6857762,309
1685905821.697831,311
1685905821.7093604,311
1685905821.7263026,309
1685905821.7383535,308
1685905821.7503006,308
1685905821.7672987,309
1685905821.7793071,310
1685905821.795352,309
1685905821.8083007,308
1685905821.820293,307
1685905821.836299,308
1685905821.849295,309
1685905821.8615165,310
1685905821.877349,309
1685905821.8903406,308
1685905821.902108,307
1685905821.9181056,308
1685905821.9313319,309
1685905821.9430919,310
1685905821.9597812,309
1685905821.9717724,308
1685905821.9886415,307
1685905822.0007753,309
1685905822.0127442,310
1685905822.0296216,309
1685905822.0414793,308
1685905822.0541403,307
1685905822.070543,307
1685905822.0825946,308
1685905822.0947382,309
1685905822.1106484,309
1685905822.124171,307
1685905822.1397004,306
1685905822.1518595,307
1685905822.1647909,309
1685905822.18098,309
1685905822.1931934,308
1685905822.2052846,307
1685905822.2216873,307
1685905822.234532,307
1685905822.2458928,309
1685905822.262946,309
1685905822.2754128,308
1685905822.2910736,307
1685905822.3039696,307
1685905822.3163443,308
1685905822.3326879,309
1685905822.3450644,309
1685905822.3571608,307
1685905822.3738117,306
1685905822.3863306,307
1685905822.3983073,309
1685905822.414546,309
1685905822.4265485,309
1685905822.4388134,307
1685905822.455171,306
1685905822.4674246,307
1685905822.4843638,308
1685905822.4965575,309
1685905822.5088773,308
1685905822.5250938,307
1685905822.5368865,306
1685905822.54981,307
1685905822.566431,308
1685905822.578084,309
1685905822.5907633,307
1685905822.6069417,306
1685905822.6195543,306
1685905822.6346672,308
1685905822.6479645,309
1685905822.660309,309
1685905822.6760936,307
1685905822.6884573,306
1685905822.7012553,307
1685905822.7177896,308
1685905822.7299998,309
1685905822.7425823,308
1685905822.758417,307
1685905822.7710056,306
1685905822.7829692,307
1685905822.7991133,308
1685905822.811154,309
1685905822.8280447,308
1685905822.8403075,307
1685905822.8520937,307
1685905822.8692932,307
1685905822.8812697,309
1685905822.8936932,309
1685905822.9096775,307
1685905822.9217634,306
1685905822.9346282,307
1685905822.9508376,308
1685905822.962492,309
1685905822.979283,309
1685905822.9919877,308
1685905823.0044923,307
1685905823.0207388,307
1685905823.0328736,309
1685905823.0455039,309
1685905823.0617557,309
1685905823.0741394,307
1685905823.0862098,306
1685905823.1020672,307
1685905823.1141276,309
1685905823.1309643,309
1685905823.1433377,308
1685905823.1560035,307
1685905823.1724205,307
1685905823.1841493,308
1685905823.1968102,309
1685905823.2128067,309
1685905823.2257998,308
1685905823.2376366,306
1685905823.2546217,306
1685905823.2664058,308
1685905823.2791266,309
1685905823.2953796,308
1685905823.3074431,307
1685905823.3237731,306
1685905823.336293,307
1685905823.348233,308
1685905823.364567,309
1685905823.3765814,309
1685905823.388561,307
1685905823.4045658,307
1685905823.4183104,308
1685905823.4301755,309
1685905823.4462924,309
1685905823.458503,309
1685905823.4745007,307
1685905823.4877708,308
1685905823.499793,309
1685905823.515978,310
1685905823.5278459,310
1685905823.5408075,309
1685905823.556861,308
1685905823.5688488,308
1685905823.5815494,309
1685905823.5986385,310
1685905823.6106484,310
1685905823.6224635,308
1685905823.6390593,307
1685905823.6516614,308
1685905823.6678114,310
1685905823.6803257,311
1685905823.6917682,310
1685905823.708776,308
1685905823.720766,308
1685905823.7328243,308
1685905823.7498362,309
1685905823.7619886,310
1685905823.7738564,309
1685905823.7908554,308
1685905823.802862,308
1685905823.818845,309
1685905823.8311577,310
1685905823.8438492,310
1685905823.85985,309
1685905823.8718488,308
1685905823.8848476,308
1685905823.9009035,309
1685905823.9132042,310
1685905823.9259021,310
1685905823.9419026,309
1685905823.9539747,308
1685905823.9704766,308
1685905823.9829032,310
1685905823.9949021,311
1685905824.0119038,310
1685905824.0240264,309
1685905824.0358994,308
1685905824.0518992,309
1685905824.0649006,310
1685905824.076901,311
1685905824.092899,309
1685905824.1059,309
1685905824.117903,309
1685905824.1339028,310
1685905824.1469016,311
1685905824.1719074,311
1685905824.174906,310
1685905824.187903,309
1685905824.2039006,309
1685905824.2229087,310
1685905824.239906,311
1685905824.268903,311
1685905824.2699013,309
1685905824.2699013,308
1685905824.2858977,309
1685905824.2979438,311
1685905824.3249476,311
1685905824.3277895,310
1685905824.3429477,308
1685905824.3559492,308
1685905824.3680365,309
1685905824.3799467,310
1685905824.39622,310
1685905824.4082165,309
1685905824.421217,308
1685905824.437217,308
1685905824.4492147,309
1685905824.4652193,310
1685905824.4782155,310
1685905824.4903352,309
1685905824.5072541,308
1685905824.5194478,309
1685905824.5312574,310
1685905824.548255,311
1685905824.5602562,311
1685905824.5722582,309
1685905824.5883195,308
1685905824.601468,309
1685905824.6137023,310
1685905824.629362,311
1685905824.6423283,310
1685905824.6583743,309
1685905824.6703336,308
1685905824.68333,310
1685905824.6993482,311
1685905824.7119596,311
1685905824.7239063,310
1685905824.7409058,308
1685905824.7529087,309
1685905824.7649064,310
1685905824.781906,310
1685905824.7939086,310
1685905824.8099043,309
1685905824.822176,308
1685905824.8349047,308
1685905824.8509061,309
1685905824.8629057,310
1685905824.8759098,310
1685905824.891909,308
1685905824.9039028,308
1685905824.9169292,308
1685905824.9333923,310
1685905824.9455943,310
1685905824.9579933,309
1685905824.9744117,308
1685905824.9869456,307
1685905825.002697,308
1685905825.0146964,310
1685905825.0269628,310
1685905825.0436993,309
1685905825.0556452,308
1685905825.067693,308
1685905825.0846627,309
1685905825.0972228,310
1685905825.1089642,310
1685905825.125902,308
1685905825.1381247,307
1685905825.1541386,308
1685905825.166127,309
1685905825.179134,310
1685905825.195178,310
1685905825.2074583,308
1685905825.220132,308
1685905825.2361298,309
1685905825.2483597,310
1685905825.2609427,310
1685905825.277471,309
1685905825.2895062,308
1685905825.3016887,308
1685905825.3188727,309
1685905825.3306165,310
1685905825.3462818,310
1685905825.3589242,309
1685905825.3711743,308
1685905825.3874252,308
1685905825.3994277,309
1685905825.4124682,310
1685905825.4288073,309
1685905825.4411192,308
1685905825.4532857,307
1685905825.469891,307
1685905825.4821322,309
1685905825.4980662,310
1685905825.5108976,309
1685905825.5231285,308
1685905825.5394294,307
1685905825.5519125,308
1685905825.5639985,310
1685905825.5805202,310
1685905825.5923858,309
1685905825.605145,308
1685905825.6217833,308
1685905825.633829,309
1685905825.6502457,310
1685905825.6622813,310
1685905825.674734,308
1685905825.6910741,307
1685905825.703354,307
1685905825.7159784,309
1685905825.7319937,310
1685905825.7439933,309
1685905825.7560356,308
1685905825.7729764,307
1685905825.7850254,308
1685905825.7973354,309
1685905825.8138642,309
1685905825.8262339,309
1685905825.8422308,308
1685905825.8542218,307
1685905825.866219,308
1685905825.8832202,309
1685905825.895911,310
1685905825.9079554,309
1685905825.924322,307
1685905825.93695,307
1685905825.9489353,308
1685905825.965615,310
1685905825.9778764,309
1685905825.993921,308
1685905826.0057118,307
1685905826.0188057,307
1685905826.0347886,309
1685905826.0468237,310
1685905826.058793,309
1685905826.0759308,307
1685905826.0880432,307
1685905826.1004782,307
1685905826.1174078,309
1685905826.1294198,310
1685905826.1413362,309
1685905826.1581235,308
1685905826.1701252,307
1685905826.186105,308
1685905826.199114,309
1685905826.2111204,310
1685905826.227368,309
1685905826.2397916,307
1685905826.251369,307
1685905826.2683651,308
1685905826.2803636,309
1685905826.2923322,309
1685905826.3093412,308
1685905826.3215463,307
1685905826.3373435,307
1685905826.3503428,309
1685905826.362342,310
1685905826.3783457,309
1685905826.3913417,308
1685905826.403343,307
1685905826.4198,308
1685905826.431342,309
1685905826.444342,310
1685905826.460341,309
1685905826.472343,308
1685905826.4893417,307
1685905826.501586,309
1685905826.5135763,310
1685905826.530573,310
1685905826.5425766,309
1685905826.5545719,308
1685905826.571573,307
1685905826.5835736,309
1685905826.5955749,310
1685905826.6115763,309
1685905826.6245744,308
1685905826.636573,307
1685905826.6533225,307
1685905826.6653183,309
1685905826.68132,310
1685905826.6937737,309
1685905826.706773,308
1685905826.7227738,307
1685905826.7347732,308
1685905826.7477741,309
1685905826.7638578,309
1685905826.7757723,308
1685905826.7878335,307
1685905826.80481,307
1685905826.8168106,308
1685905826.83281,309
1685905826.846379,309
1685905826.8582022,308
1685905826.873812,307
1685905826.8868096,307
1685905826.8988104,308
1685905826.9148107,309
1685905826.9278114,309
1685905826.9398105,307
1685905826.9558096,306
1685905826.96881,307
1685905826.9808106,308
1685905826.9968097,310
1685905827.009811,309
1685905827.0258107,307
1685905827.0378103,307
1685905827.049814,307
1685905827.0668092,309
1685905827.078811,309
1685905827.0908103,308
1685905827.1078098,307
1685905827.1198099,307
1685905827.1318111,308
1685905827.148814,309
1685905827.16081,309
1685905827.1768103,307
1685905827.1898105,306
1685905827.2018104,306
1685905827.2188098,308
1685905827.2308097,309
1685905827.2428114,309
1685905827.25881,307
1685905827.2718081,307
1685905827.2838087,307
1685905827.2998097,308
1685905827.312811,309
1685905827.3288093,309
1685905827.3408086,307
1685905827.3538096,306
1685905827.3698106,307
1685905827.38181,309
1685905827.3948104,309
1685905827.4108095,308
1685905827.4228098,307
1685905827.4358099,307
1685905827.4518113,308
1685905827.463812,309
1685905827.4758122,309
1685905827.4928114,308
1685905827.5048122,307
1685905827.5208097,307
1685905827.5338104,308
1685905827.5458102,309
1685905827.5618122,309
1685905827.5748103,307
1685905827.5868099,307
1685905827.6028092,307
1685905827.6158097,309
1685905827.6278868,309
1685905827.6438093,308
1685905827.6568093,307
1685905827.6728106,306
1685905827.6848116,307
1685905827.697809,309
1685905827.7138097,309
1685905827.7260022,308
1685905827.738814,307
1685905827.7548113,306
1685905827.7668097,308
1685905827.7798097,309
1685905827.7958133,309
1685905827.8083549,308
1685905827.820976,307
1685905827.8376734,307
1685905827.8497198,308
1685905827.8654976,309
1685905827.8792272,309
1685905827.8898895,308
1685905827.9068902,307
1685905827.9186392,307
1685905827.9316232,309
1685905827.9476583,309
1685905827.9596212,308
1685905827.9716735,307
1685905827.9886293,306
1685905828.000711,307
1685905828.0173686,309
1685905828.0292745,309
1685905828.0423093,308
1685905828.0581768,307
1685905828.07065,307
1685905828.083499,308
1685905828.099619,310
1685905828.1124523,310
1685905828.1250427,308
1685905828.1397712,307
1685905828.1532106,308
1685905828.168588,309
1685905828.1814835,310
1685905828.1936631,309
1685905828.2102299,308
1685905828.2224107,307
1685905828.2345588,308
1685905828.2511277,309
1685905828.2631369,310
1685905828.2756968,309
1685905828.2924783,308
1685905828.3041914,307
1685905828.3162258,308
1685905828.3325915,310
1685905828.3446493,310
1685905828.361692,309
1685905828.3739133,308
1685905828.3859568,307
1685905828.4028342,309
1685905828.4142687,310
1685905828.4276283,309
1685905828.4445245,308
1685905828.4559453,307
1685905828.4691613,308
1685905828.4843361,309
1685905828.4978375,310
1685905828.5135977,309
1685905828.5255442,308
1685905828.5379734,307
1685905828.5544095,307
1685905828.5671332,309
1685905828.579285,310
1685905828.5949814,309
1685905828.6075552,308
1685905828.6205454,307
1685905828.6367586,308
1685905828.6478174,310
1685905828.6608222,310
1685905828.6768334,309
1685905828.689429,308
1685905828.7057862,308
1685905828.7177792,309
1685905828.7300816,311
1685905828.7464964,310
1685905828.7584512,309
1685905828.7713223,308
1685905828.7873564,308
1685905828.7995136,310
1685905828.8113546,310
1685905828.8283188,310
1685905828.8403149,308
1685905828.856314,307
1685905828.868316,308
1685905828.8811655,310
1685905828.8979359,310
1685905828.910183,309
1685905828.922266,307
1685905828.938987,307
1685905828.9508765,308
1685905828.9638307,309
1685905828.9798298,309
1685905828.992483,308
1685905829.0084474,307
1685905829.020436,307
1685905829.0334895,309
1685905829.049475,309
1685905829.061487,309
1685905829.0734866,308
1685905829.0904288,307
1685905829.1025527,308
1685905829.1144738,309
1685905829.131554,310
1685905829.1435642,309
1685905829.155561,308
1685905829.172553,307
1685905829.1853242,308
1685905829.2012155,309
1685905829.2136295,310
1685905829.225749,309
1685905829.2420583,307
1685905829.2546425,307
1685905829.26662,308
1685905829.282684,309
1685905829.295506,310
1685905829.30707,309
1685905829.3239546,307
1685905829.3365176,308
1685905829.3517115,309
1685905829.3649833,310
1685905829.3772328,310
1685905829.3935537,308
1685905829.4063199,308
1685905829.4184403,308
1685905829.4356136,309
1685905829.4470148,310
1685905829.4602814,309
1685905829.4767022,308
1685905829.4889545,307
1685905829.5012395,308
1685905829.5164895,309
1685905829.5291817,310
1685905829.545564,309
1685905829.5576842,307
1685905829.5701878,307
1685905829.586435,308
1685905829.5983987,310
1685905829.6112568,310
1685905829.6272461,308
1685905829.6395965,307
1685905829.6517274,307
1685905829.667665,308
1685905829.6806815,309
1685905829.6967266,309
1685905829.70874,307
1685905829.721096,307
1685905829.738183,307
1685905829.7500296,309
1685905829.7620301,310
1685905829.779019,309
1685905829.791344,308
1685905829.803028,307
1685905829.8197248,308
1685905829.8329077,309
1685905829.8479068,310
1685905829.8608375,309
1685905829.8731859,307
1685905829.8892937,307
1685905829.901656,308
1685905829.9138694,309
1685905829.9304116,309
1685905829.9419422,308
1685905829.9549906,307
1685905829.970922,307
1685905829.9835594,309
1685905829.995919,309
1685905830.012066,309
1685905830.0240858,308
1685905830.0407217,307
1685905830.0532439,308
1685905830.065567,309
1685905830.0819123,310
1685905830.0939531,309
1685905830.10739,308
1685905830.1230123,307
1685905830.135179,308
1685905830.1473591,309
1685905830.1644287,309
1685905830.176273,308
1685905830.1922293,307
1685905830.204957,307
1685905830.2172241,308
1685905830.2329504,309
1685905830.2454138,309
1685905830.2578113,308
1685905830.274268,307
1685905830.2868078,307
1685905830.299591,308
1685905830.3150902,309
1685905830.327671,309
1685905830.3400087,307
1685905830.3556497,306
1685905830.368796,307
1685905830.3848958,309
1685905830.3970077,309
1685905830.4096334,309
1685905830.425774,307
1685905830.4386184,307
1685905830.4507234,308
1685905830.4666586,309
1685905830.4786599,310
1685905830.490662,309
1685905830.5076544,307
1685905830.5196562,308
1685905830.5356545,309
1685905830.547654,310
1685905830.5606563,310
1685905830.576655,308
1685905830.5896564,307
1685905830.6018908,307
1685905830.6178374,309
1685905830.6305184,310
1685905830.6430883,309
1685905830.658643,308
1685905830.672316,307
1685905830.6881094,308
1685905830.7004402,309
1685905830.7124221,310
1685905830.7287068,309
1685905830.740741,307
1685905830.7537382,307
1685905830.769283,308
1685905830.782275,309
1685905830.7942827,309
1685905830.8099113,308
1685905830.8229623,306
1685905830.8351598,306
1685905830.8515718,308
1685905830.864205,309
1685905830.8807817,308
1685905830.8929813,307
1685905830.9052289,307
1685905830.9215055,307
1685905830.93355,308
1685905830.946413,309
1685905830.9625778,308
1685905830.9749296,307
1685905830.9873607,307
1685905831.0037696,307
1685905831.0162265,309
1685905831.0320907,309
1685905831.0440786,308
1685905831.056463,307
1685905831.0731559,307
1685905831.0855575,307
1685905831.0973072,308
1685905831.1135798,308
1685905831.1269805,307
1685905831.1384456,306
1685905831.1560242,306
1685905831.1669757,307
1685905831.1833699,308
1685905831.195702,307
1685905831.2084908,306
1685905831.2245378,305
1685905831.2368908,306
1685905831.2499347,307
1685905831.265927,308
1685905831.2780585,307
1685905831.2901967,306
1685905831.3067317,305
1685905831.318504,306
1685905831.3305113,307
1685905831.347507,308
1685905831.359091,307
1685905831.376128,305
1685905831.3881495,305
1685905831.4008784,306
1685905831.4176252,307
1685905831.4294977,307
1685905831.441547,306
1685905831.4579217,305
1685905831.4703672,305
1685905831.482323,307
1685905831.4983191,308
1685905831.5103776,307
1685905831.5273263,306
1685905831.5395296,305
1685905831.5513227,306
1685905831.5683215,307
1685905831.5804613,307
1685905831.5924246,307
1685905831.6088698,305
1685905831.6214175,305
1685905831.6334503,305
1685905831.6505032,307
1685905831.662527,307
1685905831.6747947,306
1685905831.6914785,305
1685905831.7036831,305
1685905831.7202952,306
1685905831.7321901,308
1685905831.7449126,308
1685905831.7611625,306
1685905831.773475,306
1685905831.785025,306
1685905831.8022327,307
1685905831.8142776,308
1685905831.8267937,308
1685905831.8428059,307
1685905831.8553417,306
1685905831.8715873,307
1685905831.8835883,308
1685905831.8965452,309
1685905831.9121556,308
1685905831.9249573,307
1685905831.937441,306
1685905831.9534898,307
1685905831.9659572,308
1685905831.978125,309
1685905831.9946134,307
1685905832.0065706,306
1685905832.0228026,306
1685905832.0352705,307
1685905832.0473685,308
1685905832.0642838,308
1685905832.0767663,307
1685905832.0883183,306
1685905832.1053712,307
1685905832.1177137,308
1685905832.1296391,309
1685905832.146553,309
1685905832.1593375,307
1685905832.1703227,307
1685905832.1872544,307
1685905832.199245,309
1685905832.2158036,310
1685905832.2282565,309
1685905832.2404957,308
1685905832.2568207,307
1685905832.2688444,308
1685905832.2817974,309
1685905832.2977645,310
1685905832.3104084,308
1685905832.3225884,307
1685905832.338676,307
1685905832.3509421,308
1685905832.3676279,309
1685905832.3794892,309
1685905832.3917396,308
1685905832.4084022,306
1685905832.4208238,307
1685905832.4330254,309
1685905832.449637,310
1685905832.4618022,309
1685905832.4735937,308
1685905832.4903858,307
1685905832.5023775,308
1685905832.5148063,309
1685905832.530882,310
1685905832.543754,309
1685905832.5595548,307
1685905832.5724523,307
1685905832.584707,308
1685905832.6011095,309
1685905832.6130538,309
1685905832.6248517,308
1685905832.6414568,307
1685905832.6541712,307
1685905832.6657097,308
1685905832.6827433,309
1685905832.694716,309
1685905832.7113626,308
1685905832.7231047,307
1685905832.7360263,307
1685905832.752528,309
1685905832.7647324,309
1685905832.777039,309
1685905832.7933517,307
1685905832.8053894,307
1685905832.8176568,307
1685905832.8336859,309
1685905832.8466303,309
1685905832.863027,308
1685905832.874808,307
1685905832.8879406,306
1685905832.903957,307
1685905832.916282,309
1685905832.9282763,309
1685905832.9452486,307
1685905832.9573908,306
1685905832.9695373,306
1685905832.9860213,307
1685905832.9982324,309
1685905833.0096908,309
1685905833.0266347,307
1685905833.0385761,306
1685905833.0547526,307
1685905833.0676427,308
1685905833.0796108,309
1685905833.0968053,308
1685905833.1091173,307
1685905833.1208572,306
1685905833.1374714,307
1685905833.149659,308
1685905833.1622088,309
1685905833.178422,308
1685905833.1904666,307
1685905833.2062733,307
1685905833.21931,308
1685905833.2313902,309
1685905833.247828,309
1685905833.2603538,308
1685905833.2725124,307
1685905833.2886395,307
1685905833.301217,308
1685905833.313851,309
1685905833.329311,309
1685905833.3423147,308
1685905833.3543155,307
1685905833.3703132,307
1685905833.3823714,309
1685905833.399312,310
1685905833.4113154,309
1685905833.4233215,307
1685905833.4403126,307
1685905833.4523735,308
1685905833.4653234,309
1685905833.4817936,310
1685905833.493809,309
1685905833.505453,308
1685905833.5221286,308
1685905833.5344658,309
1685905833.55039,310
1685905833.5633688,310
1685905833.5755725,309
1685905833.5912566,308
1685905833.6039324,308
1685905833.6167316,309
1685905833.6331623,311
1685905833.6452096,310
1685905833.6575038,309
1685905833.6739926,308
1685905833.6864398,309
1685905833.7023768,310
1685905833.715018,311
1685905833.7275622,310
1685905833.743276,309
1685905833.7556272,309
1685905833.7690275,309
1685905833.784668,310
1685905833.797039,311
1685905833.8083444,309
1685905833.8257906,308
1685905833.8378346,308
1685905833.8500497,309
1685905833.8659828,310
1685905833.8785963,310
1685905833.8948681,309
1685905833.9076362,308
1685905833.9197783,308
1685905833.9357746,310
1685905833.9484613,311
1685905833.960761,310
1685905833.9773319,309
1685905833.9892855,308
1685905834.0024183,308
1685905834.0173879,310
1685905834.0303338,311
1685905834.0462728,310
1685905834.0590389,308
1685905834.0707595,308
1685905834.0874803,309
1685905834.0994847,310
1685905834.112536,311
1685905834.1286237,309
1685905834.14117,308
1685905834.1534538,308
1685905834.1689703,309
1685905834.1819441,310
1685905834.1941602,311
1685905834.210289,309
1685905834.2220356,308
1685905834.2391481,308
1685905834.2514367,310
1685905834.263941,311
1685905834.2804172,310
1685905834.2925296,309
1685905834.304317,308
1685905834.3206925,309
1685905834.333287,310
1685905834.3452008,311
1685905834.361623,310
1685905834.3743246,308
1685905834.3898492,308
1685905834.4029627,309
1685905834.4147067,310
1685905834.431607,311
1685905834.4440553,310
1685905834.4560394,308
1685905834.471897,308
1685905834.484605,310
1685905834.4969356,311
1685905834.51334,311
1685905834.5259962,309
1685905834.5419853,308
1685905834.5543935,309
1685905834.5669277,310
1685905834.583412,311
1685905834.5954316,310
1685905834.608079,309
1685905834.6235669,309
1685905834.6366794,310
1685905834.6488461,311
1685905834.6646292,312
1685905834.6766725,311
1685905834.6899648,309
1685905834.7060173,309
1685905834.7182968,310
1685905834.7348008,311
1685905834.7474282,311
1685905834.7593138,310
1685905834.775893,309
1685905834.7881663,309
1685905834.8005621,310
1685905834.8162136,311
1685905834.829252,310
1685905834.8412945,309
1685905834.8572903,308
1685905834.8702333,309
1685905834.8862336,310
1685905834.8983045,311
1685905834.9102926,310
1685905834.9268553,309
1685905834.940309,309
1685905834.9519167,310
1685905834.9683948,311
1685905834.9805636,311
1685905834.9928164,310
1685905835.0094588,309
1685905835.0210297,308
1685905835.0338526,309
1685905835.0502996,310
1685905835.0626729,310
1685905835.078943,309
1685905835.091289,308
1685905835.103295,308
1685905835.119946,309
1685905835.1331909,310
1685905835.143784,310
1685905835.1607838,309
1685905835.1727808,308
1685905835.184786,308
1685905835.2017832,310
1685905835.21399,310
1685905835.229783,309
1685905835.242875,308
1685905835.25478,308
1685905835.2708333,308
1685905835.2827806,310
1685905835.2957788,310
1685905835.3119864,309
1685905835.3237782,308
1685905835.3367827,307
1685905835.3527796,309
1685905835.364783,310
1685905835.3807821,310
1685905835.393783,309
1685905835.4067826,308
1685905835.4228618,308
1685905835.4348571,309
1685905835.4470618,310
1685905835.4638631,309
1685905835.4758568,308
1685905835.4880176,307
1685905835.503862,308
1685905835.5169148,309
1685905835.5288553,309
1685905835.5448554,308
1685905835.5580258,307
1685905835.5741284,307
1685905835.5858757,308
1685905835.598861,309
1685905835.6150615,309
1685905835.627466,308
1685905835.6395621,307
1685905835.6560855,307
1685905835.6691213,308
1685905835.6806111,309
1685905835.6973412,309
1685905835.7090404,308
1685905835.7256994,306
1685905835.7385678,307
1685905835.7501574,308
1685905835.766203,309
1685905835.7787433,308
1685905835.7916617,307
1685905835.807999,307
1685905835.8196626,307
1685905835.8328118,309
1685905835.848522,309
1685905835.8608255,309
1685905835.8775222,307
1685905835.8898408,307
1685905835.9015343,308
1685905835.9184623,309
1685905835.9309392,309
1685905835.9434268,308
1685905835.959354,307
1685905835.9717667,307
1685905835.9837215,308
1685905836.0001879,309
1685905836.012821,309
1685905836.0252304,308
1685905836.0413764,307
1685905836.053762,308
1685905836.0699787,309
1685905836.082338,310
1685905836.0945394,309
1685905836.110922,308
1685905836.1233423,307
1685905836.1355534,307
1685905836.1519117,309
1685905836.164573,309
1685905836.1758358,308
1685905836.1930134,307
1685905836.204897,307
1685905836.221603,308
1685905836.2336042,309
1685905836.2458212,309
1685905836.2626631,308
1685905836.2746167,307
1685905836.2869573,307
1685905836.3032155,309
1685905836.3158863,310
1685905836.328319,310
1685905836.3447115,308
1685905836.3567374,307
1685905836.3687549,307
1685905836.3854966,309
1685905836.3978345,310
1685905836.4134645,309
1685905836.4257596,308
1685905836.4386249,307
1685905836.4553359,308
1685905836.4673803,309
1685905836.479837,310
1685905836.4959364,309
1685905836.508319,307
1685905836.520309,307
1685905836.5366032,308
1685905836.5492923,309
1685905836.5658305,309
1685905836.577911,308
1685905836.5902188,307
1685905836.6069908,307
1685905836.6188586,308
1685905836.6314995,309
1685905836.6475515,309
1685905836.6591692,307
1685905836.6721668,306
1685905836.6888082,307
1685905836.7008724,308
1685905836.716801,309
1685905836.7294183,308
1685905836.7411637,307
1685905836.758251,307
1685905836.7702582,307
1685905836.7820938,309
1685905836.7990932,309
1685905836.8110566,308
1685905836.8235357,307
1685905836.8401158,307
1685905836.8521416,308
1685905836.864806,309
1685905836.8813694,309
1685905836.8933542,308
1685905836.9097867,307
1685905836.921462,307
1685905836.934473,309
1685905836.950906,309
1685905836.9630687,309
1685905836.9752429,308
1685905836.9917574,307
1685905837.0039098,308
1685905837.0161989,309
1685905837.0320663,309
1685905837.0449765,309
1685905837.0612447,307
1685905837.0731008,307
1685905837.0852754,308
1685905837.1015508,309
1685905837.11474,309
1685905837.1269858,308
1685905837.1434977,307
1685905837.155429,307
1685905837.1671698,308
1685905837.1843114,309
1685905837.196732,309
1685905837.2088423,308
1685905837.2247028,307
1685905837.2368634,307
1685905837.2536077,308
1685905837.2656798,309
1685905837.277668,309
1685905837.2943408,307
1685905837.3069363,307
1685905837.3188515,307
1685905837.3357253,309
1685905837.3477185,309
1685905837.359723,308
1685905837.3764787,307
1685905837.3892334,307
1685905837.4052055,308
1685905837.4174588,309
1685905837.4293017,309
1685905837.4461865,308
1685905837.4582324,308
1685905837.4701645,307
1685905837.4872563,308
1685905837.4994264,309
1685905837.5112917,309
1685905837.527958,308
1685905837.540673,307
1685905837.5569072,307
1685905837.5689657,309
1685905837.581365,310
1685905837.5980155,309
1685905837.610175,308
1685905837.6224291,307
1685905837.638219,308
1685905837.651275,309
1685905837.6634088,310
1685905837.6794877,309
1685905837.6922078,307
1685905837.704441,307
1685905837.7205293,308
1685905837.732548,309
1685905837.749297,310
1685905837.7614517,308
1685905837.77421,307
1685905837.790212,308
1685905837.8023841,309
1685905837.8142684,310
1685905837.8312826,310
1685905837.8432114,308
1685905837.8562107,307
1685905837.8722088,308
1685905837.8845673,309
1685905837.9006414,310
1685905837.913228,309
1685905837.9252026,308
1685905837.941567,307
1685905837.9543521,308
1685905837.9663355,309
1685905837.983071,309
1685905837.9953926,309
1685905838.007329,307
1685905838.02345,307
1685905838.0363014,308
1685905838.047801,309
1685905838.0650365,309
1685905838.0770848,308
1685905838.0935671,307
1685905838.105881,307
1685905838.1179898,308
1685905838.135072,309
1685905838.1459785,309
1685905838.1589832,307
1685905838.1753886,307
1685905838.1873024,307
1685905838.2001803,309
1685905838.2170005,309
1685905838.2283437,309
1685905838.2439883,307
1685905838.2572641,307
1685905838.2694275,308
1685905838.285982,309
1685905838.2982316,309
1685905838.3110015,308
1685905838.3267324,307
1685905838.3387356,307
1685905838.3510008,308
1685905838.3680477,309
1685905838.379721,309
1685905838.396044,308
1685905838.408782,307
1685905838.4210584,307
1685905838.4369917,308
1685905838.449701,309
1685905838.4618366,309
1685905838.477838,308
1685905838.4908981,307
1685905838.5028775,308
1685905838.5190022,309
1685905838.531083,310
1685905838.5440197,310
1685905838.5611608,310
1685905838.5728197,311
1685905838.5888128,313
1685905838.6010396,316
1685905838.613073,318
1685905838.6300318,319
1685905838.6420636,319
1685905838.6546419,319
1685905838.6706393,320
1685905838.6830719,322
1685905838.6956968,323
1685905838.7116258,322
1685905838.723901,320
1685905838.740059,321
1685905838.7527654,325
1685905838.7652009,328
1685905838.781638,332
1685905838.7937484,335
1685905838.805693,338
1685905838.8226242,341
1685905838.8345668,345
1685905838.8471808,348
1685905838.8632433,348
1685905838.8751888,347
1685905838.8882387,345
1685905838.9043086,345
1685905838.9168565,345
1685905838.9323688,343
1685905838.9453828,341
1685905838.9574165,339
1685905838.9736807,338
1685905838.9863582,337
1685905838.9986331,336
1685905839.0150383,333
1685905839.0275826,329
1685905839.0396428,326
1685905839.0559125,323
1685905839.0677643,322
1685905839.083627,320
1685905839.0967574,317
1685905839.1088881,313
1685905839.125641,310
1685905839.137685,309
1685905839.1499422,309
1685905839.166692,308
1685905839.1786122,306
1685905839.191061,303
1685905839.207808,301
1685905839.2196774,301
1685905839.2353253,301
1685905839.248353,300
1685905839.2603538,299
1685905839.2773252,297
1685905839.2893913,298
1685905839.3014882,299
1685905839.3174057,298
1685905839.329681,299
1685905839.3427594,298
1685905839.359138,298
1685905839.3706825,299
1685905839.3837292,300
1685905839.39975,302
1685905839.4116912,303
1685905839.4287314,302
1685905839.4406774,302
1685905839.4528618,304
1685905839.4695632,305
1685905839.4819927,306
1685905839.4938502,307
1685905839.5105674,305
1685905839.522753,305
1685905839.5349314,307
1685905839.5518613,307
1685905839.5638626,307
1685905839.5802112,307
1685905839.5923283,305
1685905839.6048923,304
1685905839.6208792,305
1685905839.633216,306
1685905839.6459935,305
1685905839.6624799,304
1685905839.6742637,303
1685905839.6859736,303
1685905839.7029335,304
1685905839.7150054,305
1685905839.7306707,303
1685905839.7437341,301
1685905839.756006,299
1685905839.7727616,299
1685905839.7846282,300
1685905839.797618,300
1685905839.813636,298
1685905839.8266892,296
1685905839.8376737,295
1685905839.8548903,296
1685905839.8667226,296
1685905839.8784106,295
1685905839.8953915,293
1685905839.9074101,290
1685905839.9238846,289
1685905839.9359422,288
1685905839.9492614,287
1685905839.9652765,285
1685905839.9776075,283
1685905839.9893208,281
1685905840.0063221,280
1685905840.0182605,280
1685905840.0307708,280
1685905840.047319,278
1685905840.0592299,276
1685905840.0749416,275
1685905840.0880666,276
1685905840.1002681,277
1685905840.116961,277
1685905840.1282675,277
1685905840.141597,276
1685905840.1576173,277
1685905840.1697838,279
1685905840.1825938,281
1685905840.1986108,282
1685905840.2105663,283
1685905840.2226157,283
1685905840.2395473,285
1685905840.2515528,288
1685905840.2676108,291
1685905840.2805662,292
1685905840.2935605,293
1685905840.3085482,295
1685905840.3216224,297
1685905840.3336277,300
1685905840.3495703,300
1685905840.3626268,298
1685905840.3746057,297
1685905840.3908784,292
1685905840.403566,293
1685905840.4195433,294
1685905840.43188,295
1685905840.444572,296
1685905840.4606068,298
1685905840.4725366,303
1685905840.4856079,309
1685905840.5015824,314
1685905840.5145597,320
1685905840.5255446,323
1685905840.5425904,326
1685905840.5552452,329
1685905840.571348,332
1685905840.5838814,335
1685905840.5953639,335
1685905840.6121862,334
1685905840.624203,333
1685905840.6369798,333
1685905840.652984,334
1685905840.6652558,333
1685905840.677982,331
1685905840.6941724,329
1685905840.7059722,327
1685905840.7189353,327
1685905840.7349677,326
1685905840.7469785,324
1685905840.7639294,321
1685905840.7759817,318
1685905840.788237,315
1685905840.804656,314
1685905840.8166308,313
1685905840.829635,311
1685905840.8458116,307
1685905840.858071,304
1685905840.8697367,302
1685905840.8863256,302
1685905840.8986957,302
1685905840.9153697,299
1685905840.927385,297
1685905840.9397225,296
1685905840.9563866,296
1685905840.9684405,297
1685905840.9806938,297
1685905840.997423,295
1685905841.0093796,295
1685905841.02143,294
1685905841.0384007,296
1685905841.0505605,297
1685905841.0628004,298
1685905841.0790706,297
1685905841.0909545,296
1685905841.107755,297
1685905841.1204753,299
1685905841.132241,301
1685905841.1485882,301
1685905841.1605902,300
1685905841.17352,300
1685905841.1900394,301
1685905841.2015207,303
1685905841.214459,304
1685905841.2307863,304
1685905841.2424557,304
1685905841.2595344,303
1685905841.271586,305
1685905841.2836382,306
1685905841.3006423,307
1685905841.3125806,306
1685905841.3245687,305
1685905841.3416467,306
1685905841.3536901,307
1685905841.3656878,309
1685905841.3823264,309
1685905841.3946621,308
1685905841.410632,307
1685905841.4233255,307
1685905841.435329,309
1685905841.4513688,310
1685905841.4643323,310
1685905841.476561,308
1685905841.4926007,308
1685905841.505308,308
1685905841.5173883,310
1685905841.5333161,311
1685905841.545732,310
1685905841.5580583,308
1685905841.5749896,308
1685905841.5872936,309
1685905841.602739,310
1685905841.6157632,310
1685905841.6280823,309
1685905841.6447442,308
1685905841.6568198,308
1685905841.6687574,309
1685905841.6847994,310
1685905841.697686,310
1685905841.7095928,309
1685905841.7265546,308
1685905841.7386026,308
1685905841.7545931,310
1685905841.7675467,311
1685905841.7795584,310
1685905841.7957823,309
1685905841.808599,308
1685905841.8206155,308
1685905841.8372874,310
1685905841.8492403,310
1685905841.8612869,309
1685905841.8776069,308
1685905841.8902395,307
1685905841.9027805,308
1685905841.9193647,309
1685905841.9313595,309
1685905841.9473042,308
1685905841.9592962,307
1685905841.9723637,307
1685905841.9893038,308
1685905842.0002992,309
1685905842.0133185,308
1685905842.0299642,307
1685905842.0419126,306
1685905842.0539653,306
1685905842.0699537,307
1685905842.0828912,308
1685905842.0989583,307
1685905842.11099,305
1685905842.1239667,304
1685905842.1399157,305
1685905842.1522603,306
1685905842.1649494,306
1685905842.1808693,305
1685905842.1932318,303
1685905842.205952,303
1685905842.2222023,304
1685905842.233877,305
1685905842.250565,304
1685905842.2631552,303
1685905842.2752364,302
1685905842.291286,302
1685905842.303582,303
1685905842.3162208,303
1685905842.3322265,303
1685905842.3445368,302
1685905842.3572311,301
1685905842.373561,302
1685905842.385207,303
1685905842.3982272,304
1685905842.4142075,303
1685905842.4262185,302
1685905842.4422731,302
1685905842.4552193,303
1685905842.467221,304
1685905842.4842112,304
1685905842.4965417,303
1685905842.508883,302
1685905842.5251975,302
1685905842.5368552,303
1685905842.5498345,304
1685905842.565842,304
1685905842.577846,303
1685905842.5938587,302
1685905842.606827,303
1685905842.6191514,304
1685905842.6358082,305
1685905842.6480289,305
1685905842.6602762,304
1685905842.676392,303
1685905842.6890824,304
1685905842.7010212,305
1685905842.7170196,306
1685905842.7300918,306
1685905842.7421868,304
1685905842.7584739,304
1685905842.7709568,305
1685905842.7873952,306
1685905842.7994094,307
1685905842.8113997,305
1685905842.8285336,304
1685905842.840092,305
1685905842.852957,306
1685905842.8688738,307
1685905842.8813844,307
1685905842.8936107,306
1685905842.9101133,305
1685905842.9230332,306
1685905842.9379046,307
1685905842.9508708,308
1685905842.9635942,308
1685905842.9795072,306
1685905842.9915566,306
1685905843.0042067,307
1685905843.020752,308
1685905843.0330322,309
1685905843.0446422,308
1685905843.061817,307
1685905843.0739298,307
1685905843.0899491,308
1685905843.1025014,310
1685905843.1157396,310
1685905843.1305394,309
1685905843.1438138,308
1685905843.1559443,308
1685905843.1723764,309
1685905843.1841931,311
1685905843.1968448,310
1685905843.2126434,309
1685905843.2256427,308
1685905843.2376428,308
1685905843.2536266,310
1685905843.2666235,311
1685905843.2826426,310
1685905843.2951186,309
1685905843.306687,309
1685905843.3236403,309
1685905843.3357,311
1685905843.347669,311
1685905843.3646393,311
1685905843.3767374,309
1685905843.388682,309
1685905843.4056365,310
1685905843.4181075,311
1685905843.4333854,311
1685905843.4463825,311
1685905843.4586318,310
1685905843.4756966,310
1685905843.4877746,311
1685905843.4999483,312
1685905843.5160644,312
1685905843.5282884,311
1685905843.540782,310
1685905843.5568428,310
1685905843.570108,312
1685905843.5818522,312
1685905843.5975268,312
1685905843.6101992,310
1685905843.6265042,310
1685905843.6394258,311
1685905843.6507308,312
1685905843.66767,312
1685905843.6799767,311
1685905843.6927383,310
1685905843.7088482,309
1685905843.721372,310
1685905843.7333813,311
1685905843.749416,311
1685905843.7614212,310
1685905843.7782962,309
1685905843.7903152,309
1685905843.8030655,310
1685905843.819258,312
1685905843.8312721,312
1685905843.843946,310
1685905843.8606184,309
1685905843.8726108,310
1685905843.8846228,311
1685905843.901174,312
1685905843.9134188,311
1685905843.9300342,310
1685905843.9422426,310
1685905843.9545128,310
1685905843.970983,312
1685905843.9827588,312
1685905843.995748,311
1685905844.0121014,309
1685905844.024395,309
1685905844.036514,310
1685905844.0528865,311
1685905844.0653915,311
1685905844.0776904,310
1685905844.0937204,309
1685905844.1062407,309
1685905844.1228063,311
1685905844.1347637,312
1685905844.1481605,312
1685905844.1635313,311
1685905844.1751611,310
1685905844.1882217,311
1685905844.2041543,313
1685905844.2166843,314
1685905844.2287204,313
1685905844.245465,312
1685905844.2574732,312
1685905844.2741659,313
1685905844.2863736,314
1685905844.2984614,315
1685905844.3150473,314
1685905844.3276165,313
1685905844.339626,314
1685905844.3554692,315
1685905844.3680377,317
1685905844.3800116,318
1685905844.3964703,317
1685905844.409532,317
1685905844.4216745,319
1685905844.437988,321
1685905844.4501765,323
1685905844.466443,325
1685905844.4789724,325
1685905844.491455,327
1685905844.5080035,331
1685905844.519777,334
1685905844.531558,337
1685905844.5480478,339
1685905844.560806,340
1685905844.572865,341
1685905844.588928,342
1685905844.6022348,344
1685905844.6180584,344
1685905844.6308727,342
1685905844.6423745,340
1685905844.6592796,340
1685905844.671332,341
1685905844.683562,342
1685905844.6997204,342
1685905844.7116458,341
1685905844.724645,339
1685905844.7406378,339
1685905844.753001,339
1685905844.7688677,338
1685905844.7813213,336
1685905844.794271,331
1685905844.8107414,328
1685905844.822898,326
1685905844.8356209,324
1685905844.8514454,322
1685905844.8639116,318
1685905844.8759544,315
1685905844.892782,312
1685905844.9044385,311
1685905844.916506,311
1685905844.9331405,309
1685905844.9460776,306
1685905844.9617245,304
1685905844.9740565,304
1685905844.9867823,304
1685905845.0030818,305
1685905845.015559,304
1685905845.027385,302
1685905845.044348,301
1685905845.0562544,302
1685905845.0687072,303
1685905845.0847158,304
1685905845.09727,303
1685905845.1138084,302
1685905845.1263967,302
1685905845.1378965,303
1685905845.1548123,304
1685905845.166886,305
1685905845.1793945,304
1685905845.1957235,303
1685905845.2077014,303
1685905845.2197845,304
1685905845.236674,306
1685905845.2490013,306
1685905845.2619905,305
1685905845.2770011,304
1685905845.2899084,304
1685905845.3059206,306
1685905845.3180194,307
1685905845.33077,307
1685905845.347405,305
1685905845.3594964,305
1685905845.3711863,305
1685905845.3883545,306
1685905845.4001126,307
1685905845.4127996,306
1685905845.428927,304
1685905845.4408023,303
1685905845.45783,304
1685905845.4699984,305
1685905845.4820867,305
1685905845.4985397,304
1685905845.5105422,303
1685905845.5235739,303
1685905845.5390375,303
1685905845.551943,305
1685905845.564008,305
1685905845.5806646,303
1685905845.5930972,302
1685905845.6090949,302
1685905845.621712,304
1685905845.6345532,305
1685905845.6506953,304
1685905845.6625073,303
1685905845.6748905,302
1685905845.6915293,303
1685905845.7036448,304
1685905845.7155752,304
1685905845.7318883,303
1685905845.7444806,302
1685905845.7567182,302
1685905845.7727826,302
1685905845.7851505,304
1685905845.8018553,304
1685905845.8135638,303
1685905845.8260975,302
1685905845.8425248,302
1685905845.8547385,303
1685905845.8674493,304
1685905845.8836823,304
1685905845.8955092,303
1685905845.9075327,302
1685905845.9246957,303
1685905845.9363666,304
1685905845.9536226,305
1685905845.9657114,304
1685905845.9775124,303
1685905845.9939864,302
1685905846.0066853,303
1685905846.0187442,304
1685905846.0351198,305
1685905846.0468373,304
1685905846.0593696,302
1685905846.0757189,302
1685905846.0886502,303
1685905846.1043847,304
1685905846.116715,305
1685905846.1297545,304
1685905846.1459095,303
1685905846.1581929,303
1685905846.1702332,304
1685905846.1868684,305
1685905846.199049,305
1685905846.2114415,304
1685905846.2277143,303
1685905846.2403653,303
1685905846.2527812,304
1685905846.2686417,305
1685905846.2814424,305
1685905846.2972233,303
1685905846.3092918,303
1685905846.321291,304
1685905846.338262,305
1685905846.3504858,306
1685905846.3625293,304
1685905846.3796265,303
1685905846.3908339,303
1685905846.404133,304
1685905846.420139,305
1685905846.4328125,306
1685905846.448398,305
1685905846.4612265,304
1685905846.4734,304
1685905846.4895825,305
1685905846.5025358,307
1685905846.5141418,306
1685905846.530197,305
1685905846.5432475,305
1685905846.5557325,305
1685905846.571717,307
1685905846.5833054,308
1685905846.5955944,307
1685905846.6126537,306
1685905846.6251638,305
1685905846.6407154,306
1685905846.6533911,307
1685905846.665763,308
1685905846.6823294,307
1685905846.6944642,306
1685905846.7064629,306
1685905846.723342,307
1685905846.7353368,308
1685905846.7476974,308
1685905846.7636518,307
1685905846.7765791,306
1685905846.7925875,306
1685905846.8047812,308
1685905846.8176947,309
1685905846.834108,308
1685905846.84609,307
1685905846.8583684,306
1685905846.8745449,307
1685905846.8873942,308
1685905846.8996809,309
1685905846.9154696,308
1685905846.928945,307
1685905846.9447465,307
1685905846.9564013,308
1685905846.9684649,309
1685905846.98574,309
1685905846.997991,308
1685905847.0099258,307
1685905847.0262423,307
1685905847.0386634,308
1685905847.050705,309
1685905847.0676737,309
1685905847.0797968,308
1685905847.0921118,307
1685905847.1085277,307
1685905847.1208014,309
1685905847.1364338,309
1685905847.1492174,309
1685905847.1618972,308
1685905847.178119,307
1685905847.1903465,307
1685905847.202533,308
1685905847.218878,309
1685905847.231478,308
1685905847.2434921,307
1685905847.2599833,306
1685905847.2725194,307
1685905847.2881675,309
1685905847.300226,309
1685905847.3129675,308
1685905847.3296325,307
1685905847.341702,307
1685905847.3542123,308
1685905847.3703766,309
1685905847.3828294,309
1685905847.3948238,308
1685905847.4117813,306
1685905847.4234724,307
1685905847.435937,308
1685905847.452626,309
1685905847.4642467,308
1685905847.4809635,307
1685905847.4933972,306
1685905847.5054848,307
1685905847.5220256,308
1685905847.5343626,309
1685905847.5461745,308
1685905847.562906,307
1685905847.5754611,307
1685905847.5877266,307
1685905847.604001,309
1685905847.6160858,309
1685905847.6328166,308
1685905847.6448088,306
1685905847.6567516,306
1685905847.6738114,307
1685905847.6859853,308
1685905847.6981926,308
1685905847.7143767,307
1685905847.7268283,306
1685905847.7393653,306
1685905847.7551014,308
1685905847.7671294,309
1685905847.7838237,308
1685905847.7966056,307
1685905847.8087325,306
1685905847.8251307,307
1685905847.8371785,309
1685905847.85001,309
1685905847.8657398,308
1685905847.8777652,307
1685905847.8906484,306
1685905847.907365,308
1685905847.9194164,309
1685905847.9314137,309
1685905847.9476917,308
1685905847.9602604,307
1685905847.9760718,307
1685905847.9889712,308
1685905848.001274,309
1685905848.0175674,308
1685905848.0295076,307
1685905848.041613,306
1685905848.058656,307
1685905848.0709226,308
1685905848.0834043,309
1685905848.0994604,308
1685905848.1120245,307
1685905848.1278696,307
1685905848.1402562,308
1685905848.153012,309
1685905848.169214,309
1685905848.1811578,308
1685905848.1935236,307
1685905848.2104044,307
1685905848.2223494,307
1685905848.2347465,308
1685905848.250512,308
1685905848.2633772,307
1685905848.2753367,306
1685905848.2914011,306
1685905848.304351,307
1685905848.3203497,308
1685905848.3333426,307
1685905848.345337,306
1685905848.361395,305
1685905848.3735862,305
1685905848.3864315,306
1685905848.4023347,307
1685905848.4143538,306
1685905848.4273355,305
1685905848.4433393,304
1685905848.4553444,305
1685905848.471332,307
1685905848.4845347,307
1685905848.497048,306
1685905848.5132823,305
1685905848.5257523,305
1685905848.5375721,306
1685905848.5542707,307
1685905848.5673068,307
1685905848.5788953,306
1685905848.5951924,305
1685905848.6071756,305
1685905848.6227438,307
1685905848.6359131,308
1685905848.6481051,308
1685905848.6643684,306
1685905848.6765146,306
1685905848.6894066,306
1685905848.7053537,307
1685905848.7181132,308
1685905848.7300842,307
1685905848.7465622,306
1685905848.7587297,306
1685905848.7712991,307
1685905848.788032,308
1685905848.8001578,309
1685905848.8162165,308
1685905848.828795,306
1685905848.8408735,306
1685905848.8575363,308
1685905848.8697836,309
1685905848.8814993,309
1685905848.8984308,308
1685905848.9104264,307
1685905848.9229426,307
1685905848.9392123,308
1685905848.951159,309
1685905848.9672174,308
1685905848.980155,307
1685905848.992205,306
1685905849.0085306,307
1685905849.021165,308
1685905849.0334418,309
1685905849.0496435,308
1685905849.0618534,307
1685905849.0745296,307
1685905849.0905886,308
1685905849.1028404,309
1685905849.1155257,309
1685905849.1315277,308
1685905849.1435225,308
1685905849.160615,308
1685905849.1726286,309
1685905849.1843772,310
1685905849.2014372,310
1685905849.2133594,309
1685905849.2256932,308
1685905849.2423832,308
1685905849.254431,309
1685905849.2669168,310
1685905849.2828104,309
1685905849.2958093,308
1685905849.3113067,307
1685905849.3244245,308
1685905849.3364353,309
1685905849.3525934,310
1685905849.3652172,309
1685905849.3775554,308
1685905849.3939674,307
1685905849.4061942,309
1685905849.4185584,310
1685905849.4347434,310
1685905849.4474564,309
1685905849.463258,308
1685905849.4755752,308
1685905849.488314,309
1685905849.504317,310
1685905849.5165327,310
1685905849.528505,308
1685905849.544665,308
1685905849.5578892,308
1685905849.5697663,310
1685905849.5864327,310
1685905849.598717,310
1685905849.6107583,308
1685905849.6274314,308
1685905849.639437,308
1685905849.655771,310
1685905849.6684988,310
1685905849.6804426,310
1685905849.6964288,308
1685905849.7091424,308
1685905849.7214472,309
1685905849.7375,310
1685905849.750269,310
1685905849.7623293,309
1685905849.779281,308
1685905849.7913492,308
1685905849.8072805,310
1685905849.8193526,311
1685905849.8323328,311
1685905849.8483713,309
1685905849.8612764,309
1685905849.8732717,310
1685905849.8893676,311
1685905849.901642,313
1685905849.9132922,312
1685905849.9303334,311
1685905849.942625,311
1685905849.9583366,312
1685905849.9709215,313
1685905849.9829862,314
1685905850.000347,313
1685905850.0120034,311
1685905850.0242462,311
1685905850.0406115,312
1685905850.0533516,313
1685905850.0648878,313
1685905850.0819476,312
1685905850.093817,310
1685905850.105888,310
1685905850.1228898,312
1685905850.1353102,313
1685905850.1508336,313
1685905850.1639152,313
1685905850.1761057,313
1685905850.1921792,313
1685905850.2048194,315
1685905850.2168145,315
1685905850.2331843,315
1685905850.245985,314
1685905850.2578778,313
1685905850.2741704,314
1685905850.2868767,316
1685905850.302832,317
1685905850.3148253,315
1685905850.3279445,314
1685905850.3448188,314
1685905850.3561542,315
1685905850.3688889,315
1685905850.3848162,314
1685905850.396811,312
1685905850.409884,310
1685905850.4258158,309
1685905850.4378748,310
1685905850.4502516,309
1685905850.466755,308
1685905850.4787512,306
1685905850.495746,305
1685905850.5078228,305
1685905850.5197587,305
1685905850.5368257,305
1685905850.548763,304
1685905850.5617557,303
1685905850.5767572,302
1685905850.5898013,303
1685905850.6018057,305
1685905850.6181939,305
1685905850.6313329,304
1685905850.6465592,303
1685905850.6594076,303
1685905850.6717353,304
1685905850.6879003,306
1685905850.7006505,306
1685905850.7126443,306
1685905850.728892,305
1685905850.7416592,305
1685905850.7539098,307
1685905850.7696013,307
1685905850.7816613,308
1685905850.798357,306
1685905850.811076,307
1685905850.823373,306
1685905850.8393714,309
1685905850.8516543,311
1685905850.8642642,311
1685905850.880255,310
1685905850.8932488,311
1685905850.9053276,313
1685905850.9216087,316
1685905850.9335284,317
1685905850.946271,316
1685905850.9623373,314
1685905850.9744332,314
1685905850.991333,315
1685905851.0034492,316
1685905851.0151007,316
1685905851.0320568,314
1685905851.0440536,312
1685905851.0560565,312
1685905851.0725832,313
1685905851.085359,313
1685905851.0976996,311
1685905851.1133788,309
1685905851.1263516,307
1685905851.1421456,307
1685905851.155161,308
1685905851.167584,307
1685905851.183228,306
1685905851.1962166,304
1685905851.208299,304
1685905851.2242372,304
1685905851.23729,305
1685905851.2492375,305
1685905851.2652617,303
1685905851.2779822,302
1685905851.2939878,301
1685905851.3060882,301
1685905851.319065,301
1685905851.335056,300
1685905851.3473556,298
1685905851.3600616,295
1685905851.3765347,293
1685905851.3885572,293
1685905851.4005291,292
1685905851.417466,291
1685905851.4295301,289
1685905851.441744,288
1685905851.4581556,289
1685905851.4698246,290
1685905851.4869032,291
1685905851.49905,290
1685905851.5112052,289
1685905851.5278282,288
1685905851.540158,289
1685905851.551834,291
1685905851.5687094,291
1685905851.5804055,290
1685905851.5933564,290
1685905851.6096845,290
1685905851.6214132,292
1685905851.6373472,294
1685905851.650401,294
1685905851.6623442,293
1685905851.6796198,293
1685905851.6916113,295
1685905851.7035465,297
1685905851.7195733,299
1685905851.7323687,299
1685905851.7444043,299
1685905851.7613425,300
1685905851.773562,302
1685905851.785965,304
1685905851.802403,306
1685905851.8145244,306
1685905851.8303897,303
1685905851.8429365,302
1685905851.855721,302
1685905851.8718936,302
1685905851.8837576,301
1685905851.8957684,300
1685905851.912786,301
1685905851.9247544,302
1685905851.9368176,304
1685905851.9540644,307
1685905851.9664335,310
1685905851.9814773,311
1685905851.9947379,312
1685905852.0064147,315
1685905852.0236619,318
1685905852.035431,321
1685905852.0474148,321
1685905852.0642295,321
1685905852.0761685,321
1685905852.0891073,321
1685905852.105234,323
1685905852.1174915,324
1685905852.1301775,322
1685905852.1458273,320
1685905852.1581326,320
1685905852.1743848,320
1685905852.1874013,321
1685905852.1993704,320
1685905852.2156236,317
1685905852.2283218,315
1685905852.2403963,314
1685905852.256331,314
1685905852.2693942,314
1685905852.2814164,313
1685905852.2973797,311
1685905852.3103268,310
1685905852.3262353,309
1685905852.3386579,309
1685905852.351391,308
1685905852.3675482,306
1685905852.379562,304
1685905852.3915577,303
1685905852.408586,303
1685905852.420596,305
1685905852.4325173,305
1685905852.4495225,303
1685905852.461795,302
1685905852.477533,301
1685905852.4905212,302
1685905852.5026903,303
1685905852.5191948,303
1685905852.5311964,302
1685905852.5431213,301
1685905852.5601203,302
1685905852.572383,304
1685905852.5843885,305
1685905852.6005502,305
1685905852.613385,304
1685905852.6253245,304
1685905852.6413927,305
1685905852.6540673,307
1685905852.6704032,308
1685905852.6827128,308
1685905852.6953952,307
1685905852.7113986,306
1685905852.723467,307
1685905852.7355337,309
1685905852.7524743,309
1685905852.7644942,308
1685905852.7764592,307
1685905852.7934878,307
1685905852.8054497,308
1685905852.821398,309
1685905852.8344727,309
1685905852.8466704,308
1685905852.8627725,306
1685905852.8755255,307
1685905852.8874378,308
1685905852.904499,309
1685905852.9164388,309
1685905852.9284363,308
1685905852.9445088,307
1685905852.9564545,308
1685905852.9696126,309
1685905852.985841,310
1685905852.9978874,310
1685905853.0145793,308
1685905853.0265665,308
1685905853.039408,309
1685905853.0553908,310
1685905853.0676985,311
1685905853.0797167,310
1685905853.0963376,309
1685905853.1083398,309
1685905853.1214154,310
1685905853.137422,311
1685905853.1494238,311
1685905853.1654766,310
1685905853.1786282,309
1685905853.190669,309
1685905853.2066467,311
1685905853.2196574,312
1685905853.231602,311
1685905853.2476516,310
1685905853.259668,310
1685905853.272665,310
1685905853.2885916,311
1685905853.3014379,312
1685905853.31767,311
1685905853.3302982,310
1685905853.3415866,310
1685905853.3586798,311
1685905853.3709433,312
1685905853.3826532,312
1685905853.3995852,311
1685905853.4117393,310
1685905853.4234471,310
1685905853.4404645,311
1685905853.4523864,312
1685905853.465396,312
1685905853.4814517,311
1685905853.4933882,310
1685905853.5094798,310
1685905853.522468,311
1685905853.534833,312
1685905853.5510132,312
1685905853.5629935,310
1685905853.5756793,309
1685905853.5919547,310
1685905853.6046999,312
1685905853.616678,312
1685905853.6332228,311
1685905853.6454947,310
1685905853.661454,310
1685905853.6741316,311
1685905853.6860666,312
1685905853.7023463,312
1685905853.7151227,310
1685905853.7270699,309
1685905853.743778,309
1685905853.7560723,310
1685905853.7681377,311
1685905853.7844174,311
1685905853.7970717,310
1685905853.8131545,309
1685905853.825408,309
1685905853.8381386,311
1685905853.8543816,312
1685905853.8660603,311
1685905853.8782082,310
1685905853.8952005,309
1685905853.9074023,310
1685905853.9192092,311
1685905853.936264,312
1685905853.9482079,311
1685905853.960453,310
1685905853.9763525,309
1685905853.9893603,310
1685905854.005408,311
1685905854.0174103,312
1685905854.0304048,310
1685905854.0463474,309
1685905854.0584867,309
1685905854.0713487,310
1685905854.0876067,311
1685905854.0996656,310
1685905854.1124265,309
1685905854.1283743,308
1685905854.140427,309
1685905854.1567006,310
1685905854.1694405,311
1685905854.1820238,310
1685905854.1983714,309
1685905854.2100203,308
1685905854.2230153,309
1685905854.2391388,310
1685905854.2510126,311
1685905854.2640374,310
1685905854.2800932,309
1685905854.292093,309
1685905854.30408,310
1685905854.3211148,311
1685905854.3337617,311
1685905854.3498938,310
1685905854.3620827,309
1685905854.3745642,309
1685905854.390759,310
1685905854.4033108,311
1685905854.415187,311
1685905854.4317875,309
1685905854.444009,309
1685905854.4557877,309
1685905854.4725316,310
1685905854.48458,311
1685905854.5008385,310
1685905854.5136423,309
1685905854.525763,308
1685905854.5422986,309
1685905854.5543542,310
1685905854.5669608,311
1685905854.5835664,310
1685905854.5955606,309
1685905854.6076229,308
1685905854.6238682,309
1685905854.6359599,310
1685905854.6525435,310
1685905854.665845,309
1685905854.6769216,308
1685905854.6937296,308
1685905854.706033,309
1685905854.7187588,310
1685905854.7349582,310
1685905854.7468114,309
1685905854.7595534,308
1685905854.775246,308
1685905854.7882504,310
1685905854.8003569,310
1685905854.8163831,309
1685905854.8283703,308
1685905854.8456569,307
1685905854.8577712,308
1685905854.8698254,309
1685905854.886414,310
1685905854.8987823,309
1685905854.9112248,307
1685905854.9274611,307
1685905854.9395452,309
1685905854.951967,310
1685905854.9682336,310
1685905854.9802349,309
1685905854.996387,308
1685905855.009337,308
1685905855.021493,309
1685905855.037836,310
1685905855.049997,310
1685905855.0622342,309
1685905855.078808,308
1685905855.0911832,308
1685905855.103175,310
1685905855.1193564,310
1685905855.131879,310
1685905855.144424,308
1685905855.1611288,308
1685905855.1731575,308
1685905855.189777,310
1685905855.2018297,310
1685905855.2137206,309
1685905855.2301412,308
1685905855.2423344,308
1685905855.254761,309
1685905855.2712326,310
1685905855.2837682,310
1685905855.295202,309
1685905855.3121448,308
1685905855.3241408,308
1685905855.3409207,309
1685905855.3525305,310
1685905855.36547,310
1685905855.3821306,308
1685905855.3944044,308
1685905855.406774,308
1685905855.4228554,309
1685905855.4352255,310
1685905855.4474792,310
1685905855.4635549,308
1685905855.476274,307
1685905855.4921896,308
1685905855.5045922,310
1685905855.517392,310
1685905855.5336,309
1685905855.5455437,307
1685905855.557524,307
1685905855.5751035,308
1685905855.5867505,308
1685905855.5993667,307
1685905855.6147676,306
1685905855.6273417,306
1685905855.6402774,307
1685905855.6567035,309
1685905855.6687233,311
1685905855.6847708,312
1685905855.6975727,313
1685905855.7097895,313
1685905855.7256174,315
1685905855.7381175,317
1685905855.7501407,318
1685905855.7664702,317
1685905855.7794783,316
1685905855.7909484,314
1685905855.8076088,314
1685905855.820227,314
1685905855.835863,313
1685905855.8489027,311
1685905855.861499,308
1685905855.8775084,307
1685905855.8895926,308
1685905855.9024253,308
1685905855.917999,307
1685905855.9310195,306
1685905855.9432304,304
1685905855.9587986,304
1685905855.971739,306
1685905855.9840891,307
1685905856.0004196,306
1685905856.0124457,305
1685905856.029036,304
1685905856.041506,305
1685905856.053552,306
1685905856.0703871,307
1685905856.0817106,306
1685905856.094634,305
1685905856.1110299,305
1685905856.1234705,306
1685905856.1353543,307
1685905856.1517017,307
1685905856.1643126,306
1685905856.1803877,305
1685905856.1924303,306
1685905856.2054534,307
1685905856.2217474,308
1685905856.2338939,308
1685905856.245913,307
1685905856.2622046,306
1685905856.2747798,307
1685905856.2872472,308
1685905856.3029697,309
1685905856.316076,308
1685905856.3281362,307
1685905856.34437,306
1685905856.3564343,307
1685905856.3731136,308
1685905856.3859065,308
1685905856.3977866,307
1685905856.4138074,305
1685905856.4265218,305
1685905856.4385478,306
1685905856.4551156,308
1685905856.467167,311
1685905856.4789484,315
1685905856.496284,319
1685905856.5079849,324
1685905856.5246463,329
1685905856.536739,331
1685905856.5495975,331
1685905856.565775,329
1685905856.5780225,328
1685905856.5898027,326
1685905856.6071265,325
1685905856.6187973,323
1685905856.630715,320
1685905856.6477382,315
1685905856.659089,311
1685905856.6760197,308
1685905856.6886659,306
1685905856.7003562,304
1685905856.716486,301
1685905856.7297268,297
1685905856.7414188,295
1685905856.7577422,294
1685905856.7706866,295
1685905856.782788,294
1685905856.798885,293
1685905856.810827,292
1685905856.823775,293
1685905856.839773,295
1685905856.8517604,297
1685905856.8687825,297
1685905856.8806975,297
1685905856.8927388,296
1685905856.909942,297
1685905856.9215837,299
1685905856.9338036,300
1685905856.950796,300
1685905856.963091,299
1685905856.9754448,298
1685905856.9914968,299
1685905857.0039244,300
1685905857.0205946,300
1685905857.0326788,296
1685905857.0445957,292
1685905857.061448,290
1685905857.0737767,289
1685905857.0854142,288
1685905857.1021433,286
1685905857.1147194,285
1685905857.1265597,283
1685905857.143325,283
1685905857.1558635,285
1685905857.1678305,288
1685905857.1848478,289
1685905857.1967208,290
1685905857.2128317,290
1685905857.225156,293
1685905857.2371953,298
1685905857.2538478,301
1685905857.2654014,303
1685905857.2784016,305
1685905857.294673,307
1685905857.3067913,310
1685905857.3193219,314
1685905857.33537,317
1685905857.3473823,319
1685905857.3646166,319
1685905857.3763156,321
1685905857.388483,323
1685905857.4060848,325
1685905857.4168801,326
1685905857.429953,326
1685905857.4457102,325
1685905857.4587035,326
1685905857.470699,327
1685905857.4866982,327
1685905857.4991703,326
1685905857.515371,324
1685905857.5277553,322
1685905857.5404987,322
1685905857.5565228,322
1685905857.5691733,322
1685905857.5810955,320
1685905857.5978923,318
1685905857.610257,317
1685905857.622197,317
1685905857.6388495,318
1685905857.6511016,318
1685905857.6636739,317
1685905857.679175,315
1685905857.691831,315
1685905857.7086468,316
1685905857.7203834,316
1685905857.7331176,316
1685905857.7496102,314
1685905857.7616453,312
1685905857.7735627,312
1685905857.790553,313
1685905857.8027256,313
1685905857.8151436,313
1685905857.8314617,311
1685905857.8434787,310
1685905857.8598323,310
1685905857.87256,311
1685905857.8838382,312
1685905857.9008226,311
1685905857.9134295,309
1685905857.9248033,308
1685905857.9420528,309
1685905857.9538448,310
1685905857.9663725,310
1685905857.9825463,309
1685905857.9953804,307
1685905858.0110254,307
1685905858.024062,308
1685905858.0365129,309
1685905858.052701,308
1685905858.0650113,307
1685905858.076539,306
1685905858.0926547,306
1685905858.1057668,307
1685905858.1174245,308
1685905858.1346962,307
1685905858.1468024,306
1685905858.1589086,305
1685905858.1758552,306
1685905858.1879284,307
1685905858.204082,308
1685905858.2162018,307
1685905858.22876,306
1685905858.2448044,305
1685905858.2575011,306
1685905858.2697668,308
1685905858.2853682,308
1685905858.2985334,307
1685905858.310539,306
1685905858.3268263,306
1685905858.3394802,307
1685905858.3554583,308
1685905858.3679168,308
1685905858.380358,307
1685905858.3961825,306
1685905858.4090075,306
1685905858.421407,307
1685905858.4377203,308
1685905858.449393,308
1685905858.4614546,307
1685905858.478665,306
1685905858.4906523,307
1685905858.5030594,308
1685905858.5197592,309
1685905858.5310576,308
1685905858.5472312,307
1685905858.560607,306
1685905858.5727286,307
1685905858.5892265,308
1685905858.6015446,309
1685905858.6133847,308
1685905858.6301558,306
1685905858.642357,306
1685905858.654767,307
1685905858.6709383,309
1685905858.6831937,308
1685905858.6997185,307
1685905858.7119038,306
1685905858.7236047,307
1685905858.7401912,308
1685905858.752184,309
1685905858.7652113,309
1685905858.781752,308
1685905858.7939131,307
1685905858.8064814,307
1685905858.8226016,309
1685905858.834966,309
1685905858.850865,308
1685905858.8637717,307
1685905858.8755226,307
1685905858.8922203,308
1685905858.9043689,309
1685905858.9168026,309
1685905858.9327312,308
1685905858.9456005,307
1685905858.9573116,307
1685905858.9733546,308
1685905858.9858375,309
1685905858.9990265,309
1685905859.014349,308
1685905859.0274034,307
1685905859.0430768,307
1685905859.0558422,309
1685905859.0677204,309
1685905859.0847263,309
1685905859.0969431,307
1685905859.1095307,307
1685905859.1255884,307
1685905859.1377072,309
1685905859.1496825,310
1685905859.1667464,308
1685905859.1788404,307
1685905859.1943877,307
1685905859.2074337,308
1685905859.2194636,309
1685905859.23638,309
1685905859.248425,308
1685905859.2604558,307
1685905859.2771237,307
1685905859.288884,308
1685905859.3018816,309
1685905859.317696,309
1685905859.3304389,308
1685905859.3426619,307
1685905859.3584957,307
1685905859.3716402,309
1685905859.387489,310
1685905859.3998103,309
1685905859.4124885,308
1685905859.4288046,307
1685905859.4409473,308
1685905859.4529555,310
1685905859.469766,310
1685905859.481343,309
1685905859.4940596,308
1685905859.510276,308
1685905859.522859,309
1685905859.5395775,310
1685905859.5516138,310
1685905859.5640092,309
1685905859.5804272,307
1685905859.5925162,308
1685905859.6045704,309
1685905859.6206238,310
1685905859.6337695,310
1685905859.645684,308
1685905859.6622972,308
1685905859.6736283,308
1685905859.6905758,310
1685905859.703406,311
1685905859.7154326,310
1685905859.7319934,308
1685905859.7440803,308
1685905859.755791,309
1685905859.7723994,310
1685905859.7852397,310
1685905859.796768,309
1685905859.8137672,308
1685905859.8255248,308
1685905859.8382428,309
1685905859.8546894,310
1685905859.8668346,310
1685905859.8833306,309
1685905859.8950937,308
1685905859.9073637,308
1685905859.9247546,309
1685905859.9366438,310
1685905859.9491456,310
1685905859.9655337,308
1685905859.9776306,308
1685905859.9899511,308
1685905860.0059917,309
1685905860.018002,310
1685905860.0346415,309
1685905860.0469623,308
1685905860.0589874,308
1685905860.0761662,308
1685905860.0882013,310
1685905860.1001825,310
1685905860.116075,309
1685905860.1286056,308
1685905860.1406145,308
1685905860.1572242,309
1685905860.169784,310
1685905860.1818914,310
1685905860.1987662,309
1685905860.2108402,308
1685905860.2271001,308
1685905860.2391024,309
1685905860.2518427,310
1685905860.2682087,310
1685905860.2806115,309
1685905860.292875,308
1685905860.3095117,308
1685905860.32154,310
1685905860.3335347,311
1685905860.3497057,310
1685905860.3624613,309
1685905860.378843,308
1685905860.391452,309
1685905860.4035778,310
1685905860.4197054,311
1685905860.4324503,310
1685905860.4446802,309
1685905860.4608252,308
1685905860.47301,310
1685905860.4858487,311
1685905860.5018404,311
1685905860.5139658,310
1685905860.5298216,309
1685905860.5428388,309
1685905860.5548224,310
1685905860.5711637,311
1685905860.5838428,310
1685905860.595426,309
1685905860.612433,308
1685905860.6244283,309
1685905860.6364274,310
1685905860.6534865,310
1685905860.665423,310
1685905860.6774871,308
1685905860.6945996,308
1685905860.7064223,309
1685905860.72248,310
1685905860.7354317,310
1685905860.7474158,309
1685905860.7637398,308
1685905860.7764819,308
1685905860.788416,309
1685905860.8044388,310
1685905860.8172028,310
1685905860.8291318,308
1685905860.8460858,308
1685905860.8581188,308
1685905860.8741455,309
1685905860.886137,310
1685905860.8991141,309
1685905860.9154127,308
1685905860.9271824,307
1685905860.9401128,308
1685905860.9561133,309
1685905860.9681416,310
1685905860.981121,309
1685905860.9974473,308
1685905861.0101275,308
1685905861.0221276,308
1685905861.0382361,309
1685905861.0504248,310
1685905861.0671153,309
1685905861.0791123,308
1685905861.091412,308
1685905861.1081855,309
1685905861.120112,310
1685905861.1321871,309
1685905861.149117,308
1685905861.1611125,307
1685905861.1731212,307
1685905861.190115,308
1685905861.2022853,309
1685905861.218113,308
1685905861.230442,307
1685905861.243114,306
1685905861.2591295,306
1685905861.2714844,308
1685905861.2841175,308
1685905861.3001618,308
1685905861.3121197,307
1685905861.3252835,307
1685905861.3416092,309
1685905861.354068,312
1685905861.3693845,314
1685905861.3820574,315
1685905861.3944376,315
1685905861.411073,317
1685905861.4234185,320
1685905861.4350672,323
1685905861.4520762,324
1685905861.4641893,325
1685905861.4765115,325
1685905861.4931233,326
1685905861.505109,328
1685905861.517075,329
1685905861.5340047,329
1685905861.5464299,328
1685905861.5626307,327
1685905861.5748672,327
1685905861.5869431,328
1685905861.6035492,327
1685905861.6157982,325
1685905861.627541,322
1685905861.6445568,320
1685905861.656543,320
1685905861.6692336,320
1685905861.6854825,319
1685905861.697559,317
1685905861.713305,316
1685905861.7262561,315
1685905861.7382603,315
1685905861.7552586,315
1685905861.7672603,314
1685905861.7792563,311
1685905861.7955565,309
1685905861.8080962,308
1685905861.8207862,309
1685905861.8367798,309
1685905861.8491004,308
1685905861.8617992,305
1685905861.8779013,304
1685905861.8897958,305
1685905861.9068544,305
1685905861.9187803,305
1685905861.9318483,303
1685905861.9477863,301
1685905861.959782,300
1685905861.971841,300
1685905861.9886894,301
1685905862.0009432,301
1685905862.0131214,299
1685905862.029901,298
1685905862.0418994,298
1685905862.0578868,299
1685905862.0702198,300
1685905862.0828896,300
1685905862.098888,299
1685905862.110894,299
1685905862.1239524,300
1685905862.1398866,302
1685905862.1522076,304
1685905862.1649508,304
1685905862.1808877,305
1685905862.193231,305
1685905862.2095072,307
1685905862.222248,310
1685905862.2343886,312
1685905862.250506,313
1685905862.2622428,315
1685905862.2751791,316
1685905862.2911859,319
1685905862.3038626,322
1685905862.3165777,323
1685905862.3321388,323
1685905862.34472,324
1685905862.3571446,324
1685905862.3734999,325
1685905862.385469,325
1685905862.4021494,324
1685905862.4141536,322
1685905862.426793,320
1685905862.443449,319
1685905862.455138,319
1685905862.4671412,318
1685905862.484164,315
1685905862.4963846,312
1685905862.508464,310
1685905862.5252023,309
1685905862.5374103,310
1685905862.5535097,309
1685905862.5664868,307
1685905862.5779777,305
1685905862.5949764,304
1685905862.6069996,304
1685905862.6189907,304
1685905862.635277,303
1685905862.6479201,300
1685905862.6603904,298
1685905862.6763515,297
1685905862.6889205,297
1685905862.7012386,297
1685905862.7172592,295
1685905862.7299244,293
1685905862.7459462,291
1685905862.757914,290
1685905862.7709255,291
1685905862.786909,291
1685905862.7989314,290
1685905862.8121018,288
1685905862.82824,287
1685905862.8400505,288
1685905862.8520415,289
1685905862.8691385,290
1685905862.8811631,288
1685905862.898057,287
1685905862.910067,287
1685905862.9220994,288
1685905862.938819,290
1685905862.9503715,290
1685905862.963357,288
1685905862.979677,287
1685905862.9913561,288
1685905863.0044172,288
1685905863.0204036,289
1685905863.0326838,289
1685905863.0484269,287
1685905863.061553,288
1685905863.0735533,288
1685905863.089543,290
1685905863.102551,291
1685905863.1145842,291
1685905863.1305485,291
1685905863.1435554,291
1685905863.1555636,292
1685905863.171545,294
1685905863.1845465,294
1685905863.1965432,292
1685905863.212611,291
1685905863.2255542,291
1685905863.2415714,294
1685905863.2535572,296
1685905863.265541,298
1685905863.282549,300
1685905863.2946146,302
1685905863.307548,306
1685905863.3235474,310
1685905863.3356044,315
1685905863.347615,317
1685905863.364558,318
1685905863.3765507,321
1685905863.3926115,323
1685905863.4055526,326
1685905863.4182618,328
1685905863.433617,327
1685905863.4465508,326
1685905863.4585543,325
1685905863.474554,326
1685905863.4875517,326
1685905863.49966,325
1685905863.516074,323
1685905863.528083,321
1685905863.5403917,321
1685905863.5572054,320
1685905863.5693998,320
1685905863.586144,319
1685905863.5980775,317
1685905863.6100357,315
1685905863.6267998,314
1685905863.6387787,313
1685905863.6516392,313
1685905863.6678047,310
1685905863.680424,307
1685905863.6921418,305
1685905863.708931,304
1685905863.720793,305
1685905863.7371461,303
1685905863.7500107,301
1685905863.7624562,299
1685905863.7777977,298
1685905863.7908006,298
1685905863.8030627,299
1685905863.818983,299
1685905863.831888,298
1685905863.8438914,297
1685905863.8597908,298
1685905863.8721297,299
1685905863.8887932,301
1685905863.9009306,301
1685905863.9138103,300
1685905863.9297917,300
1685905863.941947,301
1685905863.9538238,303
1685905863.9707992,304
1685905863.982862,304
1685905863.9951742,303
1685905864.0118794,304
1685905864.0242515,305
1685905864.036262,307
1685905864.0529542,308
1685905864.0652614,307
1685905864.081697,306
1685905864.093958,306
1685905864.1059616,308
1685905864.1219647,309
1685905864.1350086,309
1685905864.1471627,308
1685905864.163162,307
1685905864.1757824,307
1685905864.1881618,308
1685905864.2041416,309
1685905864.2163136,308
1685905864.2331798,307
1685905864.2453287,307
1685905864.2572272,308
1685905864.2741375,309
1685905864.2862458,310
1685905864.2982354,310
1685905864.315132,309
1685905864.326593,308
1685905864.3395312,309
1685905864.3555307,310
1685905864.367574,311
1685905864.3805666,310
1685905864.396543,309
1685905864.4085927,309
1685905864.4257972,310
1685905864.4378428,311
1685905864.4507356,311
1685905864.4667494,310
1685905864.4787502,309
1685905864.4907322,309
1685905864.5077207,311
1685905864.520282,312
1685905864.532216,311
1685905864.5482,310
1685905864.5602121,310
1685905864.5772133,310
1685905864.5892694,312
1685905864.60152,312
1685905864.6182115,311
1685905864.6302214,310
1685905864.6424963,310
1685905864.6592708,311
1685905864.6716056,312
1685905864.6832702,312
1685905864.7002165,311
1685905864.712241,310
1685905864.7282112,310
1685905864.7402313,311
1685905864.7532046,312
1685905864.769225,311
1685905864.7822063,310
1685905864.7942147,309
1685905864.8098693,310
1685905864.822858,311
1685905864.8348594,312
1685905864.851853,311
1685905864.8638768,310
1685905864.8761654,309
1685905864.8922195,310
1685905864.9048536,311
1685905864.9209478,312
1685905864.932947,311
1685905864.9459636,310
1685905864.9619763,309
1685905864.9741008,311
1685905864.986087,312
1685905865.0029492,312
1685905865.0149882,311
1685905865.0279717,310
1685905865.04395,310
1685905865.0560198,311
1685905865.0729616,312
1685905865.0849633,311
1685905865.0969481,310
1685905865.1132863,309
1685905865.1259658,309
1685905865.137956,311
1685905865.1540189,311
1685905865.166961,311
1685905865.179179,309
1685905865.1953971,309
1685905865.2077572,309
1685905865.2198303,311
1685905865.2368195,311
1685905865.2487535,310
1685905865.264762,309
1685905865.277105,309
1685905865.2897506,311
1685905865.3060906,312
1685905865.318123,312
1685905865.3307548,311
1685905865.3467844,309
1685905865.3588312,310
1685905865.3719018,311
1685905865.387962,312
1685905865.4004052,311
1685905865.4166825,309
1685905865.429194,309
1685905865.44138,309
1685905865.4574296,310
1685905865.4703581,311
1685905865.48236,310
1685905865.4993856,309
1685905865.5113633,309
1685905865.5233576,309
1685905865.5396636,310
1685905865.5516741,311
1685905865.567427,310
1685905865.5803542,308
1685905865.5924196,308
1685905865.6084204,309
1685905865.6213534,311
1685905865.6336868,311
1685905865.6503606,309
1685905865.662311,308
1685905865.6746442,308
1685905865.6913834,310
1685905865.7033224,310
1685905865.7153254,310
1685905865.732383,309
1685905865.7443702,308
1685905865.7608044,308
1685905865.7726371,310
1685905865.7853398,310
1685905865.801392,309
1685905865.81339,308
1685905865.8263214,307
1685905865.8429382,308
1685905865.854828,310
1685905865.867321,310
1685905865.8843212,309
1685905865.8954537,308
1685905865.9126177,307
1685905865.9246848,308
1685905865.936343,310
1685905865.9534109,310
1685905865.965953,309
1685905865.9776988,308
1685905865.9937131,308
1685905866.00571,310
1685905866.0192304,311
1685905866.0348415,310
1685905866.0478325,309
1685905866.059874,308
1685905866.0755584,309
1685905866.0878034,310
1685905866.1048558,310
1685905866.117148,309
1685905866.1294048,308
1685905866.1458158,307
1685905866.1572697,308
1685905866.1710167,309
1685905866.1861224,309
1685905866.1994104,308
1685905866.2114599,307
1685905866.2276902,307
1685905866.2395856,308
1685905866.2563756,310
1685905866.2687418,309
1685905866.2809691,308
1685905866.2973385,307
1685905866.3097322,307
1685905866.3213105,309
1685905866.3383772,310
1685905866.3507288,309
1685905866.362627,308
1685905866.3788974,307
1685905866.3916194,308
1685905866.4076142,309
1685905866.4200075,310
1685905866.4326048,309
1685905866.4486723,307
1685905866.4606059,307
1685905866.473147,308
1685905866.4896874,309
1685905866.5016117,310
1685905866.5141504,309
1685905866.5301466,307
1685905866.5431526,308
1685905866.5551472,309
1685905866.5711505,309
1685905866.5840814,309
1685905866.600143,308
1685905866.6122403,307
1685905866.625157,307
1685905866.64116,309
1685905866.6531773,310
1685905866.6661599,309
1685905866.6821544,308
1685905866.6941745,307
1685905866.7062058,308
1685905866.7233706,309
1685905866.7358072,310
1685905866.7519941,309
1685905866.7643054,307
1685905866.7763267,307
1685905866.7930799,308
1685905866.8055012,310
1685905866.8174896,310
1685905866.8335764,309
1685905866.846495,308
1685905866.8587334,308
1685905866.8749044,310
1685905866.8868334,311
1685905866.8996878,311
1685905866.916004,310
1685905866.9280996,311
1685905866.9446979,312
1685905866.9567015,316
1685905866.9684987,318
1685905866.9854414,319
1685905866.9972928,318
1685905867.0094836,318
1685905867.0267384,318
1685905867.0384007,318
1685905867.0514512,318
1685905867.0674863,315
1685905867.0794852,313
1685905867.09638,311
1685905867.1084595,311
1685905867.1200483,310
1685905867.1367133,309
1685905867.1496563,307
1685905867.1618946,304
1685905867.1778014,304
1685905867.191161,304
1685905867.202105,304
1685905867.2186906,303
1685905867.2315753,302
1685905867.247631,301
1685905867.2595298,301
1685905867.2722647,302
1685905867.288299,303
1685905867.300638,302
1685905867.3128488,301
1685905867.3297322,301
1685905867.3415918,302
1685905867.3537917,304
1685905867.3698375,305
1685905867.3828638,304
1685905867.3945217,304
1685905867.411486,304
1685905867.4238143,306
1685905867.4397,308
1685905867.4519598,309
1685905867.4642005,309
1685905867.4811273,309
1685905867.4937024,310
1685905867.5056937,312
1685905867.5218437,314
1685905867.5341194,314
1685905867.546866,313
1685905867.5626752,313
1685905867.574664,314
1685905867.5916348,316
1685905867.6038976,317
1685905867.6159499,316
1685905867.6325972,315
1685905867.6449924,315
1685905867.6575344,315
1685905867.6735718,316
1685905867.6855752,317
1685905867.6976476,315
1685905867.7139764,314
1685905867.7267466,313
1685905867.7387636,314
1685905867.7547483,314
1685905867.767808,312
1685905867.7845125,310
1685905867.7958186,307
1685905867.8082135,306
1685905867.8252645,306
1685905867.837505,306
1685905867.850912,304
1685905867.8658283,302
1685905867.8786328,300
1685905867.8907268,300
1685905867.906764,301
1685905867.919176,301
1685905867.9351966,299
1685905867.9483576,297
1685905867.9596264,296
1685905867.9765472,297
1685905867.9892418,298
1685905868.0010686,298
1685905868.0176597,297
1685905868.0297396,297
1685905868.0424256,297
1685905868.0587134,299
1685905868.0712874,301
1685905868.086772,301
1685905868.0994358,300
1685905868.1119196,300
1685905868.127931,301
1685905868.1399252,303
1685905868.1529162,304
1685905868.1688805,304
1685905868.1810195,304
1685905868.19409,303
1685905868.2101295,304
1685905868.2226386,306
1685905868.2348182,307
1685905868.2510645,306
1685905868.263686,305
1685905868.2799163,305
1685905868.2917674,306
1685905868.3040407,307
1685905868.3207393,308
1685905868.3325427,307
1685905868.3456428,306
1685905868.361762,306
1685905868.374019,307
1685905868.3860621,308
1685905868.4021752,308
1685905868.4151006,306
1685905868.4311051,306
1685905868.443701,306
1685905868.4556308,308
1685905868.47239,309
1685905868.4843893,308
1685905868.4969368,307
1685905868.5127845,306
1685905868.525504,307
1685905868.5378227,309
1685905868.5537581,309
1685905868.5667884,308
1685905868.582098,307
1685905868.5954833,308
1685905868.6075304,308
1685905868.6237142,310
1685905868.6362536,310
1685905868.647977,309
1685905868.6649203,308
1685905868.676912,308
1685905868.6896336,310
1685905868.7060251,311
1685905868.7178316,311
1685905868.7306397,309
1685905868.7467937,309
1685905868.7586875,309
1685905868.7749774,310
1685905868.787649,311
1685905868.7997706,310
1685905868.8160279,308
1685905868.8287885,308
1685905868.8415716,309
1685905868.8576167,310
1685905868.8690608,311
1685905868.8818645,310
1685905868.8975081,308
1685905868.9109259,308
1685905868.9259121,309
1685905868.938852,310
1685905868.9516206,310
1685905868.9678197,309
1685905868.980479,308
1685905868.992127,308
1685905869.0081887,310
1685905869.021344,310
1685905869.0336962,310
1685905869.0498786,309
1685905869.0620468,308
1685905869.0744689,308
1685905869.0907152,309
1685905869.1029174,310
1685905869.119206,309
1685905869.1312177,308
1685905869.1443224,307
1685905869.1607141,308
1685905869.1724834,309
1685905869.1844828,309
1685905869.2009218,308
1685905869.213721,307
1685905869.2259288,307
1685905869.242295,308
1685905869.2542586,309
1685905869.270403,309
1685905869.2832918,308
1685905869.2957358,307
1685905869.3112416,307
1685905869.3242354,308
1685905869.336174,309
1685905869.3521764,308
1685905869.364806,307
1685905869.3774078,306
1685905869.3939195,307
1685905869.4058983,308
1685905869.4221802,309
1685905869.4341853,308
1685905869.4474247,307
1685905869.4626887,306
1685905869.4756963,307
1685905869.4879742,309
1685905869.5040083,309
1685905869.5167308,308
1685905869.5293484,307
1685905869.5457633,307
1685905869.557645,308
1685905869.570178,309
1685905869.5860434,309
1685905869.598131,308
1685905869.6147203,307
1685905869.626831,307
1685905869.6395912,309
1685905869.6556137,309
1685905869.667607,309
1685905869.6806514,307
1685905869.6966376,306
1685905869.709101,307
1685905869.7211611,309
1685905869.7383778,309
1685905869.749722,308
1685905869.7664244,307
1685905869.7789073,307
1685905869.7911716,308
1685905869.8073785,310
1685905869.81949,310
1685905869.831775,309
1685905869.847776,308
1685905869.8607793,308
1685905869.8728774,309
1685905869.8893986,310
1685905869.901806,309
1685905869.917804,308
1685905869.9298165,307
1685905869.9428322,307
1685905869.9586647,308
1685905869.971611,309
1685905869.9836926,308
1685905870.000375,307
1685905870.0116878,306
1685905870.0245385,307
1685905870.041322,309
1685905870.0534022,309
1685905870.0652127,308
1685905870.081266,307
1685905870.094559,307
1685905870.1107175,308
1685905870.1227527,309
1685905870.1352618,309
1685905870.1517975,308
1685905870.163749,307
1685905870.1767702,307
1685905870.192185,308
1685905870.204639,309
1685905870.2170553,309
1685905870.233739,308
1685905870.245463,307
1685905870.2617345,307
1685905870.2746584,309
1685905870.2863004,310
1685905870.3027544,309
1685905870.3153162,307
1685905870.3279352,307
1685905870.3437216,308
1685905870.3562346,309
1685905870.3682675,309
1685905870.3852806,308
1685905870.3973536,307
1685905870.4101264,307
1685905870.4259589,308
1685905870.4380047,309
1685905870.4541168,309
1685905870.4669771,308
1685905870.4787288,306
1685905870.4956672,307
1685905870.5080054,308
1685905870.52032,309
1685905870.536577,309
1685905870.5489604,308
1685905870.5608854,307
1685905870.577643,308
1685905870.5894926,309
1685905870.606228,310
1685905870.6187255,309
1685905870.6304648,308
1685905870.646602,307
1685905870.6596608,308
1685905870.6717756,309
1685905870.688287,310
1685905870.7006824,309
1685905870.7126648,307
1685905870.7284687,307
1685905870.741711,308
1685905870.7577975,309
1685905870.7695181,309
1685905870.7825615,308
1685905870.7988448,307
1685905870.8106132,308
1685905870.8225343,309
1685905870.839759,310
1685905870.8516119,309
1685905870.8645172,308
1685905870.880673,307
1685905870.8930676,308
1685905870.905611,309
1685905870.9216526,310
1685905870.933702,309
1685905870.9497132,308
1685905870.9626844,307
1685905870.9748523,308
1685905870.9912179,309
1685905871.0032163,310
1685905871.0158553,309
1685905871.0325005,307
1685905871.0446012,307
1685905871.0566456,309
1685905871.0734787,310
1685905871.0851202,310
1685905871.1016417,308
1685905871.1146424,308
1685905871.1266346,308
1685905871.1424603,309
1685905871.1553507,310
1685905871.1667392,309
1685905871.1835601,308
1685905871.1956606,307
1685905871.2081966,308
1685905871.2249355,309
1685905871.2372127,310
1685905871.2492638,309
1685905871.2656927,308
1685905871.27761,307
1685905871.294354,308
1685905871.3061926,310
1685905871.31844,310
1685905871.3345225,309
1685905871.3482444,308
1685905871.3599286,308
1685905871.3760912,309
1685905871.3886576,310
1685905871.4011831,310
1685905871.4166758,309
1685905871.4292562,308
1685905871.4459207,308
1685905871.4583192,309
1685905871.470782,310
1685905871.4868374,309
1685905871.4988086,308
1685905871.5113301,308
1685905871.5278475,308
1685905871.5403965,310
1685905871.5523503,310
1685905871.5683658,309
1685905871.5818553,308
1685905871.5969324,307
1685905871.6097112,309
1685905871.6218498,310
1685905871.6386154,310
1685905871.649813,309
1685905871.6629493,308
1685905871.67959,308
1685905871.6911042,310
1685905871.7039726,311
1685905871.7195847,310
1685905871.7324882,309
1685905871.745061,308
1685905871.761075,308
1685905871.7736511,310
1685905871.789717,310
1685905871.801578,309
1685905871.81473,308
1685905871.8309302,308
1685905871.8429694,308
1685905871.855819,309
1685905871.8719213,310
1685905871.8840666,309
1685905871.8961084,308
1685905871.9124982,308
1685905871.9254086,309
1685905871.941681,310
1685905871.953656,310
1685905871.9661417,309
1685905871.9826956,308
1685905871.9947686,308
1685905872.0064743,309
1685905872.0232482,311
1685905872.0352309,310
1685905872.0480611,309
1685905872.0644994,308
1685905872.0765126,309
1685905872.0887916,310
1685905872.1054945,311
1685905872.1174958,310
1685905872.1333156,308
1685905872.14632,308
1685905872.159321,309
1685905872.1745462,310
1685905872.187322,311
1685905872.1993992,309
1685905872.216335,308
1685905872.2279058,308
1685905872.2405474,309
1685905872.2565246,310
1685905872.2694716,310
1685905872.2855356,309
1685905872.2976518,308
1685905872.3103752,308
1685905872.3263123,309
1685905872.3386354,311
1685905872.3513012,310
1685905872.3673058,308
1685905872.3793583,308
1685905872.3923054,308
1685905872.408381,310
1685905872.4205983,311
1685905872.4366722,310
1685905872.4493573,308
1685905872.461374,308
1685905872.4774091,309
1685905872.4904406,310
1685905872.5023487,310
1685905872.5193708,309
1685905872.5313578,308
1685905872.5434108,308
1685905872.5596788,309
1685905872.5723548,310
1685905872.5844762,310
1685905872.600366,308
1685905872.6133754,308
1685905872.629351,308
1685905872.6413708,309
1685905872.654355,310
1685905872.6705806,310
1685905872.6823542,308
1685905872.6953542,308
1685905872.7114701,309
1685905872.7233648,310
1685905872.7363555,310
1685905872.7524292,309
1685905872.7646797,308
1685905872.780391,307
1685905872.7933536,309
1685905872.8056486,310
1685905872.8213558,310
1685905872.8346374,309
1685905872.8469455,308
1685905872.8629436,307
1685905872.8754315,309
1685905872.8870115,310
1685905872.9039445,309
1685905872.91601,308
1685905872.928007,307
1685905872.9447894,307
1685905872.9571059,309
1685905872.973798,310
1685905872.9857824,309
1685905872.99815,307
1685905873.014781,307
1685905873.026866,307
1685905873.0392466,308
1685905873.0553222,309
1685905873.0673041,308
1685905873.080307,307
1685905873.0965054,307
1685905873.1092448,308
1685905873.1252463,310
1685905873.1374915,310
1685905873.149665,309
1685905873.1662714,309
1685905873.1784556,311
1685905873.1906054,314
1685905873.207241,316
1685905873.2192516,316
1685905873.2316103,316
1685905873.2482467,318
1685905873.2602491,319
1685905873.2763286,322
1685905873.2892468,324
1685905873.3012464,324
1685905873.3172524,324
1685905873.330244,324
1685905873.3417368,326
1685905873.3584793,328
1685905873.371097,329
1685905873.3831737,329
1685905873.399179,329
1685905873.4120977,328
1685905873.4241714,329
1685905873.4401774,330
1685905873.4531193,329
1685905873.4691195,328
1685905873.481473,326
1685905873.4934773,325
1685905873.5101168,324
1685905873.5224705,324
1685905873.5341234,322
1685905873.551177,320
1685905873.5634208,318
1685905873.57549,318
1685905873.5921886,318
1685905873.604405,316
1685905873.6201344,313
1685905873.6331184,310
1685905873.6451383,307
1685905873.66144,306
1685905873.6741362,306
1685905873.6864696,304
1685905873.7024283,301
1685905873.7152002,300
1685905873.7271178,299
1685905873.7437847,300
1685905873.7560568,301
1685905873.7677662,300
1685905873.7847035,300
1685905873.796588,299
1685905873.8127306,299
1685905873.8247137,301
1685905873.837731,302
1685905873.8537297,301
1685905873.8667128,299
1685905873.878798,299
1685905873.8954756,299
1685905873.9077148,301
1685905873.9197109,301
1685905873.9360611,300
1685905873.9487178,299
1685905873.9647093,299
1685905873.9767826,301
1685905873.989089,302
1685905874.005714,303
1685905874.0180295,302
1685905874.0300398,302
1685905874.0467799,302
1685905874.0587575,304
1685905874.0714676,306
1685905874.0876348,306
1685905874.0994713,305
1685905874.1155398,306
1685905874.128477,306
1685905874.1410089,308
1685905874.157276,309
1685905874.1693442,309
1685905874.182009,309
1685905874.1983495,309
1685905874.2103612,311
1685905874.223011,314
1685905874.2392132,314
1685905874.2514749,314
1685905874.2641358,313
1685905874.2802532,313
1685905874.292138,314
1685905874.3085039,315
1685905874.321221,314
1685905874.3334506,313
1685905874.3494325,311
1685905874.3617525,310
1685905874.3746254,311
1685905874.3907478,311
1685905874.402751,309
1685905874.41556,306
1685905874.4315078,304
1685905874.443818,304
1685905874.460493,304
1685905874.4724905,304
1685905874.4847624,302
1685905874.501494,300
1685905874.5136626,298
1685905874.5254982,298
1685905874.542494,297
1685905874.5545683,296
1685905874.5674975,293
1685905874.5833807,291
1685905874.596049,290
1685905874.611799,290
1685905874.6242323,290
1685905874.6359093,290
1685905874.6529243,288
1685905874.6649003,288
1685905874.6771877,288
1685905874.693848,290
1685905874.7060447,291
1685905874.718921,291
1685905874.7347546,291
1685905874.7470963,291
1685905874.7587385,292
1685905874.775826,294
1685905874.7877567,295
1685905874.8044457,295
1685905874.8164897,295
1685905874.8288321,294
1685905874.8454258,295
1685905874.8574429,297
1685905874.8697531,298
1685905874.8864946,296
1685905874.8984916,294
1685905874.910753,292
1685905874.927502,293
1685905874.939087,293
1685905874.9562194,293
1685905874.9689639,294
1685905874.9808974,296
1685905874.9969757,300
1685905875.009249,307
1685905875.0209727,312
1685905875.0378976,316
1685905875.0502348,319
1685905875.062058,321
1685905875.0789752,324
1685905875.09111,327
1685905875.102958,329
1685905875.1199787,328
1685905875.131959,327
1685905875.1481106,325
1685905875.1604958,325
1685905875.1731095,324
1685905875.1890974,322
1685905875.2011085,319
1685905875.2140896,316
1685905875.230379,314
1685905875.2429695,313
1685905875.2550478,312
1685905875.270965,309
1685905875.2833354,306
1685905875.2999883,303
1685905875.3122952,302
1685905875.3239818,301
1685905875.341156,301
1685905875.353155,300
1685905875.3652306,297
1685905875.382155,296
1685905875.394235,297
1685905875.4067862,299
1685905875.4227333,299
1685905875.4354262,299
1685905875.4515388,298
1685905875.4642205,298
1685905875.4761353,300
1685905875.4923854,302
1685905875.505206,302
1685905875.5172021,302
1685905875.5334756,301
1685905875.5462086,302
1685905875.5582006,304
1685905875.574199,305
1685905875.5861993,306
1685905875.5992072,304
1685905875.6152174,304
1685905875.6273448,305
1685905875.643268,307
1685905875.6562145,308
1685905875.6682675,308
1685905875.685207,307
1685905875.6973128,307
1685905875.710442,308
1685905875.726204,309
1685905875.738286,310
1685905875.750613,309
1685905875.7672057,308
1685905875.7792037,308
1685905875.795214,309
1685905875.8082058,311
1685905875.8202102,311
1685905875.836635,309
1685905875.8486147,308
1685905875.8609524,309
1685905875.877674,310
1685905875.8896484,311
1685905875.9019144,311
1685905875.9186134,309
1685905875.9309554,309
1685905875.942463,310
1685905875.959442,311
1685905875.9717157,312
1685905875.9874578,311
1685905876.0004456,309
1685905876.0124443,309
1685905876.0284557,310
1685905876.0414445,311
1685905876.0534384,311
1685905876.0694444,310
1685905876.0824568,309
1685905876.0944397,309
1685905876.1104743,310
1685905876.123456,311
1685905876.1395967,311
1685905876.1517212,310
1685905876.163673,309
1685905876.1802092,309
1685905876.1931374,310
1685905876.2051892,311
1685905876.2212062,310
1685905876.2341347,309
1685905876.24642,308
1685905876.2624896,309
1685905876.274207,310
1685905876.2911298,311
1685905876.3031974,310
1685905876.315137,308
1685905876.3321476,308
1685905876.3445868,309
1685905876.35655,310
1685905876.3726165,310
1685905876.3855534,309
1685905876.3975685,308
1685905876.413558,308
1685905876.425559,309
1685905876.4387858,310
1685905876.4545543,310
1685905876.4670007,309
1685905876.4835472,307
1685905876.495557,308
1685905876.5085504,309
1685905876.5245523,309
1685905876.536559,309
1685905876.548609,307
1685905876.5656078,307
1685905876.577924,308
1685905876.589587,309
1685905876.6065896,309
1685905876.618666,308
1685905876.6346083,307
1685905876.6471753,307
1685905876.6591587,308
1685905876.6761575,309
1685905876.6881547,309
1685905876.7001545,308
1685905876.7171764,307
1685905876.7292235,307
1685905876.7410378,308
1685905876.7580023,309
1685905876.769983,309
1685905876.782037,308
1685905876.7989883,307
1685905876.8111055,307
1685905876.8270466,309
1685905876.8400638,310
1685905876.8523312,309
1685905876.8690612,307
1685905876.8810074,307
1685905876.8930836,308
1685905876.9100125,309
1685905876.9220068,310
1685905876.9342785,309
1685905876.9504375,308
1685905876.9623227,307
1685905876.978575,308
1685905876.9916558,310
1685905877.0038588,309
1685905877.020576,308
1685905877.032578,307
1685905877.0446556,308
1685905877.0609202,309
1685905877.0731087,310
1685905877.0851352,310
1685905877.102279,309
1685905877.1141973,308
1685905877.129872,308
1685905877.1427917,310
1685905877.1547863,310
1685905877.1717827,309
1685905877.1837828,308
1685905877.1957886,308
1685905877.212787,308
1685905877.2248611,309
1685905877.23689,310
1685905877.2537906,309
1685905877.2659163,308
1685905877.2779284,307
1685905877.2948048,308
1685905877.3071725,310
1685905877.3231256,309
1685905877.3358107,308
1685905877.3480873,307
1685905877.364104,307
1685905877.3766253,309
1685905877.3890839,309
1685905877.4051683,309
1685905877.4174218,308
1685905877.4301093,307
1685905877.4465005,308
1685905877.4585757,309
1685905877.4744987,309
1685905877.4874911,309
1685905877.4995859,307
1685905877.5159032,307
1685905877.5282729,308
1685905877.5403867,309
1685905877.556875,309
1685905877.5692403,308
1685905877.580964,307
1685905877.5977569,307
1685905877.6096575,308
1685905877.622647,309
1685905877.6389558,309
1685905877.6510284,308
1685905877.6669924,307
1685905877.6796026,307
1685905877.691714,309
1685905877.7085323,310
1685905877.7206538,309
1685905877.7330444,308
1685905877.748957,307
1685905877.760943,308
1685905877.77389,309
1685905877.7906642,310
1685905877.802381,309
1685905877.8185313,307
1685905877.8311949,307
1685905877.8437276,308
1685905877.860741,309
1685905877.8723078,309
1685905877.8846884,308
1685905877.9008186,307
1685905877.9128652,307
1685905877.925711,309
1685905877.9417353,310
1685905877.954504,309
1685905877.9695024,308
1685905877.982499,307
1685905877.9955053,308
1685905878.011507,309
1685905878.0234983,310
1685905878.0355067,309
1685905878.0524993,308
1685905878.0644977,307
1685905878.076554,308
1685905878.0935152,309
1685905878.10551,310
1685905878.1175063,309
1685905878.1344993,308
1685905878.1466718,307
1685905878.162939,308
1685905878.174721,310
1685905878.187342,310
1685905878.2034073,308
1685905878.216366,307
1685905878.2287233,307
1685905878.2449312,309
1685905878.2569678,310
1685905878.2693112,309
1685905878.2856047,307
1685905878.2978888,306
1685905878.3136396,307
1685905878.3265815,308
1685905878.338779,309
1685905878.3554382,308
1685905878.3678958,307
1685905878.3801706,307
1685905878.3966858,308
1685905878.408816,309
1685905878.420797,310
1685905878.4370925,309
1685905878.4496553,308
1685905878.461646,308
1685905878.4785671,309
1685905878.4905665,311
1685905878.506639,311
1685905878.5196152,310
1685905878.5314443,309
1685905878.5477982,310
1685905878.5599573,312
1685905878.571826,313
1685905878.5890443,313
1685905878.6010852,313
1685905878.6137502,313
1685905878.629754,315
1685905878.6422548,318
1685905878.6587083,319
1685905878.6706417,318
1685905878.6836705,317
1685905878.6992567,316
1685905878.7120612,317
1685905878.7245026,317
1685905878.74056,317
1685905878.7526345,315
1685905878.7646358,313
1685905878.781225,312
1685905878.7936466,312
1685905878.8102849,313
1685905878.8225224,312
1685905878.8345091,310
1685905878.8505454,308
1685905878.863555,308
1685905878.8759685,309
1685905878.8920074,309
1685905878.905378,308
1685905878.916375,307
1685905878.933271,306
1685905878.945631,307
1685905878.9577363,308
1685905878.973646,308
1685905878.9856977,307
1685905879.0027077,305
1685905879.0149214,305
1685905879.026652,306
1685905879.0436096,307
1685905879.0554993,307
1685905879.0679355,306
1685905879.0846875,305
1685905879.0963585,305
1685905879.1092415,306
1685905879.1251576,308
1685905879.137905,307
1685905879.153975,306
1685905879.1662974,305
1685905879.1787813,305
1685905879.1954105,306
1685905879.20715,307
1685905879.2197173,306
1685905879.2367396,305
1685905879.2479568,306
1685905879.2609344,307
1685905879.277451,310
1685905879.2892864,312
1685905879.3013358,312
1685905879.3181152,312
1685905879.3296106,313
1685905879.3461478,315
1685905879.3593247,318
1685905879.371068,319
1685905879.3877425,319
1685905879.4000337,319
1685905879.4120116,320
1685905879.4286308,321
1685905879.4414775,322
1685905879.4535265,322
1685905879.470239,320
1685905879.4816515,318
1685905879.497654,317
1685905879.5101242,318
1685905879.5229306,317
1685905879.5395856,315
1685905879.5516155,312
1685905879.563932,310
1685905879.5795164,309
1685905879.5926747,309
1685905879.60489,308
1685905879.621232,306
1685905879.633656,304
1685905879.6491864,303
1685905879.6621923,304
1685905879.6739213,304
1685905879.690505,304
1685905879.7026517,303
1685905879.7153847,301
1685905879.7317631,302
1685905879.7444162,303
1685905879.756292,304
1685905879.7725878,304
1685905879.7843847,303
1685905879.797344,302
1685905879.8137255,303
1685905879.825724,304
1685905879.8426907,305
1685905879.8546386,304
1685905879.8666089,303
1685905879.8834627,303
1685905879.8954513,304
1685905879.9074142,306
1685905879.9244406,306
1685905879.9362059,305
1685905879.948804,304
1685905879.9649508,304
1685905879.9775598,306
1685905879.993045,307
1685905880.0060482,307
1685905880.0181072,305
1685905880.0349545,304
1685905880.0471616,305
1685905880.0591617,306
1685905880.0757253,307
1685905880.088214,306
1685905880.1002133,305
1685905880.116707,304
1685905880.128623,305
1685905880.140732,306
1685905880.157673,307
1685905880.1703439,306
1685905880.1865067,305
1685905880.198791,305
1685905880.2106524,306
1685905880.2269793,307
1685905880.2392817,307
1685905880.252454,306
1685905880.2675476,305
1685905880.2804842,306
1685905880.2924914,307
1685905880.3085418,308
1685905880.3214912,308
1685905880.337486,306
1685905880.3495166,306
1685905880.362446,306
1685905880.3785875,307
1685905880.3905933,308
1685905880.4034455,307
1685905880.4194467,306
1685905880.43155,306
1685905880.44446,307
1685905880.4608924,308
1685905880.4725018,309
1685905880.488572,308
1685905880.5015128,307
1685905880.5135136,307
1685905880.530472,308
1685905880.542885,310
1685905880.5552642,310
1685905880.571352,308
1685905880.5836616,308
1685905880.5956874,308
1685905880.6122708,309
1685905880.62466,310
1685905880.6372755,310
1685905880.6536593,309
1685905880.6658256,308
1685905880.6822195,308
1685905880.6946018,310
1685905880.706762,310
1685905880.7226677,310
1685905880.735472,309
1685905880.7472167,308
1685905880.7635727,309
1685905880.7762213,310
1685905880.7881749,311
1685905880.8049588,310
1685905880.8174028,309
1685905880.8335419,309
1685905880.8456697,310
1685905880.8581202,312
1685905880.8746984,312
1685905880.8871632,311
1685905880.899169,310
1685905880.9155893,311
1685905880.9274867,313
1685905880.9395354,315
1685905880.9565349,315
1685905880.9688067,314
1685905880.9809468,313
1685905880.99684,314
1685905881.009778,315
1685905881.0263674,316
1685905881.0377738,315
1685905881.049838,314
1685905881.0664022,313
1685905881.079203,314
1685905881.09128,315
1685905881.107981,315
1685905881.1205773,313
1685905881.1326616,312
1685905881.1490684,312
1685905881.1617358,313
1685905881.176796,314
1685905881.1897476,313
1685905881.2025049,311
1685905881.218661,310
1685905881.2306616,310
1685905881.2430274,311
1685905881.2598903,312
1685905881.2718039,310
1685905881.2844274,308
1685905881.3007247,307
1685905881.3125484,308
1685905881.3281515,308
1685905881.3416612,309
1685905881.3537388,307
1685905881.370358,305
1685905881.381938,305
1685905881.3943071,306
1685905881.4109075,307
1685905881.4234617,307
1685905881.4357831,305
1685905881.4522712,304
1685905881.4644403,304
1685905881.4768481,306
1685905881.4932585,307
1685905881.504842,306
1685905881.5217845,305
1685905881.5336845,305
1685905881.5459528,305
1685905881.5620103,306
1685905881.5745614,307
1685905881.586595,306
1685905881.6034393,304
1685905881.615167,304
1685905881.6277254,305
1685905881.6441507,306
1685905881.6565747,307
1685905881.673493,306
1685905881.6855674,305
1685905881.6973853,304
1685905881.7138245,305
1685905881.7262902,307
1685905881.738801,307
1685905881.754663,306
1685905881.7667637,305
1685905881.7792664,305
1685905881.795243,307
1685905881.8082404,308
1685905881.8202581,308
1685905881.8366148,306
1685905881.849621,306
1685905881.8657105,306
1685905881.8780823,308
1685905881.8904953,308
1685905881.9068065,307
1685905881.9188173,306
1685905881.931505,306
1685905881.9472609,306
1685905881.959317,308
1685905881.9723518,308
1685905881.9883635,307
1685905882.0008984,306
1685905882.0163767,306
1685905882.0294368,307
1685905882.0421376,308
1685905882.0581512,308
1685905882.0701954,307
1685905882.0828214,306
1685905882.0992455,306
1685905882.1115167,308
1685905882.1238816,309
1685905882.1404383,308
1685905882.1521344,307
1685905882.1684637,306
1685905882.1815112,307
1685905882.1936722,309
1685905882.2096717,309
1685905882.2216399,308
1685905882.2346525,307
1685905882.2507074,307
1685905882.263043,308
1685905882.2746146,309
1685905882.2913957,309
1685905882.3039663,308
1685905882.3165765,307
1685905882.3322682,307
1685905882.34508,308
1685905882.3605428,309
1685905882.3736618,309
1685905882.3860385,307
1685905882.4024878,306
1685905882.4145854,306
1685905882.4268882,308
1685905882.442602,308
1685905882.4555926,307
1685905882.4678047,306
1685905882.48427,305
1685905882.496302,306
1685905882.5119774,307
1685905882.5249856,308
1685905882.5373554,307
1685905882.5533738,306
1685905882.5660737,306
1685905882.5780468,307
1685905882.5945113,308
1685905882.607298,308
1685905882.61892,307
1685905882.6356242,306
1685905882.6480324,306
1685905882.6640482,307
1685905882.6765807,308
1685905882.689286,308
1685905882.705651,307
1685905882.717482,306
1685905882.7301004,307
1685905882.7458587,308
1685905882.7588544,309
1685905882.770573,308
1685905882.7866843,307
1685905882.7995899,306
1685905882.8117077,307
1685905882.8281193,309
1685905882.8402374,309
1685905882.8567188,308
1685905882.869421,307
1685905882.8815947,307
1685905882.8973145,308
1685905882.9104738,309
1685905882.9222353,309
1685905882.9388745,307
1685905882.950918,306
1685905882.9626496,307
1685905882.9799109,308
1685905882.9918687,309
1685905883.0082211,308
1685905883.0202115,307
1685905883.0333388,306
1685905883.0493343,307
1685905883.0615742,308
1685905883.0738685,309
1685905883.090652,308
1685905883.1026502,307
1685905883.1152487,306
1685905883.1315017,308
1685905883.1435885,309
1685905883.1560345,309
1685905883.172602,308
1685905883.1844656,307
1685905883.200467,307
1685905883.2133145,308
1685905883.2257965,309
1685905883.2422214,309
1685905883.2544348,308
1685905883.266699,307
1685905883.282987,307
1685905883.295029,309
1685905883.3072054,310
1685905883.3238842,309
1685905883.3356586,308
1685905883.3523982,307
1685905883.3650365,307
1685905883.3766644,309
1685905883.393179,309
1685905883.405753,308
1685905883.418282,307
1685905883.4346464,306
1685905883.4466975,307
1685905883.4581616,308
1685905883.4746635,309
1685905883.487713,308
1685905883.5043354,306
1685905883.515666,306
1685905883.5286174,308
1685905883.5446997,308
1685905883.5573952,308
1685905883.5694704,307
1685905883.586391,306
1685905883.5985973,307
1685905883.6102998,308
1685905883.6268501,309
1685905883.6389015,309
1685905883.6513064,307
1685905883.6679785,307
1685905883.6801836,308
1685905883.696082,310
1685905883.7090452,310
1685905883.7209709,310
1685905883.7369688,308
1685905883.7499902,308
1685905883.7619503,309
1685905883.7780023,310
1685905883.7910285,311
1685905883.8029408,309
1685905883.8192852,308
1685905883.8320222,309
1685905883.8479447,309
1685905883.8597786,310
1685905883.871864,310
1685905883.8888261,309
1685905883.9009564,308
1685905883.9133117,309
1685905883.9296029,310
1685905883.9416258,311
1685905883.954571,310
1685905883.9710045,308
1685905883.9827557,308
1685905883.995738,309
1685905884.0118415,310
1685905884.0248144,311
1685905884.0407577,310
1685905884.0538027,309
1685905884.0647962,308
1685905884.0817442,309
1685905884.0937457,311
1685905884.106044,311
1685905884.122541,309
1685905884.1345165,309
1685905884.1464558,308
1685905884.1632466,310
1685905884.1760337,311
1685905884.1918783,310
1685905884.203877,309
1685905884.216823,308
1685905884.233131,308
1685905884.2451575,310
1685905884.2570875,310
1685905884.273929,310
1685905884.286218,308
1685905884.2982533,308
1685905884.3149276,309
1685905884.327452,310
1685905884.3429773,310
1685905884.3559232,309
1685905884.3680882,308
1685905884.3844335,308
1685905884.3971524,310
1685905884.409159,310
1685905884.4250903,311
1685905884.4381447,309
1685905884.4501622,308
1685905884.4663997,309
1685905884.4780843,310
1685905884.491094,311
1685905884.5071537,311
1685905884.520093,310
1685905884.53616,309
1685905884.5480945,310
1685905884.5600905,312
1685905884.5773418,314
1685905884.5893798,313
1685905884.6013238,313
1685905884.6173658,314
1685905884.630425,315
1685905884.6423647,317
1685905884.6584787,318
1685905884.6713805,318
1685905884.687378,317
1685905884.699651,318
1685905884.7123065,320
1685905884.7286205,322
1685905884.7403126,322
1685905884.753388,321
1685905884.7703424,321
1685905884.7813118,322
1685905884.7943022,322
1685905884.8103142,322
1685905884.8226295,320
1685905884.8353055,317
1685905884.851595,315
1685905884.863853,314
1685905884.8800302,314
1685905884.892181,313
1685905884.9048934,311
1685905884.920809,309
1685905884.9330919,308
1685905884.9457555,308
1685905884.9620693,309
1685905884.9747453,309
1685905884.986837,307
1685905885.0027473,305
1685905885.014748,305
1685905885.0318296,305
1685905885.0440612,306
1685905885.0557904,305
1685905885.0728137,304
1685905885.0851083,303
1685905885.0970688,303
1685905885.1133032,304
1685905885.125466,305
1685905885.138254,304
1685905885.1547346,303
1685905885.166954,303
1685905885.1832922,303
1685905885.1952136,305
1685905885.2082317,306
1685905885.223937,305
1685905885.2362924,304
1685905885.249018,304
1685905885.2650692,306
1685905885.2769477,307
1685905885.2899346,308
1685905885.3060968,308
1685905885.3186522,307
1685905885.3307269,308
1685905885.3466663,311
1685905885.3589895,311
1685905885.3757234,311
1685905885.3876739,310
1685905885.4007206,311
1685905885.4168112,313
1685905885.428719,314
1685905885.4407136,315
1685905885.4578154,316
1685905885.4700472,315
1685905885.4819846,314
1685905885.4987285,314
1685905885.510792,316
1685905885.526714,317
1685905885.5397022,315
1685905885.551771,314
1685905885.567714,314
1685905885.5807457,314
1685905885.5932455,315
1685905885.6088164,314
1685905885.621822,312
1685905885.6341803,310
1685905885.6499171,309
1685905885.662678,310
1685905885.674409,310
1685905885.691455,309
1685905885.7034688,308
1685905885.7194493,307
1685905885.7314522,308
1685905885.7443871,308
1685905885.7603989,308
1685905885.7731783,306
1685905885.7854269,304
1685905885.801123,303
1685905885.8141153,302
1685905885.8263526,302
1685905885.8430824,301
1685905885.8550162,299
1685905885.87133,296
1685905885.8840244,295
1685905885.896104,295
1685905885.9120855,295
1685905885.9250314,294
1685905885.9368646,292
1685905885.9535396,291
1685905885.965289,291
1685905885.9781313,292
1685905885.994349,292
1685905886.0062726,291
1685905886.022272,290
1685905886.0353768,289
1685905886.047364,290
1685905886.0639582,291
1685905886.0762837,292
1685905886.088587,291
1685905886.1042714,290
1685905886.117288,291
1685905886.1293762,292
1685905886.1458585,294
1685905886.1574361,295
1685905886.170493,295
1685905886.1864731,295
1685905886.19942,296
1685905886.2154322,298
1685905886.2276545,300
1685905886.2397373,300
1685905886.2564185,299
1685905886.2687402,299
1685905886.2808058,297
1685905886.297566,296
1685905886.3095856,297
1685905886.3218088,296
1685905886.3384945,297
1685905886.3504822,298
1685905886.3664877,301
1685905886.3785417,304
1685905886.3915594,307
1685905886.407819,308
1685905886.4204824,309
1685905886.4324815,311
1685905886.4488375,314
1685905886.4608243,317
1685905886.473539,318
1685905886.489449,318
1685905886.5021653,318
1685905886.51414,319
1685905886.5311477,321
1685905886.5431604,322
1685905886.5591447,321
1685905886.5717785,319
1685905886.584155,318
1685905886.6003933,318
1685905886.6127949,319
1685905886.6250637,318
1685905886.6413262,316
1685905886.6540015,315
1685905886.6661649,313
1685905886.6821783,313
1685905886.6951692,313
1685905886.7109156,313
1685905886.7232745,311
1685905886.7352326,309
1685905886.7521648,308
1685905886.7641678,309
1685905886.7764523,310
1685905886.7927947,309
1685905886.805526,308
1685905886.8174524,307
1685905886.8334615,307
1685905886.8459947,309
1685905886.8584406,309
1685905886.8745446,309
1685905886.8866065,308
1685905886.9033954,307
1685905886.9155157,308
1685905886.9275677,309
1685905886.9444952,309
1685905886.9570193,309
1685905886.9689522,307
1685905886.9855003,307
1685905886.997925,308
1685905887.0099905,310
1685905887.0262704,310
1685905887.0389378,309
1685905887.0548713,308
1685905887.0669682,308
1685905887.080015,309
1685905887.096483,309
1685905887.1086662,309
1685905887.1206765,308
1685905887.1369157,307
1685905887.149617,307
1685905887.1615527,308
1685905887.178162,310
1685905887.1902487,309
1685905887.2065263,308
1685905887.2191668,308
1685905887.231182,308
1685905887.2477634,310
1685905887.2592669,310
1685905887.272202,310
1685905887.2882068,308
1685905887.300583,308
1685905887.3132212,309
1685905887.3292089,311
1685905887.3412013,311
1685905887.354205,310
1685905887.370507,309
1685905887.382207,309
1685905887.3991437,311
1685905887.4111543,312
1685905887.4235067,312
1685905887.4406214,311
1685905887.4526145,310
1685905887.4646783,310
1685905887.4812229,311
1685905887.4931588,312
1685905887.505148,311
1685905887.5221558,310
1685905887.5344002,309
1685905887.5502574,309
1685905887.5631964,311
1685905887.5751686,311
1685905887.5917642,310
1685905887.6042566,308
1685905887.6159635,308
1685905887.632641,309
1685905887.6451242,310
1685905887.6573548,310
1685905887.673693,309
1685905887.6856396,307
1685905887.6979976,307
1685905887.7147255,308
1685905887.726691,310
1685905887.7427073,309
1685905887.7557204,308
1685905887.7677681,307
1685905887.784014,307
1685905887.7967896,309
1685905887.8086905,310
1685905887.8247273,309
1685905887.8376935,307
1685905887.8501585,307
1685905887.8657236,308
1685905887.878175,309
1685905887.894922,310
1685905887.9072104,309
1685905887.9193876,307
1685905887.935685,307
1685905887.9477074,308
1685905887.9603524,309
1685905887.976769,309
1685905887.9893003,308
1685905888.001327,307
1685905888.0172253,307
1685905888.0303357,309
1685905888.0462706,309
1685905888.058126,309
1685905888.0714176,308
1685905888.0874934,307
1685905888.0995464,307
1685905888.1116905,309
1685905888.1284823,309
1685905888.1404138,309
1685905888.1527522,307
1685905888.1694286,307
1685905888.1815948,308
1685905888.1935084,309
1685905888.209506,310
1685905888.2225688,309
1685905888.2385247,307
1685905888.2515054,308
1685905888.2635605,308
1685905888.2796843,310
1685905888.2924354,310
1685905888.30436,308
1685905888.3204298,307
1685905888.33242,307
1685905888.3453634,309
1685905888.3613615,309
1685905888.374369,309
1685905888.390362,308
1685905888.4026165,307
1685905888.4153116,308
1685905888.431181,309
1685905888.4437697,310
1685905888.4558477,309
1685905888.472544,308
1685905888.4845939,307
1685905888.496534,308
1685905888.513544,310
1685905888.5255575,310
1685905888.537792,309
1685905888.554454,308
1685905888.5666199,307
1685905888.5827796,308
1685905888.594524,310
1685905888.6075187,310
1685905888.623535,309
1685905888.6355503,307
1685905888.648534,307
1685905888.6650743,309
1685905888.6770165,310
1685905888.689088,309
1685905888.705056,308
1685905888.7180133,307
1685905888.7340117,308
1685905888.7470849,310
1685905888.759085,311
1685905888.775503,310
1685905888.7875254,309
1685905888.7994566,308
1685905888.8167007,309
1685905888.8287199,311
1685905888.8411977,311
1685905888.8566504,310
1685905888.869601,308
1685905888.885904,308
1685905888.8979166,309
1685905888.9106364,310
1685905888.9266472,309
1685905888.9388628,308
1685905888.9515295,307
1685905888.9677691,308
1685905888.9804754,309
1685905888.992224,310
1685905889.0088663,310
1685905889.021329,308
1685905889.033399,308
1685905889.0493217,309
1685905889.0623431,310
1685905889.0781326,310
1685905889.0907605,309
1685905889.102742,307
1685905889.1192138,307
1685905889.131919,308
1685905889.1436093,309
1685905889.159711,309
1685905889.1723812,308
1685905889.1846848,307
1685905889.2007682,307
1685905889.213825,308
1685905889.2294633,309
1685905889.2425046,309
1685905889.2540534,308
1685905889.2709477,307
1685905889.2829726,308
1685905889.295071,309
1685905889.3117282,310
1685905889.3234084,310
1685905889.336453,308
1685905889.353246,307
1685905889.365331,308
1685905889.3809655,310
1685905889.3940096,310
1685905889.4064727,309
1685905889.4228203,308
1685905889.4347103,308
1685905889.4468048,309
1685905889.4635756,310
1685905889.4752276,310
1685905889.4882264,308
1685905889.5036843,308
1685905889.5164056,308
1685905889.5293474,309
1685905889.5449996,310
1685905889.557917,310
1685905889.5739295,308
1685905889.5859783,308
1685905889.5979805,308
1685905889.6149101,309
1685905889.6269882,310
1685905889.6389785,309
1685905889.6559172,308
1685905889.6679091,308
1685905889.6806052,308
1685905889.6966505,310
1685905889.7086654,310
1685905889.7246134,309
1685905889.7376022,308
1685905889.750408,308
1685905889.7666051,309
1685905889.779124,310
1685905889.7912717,310
1685905889.8071196,309
1685905889.82006,308
1685905889.8323543,308
1685905889.8486116,310
1685905889.8606095,311
1685905889.8728836,310
1685905889.8893049,309
1685905889.9015741,308
1685905889.9178464,309
1685905889.9298267,310
1685905889.9427912,311
1685905889.9590309,310
1685905889.9713116,308
1685905889.9838057,308
1685905890.0000298,308
1685905890.0124722,310
1685905890.0246582,310
1685905890.040644,309
1685905890.0533307,308
1685905890.0696483,308
1685905890.0818925,309
1685905890.0942073,310
1685905890.1106398,310
1685905890.1224248,309
1685905890.1353645,308
1685905890.15136,309
1685905890.1632488,310
1685905890.1756153,311
1685905890.1924984,310
1685905890.2048872,309
1685905890.2207375,308
1685905890.2336748,308
1685905890.2458832,310
1685905890.2616808,310
1685905890.2743943,310
1685905890.2868633,309
1685905890.3030849,309
1685905890.3150668,311
1685905890.3277931,313
1685905890.3439255,314
1685905890.3557014,313
1685905890.3687065,311
1685905890.3853216,311
1685905890.3973777,312
1685905890.4132519,312
1685905890.4262455,311
1685905890.438629,310
1685905890.4550107,308
1685905890.4670043,308
1685905890.4794436,308
1685905890.4956782,309
1685905890.507661,307
1685905890.5194697,306
1685905890.5366673,305
1685905890.54848,305
1685905890.5654135,306
1685905890.5771875,306
1685905890.5893006,306
1685905890.6056821,305
1685905890.618289,305
1685905890.6305518,306
1685905890.6466987,308
1685905890.6595647,310
1685905890.671817,309
1685905890.687831,309
1685905890.6998143,309
1685905890.7128155,311
1685905890.7288043,313
1685905890.7411304,314
1685905890.7570703,313
1685905890.7697158,313
1685905890.7822726,313
1685905890.798485,315
1685905890.811201,317
1685905890.8235672,317
1685905890.839735,316
1685905890.8520362,317
1685905890.8637214,316
1685905890.8804033,316
1685905890.8924985,315
1685905890.9089925,312
1685905890.921717,308
1685905890.9339037,306
1685905890.9500089,305
1685905890.9627075,305
1685905890.9745855,304
1685905890.9905882,301
1685905891.0036724,299
1685905891.0153732,297
1685905891.0314534,297
1685905891.044454,297
1685905891.0597878,296
1685905891.0728405,294
1685905891.0852332,293
1685905891.1017287,293
1685905891.1138122,295
1685905891.1266072,296
1685905891.1428308,295
1685905891.154328,293
1685905891.1673841,293
1685905891.1834576,294
1685905891.1963654,295
1685905891.208304,296
1685905891.2248008,295
1685905891.2367816,294
1685905891.252786,294
1685905891.265793,295
1685905891.2779834,296
1685905891.29432,296
1685905891.3073783,295
1685905891.318799,294
1685905891.3355281,295
1685905891.3476639,297
1685905891.3599272,300
1685905891.376535,302
1685905891.3886778,302
1685905891.4047709,303
1685905891.4173093,306
1685905891.4295485,310
1685905891.4455922,313
1685905891.4576576,315
1685905891.4706528,316
1685905891.4868736,317
1685905891.4988713,320
1685905891.5115082,322
1685905891.5274887,325
1685905891.5407274,326
1685905891.5527446,326
1685905891.5683627,327
1685905891.5808086,329
1685905891.5973334,331
1685905891.6097157,331
1685905891.6218557,330
1685905891.638619,329
1685905891.6507797,328
1685905891.662735,327
1685905891.6787899,326
1685905891.6916106,324
1685905891.7038379,322
1685905891.7205782,319
1685905891.7325788,318
1685905891.7491794,318
1685905891.7612195,317
1685905891.7730548,315
1685905891.789563,313
1685905891.80255,312
1685905891.814478,312
1685905891.8306935,314
1685905891.843459,313
1685905891.8547838,311
1685905891.87175,308
1685905891.8838315,308
1685905891.8998423,308
1685905891.9127533,308
1685905891.9253356,308
1685905891.9411948,306
1685905891.9535344,305
1685905891.9663022,305
1685905891.9826515,306
1685905891.994172,307
1685905892.0067775,306
1685905892.02322,304
1685905892.0357668,304
1685905892.0474157,303
1685905892.064346,305
1685905892.0766315,305
1685905892.0929067,304
1685905892.105084,303
1685905892.1176677,303
1685905892.1342947,303
1685905892.1463113,304
1685905892.158586,304
1685905892.1748254,303
1685905892.1870208,302
1685905892.1995108,301
1685905892.2161698,302
1685905892.2279558,303
1685905892.2443185,303
1685905892.2562647,302
1685905892.2694612,301
1685905892.2857842,301
1685905892.297766,303
1685905892.310147,304
1685905892.3264885,303
1685905892.3386126,302
1685905892.350774,301
1685905892.3676627,301
1685905892.3796775,302
1685905892.3919182,303
1685905892.4078047,301
1685905892.4206433,300
1685905892.436989,300
1685905892.4496393,301
1685905892.4616506,302
1685905892.4779782,302
1685905892.4903011,301
1685905892.5026765,300
1685905892.5190794,300
1685905892.530836,302
1685905892.5434625,303
1685905892.5598092,303
1685905892.571708,301
1685905892.5877,300
1685905892.6007037,301
1685905892.6127634,302
1685905892.629668,303
1685905892.6421273,302
1685905892.6542099,301
1685905892.6706698,300
1685905892.6827326,301
1685905892.6953595,302
1685905892.711613,303
1685905892.7237747,302
1685905892.7396367,301
1685905892.752655,301
1685905892.7647824,302
1685905892.781458,303
1685905892.7935314,303
1685905892.805582,302
1685905892.821554,301
1685905892.8346648,300
1685905892.846238,302
1685905892.8627415,303
1685905892.8750515,302
1685905892.8879654,301
1685905892.9037395,300
1685905892.9158587,300
1685905892.9326596,301
1685905892.9452074,302
1685905892.9572334,301
1685905892.9731603,300
1685905892.9853745,299
1685905892.998039,300
1685905893.014536,301
1685905893.0269217,301
1685905893.038784,300
1685905893.0548472,299
1685905893.067917,299
1685905893.0838084,300
1685905893.096006,301
1685905893.1084409,301
1685905893.1249313,300
1685905893.137534,299
1685905893.1495907,299
1685905893.1664648,301
1685905893.177797,302
1685905893.1907315,302
1685905893.2065248,301
1685905893.2186418,300
1685905893.231922,300
1685905893.2475176,302
1685905893.2596955,303
1685905893.2771375,302
1685905893.288931,301
1685905893.301625,301
1685905893.3176727,302
1685905893.3303266,303
1685905893.3425329,304
1685905893.358841,303
1685905893.3704298,302
1685905893.3835044,302
1685905893.3995926,303
1685905893.4117749,304
1685905893.4274297,304
1685905893.4399831,303
1685905893.4525442,302
1685905893.4693642,302
1685905893.4818528,303
1685905893.493861,304
1685905893.5098338,304
1685905893.5225344,303
1685905893.5347588,302
1685905893.5513542,303
1685905893.5634682,304
1685905893.5798674,305
1685905893.59184,305
1685905893.6040184,304
1685905893.6208744,303
1685905893.6333823,304
1685905893.6454198,306
1685905893.6614187,307
1685905893.6742296,306
1685905893.685983,305
1685905893.7024524,305
1685905893.7143323,307
1685905893.7275937,308
1685905893.7436647,309
1685905893.7554326,308
1685905893.7716992,307
1685905893.7846086,308
1685905893.7971768,310
1685905893.813198,311
1685905893.8255424,311
1685905893.8375864,310
1685905893.8540952,310
1685905893.8666406,311
1685905893.8790061,312
1685905893.895439,313
1685905893.9073362,313
1685905893.9235368,312
1685905893.935852,312
1685905893.948597,313
1685905893.9648685,315
1685905893.976963,315
1685905893.9887645,315
1685905894.0053868,313
1685905894.0174515,314
1685905894.029978,315
1685905894.0468383,316
1685905894.0594556,316
1685905894.0712078,314
1685905894.087283,313
1685905894.0997996,313
1685905894.1178415,315
1685905894.127847,315
1685905894.1411982,315
1685905894.157611,313
1685905894.169653,313
1685905894.1818147,313
1685905894.1978254,314
1685905894.2105649,315
1685905894.2228105,314
1685905894.2384927,313
1685905894.2512589,313
1685905894.267419,314
1685905894.2804208,315
1685905894.2926648,315
1685905894.3087196,314
1685905894.3206615,313
1685905894.3333576,313
1685905894.3494666,314
1685905894.363275,315
1685905894.3745494,315
1685905894.3907325,313
1685905894.4034388,312
1685905894.419336,312
1685905894.4318213,313
1685905894.443727,314
1685905894.4604533,313
1685905894.4727154,312
1685905894.4847062,311
1685905894.5011082,312
1685905894.513923,313
1685905894.5261745,314
1685905894.5417461,313
1685905894.5549307,312
1685905894.5660944,312
1685905894.5832136,313
1685905894.5959938,314
1685905894.612039,314
1685905894.6246314,313
1685905894.6365745,312
1685905894.6532638,312
1685905894.6655383,313
1685905894.6768577,314
1685905894.6939383,314
1685905894.7060952,313
1685905894.7181385,312
1685905894.735141,312
1685905894.7474008,314
1685905894.762636,315
1685905894.77593,314
1685905894.7876477,312
1685905894.8037796,312
1685905894.816636,312
1685905894.829042,314
1685905894.8452363,315
1685905894.857475,314
1685905894.8701956,312
1685905894.886383,312
1685905894.8991218,313
1685905894.9112804,314
1685905894.92681,314
1685905894.9399173,313
1685905894.9553952,312
1685905894.9683824,312
1685905894.9805894,313
1685905894.9968717,314
1685905895.0091753,314
1685905895.0218034,312
1685905895.0379674,311
1685905895.0505636,312
1685905895.0618074,313
1685905895.0792227,314
1685905895.0914207,313
1685905895.1075172,312
1685905895.1196365,311
1685905895.1324878,312
1685905895.148529,313
1685905895.1608648,314
1685905895.1730862,313
1685905895.1897619,312
1685905895.2014794,311
1685905895.213834,312
1685905895.2300117,314
1685905895.242433,314
1685905895.2583597,313
1685905895.2713838,312
1685905895.2836618,311
1685905895.300526,312
1685905895.3114958,313
1685905895.3244715,313
1685905895.3405764,311
1685905895.3535016,311
1685905895.36547,311
1685905895.381491,312
1685905895.3945394,313
1685905895.406549,312
1685905895.42249,311
1685905895.4354765,310
1685905895.4514701,311
1685905895.4637928,312
1685905895.4761708,312
1685905895.492548,311
1685905895.504359,310
1685905895.5171695,310
1685905895.5332408,311
1685905895.5452375,312
1685905895.5581768,312
1685905895.5741901,310
1685905895.5862372,309
1685905895.603059,309
1685905895.6154277,311
1685905895.6278343,312
1685905895.6440358,311
1685905895.656502,310
1685905895.6684613,309
1685905895.684663,309
1685905895.697244,311
1685905895.709424,312
1685905895.7257524,311
1685905895.7384875,310
1685905895.75043,309
1685905895.7669444,310
1685905895.7794712,311
1685905895.795475,311
1685905895.8077931,310
1685905895.8204176,309
1685905895.836443,309
1685905895.8484237,310
1685905895.8614902,311
1685905895.8774204,311
1685905895.889487,310
1685905895.9017696,309
1685905895.918566,309
1685905895.9311419,310
1685905895.946731,311
1685905895.9595015,311
1685905895.9717517,309
1685905895.9874365,308
1685905896.0005217,309
1685905896.0124145,310
1685905896.0288112,311
1685905896.041368,310
1685905896.0539498,309
1685905896.070191,308
1685905896.0822384,309
1685905896.0982378,310
1685905896.1112466,310
1685905896.1232562,309
1685905896.139178,308
1685905896.1521773,307
1685905896.1644747,309
1685905896.1801786,310
1685905896.1931746,310
1685905896.2051775,309
1685905896.2211778,309
1685905896.2331777,310
1685905896.2461765,312
1685905896.2621775,314
1685905896.2741764,315
1685905896.2911756,316
1685905896.3032632,317
1685905896.3156075,319
1685905896.3317964,321
1685905896.3440008,323
1685905896.3561082,323
1685905896.3726938,323
1685905896.3853657,323
1685905896.397703,324
1685905896.4137077,326
1685905896.4256046,327
1685905896.4421477,325
1685905896.4547021,324
1685905896.4667013,324
1685905896.4837024,324
1685905896.495701,325
1685905896.5078442,324
1685905896.5247016,322
1685905896.5367029,320
1685905896.548659,319
1685905896.5656564,319
1685905896.5776556,318
1685905896.589656,316
1685905896.6056535,313
1685905896.618654,311
1685905896.6346748,310
1685905896.6471233,310
1685905896.6592274,310
1685905896.6761277,309
1685905896.6882224,306
1685905896.7001143,305
1685905896.7171917,305
1685905896.729395,306
1685905896.7414644,306
1685905896.757461,305
1685905896.7703953,303
1685905896.7867155,303
1685905896.7989323,304
1685905896.8111877,305
1685905896.8279555,304
1685905896.8399298,304
1685905896.8519273,303
1685905896.868893,303
1685905896.880864,305
1685905896.8928652,306
1685905896.9099452,306
1685905896.9219363,304
1685905896.9381354,304
1685905896.9508827,305
1685905896.962956,306
1685905896.9792206,307
1685905896.9919448,306
1685905897.0048988,305
1685905897.0211115,305
1685905897.0326176,306
1685905897.0448008,308
1685905897.0615282,309
1685905897.0735288,307
1685905897.085527,306
1685905897.101484,307
1685905897.1145475,309
1685905897.1307738,312
1685905897.1427946,312
1685905897.1553862,313
1685905897.172036,313
1685905897.184123,315
1685905897.1960306,318
1685905897.2130413,319
1685905897.2251108,319
1685905897.2370944,319
1685905897.253228,318
1685905897.26567,318
1685905897.2824366,319
1685905897.2953234,319
1685905897.3073146,317
1685905897.3233182,315
1685905897.335407,314
1685905897.3475428,313
1685905897.3645327,313
1685905897.376543,312
1685905897.3888547,309
1685905897.4045937,307
1685905897.4175332,306
1685905897.4335327,306
1685905897.4465992,307
1685905897.4586127,306
1685905897.474614,303
1685905897.4865348,300
1685905897.4996126,300
1685905897.5158894,299
1685905897.5275977,299
1685905897.5405333,297
1685905897.556855,294
1685905897.5686185,293
1685905897.5814285,292
1685905897.597512,292
1685905897.6094315,293
1685905897.6266174,291
1685905897.6384244,289
1685905897.6507227,288
1685905897.6675055,288
1685905897.67947,289
1685905897.691766,289
1685905897.7084484,287
1685905897.720789,287
1685905897.7324922,287
1685905897.7494287,288
1685905897.7614293,290
1685905897.777766,290
1685905897.7905087,290
1685905897.802497,289
1685905897.81898,290
1685905897.8314414,292
1685905897.8435445,293
1685905897.859438,293
1685905897.8724382,292
1685905897.8844352,292
1685905897.9011374,293
1685905897.9130836,295
1685905897.9250972,297
1685905897.9421551,298
1685905897.9541564,299
1685905897.9704356,298
1685905897.9831486,300
1685905897.9950805,298
1685905898.0110826,296
1685905898.02308,293
1685905898.0360842,291
1685905898.052556,292
1685905898.0646107,295
1685905898.0766191,298
1685905898.0926118,300
1685905898.1055691,302
1685905898.1216125,304
1685905898.1345782,307
1685905898.14661,311
1685905898.162611,314
1685905898.1755598,315
1685905898.1878743,316
1685905898.2036905,317
1685905898.2155542,318
1685905898.2285516,320
1685905898.2448616,321
1685905898.2568526,320
1685905898.2725577,318
1685905898.2856898,318
1685905898.2978742,319
1685905898.3145862,320
1685905898.3268647,320
1685905898.3388095,319
1685905898.3556378,317
1685905898.3678284,317
1685905898.3799245,317
1685905898.3962693,317
1685905898.40902,316
1685905898.4212496,314
1685905898.4370048,312
1685905898.4500208,312
1685905898.4662116,312
1685905898.478021,312
1685905898.4910114,310
1685905898.5071437,308
1685905898.5189629,307
1685905898.5319343,307
1685905898.5480053,308
1685905898.560349,308
1685905898.5722778,306
1685905898.5890665,305
1685905898.6017175,305
1685905898.6177042,306
1685905898.6300042,307
1685905898.6420693,307
1685905898.6587863,306
1685905898.670959,304
1685905898.6830623,305
1685905898.6997771,306
1685905898.711721,307
1685905898.7237327,306
1685905898.7407858,305
1685905898.7531178,305
1685905898.7654953,305
1685905898.7814746,307
1685905898.7937865,308
1685905898.809802,307
1685905898.822545,306
1685905898.8349879,306
1685905898.8505535,307
1685905898.863669,308
1685905898.8756568,309
1685905898.8922052,308
1685905898.9046645,307
1685905898.916693,307
1685905898.9326138,308
1685905898.9457462,310
1685905898.961657,309
1685905898.9736533,309
1685905898.9859507,308
1685905899.0026276,308
1685905899.0145588,309
1685905899.0269794,310
1685905899.0431085,310
1685905899.0554,308
1685905899.0678184,308
1685905899.084822,308
1685905899.0969744,310
1685905899.1128848,310
1685905899.1256557,309
1685905899.1379426,308
1685905899.1547146,308
1685905899.1667068,308
1685905899.1788132,310
1685905899.1951003,310
1685905899.206821,309
1685905899.2197719,308
1685905899.235772,307
1685905899.248131,309
1685905899.2608333,310
1685905899.2770224,309
1685905899.2898033,308
1685905899.3057215,307
1685905899.3177762,308
1685905899.3300903,309
1685905899.3468022,311
1685905899.3592985,310
1685905899.3713784,309
1685905899.3879423,308
1685905899.3999443,309
1685905899.4118805,310
1685905899.4289472,311
1685905899.4411995,310
1685905899.4568665,308
1685905899.4694824,308
1685905899.481994,309
1685905899.4978824,310
1685905899.510862,311
1685905899.5228703,309
1685905899.5389664,308
1685905899.5515974,308
1685905899.5638337,309
1685905899.5795681,311
1685905899.592583,310
1685905899.6045635,309
1685905899.6208982,308
1685905899.633653,308
1685905899.6496236,309
1685905899.662015,310
1685905899.6740527,310
1685905899.6907876,308
1685905899.7026944,308
1685905899.714995,308
1685905899.7317452,309
1685905899.7434227,310
1685905899.7564197,309
1685905899.773338,308
1685905899.7842896,307
1685905899.8012724,308
1685905899.8135817,310
1685905899.8255978,310
1685905899.8423524,309
1685905899.8546052,308
1685905899.8672738,307
1685905899.8833294,308
1685905899.895327,309
1685905899.9076002,309
1685905899.9242735,308
1685905899.936554,307
1685905899.9486003,307
1685905899.9652731,309
1685905899.9777539,310
1685905899.993621,309
1685905900.0063381,308
1685905900.018337,307
1685905900.0352705,308
1685905900.0473473,309
1685905900.0592704,310
1685905900.075588,309
1685905900.0882711,307
1685905900.1003957,307
1685905900.1165912,308
1685905900.1293356,309
1685905900.145345,309
1685905900.1578422,308
1685905900.169675,307
1685905900.185747,307
1685905900.1987364,309
1685905900.2107348,310
1685905900.2270517,309
1685905900.2397993,308
1685905900.2517312,307
1685905900.268155,307
1685905900.2802174,309
1685905900.2961652,310
1685905900.308898,309
1685905900.320895,308
1685905900.3379703,307
1685905900.3498416,308
1685905900.3619606,309
1685905900.3791885,310
1685905900.3908317,309
1685905900.4032176,307
1685905900.419911,307
1685905900.4318335,308
1685905900.4438963,309
1685905900.4609115,309
1685905900.4739282,308
1685905900.4891994,307
1685905900.501825,308
1685905900.5141823,309
1685905900.5298998,310
1685905900.5423288,310
1685905900.5543244,308
1685905900.571328,308
1685905900.5837796,308
1685905900.5957856,310
1685905900.6125646,310
1685905900.624575,310
1685905900.6409082,308
1685905900.6532147,308
1685905900.6654377,309
1685905900.6823366,310
1685905900.6936905,310
1685905900.7067957,309
1685905900.7228947,308
1685905900.7348142,308
1685905900.7476466,309
1685905900.7637854,311
1685905900.7758017,311
1685905900.7881746,310
1685905900.804916,308
1685905900.817303,309
1685905900.8340201,310
1685905900.8460875,311
1685905900.8574812,310
1685905900.874618,309
1685905900.8868964,308
1685905900.8990023,308
1685905900.9158998,310
1685905900.9279091,310
1685905900.9403207,310
1685905900.95591,308
1685905900.9687638,308
1685905900.9851246,308
1685905900.9973493,310
1685905901.0092344,310
1685905901.0267084,309
1685905901.0388477,308
1685905901.0499096,308
1685905901.0668905,309
1685905901.0796394,310
1685905901.0912414,310
1685905901.1082025,309
1685905901.120215,308
1685905901.1362102,308
1685905901.1482625,309
1685905901.1612108,310
1685905901.177271,309
1685905901.190197,308
1685905901.2022018,308
1685905901.2182138,308
1685905901.2308536,310
1685905901.242799,310
1685905901.2587976,309
1685905901.2709486,308
1685905901.2837996,308
1685905901.2998028,309
1685905901.312811,310
1685905901.3288417,310
1685905901.340864,310
1685905901.3538682,308
1685905901.3701663,308
1685905901.382567,309
1685905901.394802,311
1685905901.4108021,311
1685905901.4228642,309
1685905901.4349177,308
1685905901.4518037,308
1685905901.4638317,310
1685905901.4798312,310
1685905901.4927723,310
1685905901.5047688,309
1685905901.5207973,308
1685905901.5337772,308
1685905901.5458336,309
1685905901.5623415,310
1685905901.5749762,309
1685905901.5869756,308
1685905901.6036818,307
1685905901.6150687,308
