timestamps,emg_signal
1686111071.9709506,392
1686111071.9879315,394
1686111071.9999316,394
1686111072.0119467,394
1686111072.0279522,395
1686111072.040957,396
1686111072.0529299,396
1686111072.0695603,397
1686111072.0816002,397
1686111072.0976405,397
1686111072.1105907,397
1686111072.12258,397
1686111072.1386006,398
1686111072.1510613,399
1686111072.1631143,398
1686111072.180243,398
1686111072.1922467,397
1686111072.2042532,397
1686111072.2212462,396
1686111072.2332625,395
1686111072.2452617,394
1686111072.2617402,392
1686111072.2737846,390
1686111072.290741,389
1686111072.3027275,388
1686111072.3147964,387
1686111072.3317294,386
1686111072.3437667,384
1686111072.3557847,383
1686111072.3724723,382
1686111072.3843875,381
1686111072.3973875,381
1686111072.4133399,380
1686111072.4256232,379
1686111072.4413264,379
1686111072.4548793,379
1686111072.4663885,379
1686111072.4833283,379
1686111072.4953468,379
1686111072.5073943,380
1686111072.5243297,381
1686111072.5363295,382
1686111072.5483277,383
1686111072.5643926,382
1686111072.5774944,382
1686111072.5896344,382
1686111072.6062124,381
1686111072.6185358,381
1686111072.6345487,380
1686111072.6465921,379
1686111072.6595318,377
1686111072.675549,376
1686111072.6875298,375
1686111072.6996026,375
1686111072.7165303,374
1686111072.7285266,373
1686111072.7407987,372
1686111072.7575548,372
1686111072.769553,372
1686111072.785533,372
1686111072.7985508,372
1686111072.810567,371
1686111072.826531,370
1686111072.8389919,370
1686111072.8513095,370
1686111072.8682384,369
1686111072.8798702,368
1686111072.8928208,367
1686111072.9088156,367
1686111072.920877,366
1686111072.936812,366
1686111072.949808,366
1686111072.9628136,365
1686111072.97881,364
1686111072.9908168,365
1686111073.002806,365
1686111073.0198123,365
1686111073.0321426,366
1686111073.0440886,365
1686111073.0608106,366
1686111073.072807,365
1686111073.0848086,365
1686111073.1008098,367
1686111073.1138084,368
1686111073.1298132,369
1686111073.1428113,370
1686111073.1548069,371
1686111073.1708045,373
1686111073.182809,375
1686111073.1958203,376
1686111073.211815,378
1686111073.2238884,379
1686111073.2368088,381
1686111073.2528162,383
1686111073.2648246,383
1686111073.2810354,383
1686111073.2938163,383
1686111073.3058078,383
1686111073.3228097,384
1686111073.334815,385
1686111073.346809,385
1686111073.3638084,384
1686111073.3758302,384
1686111073.3880265,383
1686111073.4048076,382
1686111073.4168847,382
1686111073.4288254,382
1686111073.4454966,382
1686111073.4574826,381
1686111073.474484,381
1686111073.4864793,380
1686111073.4984775,379
1686111073.514535,379
1686111073.5274785,377
1686111073.5394785,377
1686111073.5562234,377
1686111073.5684555,375
1686111073.580703,374
1686111073.5967019,372
1686111073.60969,371
1686111073.625687,369
1686111073.6377354,369
1686111073.650688,367
1686111073.6666882,365
1686111073.6785629,363
1686111073.6915786,360
1686111073.7075772,359
1686111073.7196212,357
1686111073.7326193,355
1686111073.7485619,353
1686111073.7605588,350
1686111073.7735028,349
1686111073.7894993,347
1686111073.801483,347
1686111073.818542,347
1686111073.8304975,346
1686111073.8424985,346
1686111073.8594868,347
1686111073.8714828,348
1686111073.8834825,349
1686111073.9004922,351
1686111073.9124968,352
1686111073.9246707,353
1686111073.9408238,354
1686111073.9528694,356
1686111073.9698145,357
1686111073.9821446,356
1686111073.9945188,355
1686111074.0112255,354
1686111074.0232496,353
1686111074.035242,353
1686111074.0518446,353
1686111074.06412,353
1686111074.0760067,352
1686111074.0929446,352
1686111074.10494,351
1686111074.1210625,351
1686111074.133727,351
1686111074.1457183,350
1686111074.1627364,350
1686111074.1740544,347
1686111074.1871128,343
1686111074.2034035,341
1686111074.2158663,340
1686111074.2278624,339
1686111074.243722,339
1686111074.2567484,339
1686111074.2690637,338
1686111074.2854075,338
1686111074.2972975,338
1686111074.3140318,337
1686111074.326023,336
1686111074.3388128,335
1686111074.3551965,334
1686111074.3671787,333
1686111074.3791883,331
1686111074.396323,329
1686111074.4083102,328
1686111074.4205859,326
1686111074.4363983,324
1686111074.4498987,322
1686111074.465441,320
1686111074.4771392,317
1686111074.4900749,315
1686111074.5059652,313
1686111074.5189672,311
1686111074.5311434,310
1686111074.547336,308
1686111074.5591433,307
1686111074.5723612,306
1686111074.5882013,306
1686111074.6002743,307
1686111074.6124065,308
1686111074.6294062,309
1686111074.6415603,312
1686111074.6575303,315
1686111074.6704519,318
1686111074.682715,321
1686111074.6983693,322
1686111074.7113667,324
1686111074.7234025,325
1686111074.739374,327
1686111074.752374,327
1686111074.7643816,328
1686111074.7813642,328
1686111074.7930112,328
1686111074.8092513,328
1686111074.8213043,329
1686111074.834286,330
1686111074.8510334,330
1686111074.862599,331
1686111074.8753865,332
1686111074.8918016,332
1686111074.903816,333
1686111074.915825,335
1686111074.932751,335
1686111074.9449205,335
1686111074.9609156,336
1686111074.9729104,337
1686111074.9859195,337
1686111075.00186,337
1686111075.0148604,338
1686111075.0268688,337
1686111075.043036,336
1686111075.055635,336
1686111075.0675788,336
1686111075.0835702,337
1686111075.0961616,337
1686111075.1086702,336
1686111075.1251085,337
1686111075.1376722,337
1686111075.1536667,338
1686111075.165681,338
1686111075.1776674,339
1686111075.1946838,340
1686111075.2066793,341
1686111075.218725,342
1686111075.2350774,344
1686111075.2475398,345
1686111075.2595346,347
1686111075.2757976,347
1686111075.2885878,349
1686111075.3048422,351
1686111075.3176222,352
1686111075.3298955,354
1686111075.3455021,354
1686111075.3583517,355
1686111075.3709865,356
1686111075.3870249,358
1686111075.399151,359
1686111075.4119027,359
1686111075.428292,361
1686111075.4402716,361
1686111075.4530008,363
1686111075.4688072,364
1686111075.481421,366
1686111075.4978547,366
1686111075.5103533,367
1686111075.5219493,369
1686111075.538966,370
1686111075.5513284,371
1686111075.5629659,372
1686111075.579961,373
1686111075.5919564,374
1686111075.6039531,374
1686111075.61995,376
1686111075.6329486,377
1686111075.6489472,377
1686111075.6610115,377
1686111075.673948,378
1686111075.690585,378
1686111075.7025805,379
1686111075.7145593,380
1686111075.730618,380
1686111075.7435803,380
1686111075.7555797,380
1686111075.7715657,380
1686111075.7845738,380
1686111075.7965617,380
1686111075.812624,380
1686111075.825212,379
1686111075.8418205,379
1686111075.8536284,380
1686111075.8656414,380
1686111075.8829846,380
1686111075.8958852,380
1686111075.9064653,380
1686111075.923783,380
1686111075.9363716,381
1686111075.9485579,383
1686111075.9640665,384
1686111075.9770536,385
1686111075.9929838,386
1686111076.005882,388
1686111076.017552,389
1686111076.0345933,389
1686111076.0465956,390
1686111076.0585976,389
1686111076.0759346,388
1686111076.0872993,388
1686111076.0996287,388
1686111076.1160476,386
1686111076.128248,385
1686111076.1440918,384
1686111076.1572075,383
1686111076.169645,382
1686111076.1860251,382
1686111076.1975567,381
1686111076.2106168,380
1686111076.2271235,379
1686111076.2391644,379
1686111076.2514555,379
1686111076.267804,378
1686111076.2798479,378
1686111076.2924721,378
1686111076.308886,377
1686111076.3211427,376
1686111076.3374224,376
1686111076.3495035,376
1686111076.3634455,375
1686111076.3784132,375
1686111076.3907158,375
1686111076.4032884,376
1686111076.419414,377
1686111076.4318879,377
1686111076.444478,377
1686111076.4603887,377
1686111076.473118,379
1686111076.4881876,376
1686111076.5011969,375
1686111076.5134394,377
1686111076.529536,376
1686111076.542206,380
1686111076.5542548,379
1686111076.57114,379
1686111076.5837107,380
1686111076.5955415,381
1686111076.6121738,380
1686111076.6242428,378
1686111076.6361866,377
1686111076.6534517,380
1686111076.6645806,378
1686111076.6808004,379
1686111076.6932023,379
1686111076.7061908,378
1686111076.7221818,378
1686111076.7341988,379
1686111076.7471836,379
1686111076.7631924,378
1686111076.7756672,377
1686111076.787185,378
1686111076.8044868,378
1686111076.8161979,378
1686111076.832438,377
1686111076.845256,376
1686111076.8572528,375
1686111076.87398,375
1686111076.8860114,375
1686111076.8980541,376
1686111076.914918,376
1686111076.9274614,376
1686111076.9390085,376
1686111076.955679,376
1686111076.9676871,376
1686111076.980524,375
1686111076.9969165,375
1686111077.0093493,373
1686111077.0248313,372
1686111077.0378249,372
1686111077.0498252,372
1686111077.065824,370
1686111077.0788171,369
1686111077.0910475,367
1686111077.1074667,366
1686111077.1193035,366
1686111077.1320012,366
1686111077.1483681,365
1686111077.160411,365
1686111077.1766868,364
1686111077.1889157,364
1686111077.2009268,364
1686111077.2179487,363
1686111077.2299557,363
1686111077.2427402,363
1686111077.2584121,362
1686111077.2711968,363
1686111077.2837508,362
1686111077.30021,362
1686111077.3123581,361
1686111077.3287814,360
1686111077.3407767,359
1686111077.3531322,358
1686111077.369837,357
1686111077.381873,356
1686111077.394406,356
1686111077.410821,354
1686111077.4224782,354
1686111077.43509,354
1686111077.451757,353
1686111077.46327,353
1686111077.477061,352
1686111077.4921687,352
1686111077.5045469,351
1686111077.52037,352
1686111077.5331562,352
1686111077.5456362,352
1686111077.5617027,352
1686111077.5736809,353
1686111077.586634,353
1686111077.6032538,354
1686111077.6155763,354
1686111077.6272032,354
1686111077.6438682,354
1686111077.6564243,355
1686111077.6725202,355
1686111077.6843195,356
1686111077.6973557,356
1686111077.713588,356
1686111077.72624,356
1686111077.7382984,357
1686111077.7546604,358
1686111077.766931,359
1686111077.7790182,360
1686111077.7953217,361
1686111077.8073845,362
1686111077.823188,364
1686111077.837258,365
1686111077.8487382,366
1686111077.8647969,367
1686111077.8774047,368
1686111077.889695,369
1686111077.9056911,371
1686111077.9176962,374
1686111077.9306912,376
1686111077.9464045,378
1686111077.95912,379
1686111077.971724,380
1686111077.9880488,381
1686111078.0003457,382
1686111078.0160367,382
1686111078.02903,382
1686111078.040684,382
1686111078.0571964,382
1686111078.0700078,383
1686111078.082388,382
1686111078.0983324,382
1686111078.1103287,381
1686111078.123351,380
1686111078.1392214,380
1686111078.1517634,380
1686111078.1682057,380
1686111078.1802359,380
1686111078.1930714,379
1686111078.2087677,379
1686111078.2215106,380
1686111078.2337768,381
1686111078.2498589,381
1686111078.26187,381
1686111078.2738743,380
1686111078.2913268,380
1686111078.3029795,380
1686111078.3158689,381
1686111078.332379,380
1686111078.3440928,380
1686111078.3605306,380
1686111078.372524,380
1686111078.3855095,380
1686111078.4017026,380
1686111078.414123,380
1686111078.426517,380
1686111078.442725,380
1686111078.455314,379
1686111078.4671924,380
1686111078.4838994,380
1686111078.495112,381
1686111078.5121198,380
1686111078.5242476,380
1686111078.536903,381
1686111078.553458,381
1686111078.5655758,381
1686111078.578128,381
1686111078.594332,381
1686111078.606156,381
1686111078.618692,382
1686111078.6351266,383
1686111078.647159,383
1686111078.6635354,383
1686111078.6764498,383
1686111078.688425,383
1686111078.7050543,383
1686111078.7174761,384
1686111078.7295632,384
1686111078.7454743,383
1686111078.7581615,383
1686111078.7708158,383
1686111078.7866538,382
1686111078.7990108,382
1686111078.8119864,382
1686111078.8270643,382
1686111078.840199,381
1686111078.8562458,381
1686111078.8686364,382
1686111078.8807118,382
1686111078.8965735,381
1686111078.9096184,381
1686111078.9219804,381
1686111078.938569,381
1686111078.9502413,381
1686111078.9627004,381
1686111078.9789438,380
1686111078.9918082,380
1686111079.00704,380
1686111079.0202506,380
1686111079.0328128,380
1686111079.0491827,380
1686111079.0611792,380
1686111079.0735269,379
1686111079.0897043,380
1686111079.1021163,380
1686111079.1143732,380
1686111079.1302686,378
1686111079.1428356,377
1686111079.154845,376
1686111079.1712668,376
1686111079.184168,376
1686111079.20026,376
1686111079.2129302,375
1686111079.2250352,374
1686111079.2414622,374
1686111079.2536814,374
1686111079.2664108,374
1686111079.2822673,374
1686111079.2943025,373
1686111079.3072534,372
1686111079.3228195,372
1686111079.334826,372
1686111079.352278,372
1686111079.3643992,372
1686111079.3770766,371
1686111079.3933399,371
1686111079.405216,372
1686111079.4176354,372
1686111079.4338317,372
1686111079.4455006,372
1686111079.458287,371
1686111079.4743948,370
1686111079.4868207,371
1686111079.5035233,371
1686111079.51563,371
1686111079.527648,371
1686111079.5445476,370
1686111079.557111,371
1686111079.5691574,371
1686111079.585429,371
1686111079.5977461,371
1686111079.6101255,370
1686111079.626038,369
1686111079.6387386,369
1686111079.6508663,369
1686111079.6674578,369
1686111079.6790197,369
1686111079.6960337,369
1686111079.7084572,368
1686111079.7217145,368
1686111079.737429,368
1686111079.7493458,369
1686111079.7615035,369
1686111079.7777524,368
1686111079.7900753,368
1686111079.802172,369
1686111079.819076,369
1686111079.8314166,369
1686111079.8471303,368
1686111079.8601115,369
1686111079.8723466,369
1686111079.888923,369
1686111079.9009945,369
1686111079.9131775,369
1686111079.928928,369
1686111079.9416964,369
1686111079.9541037,368
1686111079.9699008,368
1686111079.982886,368
1686111079.9945776,368
1686111080.01137,367
1686111080.0239484,367
1686111080.0396647,367
1686111080.0522614,368
1686111080.0653684,368
1686111080.081006,368
1686111080.092982,367
1686111080.105656,367
1686111080.1219022,368
1686111080.1343002,368
1686111080.1463892,368
1686111080.162915,369
1686111080.1751604,368
1686111080.1914158,368
1686111080.2041252,368
1686111080.2161205,369
1686111080.232594,369
1686111080.24516,369
1686111080.2573137,368
1686111080.2736902,369
1686111080.2856903,370
1686111080.2982626,370
1686111080.3142078,370
1686111080.3271172,369
1686111080.3434262,369
1686111080.3553166,369
1686111080.3673143,369
1686111080.3843641,369
1686111080.3965907,369
1686111080.409124,369
1686111080.4249942,368
1686111080.4374194,368
1686111080.4494593,369
1686111080.4663596,369
1686111080.4786305,369
1686111080.4910812,369
1686111080.5073326,369
1686111080.5192838,370
1686111080.5356588,371
1686111080.5478728,371
1686111080.5604644,372
1686111080.576778,372
1686111080.5889666,373
1686111080.6010091,375
1686111080.6170697,376
1686111080.6296625,376
1686111080.6415694,376
1686111080.6579618,377
1686111080.6710541,377
1686111080.6869855,379
1686111080.6992025,379
1686111080.7115479,379
1686111080.7284398,379
1686111080.739737,380
1686111080.752757,381
1686111080.7690697,381
1686111080.780686,381
1686111080.7935233,381
1686111080.8100543,381
1686111080.8226812,380
1686111080.8343976,380
1686111080.850469,379
1686111080.8634026,379
1686111080.879401,378
1686111080.8914552,378
1686111080.9043977,376
1686111080.9203954,376
1686111080.9324028,375
1686111080.9444,374
1686111080.9617803,373
1686111080.9736345,372
1686111080.9860556,371
1686111081.0022967,371
1686111081.0146325,370
1686111081.0310788,369
1686111081.043046,368
1686111081.0555997,367
1686111081.0724483,367
1686111081.0845492,367
1686111081.0973463,366
1686111081.1129336,365
1686111081.1255558,364
1686111081.1380942,364
1686111081.1541762,364
1686111081.1659966,364
1686111081.1820576,364
1686111081.1946228,363
1686111081.2082136,363
1686111081.2239556,363
1686111081.236276,363
1686111081.2477703,363
1686111081.2650652,363
1686111081.2771695,362
1686111081.2889917,362
1686111081.3051956,362
1686111081.3176053,363
1686111081.3301067,362
1686111081.346827,363
1686111081.3592439,362
1686111081.3754344,362
1686111081.38778,362
1686111081.4000719,363
1686111081.4163232,362
1686111081.428245,363
1686111081.4409423,362
1686111081.4568913,363
1686111081.4696417,363
1686111081.482015,364
1686111081.4980962,364
1686111081.510053,364
1686111081.5262067,364
1686111081.5391028,365
1686111081.5510032,365
1686111081.5671787,365
1686111081.5801191,365
1686111081.592446,364
1686111081.609124,364
1686111081.6210098,364
1686111081.6328948,365
1686111081.649988,365
1686111081.6626377,365
1686111081.6742604,364
1686111081.6902685,365
1686111081.7028124,365
1686111081.7185357,366
1686111081.7316706,366
1686111081.743511,366
1686111081.7605505,366
1686111081.7729373,367
1686111081.7846434,367
1686111081.8014545,367
1686111081.8135018,367
1686111081.825546,367
1686111081.8425238,366
1686111081.8545897,367
1686111081.8711524,367
1686111081.8824008,368
1686111081.8955643,367
1686111081.911924,367
1686111081.9244308,366
1686111081.9365258,367
1686111081.9524257,367
1686111081.9652696,367
1686111081.976657,367
1686111081.993609,366
1686111082.006112,366
1686111082.0224972,366
1686111082.034466,367
1686111082.0469577,366
1686111082.0628111,366
1686111082.0758276,366
1686111082.0876143,366
1686111082.1044338,367
1686111082.1167762,367
1686111082.128664,367
1686111082.1456635,367
1686111082.157597,366
1686111082.1699684,366
1686111082.1858735,367
1686111082.19864,367
1686111082.2146394,367
1686111082.2276683,366
1686111082.2393663,366
1686111082.2562377,366
1686111082.2684066,367
1686111082.2805998,367
1686111082.296826,367
1686111082.309369,367
1686111082.3218226,367
1686111082.3380604,367
1686111082.3500595,367
1686111082.366567,367
1686111082.378575,367
1686111082.3914673,367
1686111082.4073198,367
1686111082.4198093,367
1686111082.431889,368
1686111082.4485233,368
1686111082.4606853,368
1686111082.473046,367
1686111082.4894483,367
1686111082.5013926,368
1686111082.513945,368
1686111082.530097,368
1686111082.5427701,368
1686111082.559202,368
1686111082.5713344,368
1686111082.583195,367
1686111082.600114,368
1686111082.6120687,367
1686111082.6245422,367
1686111082.6405318,366
1686111082.6534739,367
1686111082.6654613,367
1686111082.6814764,367
1686111082.6944647,366
1686111082.7104642,366
1686111082.7225292,366
1686111082.7345283,366
1686111082.7514634,366
1686111082.7635193,366
1686111082.7755291,366
1686111082.7924738,365
1686111082.8042402,365
1686111082.8172455,366
1686111082.8332312,366
1686111082.8452928,366
1686111082.8572912,365
1686111082.8742533,365
1686111082.886295,366
1686111082.9023616,366
1686111082.915305,366
1686111082.9274225,367
1686111082.943403,366
1686111082.956406,367
1686111082.9684026,367
1686111082.9847057,367
1686111082.9974034,367
1686111083.0094073,367
1686111083.025455,367
1686111083.0374258,367
1686111083.0544882,367
1686111083.0664587,368
1686111083.0784159,368
1686111083.0955892,368
1686111083.1074054,369
1686111083.1194038,369
1686111083.1364882,369
1686111083.1484067,370
1686111083.160878,370
1686111083.1774168,369
1686111083.1899073,369
1686111083.2059078,370
1686111083.2187352,370
1686111083.2299116,370
1686111083.2469132,370
1686111083.258922,370
1686111083.271904,369
1686111083.2879624,370
1686111083.2999816,370
1686111083.3129086,370
1686111083.3292239,370
1686111083.3410463,369
1686111083.3531907,370
1686111083.370062,370
1686111083.381996,370
1686111083.3981483,370
1686111083.4102564,370
1686111083.4230368,370
1686111083.4398851,369
1686111083.4518871,369
1686111083.4639745,370
1686111083.480737,369
1686111083.4927266,369
1686111083.5053432,368
1686111083.5212252,368
1686111083.5328622,369
1686111083.5493054,369
1686111083.5622754,368
1686111083.5745466,368
1686111083.5908349,368
1686111083.6028314,368
1686111083.615829,368
1686111083.6318033,368
1686111083.6448069,368
1686111083.656804,368
1686111083.6728566,368
1686111083.6846666,368
1686111083.6974123,368
1686111083.713712,368
1686111083.725716,368
1686111083.742085,369
1686111083.7549794,369
1686111083.7669508,369
1686111083.783822,369
1686111083.796227,369
1686111083.8084207,368
1686111083.8239858,368
1686111083.8369608,369
1686111083.849359,369
1686111083.8652797,369
1686111083.8775413,369
1686111083.893557,368
1686111083.906996,368
1686111083.9183652,369
1686111083.9346585,370
1686111083.9475088,370
1686111083.9590569,369
1686111083.975792,369
1686111083.9885411,370
1686111084.0009382,370
1686111084.0171347,370
1686111084.029464,369
1686111084.0416853,369
1686111084.0582836,369
1686111084.0702705,369
1686111084.0867755,370
1686111084.0991485,371
1686111084.1106381,370
1686111084.1277325,370
1686111084.139544,370
1686111084.1519778,369
1686111084.1680179,369
1686111084.1809006,369
1686111084.1934083,368
1686111084.209358,368
1686111084.2220702,368
1686111084.238409,368
1686111084.251001,368
1686111084.2631626,368
1686111084.2794113,367
1686111084.2918143,367
1686111084.3035235,367
1686111084.32044,367
1686111084.3325741,368
1686111084.3449867,367
1686111084.3606555,367
1686111084.3736267,367
1686111084.3897538,367
1686111084.402389,367
1686111084.4144893,366
1686111084.431137,366
1686111084.4421818,366
1686111084.4550247,365
1686111084.4720132,365
1686111084.4833367,366
1686111084.4964392,365
1686111084.5123835,364
1686111084.5250704,364
1686111084.5372596,364
1686111084.553754,364
1686111084.56562,364
1686111084.5823858,364
1686111084.594508,363
1686111084.6061814,363
1686111084.623436,363
1686111084.6356237,363
1686111084.6478963,363
1686111084.6636658,363
1686111084.6769803,362
1686111084.6890428,362
1686111084.705377,362
1686111084.7176626,363
1686111084.7336762,363
1686111084.7461903,363
1686111084.7579699,363
1686111084.7747822,362
1686111084.786996,363
1686111084.7987635,363
1686111084.8152723,363
1686111084.8283467,363
1686111084.8404927,363
1686111084.856988,364
1686111084.8689873,364
1686111084.8813946,365
1686111084.8979805,365
1686111084.9100761,364
1686111084.925821,364
1686111084.9390318,365
1686111084.9510772,366
1686111084.9674535,366
1686111084.9790814,366
1686111084.9921129,366
1686111085.0081792,366
1686111085.0204365,367
1686111085.0330732,367
1686111085.0493028,368
1686111085.0614116,368
1686111085.0776176,368
1686111085.0897343,368
1686111085.1018188,368
1686111085.1189299,368
1686111085.1310995,369
1686111085.1428366,369
1686111085.159416,368
1686111085.1714134,369
1686111085.1842098,369
1686111085.2009122,370
1686111085.213557,370
1686111085.2253785,370
1686111085.2413778,370
1686111085.2541587,370
1686111085.2707644,370
1686111085.282822,370
1686111085.2950306,370
1686111085.310998,370
1686111085.3234258,370
1686111085.336195,369
1686111085.3524303,370
1686111085.3638527,370
1686111085.3769357,370
1686111085.3930607,370
1686111085.4058015,370
1686111085.4219973,370
1686111085.4340417,371
1686111085.4466422,371
1686111085.463295,371
1686111085.4750717,371
1686111085.4869835,371
1686111085.5039308,372
1686111085.5163295,372
1686111085.528513,372
1686111085.5445335,372
1686111085.5572565,372
1686111085.573618,372
1686111085.5861065,373
1686111085.5981762,374
1686111085.614592,374
1686111085.6268873,374
1686111085.639403,374
1686111085.654979,374
1686111085.6681051,375
1686111085.680102,375
1686111085.6961622,375
1686111085.7086978,375
1686111085.7206845,374
1686111085.7377913,375
1686111085.7499223,375
1686111085.7661126,375
1686111085.7783144,374
1686111085.7900918,374
1686111085.8072674,373
1686111085.819469,374
1686111085.8314564,374
1686111085.8475223,374
1686111085.8602567,373
1686111085.8723688,373
1686111085.889037,373
1686111085.9010177,374
1686111085.9175813,374
1686111085.9299219,374
1686111085.9422364,374
1686111085.9585137,373
1686111085.9710982,374
1686111085.9834015,375
1686111085.9994018,375
1686111086.012169,374
1686111086.0242283,374
1686111086.0407944,374
1686111086.0528767,374
1686111086.065099,375
1686111086.0813482,375
1686111086.09361,375
1686111086.1097903,375
1686111086.1224504,375
1686111086.1350262,376
1686111086.1513944,376
1686111086.1631703,376
1686111086.1758552,375
1686111086.1920054,375
1686111086.2044103,375
1686111086.2167451,376
1686111086.2330065,376
1686111086.2453806,376
1686111086.2616897,375
1686111086.2738748,375
1686111086.286361,375
1686111086.3019779,375
1686111086.314643,375
1686111086.3274555,375
1686111086.3434255,375
1686111086.3553133,375
1686111086.3681676,376
1686111086.384226,376
1686111086.3964744,376
1686111086.4133656,375
1686111086.4254317,375
1686111086.4376209,375
1686111086.4543595,375
1686111086.466306,376
1686111086.4783547,376
1686111086.495349,376
1686111086.5071733,376
1686111086.5198655,376
1686111086.5360434,376
1686111086.548085,376
1686111086.5610228,376
1686111086.5771182,375
1686111086.5893116,375
1686111086.6052814,375
1686111086.6178606,375
1686111086.6298604,375
1686111086.646851,375
1686111086.6588683,375
1686111086.6712089,375
1686111086.6878524,375
1686111086.6999285,375
1686111086.7119296,375
1686111086.7288535,375
1686111086.7408886,375
1686111086.7567983,375
1686111086.769314,375
1686111086.781913,375
1686111086.797978,375
1686111086.810405,375
1686111086.823066,374
1686111086.839136,374
1686111086.8511207,374
1686111086.8631585,374
1686111086.8801877,373
1686111086.8921165,373
1686111086.9049318,372
1686111086.9208496,372
1686111086.9328566,372
1686111086.9499197,371
1686111086.96201,370
1686111086.9739165,370
1686111086.9903724,369
1686111087.0031471,369
1686111087.0154757,369
1686111087.031058,369
1686111087.0438583,368
1686111087.0558724,368
1686111087.0730212,368
1686111087.0845144,367
1686111087.1005244,367
1686111087.1130497,367
1686111087.1263173,366
1686111087.142061,365
1686111087.154519,365
1686111087.1669993,365
1686111087.1832588,364
1686111087.195437,364
1686111087.208003,363
1686111087.2236402,362
1686111087.2365901,362
1686111087.2486293,362
1686111087.2649179,362
1686111087.2776296,362
1686111087.2936327,361
1686111087.3055568,361
1686111087.318374,360
1686111087.3343654,360
1686111087.347036,360
1686111087.359095,359
1686111087.3761094,359
1686111087.3880873,358
1686111087.4000914,358
1686111087.4166913,359
1686111087.4291825,359
1686111087.4449723,358
1686111087.4577522,358
1686111087.4698968,357
1686111087.4866009,357
1686111087.4986784,358
1686111087.5108235,358
1686111087.5266614,357
1686111087.5396569,357
1686111087.5517588,358
1686111087.5676343,358
1686111087.5806837,358
1686111087.5925984,357
1686111087.608608,356
1686111087.6206646,356
1686111087.6376567,356
1686111087.649664,356
1686111087.6626022,355
1686111087.6786609,355
1686111087.690601,355
1686111087.7036622,355
1686111087.7196136,357
1686111087.7319534,358
1686111087.7446022,358
1686111087.7605603,357
1686111087.7732372,356
1686111087.7893505,355
1686111087.8015575,353
1686111087.8135428,350
1686111087.8305397,348
1686111087.8425846,346
1686111087.8548043,345
1686111087.8714743,345
1686111087.88353,345
1686111087.895484,346
1686111087.9124923,346
1686111087.924473,346
1686111087.9404771,347
1686111087.9534972,348
1686111087.965559,349
1686111087.981796,350
1686111087.9944844,351
1686111088.0065591,351
1686111088.0235732,352
1686111088.034558,353
1686111088.047625,355
1686111088.0638227,357
1686111088.075876,358
1686111088.088664,360
1686111088.1048048,363
1686111088.1166236,366
1686111088.1336284,368
1686111088.1455646,370
1686111088.1575627,372
1686111088.17457,373
1686111088.1865797,375
1686111088.1988425,376
1686111088.2149282,377
1686111088.2279003,377
1686111088.2399244,377
1686111088.2568712,377
1686111088.2689369,379
1686111088.2841277,380
1686111088.2972362,381
1686111088.309152,380
1686111088.3258736,380
1686111088.3378642,380
1686111088.3508773,380
1686111088.3669405,379
1686111088.379083,377
1686111088.390922,379
1686111088.4078689,381
1686111088.4202182,384
1686111088.431871,388
1686111088.4488714,396
1686111088.4612193,403
1686111088.477583,414
1686111088.4898732,424
1686111088.5018845,437
1686111088.5178869,449
1686111088.5309274,458
1686111088.5432215,465
1686111088.559008,470
1686111088.5718846,474
1686111088.5839474,476
1686111088.6001828,475
1686111088.6129315,473
1686111088.628949,467
1686111088.641205,460
1686111088.6533,452
1686111088.6703176,443
1686111088.6823099,433
1686111088.6944258,424
1686111088.710456,414
1686111088.7233996,405
1686111088.7355006,397
1686111088.7517562,391
1686111088.7644782,384
1686111088.7765224,379
1686111088.7927387,374
1686111088.8044114,371
1686111088.8218448,368
1686111088.8342505,366
1686111088.8453267,363
1686111088.8624582,360
1686111088.8746498,358
1686111088.8873177,356
1686111088.9036143,354
1686111088.9158015,352
1686111088.9280388,348
1686111088.9448,344
1686111088.956495,341
1686111088.9725723,338
1686111088.9854894,335
1686111088.9974406,332
1686111089.013429,329
1686111089.0267234,326
1686111089.0387216,324
1686111089.054657,323
1686111089.0676603,321
1686111089.0796645,318
1686111089.0960133,314
1686111089.1080756,310
1686111089.1241066,308
1686111089.1368318,307
1686111089.1492076,307
1686111089.1654563,308
1686111089.1774516,309
1686111089.190393,312
1686111089.206455,315
1686111089.218411,319
1686111089.231408,323
1686111089.2474573,327
1686111089.259406,331
1686111089.2723942,335
1686111089.2884724,339
1686111089.300425,343
1686111089.3169158,348
1686111089.3293037,351
1686111089.3420177,355
1686111089.3579443,358
1686111089.369949,364
1686111089.3823118,368
1686111089.3992677,372
1686111089.4112976,376
1686111089.4230006,381
1686111089.4399483,387
1686111089.4522367,395
1686111089.4683177,401
1686111089.4810908,408
1686111089.492945,417
1686111089.510082,421
1686111089.521418,428
1686111089.534428,434
1686111089.5504827,440
1686111089.562732,443
1686111089.5754905,445
1686111089.591535,446
1686111089.6034446,449
1686111089.615734,448
1686111089.6324997,445
1686111089.6444764,445
1686111089.6607878,441
1686111089.6734948,439
1686111089.685495,435
1686111089.7014275,431
1686111089.7145572,428
1686111089.7267644,424
1686111089.7424932,421
1686111089.7554142,419
1686111089.7674708,417
1686111089.783862,415
1686111089.796503,413
1686111089.8128357,412
1686111089.8249164,411
1686111089.8372638,411
1686111089.8539612,410
1686111089.8658614,410
1686111089.8778627,410
1686111089.8949845,408
1686111089.907011,405
1686111089.919233,403
1686111089.934981,399
1686111089.9479249,392
1686111089.9602416,383
1686111089.9759834,372
1686111089.988919,357
1686111090.0052621,341
1686111090.0176039,324
1686111090.029483,308
1686111090.0462456,295
1686111090.0585132,286
1686111090.070486,281
1686111090.0872474,281
1686111090.0994864,283
1686111090.1111598,285
1686111090.1282413,286
1686111090.1403909,289
1686111090.1560795,291
1686111090.1691577,295
1686111090.181644,298
1686111090.197633,301
1686111090.2096279,305
1686111090.2223487,310
1686111090.2384136,314
1686111090.251023,319
1686111090.2633445,324
1686111090.2792182,328
1686111090.2913308,331
1686111090.3077245,337
1686111090.3205888,341
1686111090.332261,344
1686111090.3493412,347
1686111090.3615813,350
1686111090.3732805,352
1686111090.3902712,354
1686111090.402265,356
1686111090.414598,358
1686111090.4313407,360
1686111090.443437,362
1686111090.4552686,364
1686111090.4722652,365
1686111090.484316,366
1686111090.5006363,367
1686111090.5133264,368
1686111090.5253243,370
1686111090.5416396,370
1686111090.5536556,371
1686111090.5655794,372
1686111090.5829382,373
1686111090.5949285,374
1686111090.6076028,374
1686111090.623805,375
1686111090.635817,377
1686111090.652339,378
1686111090.664798,380
1686111090.6767786,380
1686111090.6931329,380
1686111090.7058496,380
1686111090.7177935,381
1686111090.7343204,381
1686111090.7462246,381
1686111090.7590148,380
1686111090.7759404,379
1686111090.7871714,379
1686111090.7999957,378
1686111090.815981,377
1686111090.8279283,377
1686111090.8449543,375
1686111090.8569932,375
1686111090.8689966,375
1686111090.8859334,375
1686111090.8979437,375
1686111090.910065,375
1686111090.9270105,375
1686111090.9389486,375
1686111090.9509354,376
1686111090.968004,376
1686111090.9800017,377
1686111090.9959908,376
1686111091.0089529,377
1686111091.0211122,377
1686111091.0369961,377
1686111091.0489984,378
1686111091.062023,378
1686111091.0780797,378
1686111091.09024,378
1686111091.1033888,378
1686111091.1189399,379
1686111091.1311898,379
1686111091.1469376,379
1686111091.1602776,379
1686111091.1719952,379
1686111091.188933,379
1686111091.2009466,380
1686111091.213653,380
1686111091.2296371,379
1686111091.2420788,379
1686111091.2546146,378
1686111091.2716234,378
1686111091.2827709,379
1686111091.295571,378
1686111091.3119264,377
1686111091.3243241,376
1686111091.3402884,376
1686111091.3522735,375
1686111091.3652534,375
1686111091.3814135,375
1686111091.3933194,374
1686111091.4062774,374
1686111091.422172,374
1686111091.434241,374
1686111091.4462357,374
1686111091.4632502,374
1686111091.475186,374
1686111091.491313,373
1686111091.5042703,374
1686111091.5162332,375
1686111091.5332527,375
1686111091.5452702,375
1686111091.5573025,375
1686111091.5741887,375
1686111091.5862377,376
1686111091.59849,376
1686111091.6141925,376
1686111091.6272588,376
1686111091.639178,376
1686111091.655656,376
1686111091.6675892,377
1686111091.6844215,377
1686111091.6970973,376
1686111091.7091117,376
1686111091.725023,375
1686111091.7380323,375
1686111091.7500765,375
1686111091.7665482,375
1686111091.7789073,373
1686111091.7913249,369
1686111091.8073518,368
1686111091.8202262,368
1686111091.8357291,368
1686111091.8480196,369
1686111091.8600366,368
1686111091.8773916,368
1686111091.8888042,369
1686111091.9018607,369
1686111091.917961,369
1686111091.9296222,366
1686111091.9426155,365
1686111091.9586194,364
1686111091.9710298,364
1686111091.9865932,363
1686111091.9999244,363
1686111092.0126579,363
1686111092.0283406,361
1686111092.0404978,360
1686111092.052586,360
1686111092.0692866,360
1686111092.0815954,360
1686111092.0938144,359
1686111092.1102638,359
1686111092.122286,359
1686111092.1354215,359
1686111092.1512885,359
1686111092.16331,357
1686111092.1801836,356
1686111092.1924608,356
1686111092.204331,355
1686111092.2208848,356
1686111092.2332325,356
1686111092.2457595,356
1686111092.26193,355
1686111092.2741709,355
1686111092.2859957,355
1686111092.3029366,355
1686111092.3149345,356
1686111092.3310006,356
1686111092.3439283,356
1686111092.3559375,355
1686111092.3729897,355
1686111092.3849335,355
1686111092.397152,356
1686111092.4129329,355
1686111092.4251845,355
1686111092.438213,355
1686111092.4542058,356
1686111092.4668257,356
1686111092.4789832,356
1686111092.4952407,356
1686111092.507245,356
1686111092.524206,356
1686111092.5362,357
1686111092.5483994,357
1686111092.565355,357
1686111092.5772388,357
1686111092.5892684,357
1686111092.6063435,357
1686111092.618327,357
1686111092.6314673,358
1686111092.646865,358
1686111092.6591067,358
1686111092.6758842,358
1686111092.6878676,358
1686111092.7004313,358
1686111092.716309,358
1686111092.7291245,359
1686111092.7407458,358
1686111092.757759,358
1686111092.771508,359
1686111092.7824464,359
1686111092.7987268,358
1686111092.8109705,358
1686111092.8230743,357
1686111092.83912,356
1686111092.8519545,355
1686111092.8675218,355
1686111092.8803594,354
1686111092.8931644,353
1686111092.9092612,353
1686111092.92167,353
1686111092.9339023,353
1686111092.9495196,352
1686111092.9625206,351
1686111092.974365,350
1686111092.991357,349
1686111093.0032933,349
1686111093.0195353,349
1686111093.032209,350
1686111093.044405,351
1686111093.0608332,352
1686111093.0727122,354
1686111093.0854225,355
1686111093.1021101,358
1686111093.1141346,360
1686111093.1268787,361
1686111093.142998,363
1686111093.1553733,365
1686111093.1670365,366
1686111093.183574,368
1686111093.195947,368
1686111093.2119632,368
1686111093.2246299,368
1686111093.2369318,369
1686111093.2531166,370
1686111093.265168,370
1686111093.2771654,371
1686111093.2943864,371
1686111093.3060873,371
1686111093.318776,371
1686111093.334975,371
1686111093.3467605,371
1686111093.3641224,371
1686111093.3763328,370
1686111093.3880036,369
1686111093.4040136,368
1686111093.4172933,365
1686111093.4293354,363
1686111093.445765,359
1686111093.4581478,358
1686111093.470792,358
1686111093.4870226,359
1686111093.499035,359
1686111093.5143406,360
1686111093.5278594,361
1686111093.54101,360
1686111093.556291,360
1686111093.5686085,360
1686111093.580229,360
1686111093.5974207,360
1686111093.609719,359
1686111093.622059,358
1686111093.6384146,358
1686111093.650837,359
1686111093.662817,359
1686111093.6791747,359
1686111093.6916525,360
1686111093.7081223,359
1686111093.7202945,359
1686111093.732858,359
1686111093.7484565,359
1686111093.7611077,358
1686111093.7731478,358
1686111093.7901623,359
1686111093.8023226,359
1686111093.814147,358
1686111093.831018,359
1686111093.8432066,358
1686111093.8593223,358
1686111093.871655,359
1686111093.8837945,359
1686111093.9000525,360
1686111093.9131124,360
1686111093.9250557,360
1686111093.941408,361
1686111093.9538236,362
1686111093.9657843,363
1686111093.9823134,362
1686111093.9944189,363
1686111094.0071733,362
1686111094.0227096,362
1686111094.0356247,362
1686111094.0514064,362
1686111094.0643694,362
1686111094.0765495,361
1686111094.0930479,360
1686111094.1050808,361
1686111094.1175983,361
1686111094.1340175,361
1686111094.1460044,361
1686111094.1585631,360
1686111094.1749353,361
1686111094.1872425,360
1686111094.2034485,361
1686111094.2160635,360
1686111094.227726,359
1686111094.2438662,358
1686111094.2564476,357
1686111094.2694044,356
1686111094.2855477,357
1686111094.2979789,356
1686111094.3103523,355
1686111094.3263621,355
1686111094.338423,355
1686111094.351017,355
1686111094.36736,355
1686111094.3796754,356
1686111094.395762,354
1686111094.4080095,353
1686111094.4208553,353
1686111094.4362833,352
1686111094.449127,351
1686111094.4616044,349
1686111094.4774702,347
1686111094.4900143,346
1686111094.502355,346
1686111094.5191972,346
1686111094.5312011,346
1686111094.5475185,345
1686111094.5595088,346
1686111094.5715232,346
1686111094.5885975,347
1686111094.600791,348
1686111094.6128316,349
1686111094.6288962,349
1686111094.6417825,349
1686111094.6539323,350
1686111094.6703706,352
1686111094.6828744,353
1686111094.6984534,355
1686111094.7109926,357
1686111094.7230492,359
1686111094.7397587,361
1686111094.7520218,365
1686111094.7649117,368
1686111094.7810106,370
1686111094.7933457,372
1686111094.805202,373
1686111094.8212879,374
1686111094.8338985,375
1686111094.8463132,374
1686111094.8632064,373
1686111094.874478,371
1686111094.8913012,369
1686111094.9037936,368
1686111094.9164112,366
1686111094.9321163,365
1686111094.9446633,365
1686111094.957346,363
1686111094.97371,362
1686111094.9856286,362
1686111094.9976914,362
1686111095.0145152,362
1686111095.0260735,362
1686111095.0430999,361
1686111095.0553691,360
1686111095.0677757,360
1686111095.0841448,360
1686111095.0961974,359
1686111095.1083837,358
1686111095.1252859,356
1686111095.137539,356
1686111095.1497266,355
1686111095.1662025,355
1686111095.178191,354
1686111095.1906805,353
1686111095.2071507,353
1686111095.2191439,354
1686111095.235469,355
1686111095.2480242,356
1686111095.2598863,356
1686111095.276668,356
1686111095.2887106,356
1686111095.3007245,356
1686111095.317375,356
1686111095.3302054,356
1686111095.3417034,355
1686111095.3580358,356
1686111095.3708835,357
1686111095.3864472,358
1686111095.3988562,359
1686111095.411831,359
1686111095.428409,359
1686111095.4405088,358
1686111095.4527192,359
1686111095.469309,360
1686111095.4818656,360
1686111095.492961,359
1686111095.5094762,358
1686111095.5223377,358
1686111095.5383637,359
1686111095.5510845,359
1686111095.5633214,359
1686111095.5799356,359
1686111095.5925562,358
1686111095.6036072,358
1686111095.6202283,357
1686111095.633234,357
1686111095.6453447,357
1686111095.6617322,356
1686111095.6733842,356
1686111095.6863728,357
1686111095.7021854,357
1686111095.715205,357
1686111095.7311826,357
1686111095.743228,357
1686111095.756074,357
1686111095.7721133,357
1686111095.7844293,358
1686111095.7964709,358
1686111095.81286,358
1686111095.8253746,358
1686111095.8377573,358
1686111095.85432,358
1686111095.8660724,359
1686111095.8831046,359
1686111095.8947744,359
1686111095.9067183,358
1686111095.923189,358
1686111095.9362445,358
1686111095.9484093,359
1686111095.9644892,358
1686111095.9772356,358
1686111095.9893372,357
1686111096.0056908,357
1686111096.0174592,357
1686111096.0303972,357
1686111096.046603,357
1686111096.0584474,356
1686111096.0752025,356
1686111096.0875795,356
1686111096.1002035,357
1686111096.1160414,356
1686111096.128306,356
1686111096.1411092,356
1686111096.1569877,355
1686111096.1688063,356
1686111096.181408,356
1686111096.198109,356
1686111096.210208,356
1686111096.2271843,356
1686111096.239162,356
1686111096.2512133,356
1686111096.2680771,357
1686111096.2802727,357
1686111096.292591,357
1686111096.3086123,356
1686111096.3212655,357
1686111096.3334043,357
1686111096.3492541,357
1686111096.361777,357
1686111096.3739598,357
1686111096.3904154,357
1686111096.4028397,357
1686111096.4191313,357
1686111096.431589,357
1686111096.4439142,357
1686111096.4603739,356
1686111096.4722595,357
1686111096.4850934,357
1686111096.501417,357
1686111096.5135775,357
1686111096.52607,356
1686111096.542315,356
1686111096.5543401,355
1686111096.570541,355
1686111096.5831392,355
1686111096.5954764,354
1686111096.612201,353
1686111096.6242614,353
1686111096.636404,352
1686111096.6528022,352
1686111096.6652248,352
1686111096.6776326,351
1686111096.6942253,351
1686111096.7063587,351
1686111096.7224767,352
1686111096.7341373,352
1686111096.747208,353
1686111096.7634768,352
1686111096.7751126,353
1686111096.7881145,353
1686111096.8044221,354
1686111096.8164253,354
1686111096.8289325,355
1686111096.8450322,354
1686111096.8577955,355
1686111096.8698113,355
1686111096.8862016,356
1686111096.8985825,357
1686111096.9150727,358
1686111096.9273226,358
1686111096.939367,358
1686111096.9558952,359
1686111096.96829,360
1686111096.9803898,360
1686111096.9969203,360
1686111097.0092046,360
1686111097.0214832,360
1686111097.0376663,361
1686111097.049877,362
1686111097.066261,362
1686111097.0788784,362
1686111097.0912318,362
1686111097.1074567,362
1686111097.1194346,363
1686111097.1323612,363
1686111097.147894,363
1686111097.1608,363
1686111097.1737254,363
1686111097.189123,363
1686111097.2014267,364
1686111097.213348,364
1686111097.2300386,364
1686111097.2428737,361
1686111097.2586415,361
1686111097.2715025,361
1686111097.2835243,361
1686111097.299654,361
1686111097.3120122,361
1686111097.3242855,361
1686111097.3402882,361
1686111097.3526876,361
1686111097.365368,361
1686111097.3813622,361
1686111097.3937976,361
1686111097.4095793,360
1686111097.4230733,361
1686111097.4351063,361
1686111097.45128,361
1686111097.4632947,361
1686111097.4761455,361
1686111097.49236,361
1686111097.5043232,361
1686111097.5162947,361
1686111097.5337424,361
1686111097.545266,361
1686111097.5611544,361
1686111097.5741944,360
1686111097.5862036,360
1686111097.6028209,361
1686111097.6155384,361
1686111097.6284726,361
1686111097.6438556,360
1686111097.6556828,360
1686111097.6680973,360
1686111097.6844654,361
1686111097.6971252,361
1686111097.709582,361
1686111097.7261932,360
1686111097.7387428,360
1686111097.7539284,361
1686111097.7671857,361
1686111097.779345,361
1686111097.795629,361
1686111097.8075151,361
1686111097.8195753,361
1686111097.836267,362
1686111097.8483899,362
1686111097.8608384,362
1686111097.8772843,362
1686111097.8900235,362
1686111097.9060245,362
1686111097.9181075,362
1686111097.930029,362
1686111097.9466636,361
1686111097.959149,361
1686111097.9716723,361
1686111097.9876804,361
1686111098.000002,361
1686111098.012669,361
1686111098.0287147,361
1686111098.0414205,360
1686111098.053547,360
1686111098.0694077,361
1686111098.0824223,361
1686111098.098408,360
1686111098.110738,360
1686111098.1234105,360
1686111098.1399462,360
1686111098.1520047,360
1686111098.1639943,360
1686111098.180053,360
1686111098.1930044,359
1686111098.205149,359
1686111098.22105,359
1686111098.2339916,360
1686111098.2500892,360
1686111098.2619917,360
1686111098.2744238,359
1686111098.2913043,359
1686111098.3035343,359
1686111098.3150575,359
1686111098.3320415,359
1686111098.3442924,359
1686111098.3564885,358
1686111098.3734837,358
1686111098.3850663,359
1686111098.3970308,359
1686111098.4140244,359
1686111098.4259813,359
1686111098.4429948,358
1686111098.454862,359
1686111098.4674387,359
1686111098.4834194,359
1686111098.4954858,359
1686111098.508487,358
1686111098.5244257,359
1686111098.5364196,359
1686111098.5494285,359
1686111098.5654247,359
1686111098.5780714,359
1686111098.5941653,358
1686111098.6063912,358
1686111098.6190865,358
1686111098.6353219,358
1686111098.6475685,359
1686111098.6601415,358
1686111098.6757858,357
1686111098.6884725,357
1686111098.7005072,357
1686111098.717537,357
1686111098.7294722,357
1686111098.7454767,357
1686111098.7578282,357
1686111098.7699625,357
1686111098.7864802,357
1686111098.7991495,357
1686111098.811134,357
1686111098.8272204,357
1686111098.8401363,357
1686111098.852287,357
1686111098.868153,357
1686111098.8809462,357
1686111098.8931863,357
1686111098.9091694,357
1686111098.9215074,357
1686111098.9382925,357
1686111098.9503932,357
1686111098.9632363,357
1686111098.9793499,356
1686111098.9911876,356
1686111099.0038254,357
1686111099.0198789,357
1686111099.0328133,358
1686111099.0448363,357
1686111099.0611036,357
1686111099.0734098,357
1686111099.0891416,358
1686111099.1020863,358
1686111099.1143694,359
1686111099.1303542,358
1686111099.143175,358
1686111099.1550765,358
1686111099.1720977,358
1686111099.1840909,358
1686111099.1960802,358
1686111099.2120843,358
1686111099.2249267,358
1686111099.2378085,357
1686111099.253858,357
1686111099.2667964,358
1686111099.282925,357
1686111099.294858,357
1686111099.3067913,357
1686111099.3228061,356
1686111099.3358097,357
1686111099.347799,357
1686111099.3637164,357
1686111099.3767617,357
1686111099.388758,358
1686111099.405143,359
1686111099.4178326,360
1686111099.4337554,361
1686111099.4458253,361
1686111099.4581301,362
1686111099.4749043,362
1686111099.4867706,363
1686111099.4990673,363
1686111099.5158615,363
1686111099.5277555,363
1686111099.5402882,363
1686111099.5567603,363
1686111099.569044,364
1686111099.5817678,364
1686111099.598001,364
1686111099.609987,362
1686111099.6261337,360
1686111099.6387668,359
1686111099.650756,357
1686111099.6673079,355
1686111099.6793973,352
1686111099.692419,348
1686111099.708404,344
1686111099.7203937,342
1686111099.7324517,341
1686111099.7494016,339
1686111099.761451,337
1686111099.7774851,336
1686111099.789511,337
1686111099.8024561,337
1686111099.8184972,338
1686111099.8304944,339
1686111099.842474,340
1686111099.8595538,341
1686111099.871822,342
1686111099.883894,343
1686111099.900309,345
1686111099.9129252,346
1686111099.9288883,347
1686111099.9410636,348
1686111099.9533134,349
1686111099.9703417,350
1686111099.9824204,350
1686111099.99474,351
1686111100.0113435,351
1686111100.0234587,352
1686111100.035404,353
1686111100.052348,354
1686111100.064346,355
1686111100.077347,355
1686111100.0933638,355
1686111100.1058455,355
1686111100.1219404,356
1686111100.133778,356
1686111100.1467817,357
1686111100.1628795,356
1686111100.1747818,356
1686111100.187839,357
1686111100.2038598,357
1686111100.2158453,358
1686111100.2287703,358
1686111100.24477,358
1686111100.2568314,358
1686111100.2728457,358
1686111100.2858505,359
1686111100.2981524,359
1686111100.3141174,359
1686111100.326786,359
1686111100.3387678,358
1686111100.355311,360
1686111100.367771,362
1686111100.3797677,363
1686111100.3967702,365
1686111100.4087365,367
1686111100.420991,369
1686111100.4371278,372
1686111100.4497516,376
1686111100.4657402,380
1686111100.4782448,383
1686111100.4907386,386
1686111100.5069833,391
1686111100.5187404,398
1686111100.5318053,405
1686111100.5478814,413
1686111100.559755,421
1686111100.5728102,429
1686111100.5887442,437
1686111100.6007547,444
1686111100.616762,449
1686111100.6297653,452
1686111100.6420882,452
1686111100.6577675,451
1686111100.6707942,448
1686111100.6832614,443
1686111100.6991568,436
1686111100.7128227,429
1686111100.7240334,421
1686111100.7406642,413
1686111100.7527997,404
1686111100.7651129,397
1686111100.7817519,389
1686111100.793738,380
1686111100.8099387,373
1686111100.8223991,367
1686111100.8339584,363
1686111100.8509398,358
1686111100.8630075,354
1686111100.8753211,351
1686111100.8919442,347
1686111100.9040039,345
1686111100.9163787,341
1686111100.9330997,337
1686111100.9452493,332
1686111100.9614215,326
1686111100.9741807,320
1686111100.9861896,314
1686111101.0021672,307
1686111101.015167,301
1686111101.0271006,296
1686111101.043101,293
1686111101.0561674,291
1686111101.0681052,292
1686111101.0841115,293
1686111101.0964403,296
1686111101.1092854,298
1686111101.1254423,300
1686111101.137603,304
1686111101.1543424,308
1686111101.1662755,311
1686111101.1786094,313
1686111101.195365,316
1686111101.2072906,318
1686111101.2196178,321
1686111101.2362995,325
1686111101.248297,329
1686111101.2613132,333
1686111101.2765045,336
1686111101.2892888,338
1686111101.3056126,341
1686111101.318285,343
1686111101.330289,346
1686111101.3467326,349
1686111101.3584135,351
1686111101.3714123,352
1686111101.3877456,354
1686111101.3994188,357
1686111101.4117537,360
1686111101.428407,362
1686111101.4412508,366
1686111101.4567742,370
1686111101.4696066,374
1686111101.48173,378
1686111101.4985042,381
1686111101.5111163,383
1686111101.5227773,386
1686111101.5388956,386
1686111101.5511363,389
1686111101.5637553,389
1686111101.580158,389
1686111101.5921333,387
1686111101.6041481,386
1686111101.6212273,384
1686111101.6332252,382
1686111101.6492317,378
1686111101.6622376,376
1686111101.6742232,375
1686111101.6902952,371
1686111101.7033002,371
1686111101.7152493,369
1686111101.7312543,369
1686111101.7435699,369
1686111101.7563095,367
1686111101.7723234,369
1686111101.784252,370
1686111101.8012466,372
1686111101.8134835,373
1686111101.8253534,374
1686111101.8423662,374
1686111101.8543532,374
1686111101.866354,372
1686111101.883366,370
1686111101.895452,365
1686111101.90773,358
1686111101.9237976,349
1686111101.936728,340
1686111101.94886,328
1686111101.9646494,317
1686111101.977581,307
1686111101.9945986,300
1686111102.0055766,298
1686111102.0178502,299
1686111102.0347922,301
1686111102.0467927,305
1686111102.058792,307
1686111102.0758016,309
1686111102.087968,312
1686111102.100114,312
1686111102.1159937,314
1686111102.1289802,314
1686111102.1453125,314
1686111102.1570597,315
1686111102.1699972,317
1686111102.1862895,319
1686111102.1989849,321
1686111102.2109787,324
1686111102.2269883,324
1686111102.238986,327
1686111102.251988,329
1686111102.2681477,330
1686111102.280339,332
1686111102.2930295,333
1686111102.309304,334
1686111102.3213813,335
1686111102.337385,335
1686111102.3500683,336
1686111102.3620753,336
1686111102.3788538,336
1686111102.3910506,337
1686111102.403755,338
1686111102.419467,340
1686111102.432439,342
1686111102.44444,344
1686111102.4607005,345
1686111102.4727633,347
1686111102.4894617,349
1686111102.5014346,352
1686111102.5134346,354
1686111102.5303862,355
1686111102.542718,356
1686111102.5546591,356
1686111102.5713823,357
1686111102.5833726,358
1686111102.5956616,358
1686111102.612391,358
1686111102.6246197,357
1686111102.6403797,357
1686111102.6533856,358
1686111102.6653717,358
1686111102.6817515,358
1686111102.6943843,358
1686111102.7065606,357
1686111102.7224448,357
1686111102.7343736,357
1686111102.7473938,357
1686111102.763379,357
1686111102.7763803,357
1686111102.788467,356
1686111102.8047235,356
1686111102.8162613,357
1686111102.8331985,356
1686111102.8455193,356
1686111102.8582036,355
1686111102.8744833,355
1686111102.8872168,355
1686111102.8992,356
1686111102.9154465,356
1686111102.9274476,356
1686111102.9395902,357
1686111102.9565856,358
1686111102.9686313,359
1686111102.9849088,359
1686111102.9975946,360
1686111103.009586,359
1686111103.0258324,359
1686111103.03783,360
1686111103.049847,360
1686111103.0668547,360
1686111103.079113,360
1686111103.091306,360
1686111103.1078954,359
1686111103.1199265,359
1686111103.1321447,359
1686111103.1488402,358
1686111103.1611083,358
1686111103.1771653,357
1686111103.1897864,357
1686111103.2021475,357
1686111103.218011,357
1686111103.2307532,357
1686111103.2431798,357
1686111103.2590666,356
1686111103.271527,357
1686111103.2842271,357
1686111103.300689,358
1686111103.312692,358
1686111103.3282356,357
1686111103.3409462,357
1686111103.3540783,358
1686111103.370165,358
1686111103.3816233,358
1686111103.3947115,359
1686111103.4108496,358
1686111103.4233854,358
1686111103.4355133,359
1686111103.4521801,360
1686111103.4641283,360
1686111103.4798317,360
1686111103.4929836,360
1686111103.5050673,360
1686111103.5208569,361
1686111103.533848,361
1686111103.545532,361
1686111103.5618591,360
1686111103.5748067,360
1686111103.587006,360
1686111103.6035597,360
1686111103.6155043,360
1686111103.6283364,360
1686111103.644569,360
1686111103.6568918,360
1686111103.6732252,360
1686111103.685392,361
1686111103.6978245,361
1686111103.7144551,360
1686111103.7266257,360
1686111103.7383397,360
1686111103.7543342,360
1686111103.767268,360
1686111103.7796052,360
1686111103.7953086,360
1686111103.8083124,360
1686111103.82431,360
1686111103.836325,360
1686111103.8493698,361
1686111103.8653078,360
1686111103.8773613,360
1686111103.890361,360
1686111103.9064898,359
1686111103.9182887,359
1686111103.9303436,360
1686111103.9472885,360
1686111103.9593613,359
1686111103.971284,359
1686111103.988614,359
1686111104.000356,360
1686111104.0167425,360
1686111104.0297196,360
1686111104.0410283,360
1686111104.0580156,360
1686111104.0700543,360
1686111104.082084,361
1686111104.099067,362
1686111104.1112072,362
1686111104.123808,361
1686111104.139751,361
1686111104.1518233,361
1686111104.1677535,361
1686111104.1807528,361
1686111104.192811,360
1686111104.2098243,359
1686111104.2211683,359
1686111104.2342546,358
1686111104.2504184,358
1686111104.262917,357
1686111104.2753267,357
1686111104.2913084,356
1686111104.3036716,356
1686111104.3196561,356
1686111104.332609,357
1686111104.3447778,357
1686111104.360598,357
1686111104.3734884,358
1686111104.3854923,359
1686111104.401488,360
1686111104.4144895,361
1686111104.4265416,361
1686111104.4427562,362
1686111104.4554882,362
1686111104.4673767,363
1686111104.484064,364
1686111104.4960155,365
1686111104.5121922,365
1686111104.5242467,365
1686111104.5371969,365
1686111104.5531886,366
1686111104.5662773,367
1686111104.5783136,367
1686111104.5946207,366
1686111104.606356,366
1686111104.6192997,365
1686111104.6353712,366
1686111104.6472974,366
1686111104.663373,365
1686111104.6762338,365
1686111104.6882398,364
1686111104.705223,365
1686111104.717299,365
1686111104.729221,365
1686111104.7462225,365
1686111104.7582822,364
1686111104.7702806,365
1686111104.7872856,365
1686111104.7992847,365
1686111104.8112822,365
1686111104.8282826,365
1686111104.840287,365
1686111104.8565645,366
1686111104.8689628,366
1686111104.8810117,366
1686111104.8979561,366
1686111104.9099517,366
1686111104.9219518,365
1686111104.9379494,365
1686111104.9509494,366
1686111104.9629643,366
1686111104.9795742,365
1686111104.9915698,365
1686111105.0076766,365
1686111105.0207264,365
1686111105.0324388,365
1686111105.0490646,365
1686111105.0610697,365
1686111105.0735452,364
1686111105.0895424,364
1686111105.1025453,364
1686111105.1145396,364
1686111105.1305413,364
1686111105.1435454,363
1686111105.155584,362
1686111105.1715415,362
1686111105.1845415,362
1686111105.2005956,362
1686111105.2125475,362
1686111105.2255394,361
1686111105.2415438,362
1686111105.2535393,362
1686111105.2665415,362
1686111105.2823496,362
1686111105.2943487,362
1686111105.30735,362
1686111105.3233466,362
1686111105.3353496,362
1686111105.3523595,362
1686111105.3643682,363
1686111105.3764079,362
1686111105.3933694,361
1686111105.4054027,361
1686111105.4174063,361
1686111105.4343512,362
1686111105.4463227,362
1686111105.4583855,361
1686111105.475335,361
1686111105.4873252,361
1686111105.4997027,361
1686111105.515518,361
1686111105.528386,361
1686111105.5444458,361
1686111105.5570602,361
1686111105.5696464,361
1686111105.5856764,362
1686111105.5976765,362
1686111105.6101112,362
1686111105.6267369,361
1686111105.638937,361
1686111105.6513221,362
1686111105.6679401,362
1686111105.6796253,362
1686111105.696513,362
1686111105.7087278,361
1686111105.7202253,361
1686111105.7372236,361
1686111105.7489798,362
1686111105.762074,362
1686111105.777905,361
1686111105.790258,362
1686111105.8022366,363
1686111105.8189485,367
1686111105.8309498,363
1686111105.8469424,363
1686111105.8599436,363
1686111105.8722508,362
1686111105.8883123,363
1686111105.9015021,365
1686111105.9132514,362
1686111105.9294193,359
1686111105.9423988,358
1686111105.954537,358
1686111105.97052,358
1686111105.9825196,358
1686111105.9955223,358
1686111106.011521,358
1686111106.023514,357
1686111106.040457,357
1686111106.0524755,358
1686111106.0646033,358
1686111106.0805488,358
1686111106.0935462,358
1686111106.1056044,357
1686111106.122909,357
1686111106.1344323,358
1686111106.146937,358
1686111106.1629486,357
1686111106.1756628,357
1686111106.1913142,356
1686111106.2043293,356
1686111106.2167802,356
1686111106.2331686,356
1686111106.2445848,356
1686111106.2575884,355
1686111106.2734025,355
1686111106.2863798,355
1686111106.2977972,355
1686111106.3142073,355
1686111106.3272758,354
1686111106.3391173,354
1686111106.3551483,354
1686111106.3681552,355
1686111106.3841631,355
1686111106.3961537,355
1686111106.4092891,355
1686111106.4250968,355
1686111106.4371552,355
1686111106.4501562,356
1686111106.4661028,356
1686111106.4782884,356
1686111106.4902878,356
1686111106.5067542,356
1686111106.5197017,356
1686111106.535676,356
1686111106.547992,357
1686111106.5599768,356
1686111106.577012,356
1686111106.5890095,356
1686111106.6010833,357
1686111106.6180696,358
1686111106.6300726,357
1686111106.6421242,357
1686111106.6590788,358
1686111106.6714876,358
1686111106.6865332,359
1686111106.6995203,359
1686111106.7115324,360
1686111106.7285178,360
1686111106.7405193,360
1686111106.752532,360
1686111106.7695882,361
1686111106.7815812,362
1686111106.7935708,362
1686111106.8103244,362
1686111106.8228397,362
1686111106.8351455,363
1686111106.850898,363
1686111106.8639028,364
1686111106.8795438,364
1686111106.8925505,364
1686111106.9045467,364
1686111106.9205422,364
1686111106.9335437,365
1686111106.9456499,366
1686111106.962063,366
1686111106.9737072,366
1686111106.9866729,366
1686111107.0027134,367
1686111107.0146625,368
1686111107.0313632,368
1686111107.043705,368
1686111107.0556502,368
1686111107.0727024,367
1686111107.0849102,368
1686111107.0967007,368
1686111107.1137052,368
1686111107.125707,366
1686111107.137759,366
1686111107.154627,366
1686111107.166338,366
1686111107.1790304,366
1686111107.195027,365
1686111107.2080157,364
1686111107.2238786,364
1686111107.2358332,364
1686111107.248821,364
1686111107.2648351,364
1686111107.277478,363
1686111107.2895007,363
1686111107.3055398,363
1686111107.318479,363
1686111107.3305418,364
1686111107.3466115,364
1686111107.3594778,363
1686111107.3754933,363
1686111107.3874936,363
1686111107.4004803,363
1686111107.4164934,363
1686111107.4284914,363
1686111107.44131,362
1686111107.4577816,361
1686111107.4699056,360
1686111107.4818957,360
1686111107.4985728,360
1686111107.5106852,359
1686111107.5263667,358
1686111107.539353,358
1686111107.5520709,357
1686111107.5683546,358
1686111107.5803232,357
1686111107.5923312,356
1686111107.6093886,356
1686111107.6214604,356
1686111107.6338592,356
1686111107.6499057,356
1686111107.662393,356
1686111107.6749687,356
1686111107.6913707,355
1686111107.7033057,356
1686111107.7201242,356
1686111107.732352,356
1686111107.7438426,356
1686111107.7606077,355
1686111107.7733505,356
1686111107.784807,356
1686111107.8020465,356
1686111107.8141005,358
1686111107.8263257,361
1686111107.8429544,363
1686111107.855403,359
1686111107.8707952,360
1686111107.8845916,361
1686111107.8955302,362
1686111107.9121206,361
1686111107.924423,359
1686111107.936864,356
1686111107.953384,356
1686111107.9655235,356
1686111107.9775648,356
1686111107.994155,356
1686111108.0064733,356
1686111108.0188234,357
1686111108.0353723,358
1686111108.0473588,358
1686111108.063421,358
1686111108.0759487,358
1686111108.0882666,358
1686111108.104243,357
1686111108.117272,357
1686111108.128806,357
1686111108.145469,357
1686111108.1575146,357
1686111108.1703913,357
1686111108.1868446,357
1686111108.1986687,357
1686111108.2150044,357
1686111108.2273502,357
1686111108.2394166,357
1686111108.256284,357
1686111108.2689853,357
1686111108.2806356,357
1686111108.2967787,357
1686111108.3097696,358
1686111108.3217845,358
1686111108.337775,358
1686111108.350634,359
1686111108.3628142,359
1686111108.379194,358
1686111108.39152,358
1686111108.407324,358
1686111108.4203322,359
1686111108.4328797,359
1686111108.4489088,360
1686111108.4617825,360
1686111108.4735546,357
1686111108.489597,358
1686111108.5023336,359
1686111108.5138578,360
1686111108.530249,362
1686111108.5424585,361
1686111108.5595548,360
1686111108.5714078,360
1686111108.5842578,361
1686111108.600279,361
1686111108.6129446,362
1686111108.6252673,362
1686111108.64145,361
1686111108.6539912,363
1686111108.665691,364
1686111108.6825006,361
1686111108.6946173,364
1686111108.7106435,365
1686111108.7227652,368
1686111108.7356997,370
1686111108.7518725,370
1686111108.7637243,374
1686111108.7768128,377
1686111108.7927692,379
1686111108.8057446,379
1686111108.8170183,368
1686111108.8338253,366
1686111108.8455126,367
1686111108.8585095,364
1686111108.87489,358
1686111108.8865027,357
1686111108.903523,358
1686111108.9161136,359
1686111108.9283652,359
1686111108.9445322,359
1686111108.956728,359
1686111108.9690623,359
1686111108.9855156,360
1686111108.9975896,361
1686111109.0103488,361
1686111109.026173,361
1686111109.0387359,362
1686111109.054709,362
1686111109.0667992,363
1686111109.0793123,363
1686111109.0961473,364
1686111109.1079834,364
1686111109.1203525,364
1686111109.1369307,365
1686111109.149444,366
1686111109.161798,367
1686111109.1772346,367
1686111109.1903846,367
1686111109.2025175,367
1686111109.218945,368
1686111109.2309744,368
1686111109.247298,368
1686111109.2598703,368
1686111109.2723668,369
1686111109.2884514,369
1686111109.3011186,370
1686111109.3131635,370
1686111109.3291316,370
1686111109.341612,370
1686111109.3534245,371
1686111109.3707392,372
1686111109.3827364,370
1686111109.3984156,369
1686111109.411411,369
1686111109.42335,369
1686111109.440341,370
1686111109.452287,370
1686111109.4643326,372
1686111109.4811215,371
1686111109.4932299,371
1686111109.5054572,372
1686111109.522121,372
1686111109.534047,372
1686111109.54668,373
1686111109.5626745,374
1686111109.574735,374
1686111109.5916796,374
1686111109.603676,373
1686111109.6160045,369
1686111109.6326818,368
1686111109.6446815,368
1686111109.656945,368
1686111109.6736789,368
1686111109.68524,368
1686111109.6981554,369
1686111109.714154,369
1686111109.7261484,369
1686111109.74315,368
1686111109.7551482,369
1686111109.7671473,369
1686111109.7841294,369
1686111109.795761,370
1686111109.8087873,369
1686111109.8248842,370
1686111109.8368716,369
1686111109.848811,370
1686111109.865931,370
1686111109.8778589,371
1686111109.8939252,370
1686111109.906927,371
1686111109.918974,371
1686111109.9359136,372
1686111109.9479127,372
1686111109.9609177,372
1686111109.9769142,372
1686111109.988984,372
1686111110.000544,374
1686111110.0176423,375
1686111110.0298831,375
1686111110.042169,372
1686111110.058776,372
1686111110.0706568,373
1686111110.0871427,374
1686111110.0993798,374
1686111110.1112478,375
1686111110.1277878,375
1686111110.1401727,375
1686111110.1528542,374
1686111110.1688488,375
1686111110.1815379,375
1686111110.193534,374
1686111110.2096,373
1686111110.2225366,373
1686111110.2386954,373
1686111110.2505372,373
1686111110.2631128,373
1686111110.279547,369
1686111110.2921937,369
1686111110.3041441,369
1686111110.3208175,370
1686111110.332906,371
1686111110.3448718,371
1686111110.3618157,370
1686111110.373839,369
1686111110.3861754,370
1686111110.4028218,370
1686111110.4148183,371
1686111110.4308255,370
1686111110.4429283,369
1686111110.4558957,367
1686111110.472825,366
1686111110.4846215,365
1686111110.496688,364
1686111110.512538,362
1686111110.5256076,359
1686111110.537535,357
1686111110.5535903,356
1686111110.566533,355
1686111110.5826657,354
1686111110.5945442,353
1686111110.607531,352
1686111110.6235988,351
1686111110.6358457,353
1686111110.6485336,352
1686111110.6645381,353
1686111110.6768463,353
1686111110.6885912,354
1686111110.7055268,350
1686111110.7175953,350
1686111110.7335546,351
1686111110.7468565,351
1686111110.7588553,352
1686111110.7749186,352
1686111110.7875872,353
1686111110.7995877,353
1686111110.8163757,353
1686111110.828434,354
1686111110.8406456,354
1686111110.8572934,354
1686111110.8692927,355
1686111110.881351,357
1686111110.8982928,358
1686111110.910294,360
1686111110.9263043,362
1686111110.9392955,365
1686111110.951375,368
1686111110.9672885,370
1686111110.9802933,372
1686111110.992782,374
1686111111.0082977,375
1686111111.0212934,376
1686111111.0329068,377
1686111111.0493276,378
1686111111.0622797,377
1686111111.0782657,377
1686111111.0902643,375
1686111111.1032732,373
1686111111.1192627,373
1686111111.13227,370
1686111111.1443398,365
1686111111.1600358,362
1686111111.1725602,361
1686111111.1842408,363
1686111111.2012215,372
1686111111.2135286,383
1686111111.2257845,397
1686111111.2424207,412
1686111111.25443,424
1686111111.270285,436
1686111111.2832277,448
1686111111.29565,457
1686111111.3117115,464
1686111111.3239982,468
1686111111.3366463,471
1686111111.3528354,472
1686111111.3650038,470
1686111111.3776536,465
1686111111.3931942,459
1686111111.4058108,445
1686111111.42212,436
1686111111.434796,428
1686111111.4478016,419
1686111111.4633482,410
1686111111.4759855,401
1686111111.4878285,394
1686111111.5044434,387
1686111111.516844,382
1686111111.5286474,378
1686111111.5447047,375
1686111111.5576384,371
1686111111.5698113,370
1686111111.5868688,368
1686111111.598803,367
1686111111.6148157,365
1686111111.6272337,362
1686111111.6398098,358
1686111111.6558957,354
1686111111.66843,350
1686111111.6804287,343
1686111111.6965866,335
1686111111.7085836,326
1686111111.7216542,318
1686111111.7375667,311
1686111111.7498877,305
1686111111.7665713,301
1686111111.7785838,297
1686111111.7908962,294
1686111111.8075721,292
1686111111.819666,291
1686111111.8322158,290
1686111111.8482819,290
1686111111.8607113,290
1686111111.873289,290
1686111111.8893054,292
1686111111.9012895,295
1686111111.9176586,297
1686111111.9303658,301
1686111111.9423466,303
1686111111.9582875,308
1686111111.971362,313
1686111111.9832842,320
1686111112.000036,326
1686111112.0122054,333
1686111112.023958,342
1686111112.0412104,353
1686111112.0530229,365
1686111112.0652878,378
1686111112.0819614,390
1686111112.094145,399
1686111112.1102452,407
1686111112.123142,415
1686111112.1349628,420
1686111112.1516347,423
1686111112.163807,426
1686111112.176637,425
1686111112.1924334,426
1686111112.2047887,426
1686111112.2168071,425
1686111112.2334363,425
1686111112.2454877,421
1686111112.261503,418
1686111112.2744546,418
1686111112.2865956,418
1686111112.3034525,419
1686111112.3154366,419
1686111112.3274395,420
1686111112.3435013,419
1686111112.356458,417
1686111112.3684351,416
1686111112.384779,415
1686111112.3975284,411
1686111112.4094524,408
1686111112.4254367,402
1686111112.4384363,396
1686111112.4544926,386
1686111112.4664404,375
1686111112.4794388,361
1686111112.4955897,346
1686111112.5077882,330
1686111112.5194352,312
1686111112.5367799,300
1686111112.5485337,288
1686111112.561253,279
1686111112.5772672,273
1686111112.5892763,270
1686111112.60563,269
1686111112.6184,270
1686111112.6305873,272
1686111112.6473432,274
1686111112.659441,277
1686111112.671334,280
1686111112.6880424,285
1686111112.7005942,289
1686111112.7126732,292
1686111112.7292676,297
1686111112.7411203,301
1686111112.7571816,304
1686111112.770129,310
1686111112.7822,315
1686111112.7986574,320
1686111112.8106582,324
1686111112.8227742,327
1686111112.8398468,330
1686111112.8518655,334
1686111112.8641043,337
1686111112.8797767,339
1686111112.8923194,341
1686111112.9053178,344
1686111112.9214556,347
1686111112.9336355,349
1686111112.9503174,351
1686111112.9629233,353
1686111112.9750285,354
1686111112.9907384,356
1686111113.0036707,359
1686111113.0157511,361
1686111113.031731,364
1686111113.044671,366
1686111113.0567553,367
1686111113.0726712,368
1686111113.0856717,370
1686111113.1006668,371
1686111113.1136675,372
1686111113.1257615,372
1686111113.1426718,371
1686111113.1552117,372
1686111113.1674888,372
1686111113.1832306,372
1686111113.1960635,372
1686111113.2081566,370
1686111113.2241728,369
1686111113.2362146,370
1686111113.2491555,370
1686111113.265156,368
1686111113.2781558,367
1686111113.2942898,365
1686111113.3073158,365
1686111113.3185449,365
1686111113.335458,366
1686111113.3472726,367
1686111113.359907,367
1686111113.3759878,366
1686111113.3879168,366
1686111113.4000757,366
1686111113.4171617,366
1686111113.4293973,364
1686111113.4450717,363
1686111113.4580913,363
1686111113.470355,362
1686111113.4870756,362
1686111113.4983726,362
1686111113.5114446,361
1686111113.5276923,360
1686111113.5402489,359
1686111113.55238,358
1686111113.5686982,358
1686111113.580396,358
1686111113.593382,358
1686111113.6093812,358
1686111113.6214533,359
1686111113.6379113,360
1686111113.650281,361
1686111113.6627736,361
1686111113.6794739,361
1686111113.6914756,361
1686111113.703955,360
1686111113.7201402,360
1686111113.7319484,360
1686111113.7450523,359
1686111113.7612453,359
1686111113.7729516,358
1686111113.7899458,358
1686111113.802428,358
1686111113.8145049,358
1686111113.8307545,357
1686111113.842658,357
1686111113.8553572,356
1686111113.871068,357
1686111113.8840995,358
1686111113.8957765,359
1686111113.9130476,360
1686111113.924924,360
1686111113.9411485,360
1686111113.9537961,361
1686111113.9652379,362
1686111113.9821095,362
1686111113.9943054,362
1686111114.0069802,362
1686111114.0229914,363
1686111114.0349755,364
1686111114.047968,364
1686111114.0640302,364
1686111114.0760305,363
1686111114.08912,362
1686111114.1045392,362
1686111114.1175237,363
1686111114.1338763,363
1686111114.1462638,363
1686111114.158044,362
1686111114.1747687,363
1686111114.1874235,363
1686111114.1993363,364
1686111114.2160156,364
1686111114.2282596,365
1686111114.2400153,365
1686111114.2570205,366
1686111114.2690876,367
1686111114.2850046,368
1686111114.2975297,370
1686111114.3102007,371
1686111114.3263173,371
1686111114.3382607,372
1686111114.351209,373
1686111114.367275,374
1686111114.3795273,375
1686111114.3922,374
1686111114.4083862,374
1686111114.4206524,375
1686111114.4329278,375
1686111114.4493852,376
1686111114.4615712,377
1686111114.4774022,378
1686111114.4903874,378
1686111114.5027862,379
1686111114.518867,380
1686111114.5314448,381
1686111114.5434375,381
1686111114.559435,381
1686111114.5719926,381
1686111114.5844433,382
1686111114.6009011,382
1686111114.6129332,381
1686111114.6294432,380
1686111114.6415684,380
1686111114.6535819,379
1686111114.6704617,379
1686111114.682501,377
1686111114.6953359,376
1686111114.7114658,374
1686111114.723718,373
1686111114.735504,372
1686111114.7524443,371
1686111114.7644587,371
1686111114.7764516,370
1686111114.7934613,369
1686111114.8055265,367
1686111114.8214514,366
1686111114.8344479,366
1686111114.8465283,366
1686111114.8630774,365
1686111114.8751469,365
1686111114.8873825,364
1686111114.904054,364
1686111114.9164116,364
1686111114.9290764,364
1686111114.9450302,364
1686111114.9571762,364
1686111114.973242,365
1686111114.9855123,366
1686111114.9973848,366
1686111115.0145593,365
1686111115.026523,365
1686111115.0392058,364
1686111115.0555158,364
1686111115.0686438,365
1686111115.0796945,365
1686111115.0966794,364
1686111115.108341,364
1686111115.124339,364
1686111115.137338,364
1686111115.1496615,365
1686111115.166031,365
1686111115.1780198,365
1686111115.1900249,364
1686111115.2064753,365
1686111115.2194703,365
1686111115.2315762,366
1686111115.2480166,366
1686111115.2600024,367
1686111115.2724752,367
1686111115.2884142,368
1686111115.3012688,368
1686111115.317666,369
1686111115.3297157,369
1686111115.3417165,369
1686111115.3580377,369
1686111115.3701713,370
1686111115.3831735,370
1686111115.39958,371
1686111115.4115636,371
1686111115.423627,371
1686111115.440582,371
1686111115.4525654,372
1686111115.4686334,372
1686111115.4806318,373
1686111115.4935663,373
1686111115.5098417,373
1686111115.5219076,374
1686111115.533913,375
1686111115.550847,376
1686111115.562905,377
1686111115.5749161,377
1686111115.591846,376
1686111115.6045144,377
1686111115.6166348,377
1686111115.632526,377
1686111115.6445835,377
1686111115.6618888,376
1686111115.6736434,376
1686111115.68584,376
1686111115.7030349,375
1686111115.7151709,376
1686111115.7276518,375
1686111115.7435484,375
1686111115.7553687,375
1686111115.7680364,376
1686111115.7842052,377
1686111115.7967796,378
1686111115.8132205,378
1686111115.8254938,376
1686111115.8374877,376
1686111115.8544302,377
1686111115.8665345,378
1686111115.8788025,379
1686111115.8945627,377
1686111115.9075613,374
1686111115.9195478,373
1686111115.9356463,373
1686111115.9481897,373
1686111115.9649491,373
1686111115.97691,373
1686111115.9889112,373
1686111116.0059607,374
1686111116.0182364,376
1686111116.030335,376
1686111116.0469944,376
1686111116.0583878,376
1686111116.0715017,374
1686111116.0869744,373
1686111116.0993838,372
1686111116.1129475,370
1686111116.1286602,368
1686111116.1410465,366
1686111116.1573632,364
1686111116.1696162,363
1686111116.1812012,362
1686111116.1980224,361
1686111116.2097812,359
1686111116.2229216,358
1686111116.2385228,358
1686111116.251442,358
1686111116.2630486,359
1686111116.2801552,359
1686111116.2921557,359
1686111116.3078456,359
1686111116.3208842,360
1686111116.3328822,361
1686111116.3497589,362
1686111116.3622851,363
1686111116.3744009,363
1686111116.3906837,364
1686111116.4026113,365
1686111116.414607,366
1686111116.4319968,367
1686111116.4441288,368
1686111116.455612,368
1686111116.472972,367
1686111116.4852607,368
1686111116.5009587,367
1686111116.5134025,367
1686111116.525413,366
1686111116.5421796,364
1686111116.5543046,364
1686111116.566303,364
1686111116.5829182,364
1686111116.5955098,363
1686111116.6079705,361
1686111116.6242547,361
1686111116.637116,362
1686111116.6521983,362
1686111116.6653047,363
1686111116.6773534,363
1686111116.6933203,364
1686111116.7056692,366
1686111116.718461,368
1686111116.7344675,370
1686111116.7463925,372
1686111116.7594779,372
1686111116.7754042,373
1686111116.788081,374
1686111116.800401,376
1686111116.8167448,376
1686111116.8287868,376
1686111116.845309,375
1686111116.8573563,376
1686111116.8694074,376
1686111116.886406,376
1686111116.8989418,375
1686111116.910861,374
1686111116.927683,373
1686111116.9397106,372
1686111116.9531038,373
1686111116.9675202,372
1686111116.9805617,371
1686111116.9971263,370
1686111117.008511,369
1686111117.0213194,369
1686111117.0379975,368
1686111117.0503087,368
1686111117.0622804,368
1686111117.0784514,367
1686111117.090404,366
1686111117.1031435,366
1686111117.1200953,366
1686111117.132206,365
1686111117.1441014,365
1686111117.1607087,363
1686111117.1732638,362
1686111117.1891527,361
1686111117.201198,360
1686111117.2142286,360
1686111117.2304015,359
1686111117.2423341,358
1686111117.2551389,357
1686111117.27137,357
1686111117.2839248,357
1686111117.2959208,356
1686111117.3129697,355
1686111117.3240063,354
1686111117.3405538,353
1686111117.3533537,352
1686111117.3656433,352
1686111117.3812478,352
1686111117.394254,351
1686111117.406961,350
1686111117.422564,349
1686111117.4345646,350
1686111117.4474819,350
1686111117.4634285,349
1686111117.4760764,349
1686111117.4922554,349
1686111117.5048797,349
1686111117.5175323,349
1686111117.5329845,349
1686111117.5453742,349
1686111117.5582273,348
1686111117.5742245,348
1686111117.586847,348
1686111117.5991843,348
1686111117.6151235,348
1686111117.6271484,347
1686111117.6402805,347
1686111117.6563845,347
1686111117.6684313,348
1686111117.685054,348
1686111117.6973364,348
1686111117.7092345,348
1686111117.725244,348
1686111117.7382658,349
1686111117.750531,349
1686111117.767524,350
1686111117.7792473,350
1686111117.7914424,350
1686111117.808035,350
1686111117.8203466,350
1686111117.8365953,351
1686111117.848184,351
1686111117.8611686,351
1686111117.8782828,351
1686111117.8893414,351
1686111117.9022496,351
1686111117.918539,352
1686111117.930189,352
1686111117.9431903,352
1686111117.9594212,352
1686111117.9724557,352
1686111117.98393,352
1686111117.9999504,353
1686111118.0126743,353
1686111118.0290933,352
1686111118.0412192,352
1686111118.0530221,352
1686111118.070349,352
1686111118.0822942,353
1686111118.0949125,352
1686111118.1107407,352
1686111118.1235805,352
1686111118.135595,351
1686111118.1519263,352
1686111118.164297,352
1686111118.1802084,352
1686111118.1932147,352
1686111118.205349,351
1686111118.2214077,352
1686111118.2338958,353
1686111118.2462485,353
1686111118.26253,352
1686111118.2741108,352
1686111118.2871063,352
1686111118.3031597,352
1686111118.3160937,353
1686111118.3282053,353
1686111118.3444028,353
1686111118.3564017,353
1686111118.3725147,353
1686111118.3851411,354
1686111118.3971243,354
1686111118.4138484,354
1686111118.4263828,354
1686111118.4383075,354
1686111118.4542441,354
1686111118.467273,355
1686111118.4799373,355
1686111118.4962718,355
1686111118.50805,355
1686111118.5243452,355
1686111118.5366812,356
1686111118.54903,356
1686111118.5656621,357
1686111118.5781755,357
1686111118.589663,356
1686111118.60623,356
1686111118.6184628,357
1686111118.6315372,358
1686111118.6478996,358
1686111118.659893,358
1686111118.6763847,357
1686111118.6884239,358
1686111118.7005854,358
1686111118.7170568,358
1686111118.729436,359
1686111118.7412493,358
1686111118.7574947,358
1686111118.7709157,359
1686111118.78227,359
1686111118.7993307,360
1686111118.811386,360
1686111118.8231382,360
1686111118.8395765,360
1686111118.8522944,360
1686111118.8690107,361
1686111118.8811636,362
1686111118.8933563,362
1686111118.9096062,361
1686111118.9216404,361
1686111118.934129,362
1686111118.9501784,363
1686111118.9624534,363
1686111118.9754202,362
1686111118.9915717,362
1686111119.0041437,362
1686111119.0202527,362
1686111119.032823,363
1686111119.0448623,363
1686111119.0613148,362
1686111119.0734868,362
1686111119.0857747,363
1686111119.1018631,363
1686111119.1140316,363
1686111119.127118,363
1686111119.1432662,363
1686111119.1555228,362
1686111119.1678455,362
1686111119.1842344,363
1686111119.1964138,363
1686111119.2126024,363
1686111119.2250297,363
1686111119.2374625,362
1686111119.2537246,363
1686111119.2656136,364
1686111119.2782922,364
1686111119.2947118,363
1686111119.3068898,364
1686111119.3187938,363
1686111119.3358984,364
1686111119.347863,364
1686111119.3635612,364
1686111119.37684,364
1686111119.389192,363
1686111119.4051259,364
1686111119.4172947,365
1686111119.4301147,365
1686111119.44574,365
1686111119.457761,365
1686111119.4710138,365
1686111119.4873114,365
1686111119.4994564,366
1686111119.5119903,366
1686111119.527746,365
1686111119.5404265,365
1686111119.5570245,366
1686111119.5693922,366
1686111119.5812664,366
1686111119.5979712,367
1686111119.61067,366
1686111119.6222835,366
1686111119.638725,366
1686111119.6508265,367
1686111119.664019,366
1686111119.6791234,366
1686111119.6912768,366
1686111119.7083352,366
1686111119.7207627,366
1686111119.7327535,366
1686111119.749346,367
1686111119.7620091,367
1686111119.7743168,366
1686111119.7904007,366
1686111119.8027873,367
1686111119.8149154,367
1686111119.83147,368
1686111119.8436038,367
1686111119.8599389,368
1686111119.872494,368
1686111119.8847122,369
1686111119.900516,371
1686111119.9132013,373
1686111119.9252753,376
1686111119.941567,378
1686111119.9535735,374
1686111119.9664052,375
1686111119.9825256,375
1686111119.9945366,374
1686111120.0076437,374
1686111120.0236623,374
1686111120.035713,374
1686111120.0517066,374
1686111120.0647204,372
1686111120.077301,373
1686111120.093418,372
1686111120.1050649,373
1686111120.1181262,373
1686111120.1343474,373
1686111120.1471722,373
1686111120.1583035,371
1686111120.175228,372
1686111120.1879058,372
1686111120.2032099,373
1686111120.216162,374
1686111120.2285678,374
1686111120.2444313,371
1686111120.2569966,372
1686111120.2692719,371
1686111120.28642,372
1686111120.2978327,372
1686111120.3105245,372
1686111120.3268783,371
1686111120.3389227,371
1686111120.3553023,371
1686111120.3679996,372
1686111120.3801193,372
1686111120.3962543,372
1686111120.4083183,372
1686111120.4207535,370
1686111120.4372966,370
1686111120.4493756,370
1686111120.46169,369
1686111120.479046,368
1686111120.4908834,368
1686111120.5030432,367
1686111120.5192602,367
1686111120.5312645,367
1686111120.5483186,367
1686111120.560287,367
1686111120.572776,366
1686111120.588502,366
1686111120.6015553,367
1686111120.6136947,367
1686111120.629612,366
1686111120.642249,366
1686111120.6544437,366
1686111120.6709154,367
1686111120.6828802,368
1686111120.6995986,368
1686111120.7113314,368
1686111120.7241638,369
1686111120.7402718,368
1686111120.7528868,369
1686111120.764575,370
1686111120.7812595,371
1686111120.793324,371
1686111120.805776,371
1686111120.8217256,370
1686111120.8350446,370
1686111120.847324,369
1686111120.8631155,370
1686111120.8759341,370
1686111120.8921328,370
1686111120.904237,372
1686111120.9164813,373
1686111120.9331787,373
1686111120.9450116,374
1686111120.9576762,375
1686111120.9740279,369
1686111120.9859183,368
1686111120.998461,368
1686111121.014891,368
1686111121.0273497,366
1686111121.0431492,365
1686111121.0561645,365
1686111121.0681512,365
1686111121.0846229,365
1686111121.096757,364
1686111121.1089406,363
1686111121.1256256,363
1686111121.1376355,363
1686111121.1499653,363
1686111121.166801,362
1686111121.178708,362
1686111121.1906254,362
1686111121.2076936,361
1686111121.219715,361
1686111121.2356899,361
1686111121.2486901,361
1686111121.2606285,360
1686111121.2766252,359
1686111121.2896357,359
1686111121.3017995,359
1686111121.3179462,360
1686111121.3298898,360
1686111121.342699,359
1686111121.3586934,359
1686111121.370638,359
1686111121.3876295,359
1686111121.3999,360
1686111121.4116275,359
1686111121.428624,359
1686111121.4409971,358
1686111121.4526906,359
1686111121.4696262,359
1686111121.482673,359
1686111121.493907,359
1686111121.5106993,358
1686111121.522687,358
1686111121.5386808,358
1686111121.55143,359
1686111121.5633693,359
1686111121.580356,358
1686111121.5923533,358
1686111121.60442,357
1686111121.6209745,358
1686111121.6331525,358
1686111121.6453376,358
1686111121.6619036,358
1686111121.674649,357
1686111121.6866539,357
1686111121.7025778,358
1686111121.7155943,358
1686111121.7317798,358
1686111121.7436962,358
1686111121.7566946,358
1686111121.7727695,358
1686111121.7847004,358
1686111121.797015,358
1686111121.8136976,358
1686111121.8261895,358
1686111121.8377802,358
1686111121.8547766,358
1686111121.8667018,358
1686111121.8827608,359
1686111121.895759,359
1686111121.9077573,358
1686111121.9237037,358
1686111121.9366953,358
1686111121.9487724,358
1686111121.9650252,358
1686111121.9779513,358
1686111121.9899974,357
1686111122.0057144,358
1686111122.0180266,358
1686111122.0307133,358
1686111122.046694,357
1686111122.0597637,357
1686111122.0756967,357
1686111122.087772,357
1686111122.0996957,357
1686111122.1166975,358
1686111122.1287048,358
1686111122.141417,357
1686111122.1574886,357
1686111122.169384,358
1686111122.1824164,358
1686111122.1986887,358
1686111122.2103572,359
1686111122.226838,358
1686111122.2396417,358
1686111122.2515752,359
1686111122.2675576,358
1686111122.2805593,358
1686111122.2925751,357
1686111122.308606,356
1686111122.3217216,357
1686111122.3335297,358
1686111122.3501554,359
1686111122.3621638,361
1686111122.3784058,363
1686111122.3910792,365
1686111122.403098,368
1686111122.4194067,371
1686111122.4320788,375
1686111122.4442515,378
1686111122.460515,381
1686111122.4732594,385
1686111122.4853075,388
1686111122.5017471,391
1686111122.514253,393
1686111122.5262563,393
1686111122.5425959,394
1686111122.5542347,394
1686111122.5712497,393
1686111122.5831785,391
1686111122.5954995,386
1686111122.6124291,380
1686111122.6241424,373
1686111122.6362107,365
1686111122.653315,357
1686111122.6654453,349
1686111122.6771517,342
1686111122.6942296,335
1686111122.7065842,329
1686111122.7221494,325
1686111122.7352161,322
1686111122.7472224,320
1686111122.7642148,318
1686111122.7761455,317
1686111122.7884781,317
1686111122.8042142,317
1686111122.817142,318
1686111122.8297105,319
1686111122.8457768,319
1686111122.8577316,319
1686111122.8707128,320
1686111122.8867896,321
1686111122.8987143,324
1686111122.914714,326
1686111122.9279313,329
1686111122.9396021,332
1686111122.9565868,335
1686111122.9686596,338
1686111122.9808936,339
1686111122.997645,341
1686111123.009668,343
1686111123.0218112,344
1686111123.037544,345
1686111123.050624,347
1686111123.0665567,348
1686111123.0789294,348
1686111123.0916266,348
1686111123.107829,349
1686111123.1201704,351
1686111123.1325166,353
1686111123.1487007,353
1686111123.160754,354
1686111123.1730044,353
1686111123.189511,353
1686111123.2024179,352
1686111123.2143707,353
1686111123.2307706,353
1686111123.242466,353
1686111123.2594965,356
1686111123.2717857,358
1686111123.2836623,362
1686111123.3004007,366
1686111123.3125803,372
1686111123.324757,379
1686111123.3414905,387
1686111123.3534172,398
1686111123.3657525,409
1686111123.3824933,420
1686111123.394614,429
1686111123.41041,438
1686111123.4231422,444
1686111123.435823,450
1686111123.4518387,455
1686111123.4638417,459
1686111123.4761395,461
1686111123.4928977,460
1686111123.5049028,461
1686111123.5172048,459
1686111123.5339792,457
1686111123.5461693,454
1686111123.5621903,449
1686111123.575096,444
1686111123.5869005,440
1686111123.6038878,434
1686111123.6158242,428
1686111123.627992,422
1686111123.644316,417
1686111123.657069,410
1686111123.669089,407
1686111123.685008,402
1686111123.6973386,399
1686111123.7100036,394
1686111123.726306,390
1686111123.738322,388
1686111123.7549872,383
1686111123.7669961,381
1686111123.779337,379
1686111123.7960663,377
1686111123.8082688,374
1686111123.8200583,374
1686111123.8369832,375
1686111123.8492057,376
1686111123.8610003,376
1686111123.8780687,375
1686111123.890221,375
1686111123.90605,374
1686111123.918991,373
1686111123.9310646,370
1686111123.947047,368
1686111123.960064,365
1686111123.9722645,361
1686111123.9883332,357
1686111124.0007424,354
1686111124.0129976,349
1686111124.0293038,345
1686111124.0419357,340
1686111124.053708,335
1686111124.0699186,330
1686111124.0827172,324
1686111124.098641,319
1686111124.11109,313
1686111124.123,307
1686111124.1401622,303
1686111124.1525238,299
1686111124.1645515,298
1686111124.180775,296
1686111124.19352,295
1686111124.2054596,294
1686111124.2215354,294
1686111124.2344773,295
1686111124.2505991,296
1686111124.2624753,297
1686111124.2744553,297
1686111124.2915359,298
1686111124.3035252,300
1686111124.315787,301
1686111124.3324597,302
1686111124.3444567,303
1686111124.3568418,304
1686111124.373651,308
1686111124.3857522,312
1686111124.4018288,316
1686111124.414528,321
1686111124.4261413,326
1686111124.4431453,332
1686111124.4551444,339
1686111124.4681551,348
1686111124.484072,356
1686111124.496384,362
1686111124.5083385,370
1686111124.5250843,375
1686111124.5367305,380
1686111124.549737,385
1686111124.5657294,388
1686111124.5784056,391
1686111124.5946436,393
1686111124.6063366,395
1686111124.6193268,397
1686111124.6354637,398
1686111124.647637,399
1686111124.6601076,400
1686111124.6768477,401
1686111124.68886,405
1686111124.7014308,405
1686111124.7167792,407
1686111124.7299626,409
1686111124.7459204,411
1686111124.7579257,411
1686111124.770866,413
1686111124.7868652,415
1686111124.7992475,418
1686111124.811866,417
1686111124.8285952,418
1686111124.8398635,417
1686111124.8528674,417
1686111124.869478,418
1686111124.8809261,417
1686111124.893883,415
1686111124.9100485,413
1686111124.923165,410
1686111124.9385843,407
1686111124.9508874,404
1686111124.9628818,398
1686111124.9795682,391
1686111124.9916744,383
1686111125.003643,374
1686111125.0206459,367
1686111125.032705,362
1686111125.045609,356
1686111125.061194,350
1686111125.0741901,343
1686111125.0902698,336
1686111125.102524,327
1686111125.1142516,318
1686111125.1315703,308
1686111125.143774,298
1686111125.1556723,291
1686111125.1725056,286
1686111125.184576,282
1686111125.1967752,279
1686111125.2125835,277
1686111125.2254949,276
1686111125.2418199,276
1686111125.254568,276
1686111125.2664967,277
1686111125.2825537,279
1686111125.2948585,282
1686111125.307495,286
1686111125.3235502,290
1686111125.3360481,296
1686111125.3480399,303
1686111125.3649716,310
1686111125.377244,315
1686111125.3892345,320
1686111125.4049761,326
1686111125.4180174,330
1686111125.434253,334
1686111125.4463143,338
1686111125.4589367,340
1686111125.4752555,343
1686111125.487956,346
1686111125.5000134,345
1686111125.5162468,347
1686111125.528485,347
1686111125.5403435,348
1686111125.5574183,348
1686111125.569345,349
1686111125.5854023,350
1686111125.598409,351
1686111125.6103616,351
1686111125.626554,351
1686111125.6385508,351
1686111125.651607,352
1686111125.6675553,352
1686111125.679856,353
1686111125.6925943,352
1686111125.7085283,352
1686111125.7208643,352
1686111125.733542,353
1686111125.7495883,353
1686111125.7618814,353
1686111125.7775354,352
1686111125.7905886,352
1686111125.802587,352
1686111125.8195288,352
1686111125.8316135,353
1686111125.8435388,352
1686111125.8604214,352
1686111125.8727522,352
1686111125.885139,353
1686111125.9012492,355
1686111125.9130726,355
1686111125.9299626,355
1686111125.9421914,355
1686111125.9545472,356
1686111125.9708738,357
1686111125.9838748,358
1686111125.9952521,358
1686111126.0119498,358
1686111126.0240154,358
1686111126.0360343,358
1686111126.0529873,359
1686111126.0649188,359
1686111126.0769145,358
1686111126.093906,357
1686111126.1059067,357
1686111126.1219666,357
1686111126.1339676,358
1686111126.1469016,358
1686111126.162961,357
1686111126.1749163,357
1686111126.1879742,358
1686111126.203907,359
1686111126.216972,360
1686111126.2289882,360
1686111126.2449145,360
1686111126.2569065,360
1686111126.2739828,360
1686111126.2859774,361
1686111126.297903,361
1686111126.3149054,361
1686111126.3279405,361
1686111126.338961,361
1686111126.3559813,362
1686111126.3689215,362
1686111126.379919,363
1686111126.3969684,363
1686111126.4092286,362
1686111126.4249153,362
1686111126.4377415,363
1686111126.4498918,363
1686111126.4666102,363
1686111126.4787526,363
1686111126.4909892,363
1686111126.5075152,362
1686111126.5197284,363
1686111126.5319667,363
1686111126.5479925,363
1686111126.5604968,363
1686111126.5730462,362
1686111126.5892763,363
1686111126.6018019,363
1686111126.6178005,364
1686111126.630413,364
1686111126.6430552,364
1686111126.659048,364
1686111126.6712086,364
1686111126.6834657,365
1686111126.6995614,364
1686111126.711631,364
1686111126.724622,363
1686111126.7404678,363
1686111126.7533803,363
1686111126.7686183,363
1686111126.7825885,363
1686111126.7942445,362
1686111126.8101604,362
1686111126.8224156,362
1686111126.835166,362
1686111126.851501,362
1686111126.8635676,361
1686111126.8765512,361
1686111126.8925066,361
1686111126.9044452,360
1686111126.9174101,361
1686111126.93335,361
1686111126.9457798,361
1686111126.9613538,361
1686111126.9743662,361
1686111126.986348,362
1686111127.002365,362
1686111127.0154054,363
1686111127.0274174,362
1686111127.0434165,362
1686111127.056347,363
1686111127.068355,364
1686111127.0843468,365
1686111127.0964184,365
1686111127.1133606,365
1686111127.1254132,366
1686111127.1383674,366
1686111127.153974,366
1686111127.16693,367
1686111127.1789153,367
1686111127.195548,366
1686111127.2077394,366
1686111127.2197344,366
1686111127.236271,367
1686111127.2492003,367
1686111127.265153,366
1686111127.2776039,366
1686111127.2900083,366
1686111127.3062446,366
1686111127.31799,366
1686111127.3307238,366
1686111127.3472037,366
1686111127.3595014,366
1686111127.3716948,367
1686111127.3882349,369
1686111127.3997533,370
1686111127.4128182,372
1686111127.4289029,372
1686111127.4410517,374
1686111127.4576168,378
1686111127.4696703,384
1686111127.481646,391
1686111127.4987588,398
1686111127.5109298,406
1686111127.5229678,414
1686111127.539874,424
1686111127.552002,434
1686111127.5643327,445
1686111127.5809097,455
1686111127.593201,461
1686111127.608611,463
1686111127.6216168,463
1686111127.6334884,460
1686111127.6501133,454
1686111127.662417,447
1686111127.675097,439
1686111127.691406,431
1686111127.7034624,424
1686111127.715476,417
1686111127.7317734,409
1686111127.744017,400
1686111127.7563717,392
1686111127.7730908,385
1686111127.7856803,380
1686111127.8013227,374
1686111127.8143291,369
1686111127.8263516,364
1686111127.842271,360
1686111127.8552535,356
1686111127.86774,354
1686111127.883344,351
1686111127.895369,349
1686111127.9075096,346
1686111127.9247696,345
1686111127.936973,345
1686111127.9529693,344
1686111127.9653075,343
1686111127.9773161,341
1686111127.9943185,341
1686111128.0069387,341
1686111128.0190368,342
1686111128.0350451,342
1686111128.0476384,343
1686111128.059873,342
1686111128.0760624,342
1686111128.0884502,343
1686111128.1000435,343
1686111128.116324,344
1686111128.12932,343
1686111128.146649,342
1686111128.1583586,342
1686111128.1700478,343
1686111128.186437,344
1686111128.1987536,345
1686111128.211473,347
1686111128.2279804,349
1686111128.2400515,350
1686111128.2523217,352
1686111128.2684047,354
1686111128.281305,355
1686111128.2973237,354
1686111128.3093085,354
1686111128.322154,355
1686111128.3382454,356
1686111128.351079,358
1686111128.36212,359
1686111128.3793101,359
1686111128.3918812,359
1686111128.4033625,360
1686111128.419878,360
1686111128.431792,361
1686111128.4482741,362
1686111128.4611742,363
1686111128.4732232,364
1686111128.4891584,366
1686111128.5021243,369
1686111128.5144622,370
1686111128.5302422,371
1686111128.5425606,371
1686111128.5550878,372
1686111128.571435,373
1686111128.5841157,373
1686111128.5963748,372
1686111128.6123588,372
1686111128.6250277,371
1686111128.6413944,371
1686111128.6539078,371
1686111128.6661832,372
1686111128.6828115,371
1686111128.694937,370
1686111128.7069912,369
1686111128.7231872,369
1686111128.7352898,369
1686111128.7478776,369
1686111128.76399,365
1686111128.7762153,364
1686111128.7931833,363
1686111128.8052678,361
1686111128.8174186,361
1686111128.833462,360
1686111128.8463204,359
1686111128.8585222,357
1686111128.874291,356
1686111128.8872123,356
1686111128.8994951,357
1686111128.9153833,356
1686111128.9283204,356
1686111128.940498,355
1686111128.9566555,355
1686111128.969288,355
1686111128.9848547,354
1686111128.9973514,353
1686111129.0098662,352
1686111129.02654,351
1686111129.038955,350
1686111129.0512347,349
1686111129.0671988,348
1686111129.0797303,347
1686111129.0917344,346
1686111129.1077318,347
1686111129.1208658,348
1686111129.137006,349
1686111129.1495004,350
1686111129.161657,351
1686111129.1777146,352
1686111129.190328,353
1686111129.2022216,354
1686111129.21816,355
1686111129.23103,356
1686111129.243246,355
1686111129.2602477,356
1686111129.2722034,356
1686111129.2882469,357
1686111129.3002918,357
1686111129.3132167,357
1686111129.3296354,357
1686111129.3414006,356
1686111129.3539534,357
1686111129.370355,357
1686111129.3824065,357
1686111129.3952403,356
1686111129.4116857,356
1686111129.4238641,356
1686111129.4353518,357
1686111129.4519029,358
1686111129.4643393,358
1686111129.480924,358
1686111129.4931357,357
1686111129.505203,358
1686111129.521875,358
1686111129.5342667,358
1686111129.5465739,358
1686111129.5622432,357
1686111129.5746965,357
1686111129.5878167,357
1686111129.6039393,358
1686111129.616315,358
1686111129.6329002,358
1686111129.6451397,357
1686111129.6574738,357
1686111129.6734746,357
1686111129.6861212,357
1686111129.6983213,357
1686111129.7144668,357
1686111129.7261386,356
1686111129.7391748,356
1686111129.755154,356
1686111129.7677975,357
1686111129.7798045,357
1686111129.7962809,357
1686111129.8083375,357
1686111129.8246822,357
1686111129.8380208,357
1686111129.84983,358
1686111129.8662095,358
1686111129.878418,358
1686111129.8908331,358
1686111129.906982,358
1686111129.9190595,359
1686111129.9319339,359
1686111129.9483373,358
1686111129.9603508,359
1686111129.9769588,359
1686111129.9888062,360
1686111130.001327,360
1686111130.0179179,360
1686111130.0294278,361
1686111130.0420868,360
1686111130.0580451,361
1686111130.071107,364
1686111130.0832047,365
1686111130.099375,370
1686111130.1119816,367
1686111130.124308,367
1686111130.1403615,365
1686111130.1526775,366
1686111130.169225,368
1686111130.181502,369
1686111130.1935456,369
1686111130.2103148,367
1686111130.2224586,365
1686111130.234325,366
1686111130.250976,366
1686111130.2630436,366
1686111130.275254,367
1686111130.291291,368
1686111130.3043518,369
1686111130.3205292,374
1686111130.33296,364
1686111130.3452678,364
1686111130.3616955,362
1686111130.3737395,361
1686111130.3862114,361
1686111130.402928,361
1686111130.4144928,360
1686111130.4274335,360
1686111130.4439082,360
1686111130.4555614,360
1686111130.46789,360
1686111130.483996,360
1686111130.4959972,360
1686111130.5132155,359
1686111130.5249968,358
1686111130.537009,358
1686111130.5542545,358
1686111130.566111,358
1686111130.5780694,358
1686111130.5949044,359
1686111130.607099,360
1686111130.6196644,362
1686111130.6355925,365
1686111130.6482615,366
1686111130.6650555,368
1686111130.677309,370
1686111130.6893797,372
1686111130.7052674,374
1686111130.7173007,374
1686111130.7303395,375
1686111130.7463405,374
1686111130.759295,374
1686111130.771167,374
1686111130.7871168,373
1686111130.7994206,372
1686111130.8153198,370
1686111130.8282511,369
1686111130.8405674,367
1686111130.8579648,365
1686111130.8695288,364
1686111130.8817296,363
1686111130.8981764,361
1686111130.9106343,360
1686111130.9225304,359
1686111130.9392962,358
1686111130.9513583,359
1686111130.9634776,358
1686111130.980673,358
1686111130.9917357,357
1686111131.0082283,356
1686111131.0210648,356
1686111131.0332859,356
1686111131.0496857,356
1686111131.0619822,357
1686111131.074044,357
1686111131.0902984,357
1686111131.1030793,358
1686111131.1151278,358
1686111131.1320016,358
1686111131.1433582,357
1686111131.1602244,357
1686111131.1728733,358
1686111131.1848357,358
1686111131.2012374,358
1686111131.2132754,358
1686111131.2259917,358
1686111131.2423003,358
1686111131.254472,359
1686111131.2664523,359
1686111131.283435,359
1686111131.296357,358
1686111131.3074393,357
1686111131.3239589,357
1686111131.3364012,356
1686111131.352225,356
1686111131.3652844,356
1686111131.3772688,354
1686111131.3941414,354
1686111131.4053612,353
1686111131.4183452,353
1686111131.4342282,353
1686111131.4472773,352
1686111131.459431,352
1686111131.476061,351
1686111131.4882717,352
1686111131.5044255,352
1686111131.516331,353
1686111131.5292883,353
1686111131.5449753,352
1686111131.5571501,353
1686111131.5702026,354
1686111131.586344,355
1686111131.5988564,355
1686111131.6102965,356
1686111131.626801,355
1686111131.6399715,356
1686111131.65511,357
1686111131.6682765,357
1686111131.6806273,357
1686111131.6969612,356
1686111131.7091553,356
1686111131.7214313,356
1686111131.7376518,356
1686111131.7504177,356
1686111131.7625566,355
1686111131.7790596,354
1686111131.7913039,354
1686111131.8035326,353
1686111131.8194714,353
1686111131.8319163,352
1686111131.8482926,350
1686111131.860811,349
1686111131.8732665,349
1686111131.8895044,349
1686111131.9017413,349
1686111131.9133422,349
1686111131.9301825,348
1686111131.9425008,349
1686111131.9542758,349
1686111131.9708283,350
1686111131.9835129,350
1686111131.9993315,350
1686111132.0123343,349
1686111132.0246406,349
1686111132.0407493,350
1686111132.0532227,350
1686111132.065274,351
1686111132.0821571,351
1686111132.0943096,351
1686111132.105956,351
1686111132.1229763,351
1686111132.1351886,352
1686111132.1475937,352
1686111132.1635156,352
1686111132.1758256,352
1686111132.192023,352
1686111132.205014,353
1686111132.2170541,353
1686111132.2335114,352
1686111132.2454875,353
1686111132.2582512,352
1686111132.2747252,353
1686111132.286702,354
1686111132.2990017,354
1686111132.3156388,354
1686111132.3274283,354
1686111132.3440104,354
1686111132.3560047,354
1686111132.3688483,354
1686111132.3845346,354
1686111132.3966541,354
1686111132.4097152,353
1686111132.4262528,353
1686111132.437789,353
1686111132.45002,353
1686111132.466354,352
1686111132.4788525,351
1686111132.4908378,351
1686111132.5072072,351
1686111132.5202572,351
1686111132.536565,351
1686111132.5486863,350
1686111132.5613022,350
1686111132.577237,349
1686111132.5901315,350
1686111132.6022098,350
1686111132.6184165,350
1686111132.630443,350
1686111132.6427968,349
1686111132.6591964,349
1686111132.6709952,349
1686111132.687922,350
1686111132.7003312,350
1686111132.7123876,350
1686111132.7289186,350
1686111132.7409692,350
1686111132.7529917,351
1686111132.7699146,351
1686111132.7820022,351
1686111132.794058,351
1686111132.811005,351
1686111132.8229992,352
1686111132.838997,352
1686111132.8520005,353
1686111132.8642044,353
1686111132.880037,353
1686111132.8929973,354
1686111132.9049962,354
1686111132.9216328,355
1686111132.933985,355
1686111132.9459362,355
1686111132.962213,354
1686111132.974979,354
1686111132.987941,355
1686111133.0039203,356
1686111133.015997,356
1686111133.0319407,356
1686111133.0439873,355
1686111133.0569925,356
1686111133.073067,357
1686111133.0849903,358
1686111133.0979912,357
1686111133.1139786,357
1686111133.126274,356
1686111133.1389391,357
1686111133.1551826,357
1686111133.1672058,357
1686111133.1831226,357
1686111133.1961987,357
1686111133.208401,356
1686111133.2244449,357
1686111133.2361867,357
1686111133.2491477,357
1686111133.2657557,357
1686111133.2781222,357
1686111133.2901998,357
1686111133.3064795,357
1686111133.3181372,358
1686111133.3311386,358
1686111133.3472047,358
1686111133.3594441,357
1686111133.3761926,358
1686111133.3884718,358
1686111133.4004736,359
1686111133.4172213,359
1686111133.429164,358
1686111133.4411974,358
1686111133.4584682,358
1686111133.4703393,359
1686111133.4821606,359
1686111133.4991565,359
1686111133.511154,358
1686111133.527458,358
1686111133.540203,359
1686111133.5519004,359
1686111133.5682187,358
1686111133.5809538,358
1686111133.5931985,357
1686111133.6098824,357
1686111133.6209476,357
1686111133.6342897,357
1686111133.6508925,356
1686111133.6623013,356
1686111133.6782537,356
1686111133.6915226,356
1686111133.7033243,356
1686111133.720315,355
1686111133.7322528,354
1686111133.7442312,353
1686111133.761426,351
1686111133.7734375,350
1686111133.785354,350
1686111133.8022244,350
1686111133.8143685,350
1686111133.8263826,350
1686111133.843157,352
1686111133.8553512,354
1686111133.8713694,357
1686111133.8841133,360
1686111133.8961554,365
1686111133.9123592,370
1686111133.9251163,375
1686111133.9370396,381
1686111133.9537628,386
1686111133.9657161,390
1686111133.9781432,394
1686111133.9946766,397
1686111134.0070345,401
1686111134.023167,405
1686111134.035133,407
1686111134.048238,408
1686111134.0644622,409
1686111134.0758052,409
1686111134.0888777,409
1686111134.1045809,409
1686111134.117562,406
1686111134.1299338,403
1686111134.145893,399
1686111134.1585782,393
1686111134.1705627,386
1686111134.1870458,378
1686111134.1992197,370
1686111134.2152145,360
1686111134.2281992,351
1686111134.2401884,342
1686111134.256337,335
1686111134.2692945,329
1686111134.2812986,324
1686111134.297569,320
1686111134.3095498,316
1686111134.32255,314
1686111134.3388422,313
1686111134.350837,313
1686111134.3674984,313
1686111134.3796046,314
1686111134.3918383,315
1686111134.408706,317
1686111134.4208403,319
1686111134.4328258,321
1686111134.4489672,322
1686111134.46105,324
1686111134.4740453,327
1686111134.4900296,331
1686111134.5029688,335
1686111134.5150914,337
1686111134.5310516,339
1686111134.5430264,340
1686111134.560038,342
1686111134.5719807,344
1686111134.583961,346
1686111134.6010325,347
1686111134.6130474,347
1686111134.6249695,348
1686111134.641984,348
1686111134.654323,349
1686111134.666414,349
1686111134.6823351,349
1686111134.6952572,349
1686111134.7113605,348
1686111134.723574,349
1686111134.7352588,348
1686111134.752341,347
1686111134.764277,347
1686111134.7765167,348
1686111134.793255,350
1686111134.8053105,355
1686111134.8182533,361
1686111134.8343306,370
1686111134.8463926,379
1686111134.8625019,389
1686111134.8754933,399
1686111134.8878143,409
1686111134.903743,416
1686111134.9155574,423
1686111134.9284825,427
1686111134.944792,431
1686111134.9564254,433
1686111134.9695058,434
1686111134.9864357,434
1686111134.998405,434
1686111135.0104506,430
1686111135.0264523,428
1686111135.0387425,426
1686111135.055326,423
1686111135.0672412,418
1686111135.0802994,413
1686111135.0962386,408
1686111135.108311,403
1686111135.1213083,398
1686111135.137235,394
1686111135.148857,390
1686111135.1624374,385
1686111135.1784565,380
1686111135.1906765,377
1686111135.20675,374
1686111135.2192724,371
1686111135.2316673,369
1686111135.248227,368
1686111135.2602882,369
1686111135.272529,371
1686111135.2892084,373
1686111135.3012247,375
1686111135.3132231,377
1686111135.3297148,382
1686111135.3425994,387
1686111135.3546655,391
1686111135.3708723,394
1686111135.3829074,396
1686111135.399659,394
1686111135.4117684,392
1686111135.4236019,389
1686111135.4406755,385
1686111135.4527376,380
1686111135.464906,375
1686111135.4816015,368
1686111135.4936547,361
1686111135.505958,353
1686111135.5225978,344
1686111135.5349972,334
1686111135.5508182,325
1686111135.563515,315
1686111135.575556,307
1686111135.5917864,301
1686111135.604565,296
1686111135.6165102,291
1686111135.632825,287
1686111135.6454694,284
1686111135.657286,281
1686111135.674275,279
1686111135.686217,279
1686111135.7022913,279
1686111135.7142582,280
1686111135.727288,281
1686111135.7436292,284
1686111135.755641,287
1686111135.7675095,291
1686111135.7845614,293
1686111135.7968051,295
1686111135.8084998,296
1686111135.8255026,298
1686111135.8374949,300
1686111135.8498192,301
1686111135.8658173,303
1686111135.878797,307
1686111135.8951528,311
1686111135.9072711,319
1686111135.9198198,325
1686111135.9358034,333
1686111135.9478064,342
1686111135.960484,349
1686111135.9772441,358
1686111135.989386,365
1686111136.0011442,371
1686111136.0181606,374
1686111136.0306354,376
1686111136.045569,378
1686111136.0590308,381
1686111136.0707126,382
1686111136.0871384,383
1686111136.1001318,383
1686111136.1121979,382
1686111136.1281319,383
1686111136.140133,384
1686111136.1534326,388
1686111136.1691396,392
1686111136.1821604,393
1686111136.1942115,396
1686111136.2105522,400
1686111136.2223668,403
1686111136.2392719,406
1686111136.2511818,407
1686111136.2638361,409
1686111136.2798822,412
1686111136.2921705,414
1686111136.3048851,418
1686111136.320808,420
1686111136.3338108,421
1686111136.345816,421
1686111136.3628118,419
1686111136.3738182,417
1686111136.3902974,410
1686111136.403126,400
1686111136.4147525,385
1686111136.4317482,368
1686111136.443744,354
1686111136.4559357,339
1686111136.4722426,325
1686111136.4849885,315
1686111136.4969308,306
1686111136.512918,299
1686111136.5259964,293
1686111136.542249,289
1686111136.554244,286
1686111136.5669158,283
1686111136.5831947,281
1686111136.5952442,280
1686111136.6079154,281
1686111136.6239243,282
1686111136.6362555,284
1686111136.648588,284
1686111136.6650453,285
1686111136.677109,287
1686111136.6901278,291
1686111136.7061112,294
1686111136.718382,298
1686111136.7340581,302
1686111136.7470028,307
1686111136.7590482,313
1686111136.7760549,319
1686111136.7880704,324
1686111136.8003056,327
1686111136.8159893,330
1686111136.8291962,331
1686111136.8413827,333
1686111136.8569498,334
1686111136.8699665,336
1686111136.8859494,336
1686111136.8981986,337
1686111136.9109445,338
1686111136.9272182,338
1686111136.9388862,340
1686111136.9519064,341
1686111136.9679668,342
1686111136.9798892,343
1686111136.9929693,343
1686111137.0090435,345
1686111137.0212224,347
1686111137.0339644,348
1686111137.0501986,349
1686111137.0629034,349
1686111137.0788877,349
1686111137.091034,350
1686111137.1032178,351
1686111137.1199503,352
1686111137.1318882,352
1686111137.1442163,352
1686111137.1608913,353
1686111137.1729903,354
1686111137.1849582,355
1686111137.201965,355
1686111137.213901,355
1686111137.2299106,355
1686111137.2429395,356
1686111137.2549114,357
1686111137.2709103,357
1686111137.2832308,358
1686111137.2960174,358
1686111137.3121715,358
1686111137.324186,359
1686111137.3369696,360
1686111137.3529506,361
1686111137.3652887,361
1686111137.3812966,361
1686111137.3943615,361
1686111137.4063609,363
1686111137.4222758,363
1686111137.4353595,364
1686111137.4472837,365
1686111137.4633095,364
1686111137.4763594,365
1686111137.488374,365
1686111137.5046358,366
1686111137.5173478,366
1686111137.5293097,366
1686111137.545351,366
1686111137.5583556,367
1686111137.57438,369
1686111137.5862887,370
1686111137.598596,370
1686111137.6153688,370
1686111137.6273472,370
1686111137.6393483,370
1686111137.656365,374
1686111137.668353,383
1686111137.6806598,374
1686111137.6973069,369
1686111137.709376,370
1686111137.7253163,370
1686111137.7383208,371
1686111137.7503173,370
1686111137.766492,370
1686111137.7785506,370
1686111137.7915666,371
1686111137.8074975,369
1686111137.8200188,371
1686111137.8320897,369
1686111137.8485208,367
1686111137.861244,365
1686111137.8736422,371
1686111137.8894904,371
1686111137.9022505,364
1686111137.9181743,370
1686111137.9310338,369
1686111137.943222,369
1686111137.9594035,381
1686111137.971187,380
1686111137.9841669,380
1686111138.000166,378
1686111138.0123646,377
1686111138.025194,376
1686111138.0414748,376
1686111138.0535169,375
1686111138.070267,375
1686111138.0823839,374
1686111138.094511,373
1686111138.1111798,372
1686111138.1235056,372
1686111138.1358397,372
1686111138.1513162,372
1686111138.1644256,371
1686111138.176411,370
1686111138.1923082,370
1686111138.205367,371
1686111138.2213523,371
1686111138.2337344,370
1686111138.246315,370
1686111138.26221,370
1686111138.2751667,370
1686111138.286364,371
1686111138.3035572,370
1686111138.3160007,369
1686111138.328337,369
1686111138.3457134,369
1686111138.3570163,370
1686111138.369062,372
1686111138.3853743,372
1686111138.3977575,373
1686111138.4132931,373
1686111138.426404,373
1686111138.43835,374
1686111138.4548283,375
1686111138.4668696,375
1686111138.4794567,376
1686111138.4954453,375
1686111138.508433,376
1686111138.520523,376
1686111138.5365074,377
1686111138.548497,377
1686111138.5653186,376
1686111138.5780177,376
1686111138.5900185,375
1686111138.6060648,376
1686111138.6180062,376
1686111138.6310134,375
1686111138.6470673,374
1686111138.6599493,374
1686111138.6719832,374
1686111138.6886313,374
1686111138.700336,374
1686111138.7126014,373
1686111138.7293134,373
1686111138.7411852,373
1686111138.7571812,374
1686111138.7699852,374
1686111138.7820375,375
1686111138.799078,375
1686111138.8111124,375
1686111138.8233626,375
1686111138.8401194,376
1686111138.8520753,377
1686111138.8641298,377
1686111138.8802335,378
1686111138.8933167,378
1686111138.9093153,380
1686111138.9222493,382
1686111138.9342997,383
1686111138.9506469,383
1686111138.9627454,383
1686111138.9753296,383
1686111138.991321,384
1686111139.0034924,386
1686111139.0160902,387
1686111139.0327458,387
1686111139.0447416,389
1686111139.0572903,391
1686111139.072956,395
1686111139.085466,399
1686111139.1021912,402
1686111139.1142256,405
1686111139.1263654,408
1686111139.1428683,412
1686111139.1554897,418
1686111139.1673436,422
1686111139.1835113,425
1686111139.1964328,428
1686111139.2082734,428
1686111139.2252073,427
1686111139.2374353,425
1686111139.2540576,421
1686111139.2662287,416
1686111139.2778986,409
1686111139.2946608,403
1686111139.3072925,397
1686111139.3195035,392
1686111139.335657,386
1686111139.3480325,381
1686111139.3601665,377
1686111139.3769639,373
1686111139.388596,371
1686111139.4012933,370
1686111139.417437,369
1686111139.4294298,368
1686111139.4461174,368
1686111139.4584098,369
1686111139.4704711,370
1686111139.4872937,370
1686111139.4993536,372
1686111139.511479,372
1686111139.5281022,374
1686111139.5404313,377
1686111139.5524976,380
1686111139.569226,382
1686111139.5810614,379
1686111139.5977597,379
1686111139.610113,379
1686111139.6224434,380
1686111139.6384668,381
1686111139.6504602,381
1686111139.663549,380
1686111139.679726,381
1686111139.6920447,381
1686111139.7039444,383
1686111139.7209206,384
1686111139.7332807,384
1686111139.7482991,383
1686111139.7617555,384
1686111139.7738478,386
1686111139.790214,387
1686111139.8023102,387
1686111139.8150988,386
1686111139.8304965,386
1686111139.843594,387
1686111139.856164,388
1686111139.8721166,388
1686111139.8841627,384
1686111139.8963492,384
1686111139.9125848,384
1686111139.9253204,383
1686111139.9421582,383
1686111139.9542556,384
1686111139.96629,384
1686111139.9824543,385
1686111139.994419,386
1686111140.0073009,386
1686111140.024078,388
1686111140.0360937,389
1686111140.048396,388
1686111140.064764,388
1686111140.076295,387
1686111140.0930595,387
1686111140.1052387,387
1686111140.1181557,387
1686111140.1343682,387
1686111140.1464605,386
1686111140.1587882,385
1686111140.1753912,386
1686111140.1879349,387
1686111140.2000086,386
1686111140.2163553,385
1686111140.2279093,385
1686111140.2402291,386
1686111140.257483,386
1686111140.2689438,387
1686111140.2862115,388
1686111140.298451,387
1686111140.3104556,387
1686111140.327193,375
1686111140.3387804,375
1686111140.352166,375
1686111140.3676338,375
1686111140.3796754,374
1686111140.3924649,373
1686111140.4087036,374
1686111140.4210777,375
1686111140.437504,377
1686111140.449392,378
1686111140.4613314,379
1686111140.4783385,380
1686111140.490405,383
1686111140.5026636,386
1686111140.518987,387
1686111140.531616,389
1686111140.5440462,389
1686111140.5597208,390
1686111140.5726693,391
1686111140.5886488,391
1686111140.6013956,390
1686111140.613789,388
1686111140.629449,385
1686111140.6421359,382
1686111140.6541417,378
1686111140.6711671,375
1686111140.6831644,372
1686111140.6953804,370
1686111140.7110958,368
1686111140.723813,366
1686111140.7359219,366
1686111140.7531667,366
1686111140.7652388,366
1686111140.7811375,366
1686111140.7943156,367
1686111140.8063452,368
1686111140.822418,368
1686111140.8344138,368
1686111140.8470778,368
1686111140.8633182,367
1686111140.8756468,367
1686111140.887681,368
1686111140.9043844,369
1686111140.9163687,369
1686111140.9321508,369
1686111140.9453988,369
1686111140.9573476,369
1686111140.9742818,370
1686111140.9863489,371
1686111140.9983609,371
1686111141.014759,371
1686111141.0273664,371
1686111141.040474,372
1686111141.0553577,372
1686111141.0690413,372
1686111141.0841367,371
1686111141.0969398,371
1686111141.1084468,370
1686111141.1258683,371
1686111141.1380756,371
1686111141.150262,371
1686111141.166218,370
1686111141.1785636,370
1686111141.1912823,370
1686111141.2074897,370
1686111141.2196033,371
1686111141.2312827,372
1686111141.2479827,371
1686111141.2606246,371
1686111141.276269,371
1686111141.2896242,373
1686111141.3016064,373
1686111141.3182423,373
1686111141.3302255,373
1686111141.342311,373
1686111141.3592808,374
1686111141.3715062,376
1686111141.3836215,376
1686111141.4005976,375
1686111141.412378,375
1686111141.428075,375
1686111141.4411473,376
1686111141.453161,376
1686111141.4694679,377
1686111141.4811666,377
1686111141.494246,383
1686111141.510669,388
1686111141.5223315,390
1686111141.535393,390
1686111141.5518558,390
1686111141.563064,390
1686111141.5754943,389
1686111141.5926642,389
1686111141.6048646,390
1686111141.6203165,388
1686111141.6330166,383
1686111141.645105,380
1686111141.6620238,379
1686111141.6738517,378
1686111141.6868992,380
1686111141.7033324,381
1686111141.7154,382
1686111141.7271576,382
1686111141.7438798,383
1686111141.7566042,383
1686111141.77204,383
1686111141.784618,384
1686111141.7970822,382
1686111141.8134906,382
1686111141.8262312,383
1686111141.8384664,384
1686111141.85445,384
1686111141.866516,385
1686111141.8791301,384
1686111141.8955917,384
1686111141.9070709,384
1686111141.9200308,384
1686111141.936783,384
1686111141.9484472,384
1686111141.9644475,383
1686111141.9775531,382
1686111141.9894285,383
1686111142.0062776,383
1686111142.0184088,383
1686111142.0307171,383
1686111142.0472193,383
1686111142.0588787,384
1686111142.071798,384
1686111142.0877194,384
1686111142.1004627,383
1686111142.116677,382
1686111142.1283484,382
1686111142.1413484,381
1686111142.158025,381
1686111142.1697533,381
1686111142.1820002,381
1686111142.198726,380
1686111142.2104926,380
1686111142.2233124,380
1686111142.2394664,380
1686111142.251519,380
1686111142.2677577,380
1686111142.2808502,379
1686111142.293199,379
1686111142.309383,379
1686111142.3216248,380
1686111142.3341992,380
1686111142.3497677,380
1686111142.3622825,379
1686111142.374772,380
1686111142.3912797,380
1686111142.4035988,381
1686111142.4153829,381
1686111142.431634,380
1686111142.4445171,380
1686111142.46046,379
1686111142.473239,380
1686111142.4854608,380
1686111142.5013516,380
1686111142.5136604,380
1686111142.5265214,380
1686111142.542614,380
1686111142.554551,381
1686111142.5665596,382
1686111142.5833395,382
1686111142.5954328,382
1686111142.6121135,381
1686111142.6249425,381
1686111142.6371827,382
1686111142.6531825,382
1686111142.6652622,381
1686111142.6774552,380
1686111142.6942518,380
1686111142.706252,381
1686111142.7189715,381
1686111142.7351656,381
1686111142.7475233,381
1686111142.7596595,380
1686111142.7756417,380
1686111142.7880147,381
1686111142.8045301,382
1686111142.8165874,382
1686111142.829638,380
1686111142.8456287,380
1686111142.8583505,381
1686111142.8704236,381
1686111142.8870277,381
1686111142.8992014,381
1686111142.9109337,380
1686111142.927808,381
1686111142.9399965,381
1686111142.9564557,382
1686111142.9686785,383
1686111142.980816,383
1686111142.9974616,382
1686111143.0097506,382
1686111143.0231836,383
1686111143.0387995,383
1686111143.0501206,383
1686111143.063187,382
1686111143.0791936,382
1686111143.0911543,382
1686111143.1033208,383
1686111143.1194904,383
1686111143.1331725,383
1686111143.1485803,382
1686111143.1607857,382
1686111143.173504,382
1686111143.1901796,383
1686111143.2022357,383
1686111143.2141356,382
1686111143.2304873,382
1686111143.2432837,382
1686111143.2554588,382
1686111143.2714381,383
1686111143.2833996,383
1686111143.300479,382
1686111143.3129723,382
1686111143.3251786,382
1686111143.3415856,382
1686111143.353898,382
1686111143.3661864,383
1686111143.3824463,382
1686111143.3943188,382
1686111143.4064658,382
1686111143.4234595,383
1686111143.4356916,383
1686111143.4522285,383
1686111143.4645267,382
1686111143.4762099,382
1686111143.4925387,382
1686111143.5050821,382
1686111143.5178452,383
1686111143.5333562,383
1686111143.5464184,382
1686111143.558471,382
1686111143.5744398,383
1686111143.5872588,383
1686111143.5994763,383
1686111143.615702,383
1686111143.6281445,383
1686111143.6438382,383
1686111143.6571038,384
1686111143.6685243,384
1686111143.6855187,384
1686111143.6985366,383
1686111143.709521,383
1686111143.7258654,384
1686111143.7382941,384
1686111143.7509816,384
1686111143.7673151,384
1686111143.779872,384
1686111143.7952774,384
1686111143.8077374,383
1686111143.819811,384
1686111143.8371475,384
1686111143.8492265,384
1686111143.8617833,383
1686111143.877951,383
1686111143.8904068,384
1686111143.9023907,384
1686111143.9185185,384
1686111143.9316251,383
1686111143.9431622,383
1686111143.9595597,383
1686111143.9722874,384
1686111143.9886537,384
1686111144.000655,384
1686111144.0132177,383
1686111144.0296812,383
1686111144.0414934,383
1686111144.0541594,383
1686111144.0705943,384
1686111144.0823348,383
1686111144.0951657,383
1686111144.111609,382
1686111144.123679,383
1686111144.1397579,383
1686111144.152476,383
1686111144.16504,382
1686111144.1812382,382
1686111144.193388,382
1686111144.2054887,382
1686111144.221929,383
1686111144.2341292,383
1686111144.2461147,382
1686111144.262959,382
1686111144.2751145,382
1686111144.287098,382
1686111144.3040946,382
1686111144.3161902,382
1686111144.332097,381
1686111144.3451188,381
1686111144.3571336,380
1686111144.3731594,380
1686111144.3861187,380
1686111144.3981082,380
1686111144.4141574,379
1686111144.4271069,379
1686111144.4391446,379
1686111144.4554038,380
1686111144.4674113,380
1686111144.4833806,380
1686111144.4964008,380
1686111144.508426,380
1686111144.52439,380
1686111144.537671,381
1686111144.550427,380
1686111144.5657277,380
1686111144.5784736,380
1686111144.5906935,380
1686111144.6065211,381
1686111144.6194675,381
1686111144.6356778,381
1686111144.6474724,380
1686111144.660459,380
1686111144.6764727,380
1686111144.68878,381
1686111144.7007935,381
1686111144.7174532,380
1686111144.7295098,380
1686111144.7425237,379
1686111144.7584682,379
1686111144.7704597,380
1686111144.7828274,380
1686111144.799468,380
1686111144.8119974,379
1686111144.8277154,379
1686111144.840436,380
1686111144.8534179,380
1686111144.8687284,380
1686111144.8814256,380
1686111144.8934174,380
1686111144.9100826,380
1686111144.922365,380
1686111144.934109,381
1686111144.95112,381
1686111144.963307,380
1686111144.979031,380
1686111144.9921677,378
1686111145.0041888,377
1686111145.020486,377
1686111145.0331748,378
1686111145.0451672,377
1686111145.0614734,377
1686111145.0734928,377
1686111145.0861866,378
1686111145.102149,377
1686111145.1150117,377
1686111145.1271598,376
1686111145.143223,376
1686111145.1551573,377
1686111145.1721594,378
1686111145.1844435,378
1686111145.1964831,376
1686111145.2135093,376
1686111145.2251606,376
1686111145.2371533,376
1686111145.254208,377
1686111145.2663958,378
1686111145.279132,380
1686111145.2951293,382
1686111145.3071346,386
1686111145.3235724,390
1686111145.336115,394
1686111145.3483505,399
1686111145.3647425,403
1686111145.3771336,407
1686111145.3892672,412
1686111145.4054322,416
1686111145.4181275,420
1686111145.430212,422
1686111145.446335,423
1686111145.4591174,425
1686111145.471142,426
1686111145.4875782,428
1686111145.4999027,429
1686111145.5162425,429
1686111145.5283341,428
1686111145.5410795,428
1686111145.5580146,427
1686111145.5690103,426
1686111145.5819561,423
1686111145.5981615,420
1686111145.6108882,417
1686111145.6229136,415
1686111145.6391208,413
1686111145.6509538,411
1686111145.6668897,410
1686111145.680583,408
1686111145.6925347,406
1686111145.708529,404
1686111145.7208269,401
1686111145.733507,396
1686111145.7498407,390
1686111145.761536,382
1686111145.7745142,374
1686111145.7905302,367
1686111145.8025746,360
1686111145.8188856,352
1686111145.8315134,345
1686111145.8435168,339
1686111145.860524,334
1686111145.8725657,331
1686111145.885192,328
1686111145.901441,326
1686111145.9132547,326
1686111145.9259162,326
1686111145.941952,328
1686111145.9542267,330
1686111145.9669137,332
1686111145.9830678,333
1686111145.99563,334
1686111146.0118244,336
1686111146.023806,340
1686111146.0361803,343
1686111146.052882,347
1686111146.0650904,350
1686111146.076826,353
1686111146.0931957,356
1686111146.1062038,360
1686111146.1181886,361
1686111146.1345053,362
1686111146.1473265,360
1686111146.1628296,359
1686111146.1758382,359
1686111146.1881337,359
1686111146.2041125,359
1686111146.2164297,359
1686111146.229132,358
1686111146.2453,358
1686111146.2571154,358
1686111146.2701845,359
1686111146.2862751,359
1686111146.2981837,360
1686111146.3111117,360
1686111146.3271246,362
1686111146.3392248,364
1686111146.3562176,366
1686111146.3682325,370
1686111146.3805375,374
1686111146.3965495,380
1686111146.409227,389
1686111146.4214034,398
1686111146.4382343,407
1686111146.4502258,415
1686111146.4623322,422
1686111146.4782197,428
1686111146.4905725,435
1686111146.5075157,441
1686111146.5194757,445
1686111146.5325224,447
1686111146.5484786,448
1686111146.5607827,449
1686111146.5727637,449
1686111146.5895183,448
1686111146.6017725,445
1686111146.6137314,443
1686111146.6304643,439
1686111146.6421773,435
1686111146.6582458,432
1686111146.6712797,427
1686111146.6832495,421
1686111146.6998963,416
1686111146.7125835,411
1686111146.7241027,406
1686111146.7403598,402
1686111146.7533526,398
1686111146.7653599,394
1686111146.7823646,390
1686111146.794073,387
1686111146.805774,383
1686111146.8225057,382
1686111146.8347483,381
1686111146.8515286,378
1686111146.863997,378
1686111146.8759437,378
1686111146.8920054,380
1686111146.9039922,384
1686111146.9169424,386
1686111146.9332428,387
1686111146.945993,389
1686111146.9579446,391
1686111146.9739425,393
1686111146.9860744,394
1686111147.0026174,394
1686111147.015969,392
1686111147.0274763,389
1686111147.0438209,386
1686111147.0563457,383
1686111147.0686345,379
1686111147.0846646,373
1686111147.0975616,367
1686111147.109571,360
1686111147.125945,354
1686111147.1379356,348
1686111147.1505046,342
1686111147.1668274,337
1686111147.1795318,333
1686111147.1955273,329
1686111147.207773,327
1686111147.2205145,325
1686111147.2365272,324
1686111147.2485363,322
1686111147.2605047,320
1686111147.27752,319
1686111147.28966,318
1686111147.3017752,318
1686111147.318446,318
1686111147.331051,318
1686111147.346522,319
1686111147.3589203,320
1686111147.3719792,322
1686111147.3879342,323
1686111147.400058,325
1686111147.4126954,327
1686111147.4286907,328
1686111147.440695,330
1686111147.4536362,333
1686111147.4703217,336
1686111147.4823241,338
1686111147.4978757,340
1686111147.5108845,343
1686111147.5232935,347
1686111147.5398133,351
1686111147.551845,355
1686111147.5642166,357
1686111147.5798237,361
1686111147.5931206,365
1686111147.6048825,369
1686111147.6211302,375
1686111147.6338806,381
1686111147.645908,387
1686111147.662662,392
1686111147.6746194,399
1686111147.6913862,405
1686111147.7029347,408
1686111147.7163694,411
1686111147.73218,412
1686111147.7439015,411
1686111147.756909,413
1686111147.7730565,413
1686111147.7849836,414
1686111147.7974684,413
1686111147.8144562,413
1686111147.8264644,414
1686111147.8424702,416
1686111147.8544729,418
1686111147.867326,422
1686111147.8834743,425
1686111147.8955238,428
1686111147.9074492,432
1686111147.9248629,437
1686111147.9368343,441
1686111147.9494536,444
1686111147.9655437,446
1686111147.9777591,447
1686111147.9894679,447
1686111148.0063713,448
1686111148.0183542,444
1686111148.0351462,438
1686111148.0471506,428
1686111148.0598552,417
1686111148.0761433,403
1686111148.0881584,390
1686111148.1000326,376
1686111148.1169949,362
1686111148.12897,349
1686111148.1419706,337
1686111148.158117,328
1686111148.1703646,322
1686111148.1865082,317
1686111148.1992195,313
1686111148.2112732,311
1686111148.2274292,309
1686111148.2402234,310
1686111148.2522798,310
1686111148.2684836,311
1686111148.2811615,311
1686111148.2931836,314
1686111148.3094947,317
1686111148.321713,321
1686111148.334188,325
1686111148.3502235,329
1686111148.3632083,333
1686111148.3787916,338
1686111148.3918388,342
1686111148.4034386,346
1686111148.420516,349
1686111148.4324603,350
1686111148.4444587,351
1686111148.4614508,353
1686111148.4737117,354
1686111148.485687,356
1686111148.5021527,357
1686111148.5144165,358
1686111148.5305142,359
1686111148.5431664,361
1686111148.5553656,363
1686111148.5714552,366
1686111148.5841463,367
1686111148.5963035,368
1686111148.6121447,369
1686111148.6250641,370
1686111148.6370509,371
1686111148.6535153,371
1686111148.6660144,371
1686111148.681688,371
1686111148.6947515,371
1686111148.7066758,372
1686111148.7230163,373
1686111148.735708,374
1686111148.747854,374
1686111148.763989,374
1686111148.7766356,374
1686111148.7886305,374
1686111148.8046143,375
1686111148.817628,376
1686111148.8298533,376
1686111148.8456342,375
1686111148.858617,376
1686111148.8746166,377
1686111148.8876157,379
1686111148.8996797,381
1686111148.9159963,381
1686111148.9278064,382
1686111148.9406257,383
1686111148.9566371,384
1686111148.96867,385
1686111148.9816146,385
1686111148.997631,384
1686111149.0099208,384
1686111149.0256355,384
1686111149.0386202,384
1686111149.0505762,383
1686111149.0676153,382
1686111149.0796232,382
1686111149.0916727,381
1686111149.1086838,382
1686111149.1206255,382
1686111149.1330228,382
1686111149.148686,381
1686111149.161119,381
1686111149.1735926,381
1686111149.1905935,381
1686111149.203112,381
1686111149.2188482,381
1686111149.2310994,380
1686111149.2431467,379
1686111149.2590837,379
1686111149.2720797,379
1686111149.2841384,378
1686111149.3011591,378
1686111149.3131018,377
1686111149.325214,376
1686111149.3411508,377
1686111149.3541002,377
1686111149.3700836,377
1686111149.3824286,377
1686111149.3951254,376
1686111149.411394,376
1686111149.423152,376
1686111149.436086,377
1686111149.452099,376
1686111149.4644015,376
1686111149.477109,375
1686111149.493102,375
1686111149.5054564,376
1686111149.5177596,376
1686111149.534448,375
1686111149.5464332,374
1686111149.5627446,374
1686111149.5754642,374
1686111149.5874565,374
1686111149.603684,374
1686111149.6163077,374
1686111149.6285608,373
1686111149.6444266,373
1686111149.6573796,373
1686111149.6691253,373
1686111149.6855764,373
1686111149.6981118,373
1686111149.713768,372
1686111149.726766,372
1686111149.7397768,373
1686111149.7557309,373
1686111149.7678,373
1686111149.779785,373
1686111149.7966342,372
1686111149.8089094,373
1686111149.8208094,373
1686111149.8379574,374
1686111149.8500292,374
1686111149.8661635,373
1686111149.878354,373
1686111149.8907332,373
1686111149.9070942,374
1686111149.9193642,374
1686111149.931426,374
1686111149.947679,373
1686111149.9603722,373
1686111149.972509,373
1686111149.989018,373
1686111150.0015128,374
1686111150.01351,373
1686111150.0297425,372
1686111150.042309,373
1686111150.0587363,373
1686111150.070425,374
1686111150.0824327,374
1686111150.0994427,374
1686111150.1114902,373
1686111150.1234262,374
1686111150.1404388,375
1686111150.1524262,375
1686111150.1644714,375
1686111150.1814423,374
1686111150.1934414,374
1686111150.209468,375
1686111150.222413,375
1686111150.234415,376
1686111150.25047,376
1686111150.2634144,375
1686111150.2755268,375
1686111150.2913127,375
1686111150.3040636,376
1686111150.3163369,377
1686111150.3331792,376
1686111150.3451703,376
1686111150.3572202,377
1686111150.3741689,377
1686111150.3861797,378
1686111150.4022202,378
1686111150.4148314,378
1686111150.4271812,377
1686111150.4432042,378
1686111150.4552004,378
1686111150.4681807,379
1686111150.4841666,379
1686111150.49627,378
1686111150.509157,378
1686111150.5250406,379
1686111150.5375896,379
1686111150.5538082,380
1686111150.5663419,379
1686111150.5783985,379
1686111150.5953734,378
1686111150.6074274,379
1686111150.6198153,379
1686111150.6362329,379
1686111150.6484559,379
1686111150.6606283,378
1686111150.677089,378
1686111150.689082,378
1686111150.7052915,378
1686111150.7174482,378
1686111150.7303193,377
1686111150.7469525,376
1686111150.7590916,376
1686111150.7709951,377
1686111150.7873135,378
1686111150.7994971,377
1686111150.8115396,377
1686111150.82895,376
1686111150.8409643,377
1686111150.8534744,377
1686111150.8694773,378
1686111150.8821135,378
1686111150.8973181,377
1686111150.9105933,378
1686111150.922139,379
1686111150.9391968,379
1686111150.9515016,380
1686111150.9637868,378
1686111150.9802294,378
1686111150.992471,379
1686111151.0049357,381
1686111151.0205545,382
1686111151.0333345,383
1686111151.049307,383
1686111151.0622375,383
1686111151.0742495,384
1686111151.09043,385
1686111151.1028523,386
1686111151.1155,386
1686111151.1314344,386
1686111151.1434705,385
1686111151.1561337,385
1686111151.1720052,385
1686111151.1845374,384
1686111151.1975248,383
1686111151.2136886,380
1686111151.2259264,379
1686111151.242246,378
1686111151.254288,378
1686111151.2669384,377
1686111151.282483,377
1686111151.2958717,376
1686111151.307859,376
1686111151.3241625,376
1686111151.3362048,377
1686111151.349462,377
1686111151.3655,376
1686111151.3771365,376
1686111151.393564,376
1686111151.4061644,377
1686111151.4176764,377
1686111151.434719,377
1686111151.4471507,376
1686111151.4592083,376
1686111151.4759343,376
1686111151.4882488,376
1686111151.5005527,376
1686111151.5164607,376
1686111151.5288615,375
1686111151.541346,376
1686111151.5573926,376
1686111151.5694034,378
1686111151.5860283,380
1686111151.598113,382
1686111151.6107152,385
1686111151.6274228,389
1686111151.6396463,394
1686111151.6518736,399
1686111151.6685631,402
1686111151.6805794,405
1686111151.6934192,407
1686111151.7090943,411
1686111151.721477,414
1686111151.73738,416
1686111151.7498071,417
1686111151.7624931,418
1686111151.7791796,419
1686111151.7913413,419
1686111151.8034134,420
1686111151.8194914,420
1686111151.8322134,420
1686111151.8444326,418
1686111151.8611016,419
1686111151.8727384,419
1686111151.8888159,417
1686111151.9018428,414
1686111151.9139385,409
1686111151.930273,403
1686111151.9423141,398
1686111151.9543781,394
1686111151.971356,390
1686111151.9834075,385
1686111151.9954107,379
1686111152.0124376,374
1686111152.0247755,370
1686111152.036676,366
1686111152.053686,363
1686111152.0658925,360
1686111152.0819178,357
1686111152.0942638,355
1686111152.1064029,355
1686111152.1224103,355
1686111152.1354344,355
1686111152.148161,354
1686111152.1642048,353
1686111152.176277,353
1686111152.1880608,354
1686111152.2053936,355
1686111152.2171962,356
1686111152.2332559,355
1686111152.2460802,355
1686111152.258185,356
1686111152.2750099,352
1686111152.2863965,352
1686111152.2992187,352
1686111152.3154435,351
1686111152.327209,351
1686111152.3399217,352
1686111152.356224,353
1686111152.3689783,353
1686111152.3806267,353
1686111152.3973446,353
1686111152.4098334,354
1686111152.4261813,355
1686111152.4377363,356
1686111152.45051,357
1686111152.4671788,357
1686111152.4784508,357
1686111152.4912164,358
1686111152.5074916,359
1686111152.5201476,360
1686111152.5323157,360
1686111152.5489674,360
1686111152.5611472,360
1686111152.5778363,361
1686111152.5894141,362
1686111152.602124,362
1686111152.6186533,362
1686111152.63066,362
1686111152.642535,362
1686111152.6595185,362
1686111152.6714613,363
1686111152.6839051,363
1686111152.7000906,362
1686111152.7135546,362
1686111152.7284927,362
1686111152.7411194,362
1686111152.753951,363
1686111152.770252,363
1686111152.782387,362
1686111152.793982,361
1686111152.8111534,361
1686111152.8234928,362
1686111152.835595,362
1686111152.8522456,362
1686111152.8640587,361
1686111152.8765824,361
1686111152.8923788,361
1686111152.9044998,362
1686111152.9210174,362
1686111152.9341283,362
1686111152.946226,361
1686111152.9623654,361
1686111152.9745083,361
1686111152.987004,362
1686111153.002881,361
1686111153.0155132,360
1686111153.0275323,359
1686111153.0442345,359
1686111153.0567636,359
1686111153.0728035,360
1686111153.0855663,360
1686111153.0979574,359
1686111153.1136804,358
1686111153.1266668,359
1686111153.1386752,360
1686111153.1551895,360
1686111153.1674366,361
1686111153.179439,360
1686111153.1958199,359
1686111153.20842,360
1686111153.2204788,361
1686111153.2371745,361
1686111153.249227,361
1686111153.2659369,361
1686111153.278069,361
1686111153.2896438,361
1686111153.3067887,361
1686111153.3189423,362
1686111153.331142,362
1686111153.3474975,362
1686111153.3597567,362
1686111153.3714757,362
1686111153.3883185,363
1686111153.4010804,363
1686111153.417063,362
1686111153.4297104,362
1686111153.441409,362
1686111153.4580126,363
1686111153.4708164,364
1686111153.482417,364
1686111153.4992523,363
1686111153.51139,363
1686111153.523399,363
1686111153.53977,364
1686111153.5523572,364
1686111153.565458,364
1686111153.581129,364
1686111153.593445,364
1686111153.609177,364
1686111153.621664,364
1686111153.6336594,364
1686111153.6503358,364
1686111153.6623347,363
1686111153.6753325,363
1686111153.691336,363
1686111153.703563,364
1686111153.7155893,363
1686111153.7325284,363
1686111153.744658,362
1686111153.7605436,363
1686111153.7735918,364
1686111153.785849,364
1686111153.8017585,364
1686111153.814489,364
1686111153.8270383,364
1686111153.843175,365
1686111153.8553443,367
1686111153.867476,368
1686111153.8841946,371
1686111153.8965113,371
1686111153.9120746,368
1686111153.9252481,369
1686111153.9373014,370
1686111153.953518,370
1686111153.9662473,370
1686111153.978512,369
1686111153.9948645,369
1686111154.0067754,370
1686111154.0192633,371
1686111154.0355024,371
1686111154.0474381,376
1686111154.0602496,374
1686111154.0768607,373
1686111154.0895696,375
1686111154.1044295,374
1686111154.1181583,374
1686111154.1291976,371
1686111154.1462493,370
1686111154.1581364,370
1686111154.1703227,370
1686111154.1873803,370
1686111154.1994572,369
1686111154.212728,368
1686111154.2276196,368
1686111154.2404819,369
1686111154.2565205,369
1686111154.2691705,369
1686111154.281262,369
1686111154.2981203,369
1686111154.3105707,369
1686111154.3216124,370
1686111154.3385909,370
1686111154.3514283,370
1686111154.3636649,370
1686111154.3796253,370
1686111154.3921304,370
1686111154.4045951,370
1686111154.420219,371
1686111154.4334083,372
1686111154.449023,371
1686111154.4621835,371
1686111154.4732327,372
1686111154.4903123,372
1686111154.5022347,372
1686111154.5147119,372
1686111154.5313482,372
1686111154.543544,370
1686111154.5557783,370
1686111154.5722039,371
1686111154.585234,371
1686111154.6015632,370
1686111154.61334,369
1686111154.6250038,369
1686111154.6411052,369
1686111154.6538749,370
1686111154.6659176,370
1686111154.683125,369
1686111154.6944482,369
1686111154.707374,369
1686111154.7236173,369
1686111154.736103,370
1686111154.7525368,369
1686111154.7646668,369
1686111154.7770393,368
1686111154.7930312,369
1686111154.8053608,370
1686111154.8182862,370
1686111154.834574,370
1686111154.8465252,369
1686111154.8589401,369
1686111154.8751144,369
1686111154.8871088,370
1686111154.8991482,370
1686111154.9163353,369
1686111154.9279618,368
1686111154.9449284,369
1686111154.9574358,369
1686111154.969686,370
1686111154.9858496,370
1686111154.9981596,369
1686111155.0104306,368
1686111155.0263414,369
1686111155.0388367,370
1686111155.0515633,370
1686111155.068396,370
1686111155.0804398,369
1686111155.0955534,369
1686111155.1088207,369
1686111155.1206467,369
1686111155.1373427,369
1686111155.1500123,369
1686111155.161558,369
1686111155.178533,369
1686111155.1909378,371
1686111155.2028935,373
1686111155.2194347,377
1686111155.2316842,375
1686111155.2437468,370
1686111155.2600982,370
1686111155.2725165,371
1686111155.2890797,372
1686111155.301266,372
1686111155.313798,371
1686111155.330081,370
1686111155.3421948,370
1686111155.35472,371
1686111155.3707175,372
1686111155.3834417,372
1686111155.3958125,372
1686111155.4116054,372
1686111155.4239895,373
1686111155.4400365,373
1686111155.4520435,374
1686111155.4652927,373
1686111155.4814944,372
1686111155.493535,372
1686111155.506277,372
1686111155.522444,372
1686111155.5346124,372
1686111155.5467148,371
1686111155.56312,370
1686111155.5756977,370
1686111155.5877671,371
1686111155.604544,372
1686111155.6168962,371
1686111155.6329548,371
1686111155.645002,371
1686111155.657939,371
1686111155.6740704,372
1686111155.6862652,373
1686111155.6985748,372
1686111155.7142038,371
1686111155.7272885,372
1686111155.7393572,372
1686111155.756133,373
1686111155.7680964,373
1686111155.7838008,372
1686111155.7968252,372
1686111155.808817,372
1686111155.8250682,372
1686111155.838088,373
1686111155.850086,372
1686111155.8661146,372
1686111155.8790925,372
1686111155.8911488,372
1686111155.9080992,372
1686111155.9191341,373
1686111155.9350703,373
1686111155.9490998,372
1686111155.960124,372
1686111155.9771366,372
1686111155.9893403,373
1686111156.001067,373
1686111156.017829,373
1686111156.0297563,372
1686111156.043193,372
1686111156.0589626,372
1686111156.0710528,373
1686111156.083782,373
1686111156.0997815,373
1686111156.1117563,372
1686111156.1287813,372
1686111156.1409397,373
1686111156.1537564,374
1686111156.16978,374
1686111156.1818466,374
1686111156.193912,374
1686111156.2107522,375
1686111156.222824,376
1686111156.2348979,378
1686111156.2515955,378
1686111156.2635362,378
1686111156.2799046,376
1686111156.292502,376
1686111156.3040526,377
1686111156.3210473,378
1686111156.3335392,378
1686111156.3455036,377
1686111156.3618336,377
1686111156.3745027,377
1686111156.3865156,378
1686111156.4031775,378
1686111156.415438,377
1686111156.4276927,376
1686111156.4436753,376
1686111156.455993,377
1686111156.4727652,377
1686111156.4849179,376
1686111156.4976768,376
1686111156.5137043,375
1686111156.5256777,375
1686111156.5386887,375
1686111156.5547059,375
1686111156.5670283,375
1686111156.5796814,374
1686111156.5957077,375
1686111156.6077123,377
1686111156.623958,380
1686111156.6366942,382
1686111156.6487243,386
1686111156.664604,389
1686111156.6776075,392
1686111156.689792,397
1686111156.7059216,401
1686111156.7182631,405
1686111156.7303987,408
1686111156.7477138,411
1686111156.7594404,416
1686111156.775312,420
1686111156.7883234,424
1686111156.800378,427
1686111156.816299,428
1686111156.8286836,430
1686111156.8409715,432
1686111156.8577561,434
1686111156.8700569,436
1686111156.8827183,436
1686111156.8987134,436
1686111156.910707,436
1686111156.922697,436
1686111156.9397688,435
1686111156.9516938,434
1686111156.9686894,431
1686111156.9806848,426
1686111156.992795,422
1686111157.0086644,419
1686111157.0217264,415
1686111157.0339115,410
1686111157.049667,404
1686111157.062685,396
1686111157.0746324,388
1686111157.091342,379
1686111157.1033165,370
1686111157.119175,360
1686111157.1322472,350
1686111157.1442642,340
1686111157.160595,331
1686111157.1732602,325
1686111157.1852543,319
1686111157.2012362,313
1686111157.2135575,309
1686111157.2263489,306
1686111157.2422867,304
1686111157.2551394,304
1686111157.2673643,304
1686111157.2832808,306
1686111157.2956016,309
1686111157.3123837,314
1686111157.3246593,320
1686111157.33664,327
1686111157.352708,334
1686111157.365656,339
1686111157.3776639,343
1686111157.3936355,345
1686111157.4066596,345
1686111157.4187725,343
1686111157.4347095,339
1686111157.4466968,336
1686111157.4639294,332
1686111157.4757006,330
1686111157.4886687,330
1686111157.5046356,330
1686111157.5166364,331
1686111157.529237,331
1686111157.5454626,333
1686111157.5576167,336
1686111157.5705078,344
1686111157.5865898,353
1686111157.5988436,363
1686111157.6148388,374
1686111157.6277792,385
1686111157.6400528,397
1686111157.6557763,406
1686111157.6688063,414
1686111157.68096,419
1686111157.6972315,422
1686111157.7100773,425
1686111157.7218537,426
1686111157.7387397,427
1686111157.7504141,425
1686111157.7631686,423
1686111157.779438,420
1686111157.791435,416
1686111157.8074536,413
1686111157.8204343,409
1686111157.832491,405
1686111157.8484416,400
1686111157.8614395,396
1686111157.8734152,393
1686111157.8897789,390
1686111157.901809,388
1686111157.9146402,387
1686111157.9314365,386
1686111157.9424741,386
1686111157.9594977,389
1686111157.9720254,392
1686111157.9834144,394
1686111158.0005147,396
1686111158.0127869,400
1686111158.0245695,402
1686111158.0414603,405
1686111158.0535908,408
1686111158.065751,410
1686111158.08244,410
1686111158.0947905,409
1686111158.106705,409
1686111158.1232393,407
1686111158.1350958,404
1686111158.1511397,398
1686111158.164322,391
1686111158.17615,383
1686111158.192412,374
1686111158.2055063,364
1686111158.2185192,354
1686111158.233806,344
1686111158.2465172,334
1686111158.2585583,325
1686111158.2748516,319
1686111158.2868524,313
1686111158.303518,309
1686111158.3158152,304
1686111158.3274934,301
1686111158.344579,299
1686111158.35619,299
1686111158.3691792,300
1686111158.3852584,300
1686111158.3982103,301
1686111158.4096045,302
1686111158.4264984,304
1686111158.4390814,308
1686111158.4545517,311
1686111158.4675107,313
1686111158.479482,315
1686111158.4957826,317
1686111158.508484,321
1686111158.5208197,324
1686111158.5372303,327
1686111158.5495036,329
1686111158.5615835,333
1686111158.5778472,335
1686111158.5905077,338
1686111158.602504,342
1686111158.6185508,345
1686111158.6306503,348
1686111158.6467144,351
1686111158.6596494,356
1686111158.6720028,361
1686111158.6886725,365
1686111158.7006633,368
1686111158.7133873,369
1686111158.7296286,373
1686111158.7416947,377
1686111158.7546377,381
1686111158.7706437,385
1686111158.7825189,387
1686111158.798916,389
1686111158.8115764,390
1686111158.8235562,391
1686111158.8403206,392
1686111158.8518374,392
1686111158.864795,391
1686111158.8807728,391
1686111158.8927655,391
1686111158.9059062,394
1686111158.922049,395
1686111158.934076,397
1686111158.9468198,398
1686111158.9628987,401
1686111158.9751456,406
1686111158.990824,412
1686111159.0038402,418
1686111159.0158231,424
1686111159.0328205,429
1686111159.0448244,434
1686111159.0571213,439
1686111159.0738478,443
1686111159.085845,447
1686111159.098138,449
1686111159.1142209,450
1686111159.1269958,450
1686111159.142938,448
1686111159.1556041,441
1686111159.1675909,427
1686111159.183907,409
1686111159.196608,388
1686111159.2090433,366
1686111159.2251034,347
1686111159.23758,331
1686111159.2494013,318
1686111159.2660964,308
1686111159.2780235,302
1686111159.2900295,298
1686111159.3070927,297
1686111159.3193123,297
1686111159.3350148,296
1686111159.3480184,296
1686111159.360086,298
1686111159.3760173,301
1686111159.3890214,305
1686111159.4010394,308
1686111159.4170945,313
1686111159.4298632,317
1686111159.442177,320
1686111159.4579961,324
1686111159.4710186,329
1686111159.4869964,332
1686111159.4993167,335
1686111159.5119996,336
1686111159.527903,338
1686111159.5401547,340
1686111159.5528677,342
1686111159.5689042,343
1686111159.5808413,344
1686111159.5939155,345
1686111159.6100497,346
1686111159.622486,348
1686111159.637901,349
1686111159.6515086,350
1686111159.663557,350
1686111159.679243,351
1686111159.691244,352
1686111159.704305,353
1686111159.7203052,353
1686111159.7326272,353
1686111159.7446187,352
1686111159.7616937,353
1686111159.7736812,354
1686111159.7860007,356
1686111159.8028598,357
1686111159.8148625,357
1686111159.8311844,357
1686111159.8438873,357
1686111159.8558643,359
1686111159.8719566,360
1686111159.8846188,360
1686111159.8967412,359
1686111159.9126003,359
1686111159.9256392,359
1686111159.9380786,361
1686111159.9541976,361
1686111159.9663775,362
1686111159.9828794,362
1686111159.9951286,363
1686111160.0068028,364
1686111160.0239742,365
1686111160.035949,366
1686111160.0486698,366
1686111160.0647416,365
1686111160.0773027,366
1686111160.0892947,367
1686111160.1052947,368
1686111160.1177716,369
1686111160.1299756,369
1686111160.14598,369
1686111160.159049,369
1686111160.1752784,370
1686111160.1869764,371
1686111160.2000518,371
1686111160.2160296,370
1686111160.2281997,370
1686111160.2409868,371
1686111160.2569718,372
1686111160.268971,372
1686111160.2819862,372
1686111160.298055,372
1686111160.3099778,373
1686111160.326697,373
1686111160.3389976,375
1686111160.3516552,375
1686111160.3676329,375
1686111160.380632,374
1686111160.392654,374
1686111160.4089332,371
1686111160.4206235,371
1686111160.4332418,371
1686111160.4499476,371
1686111160.4619982,371
1686111160.4739242,371
1686111160.4909275,372
1686111160.5029378,372
1686111160.5190132,372
1686111160.5316596,371
1686111160.54411,371
1686111160.5601108,372
1686111160.572419,373
1686111160.5851195,375
1686111160.6013684,375
1686111160.6131463,374
1686111160.6261227,373
1686111160.642093,375
1686111160.6540992,372
1686111160.6704183,372
1686111160.6831222,371
1686111160.6951206,371
1686111160.7113535,372
1686111160.7238061,374
1686111160.7371492,375
1686111160.7528043,376
1686111160.7655926,376
1686111160.7775874,376
1686111160.7939138,376
1686111160.8062234,377
1686111160.821783,378
1686111160.8345773,374
1686111160.8465707,372
1686111160.8626077,372
1686111160.8755627,372
1686111160.8875766,373
1686111160.9045837,374
1686111160.9168134,374
1686111160.9289114,374
1686111160.9459586,375
1686111160.9579613,375
1686111160.970013,375
1686111160.9860718,376
1686111160.9986405,376
1686111161.0149672,375
1686111161.0266168,374
1686111161.0396528,376
1686111161.0560024,375
1686111161.068257,375
1686111161.080723,375
1686111161.0969102,375
1686111161.1087735,376
1686111161.1217353,377
1686111161.1379309,377
1686111161.1506238,376
1686111161.165713,375
1686111161.178578,375
1686111161.1910021,375
1686111161.207401,376
1686111161.2192602,377
1686111161.231879,377
1686111161.2477853,372
1686111161.2608407,372
1686111161.2724698,372
1686111161.289256,373
1686111161.3014488,373
1686111161.3141804,373
1686111161.3301678,372
1686111161.3422353,373
1686111161.3591757,373
1686111161.3712153,374
1686111161.3840244,374
1686111161.3996463,374
1686111161.4124093,372
1686111161.424322,372
1686111161.4410012,373
1686111161.453043,373
1686111161.465819,372
1686111161.4817698,372
1686111161.4938383,371
1686111161.509984,371
1686111161.5227802,372
1686111161.5352163,372
1686111161.551782,372
1686111161.563779,371
1686111161.5758545,371
1686111161.5921915,372
1686111161.605248,372
1686111161.616405,372
1686111161.633684,371
1686111161.6452923,371
1686111161.6613028,371
1686111161.6742854,372
1686111161.6862848,372
1686111161.7023535,372
1686111161.7153533,372
1686111161.7273405,371
1686111161.7440214,371
1686111161.7560303,372
1686111161.7680078,372
1686111161.78508,372
1686111161.797018,372
1686111161.8090057,372
1686111161.825006,372
1686111161.8379686,373
1686111161.8540556,374
1686111161.8667645,373
1686111161.8791842,372
1686111161.8951912,372
1686111161.9072406,372
1686111161.9202404,373
1686111161.9367487,372
1686111161.9487464,372
1686111161.9606953,372
1686111161.9767265,372
1686111161.989733,373
1686111162.0057015,374
1686111162.0186818,374
1686111162.030756,374
1686111162.0479457,374
1686111162.0595148,375
1686111162.0716262,377
1686111162.0877807,379
1686111162.0998445,381
1686111162.1127095,383
1686111162.128458,387
1686111162.141813,392
1686111162.1538565,397
1686111162.170402,401
1686111162.1821952,405
1686111162.200961,409
1686111162.2102497,412
1686111162.2233038,415
1686111162.2395933,418
1686111162.251894,417
1686111162.2642894,413
1686111162.2809417,408
1686111162.2930048,402
1686111162.3054311,396
1686111162.321577,389
1686111162.333761,381
1686111162.3495898,370
1686111162.3634865,357
1686111162.3748608,340
1686111162.390724,319
1686111162.4035914,299
1686111162.4155629,282
1686111162.4322226,269
1686111162.4443185,266
1686111162.4578273,271
1686111162.4731753,280
1686111162.4852252,293
1686111162.4980147,306
1686111162.5142298,320
1686111162.5264904,335
1686111162.5429933,349
1686111162.5551295,363
1686111162.5675652,373
1686111162.5835593,381
1686111162.596216,386
1686111162.608368,391
1686111162.6247725,396
1686111162.6365068,399
1686111162.6484978,400
1686111162.6658523,400
1686111162.6779783,400
1686111162.6937273,401
1686111162.7068377,401
1686111162.7187047,401
1686111162.7347066,399
1686111162.7478015,397
1686111162.7601295,395
1686111162.7761674,394
1686111162.7883828,392
1686111162.8008661,391
1686111162.8167775,388
1686111162.8294103,386
1686111162.8451111,385
1686111162.8577943,385
1686111162.8697875,385
1686111162.88705,381
1686111162.8989296,379
1686111162.9113533,376
1686111162.9279175,375
1686111162.939942,375
1686111162.951753,374
1686111162.9687483,373
1686111162.980746,372
1686111162.9928198,370
1686111163.0097792,370
1686111163.021948,369
1686111163.0378916,369
1686111163.0508025,368
1686111163.0629091,366
1686111163.0794036,365
1686111163.0916352,365
1686111163.103672,365
1686111163.120535,364
1686111163.1324797,363
1686111163.1447966,363
1686111163.161285,362
1686111163.1737618,364
1686111163.1893964,366
1686111163.202395,366
1686111163.2145936,365
1686111163.2302213,363
1686111163.2431111,361
1686111163.2550957,359
1686111163.2718925,358
1686111163.2840629,358
1686111163.2964456,358
1686111163.3126204,360
1686111163.3244982,362
1686111163.3370347,364
1686111163.3539653,364
1686111163.3661187,364
1686111163.3820286,363
1686111163.3940268,363
1686111163.4070566,363
1686111163.423345,364
1686111163.4352746,364
1686111163.448233,365
1686111163.4643917,365
1686111163.4768,365
1686111163.488933,365
1686111163.5049953,365
1686111163.5169525,364
1686111163.5338955,362
1686111163.5455143,362
1686111163.5588012,362
1686111163.5751758,363
1686111163.5870614,364
1686111163.5991309,364
1686111163.6161141,363
1686111163.6281798,364
1686111163.6399555,365
1686111163.656484,366
1686111163.6687915,367
1686111163.6857116,366
1686111163.697195,366
1686111163.7102048,366
1686111163.726158,367
1686111163.738998,368
1686111163.7506328,367
1686111163.7673535,366
1686111163.7793908,365
1686111163.791459,365
1686111163.807795,365
1686111163.8203316,365
1686111163.8325205,365
1686111163.8494904,363
1686111163.8619382,363
1686111163.8778484,363
1686111163.889587,364
1686111163.9025905,365
1686111163.9191377,366
1686111163.931324,366
1686111163.9433687,367
1686111163.9596872,368
1686111163.9717684,369
1686111163.983862,369
1686111164.0011158,368
1686111164.0134573,366
1686111164.0294602,365
1686111164.0417151,365
1686111164.0543187,366
1686111164.0698438,365
1686111164.0825086,365
1686111164.0952213,365
1686111164.1115022,365
1686111164.1235468,369
1686111164.1361692,365
1686111164.1524243,365
1686111164.1641665,365
1686111164.1769993,365
1686111164.1934617,364
1686111164.204888,364
1686111164.221535,364
1686111164.2335436,362
1686111164.2462788,360
1686111164.2627127,359
1686111164.2753332,358
1686111164.287276,359
1686111164.3039014,359
1686111164.3159003,359
1686111164.3288612,359
1686111164.3447545,360
1686111164.3574893,362
1686111164.3738928,364
1686111164.3859577,364
1686111164.3981206,363
1686111164.4143,362
1686111164.4274333,362
1686111164.4391956,363
1686111164.4551845,364
1686111164.467407,364
1686111164.4802217,364
1686111164.496783,364
1686111164.508672,365
1686111164.524104,365
1686111164.5371432,365
1686111164.5498314,365
1686111164.5656972,364
1686111164.5779245,363
1686111164.590771,364
1686111164.6071315,365
1686111164.619347,365
1686111164.6309454,365
1686111164.647616,364
1686111164.6603997,364
1686111164.6725674,364
1686111164.6890137,364
1686111164.7015584,364
1686111164.7175484,363
1686111164.7296443,363
1686111164.741601,363
1686111164.7582722,364
1686111164.7711859,365
1686111164.7832768,364
1686111164.7995932,363
1686111164.811966,362
1686111164.8237653,363
1686111164.8398318,363
1686111164.8527684,363
1686111164.8688672,363
1686111164.8808904,362
1686111164.8940988,361
1686111164.909619,362
1686111164.9226034,363
1686111164.9344554,363
1686111164.951079,362
1686111164.9634478,362
1686111164.9750574,362
1686111164.9917731,363
1686111165.0041008,363
1686111165.0158672,363
1686111165.0328739,363
1686111165.0454757,362
1686111165.0618162,362
1686111165.0740724,363
1686111165.0865684,363
1686111165.102037,363
1686111165.1151028,362
1686111165.127306,362
1686111165.143639,362
1686111165.1555798,363
1686111165.168206,363
1686111165.184484,362
1686111165.1967423,361
1686111165.213712,361
1686111165.2247286,361
1686111165.238066,362
1686111165.2545104,362
1686111165.2667012,361
1686111165.2790964,361
1686111165.2952495,361
1686111165.3074229,361
1686111165.3191612,362
1686111165.336169,362
1686111165.3486607,361
1686111165.3641331,361
1686111165.377084,361
1686111165.3890953,362
1686111165.4060707,363
1686111165.4176154,363
1686111165.4302855,362
1686111165.4466279,362
1686111165.4591594,362
1686111165.4718018,363
1686111165.4871933,363
1686111165.4998653,363
1686111165.5123076,362
1686111165.5282362,363
1686111165.54061,363
1686111165.5573912,364
1686111165.5692296,365
1686111165.58152,365
1686111165.598472,364
1686111165.6109867,364
1686111165.6223972,365
1686111165.639291,366
1686111165.6515605,366
1686111165.6638403,366
1686111165.6802235,365
1686111165.6924603,365
1686111165.7085063,366
1686111165.721191,367
1686111165.7334518,366
1686111165.7492108,365
1686111165.7625883,365
1686111165.7746255,366
1686111165.791067,367
1686111165.803051,367
1686111165.815575,367
1686111165.8315876,366
1686111165.8438773,366
1686111165.856433,366
1686111165.8729928,367
1686111165.8845105,367
1686111165.9005878,367
1686111165.9140084,366
1686111165.9258702,366
1686111165.9430487,367
1686111165.9542046,367
1686111165.9670854,367
1686111165.9833128,366
1686111165.9956005,366
1686111166.0078819,366
1686111166.0242884,367
1686111166.036212,367
1686111166.0526183,367
1686111166.064645,366
1686111166.077777,366
1686111166.0936778,367
1686111166.1061547,368
1686111166.1183157,368
1686111166.134475,367
1686111166.1465323,366
1686111166.159462,366
1686111166.1752508,367
1686111166.1874971,368
1686111166.2044427,368
1686111166.2168608,367
1686111166.2288575,366
1686111166.2452343,366
1686111166.2577765,367
1686111166.2702436,368
1686111166.2861865,367
1686111166.2982519,366
1686111166.3112128,366
1686111166.3273957,366
1686111166.3393354,366
1686111166.3517714,367
1686111166.3678687,366
1686111166.3801208,365
1686111166.3969996,365
1686111166.409026,366
1686111166.4215271,366
1686111166.4381568,367
1686111166.4497192,366
1686111166.4624975,365
1686111166.4785953,366
1686111166.491115,366
1686111166.5029435,367
1686111166.5200233,367
1686111166.5317872,366
1686111166.5481167,365
1686111166.5608215,365
1686111166.5728376,366
1686111166.5888348,367
1686111166.6026697,366
1686111166.6142483,366
1686111166.6299005,365
1686111166.643003,365
1686111166.654538,366
1686111166.671386,367
1686111166.6834366,366
1686111166.6955028,366
1686111166.711512,365
1686111166.7248628,366
1686111166.740949,367
1686111166.7532883,367
1686111166.765303,366
1686111166.7818584,366
1686111166.79379,366
1686111166.8067625,366
1686111166.8231342,367
1686111166.8350852,367
1686111166.847752,366
1686111166.863429,366
1686111166.8754132,366
1686111166.8924334,366
1686111166.9044147,367
1686111166.9164228,366
1686111166.9334261,365
1686111166.9454467,365
1686111166.9574592,365
1686111166.973717,366
1686111166.9861479,367
1686111166.9989316,366
1686111167.0149267,365
1686111167.026929,365
1686111167.0400927,365
1686111167.0563273,366
1686111167.0685275,366
1686111167.0843353,365
1686111167.0976198,365
1686111167.1099334,365
1686111167.1259737,365
1686111167.1381605,366
1686111167.1508405,366
1686111167.1668992,365
1686111167.178844,365
1686111167.1918578,365
1686111167.2073722,366
1686111167.2198923,366
1686111167.2367578,366
1686111167.2489872,365
1686111167.2606237,365
1686111167.2775848,365
1686111167.2896311,365
1686111167.3023987,365
1686111167.3178895,365
1686111167.3302844,364
1686111167.3422832,364
1686111167.359227,364
1686111167.3715048,365
1686111167.3875444,365
1686111167.4002435,364
1686111167.413572,363
1686111167.4290524,363
1686111167.4413176,364
1686111167.4532278,364
1686111167.4700537,364
1686111167.482031,363
1686111167.4940484,362
1686111167.5110989,362
1686111167.5233545,363
1686111167.5353653,363
1686111167.5513973,363
1686111167.5643585,362
1686111167.5804129,362
1686111167.5924404,362
1686111167.6044576,363
1686111167.6217625,363
1686111167.6334734,362
1686111167.6464024,362
1686111167.6625745,362
1686111167.6747427,362
1686111167.6864676,363
1686111167.7034013,363
1686111167.7154658,362
1686111167.7314646,361
1686111167.7446542,361
1686111167.7563298,361
1686111167.7731152,361
1686111167.7853022,362
1686111167.7975874,361
1686111167.8140826,360
1686111167.8260124,360
1686111167.8383424,361
1686111167.8550189,361
1686111167.8670044,361
1686111167.879026,360
1686111167.896081,360
1686111167.9083064,360
1686111167.9240804,361
1686111167.937086,361
1686111167.9492412,361
1686111167.9652934,360
1686111167.9780705,360
1686111167.990058,360
1686111168.0060835,361
1686111168.0190847,361
1686111168.0311491,360
1686111168.0470107,360
1686111168.0600224,360
1686111168.0762064,361
1686111168.0884795,361
1686111168.1010866,361
1686111168.1172547,360
1686111168.1292846,360
1686111168.141995,360
1686111168.1583405,361
1686111168.170426,361
1686111168.1826255,361
1686111168.1983552,360
1686111168.2112305,359
1686111168.2274919,360
1686111168.2401924,361
1686111168.25227,361
1686111168.268696,360
1686111168.281238,360
1686111168.2931778,359
1686111168.3090994,360
1686111168.3221447,361
1686111168.3342013,361
1686111168.3501554,360
1686111168.3631551,359
1686111168.3751452,360
1686111168.3914468,362
1686111168.404135,364
1686111168.4200735,364
1686111168.4327745,365
1686111168.4447832,367
1686111168.4611187,368
1686111168.4738493,371
1686111168.4857953,374
1686111168.5022726,376
1686111168.5145488,377
1686111168.5268617,379
1686111168.5425298,381
1686111168.5554936,384
1686111168.5714762,386
1686111168.5837944,387
1686111168.5965514,387
1686111168.6130805,388
1686111168.6251736,389
1686111168.6373208,390
1686111168.6533835,390
1686111168.666059,389
1686111168.6780515,388
1686111168.694379,387
1686111168.7071214,387
1686111168.7190702,387
1686111168.735113,386
1686111168.7482536,385
1686111168.7640853,384
1686111168.7764678,384
1686111168.7891114,383
1686111168.805288,381
1686111168.817691,377
1686111168.8296752,372
1686111168.8462722,367
1686111168.8586423,363
1686111168.870638,359
1686111168.886971,355
1686111168.8996277,351
1686111168.9158304,346
1686111168.9288132,344
1686111168.9401143,342
1686111168.9569538,341
1686111168.9690228,341
1686111168.9811265,340
1686111168.997802,339
1686111169.0097463,340
1686111169.0217505,341
1686111169.0387719,342
1686111169.050979,343
1686111169.0627668,343
1686111169.07982,344
1686111169.0927732,346
1686111169.108072,350
1686111169.1207795,353
1686111169.1333957,355
1686111169.1494708,357
1686111169.1615438,359
1686111169.1737537,360
1686111169.1905093,361
1686111169.2020772,362
1686111169.2150702,362
1686111169.2310798,360
1686111169.2436824,359
1686111169.2600925,358
1686111169.2721295,357
1686111169.2843375,356
1686111169.3010883,356
1686111169.3127215,355
1686111169.3256621,355
1686111169.3419771,355
1686111169.3536649,356
1686111169.3666694,357
1686111169.3827744,361
1686111169.3949654,367
1686111169.410987,375
1686111169.424008,383
1686111169.436064,391
1686111169.4527218,399
1686111169.4647691,404
1686111169.4769998,409
1686111169.4926965,414
1686111169.5057132,418
1686111169.5177577,419
1686111169.5337522,420
1686111169.546754,419
1686111169.5587099,419
1686111169.5746984,418
1686111169.587713,417
1686111169.6037552,414
1686111169.616049,411
1686111169.6287477,407
1686111169.6448119,403
1686111169.6567438,400
1686111169.6697521,397
1686111169.6858447,393
1686111169.6976876,389
1686111169.710635,385
1686111169.7264626,383
1686111169.7391346,381
1686111169.7551258,380
1686111169.7673542,378
1686111169.7794166,376
1686111169.7964613,377
1686111169.8094604,378
1686111169.82106,380
1686111169.8372445,382
1686111169.848991,383
1686111169.862267,384
1686111169.877998,384
1686111169.890944,383
1686111169.9030058,382
1686111169.9189355,379
1686111169.9312453,374
1686111169.9480555,369
1686111169.9602401,365
1686111169.9723058,361
1686111169.9890065,355
1686111170.000995,349
1686111170.0132983,343
1686111170.0299451,337
1686111170.041949,333
1686111170.0542536,331
1686111170.0709267,328
1686111170.0831385,326
1686111170.0989404,324
1686111170.1118464,324
1686111170.1239755,324
1686111170.1408424,326
1686111170.1528504,327
1686111170.1647744,328
1686111170.1811125,328
1686111170.1938515,331
1686111170.2057958,333
1686111170.2217774,335
1686111170.2348528,337
1686111170.246942,338
1686111170.2627864,339
1686111170.2757852,341
1686111170.2921164,344
1686111170.3040996,347
1686111170.316798,350
1686111170.3329237,353
1686111170.3447952,360
1686111170.3577964,366
1686111170.3738477,372
1686111170.385774,377
1686111170.3982372,380
1686111170.414824,382
1686111170.426829,384
1686111170.4432395,386
1686111170.4558241,388
1686111170.4678292,390
1686111170.4838388,391
1686111170.4968092,390
1686111170.5088031,392
1686111170.5249302,393
1686111170.5369833,394
1686111170.549992,394
1686111170.5660992,393
1686111170.5780454,391
1686111170.5939982,390
1686111170.6076875,390
1686111170.6197357,389
1686111170.6356761,388
1686111170.6486661,388
1686111170.6606734,389
1686111170.6773994,393
1686111170.6893635,398
1686111170.7012928,404
1686111170.717355,410
1686111170.7302911,417
1686111170.7426775,423
1686111170.7582889,430
1686111170.7712896,436
1686111170.7873046,440
1686111170.7994905,443
1686111170.8114984,443
1686111170.828496,443
1686111170.8404906,440
1686111170.8525038,432
1686111170.8694365,418
1686111170.8814516,401
1686111170.8935282,385
1686111170.9104536,369
1686111170.9225037,353
1686111170.9385035,338
1686111170.9515054,324
1686111170.9634976,313
1686111170.9795015,303
1686111170.992504,297
1686111171.0044467,293
1686111171.0206664,291
1686111171.0334346,289
1686111171.045435,289
1686111171.061673,291
1686111171.0737505,294
1686111171.0867026,298
1686111171.102704,301
1686111171.1147032,304
1686111171.131699,306
1686111171.1436996,310
1686111171.155699,313
1686111171.1727052,316
1686111171.184762,319
1686111171.1969583,323
1686111171.2130964,326
1686111171.226031,330
1686111171.2382784,335
1686111171.2539768,339
1686111171.2670214,342
1686111171.283286,345
1686111171.2954826,349
1686111171.3080175,352
1686111171.3242702,355
1686111171.3362813,355
1686111171.3489466,354
1686111171.3651795,353
1686111171.3776195,353
1686111171.3900168,353
1686111171.4059443,354
1686111171.4182255,354
1686111171.4339695,354
1686111171.4470835,354
1686111171.459269,356
1686111171.4759567,359
1686111171.4880376,360
1686111171.5002644,361
1686111171.5170202,362
1686111171.5289438,362
1686111171.5409431,364
1686111171.5579724,365
1686111171.5699654,366
1686111171.5820122,366
1686111171.5982745,365
1686111171.6110117,365
1686111171.6274574,366
1686111171.6398532,367
1686111171.6522453,367
1686111171.66847,366
1686111171.680558,366
1686111171.692463,366
1686111171.7095182,367
1686111171.7215173,368
1686111171.733788,368
1686111171.7504587,367
1686111171.762239,367
1686111171.7788296,367
1686111171.7910836,368
1686111171.8031294,369
1686111171.819826,369
1686111171.8321118,368
1686111171.8438218,367
1686111171.8608098,368
1686111171.8728309,368
1686111171.8848884,368
1686111171.9018233,367
1686111171.913824,367
1686111171.9261389,366
1686111171.9431796,368
1686111171.9552207,369
1686111171.9711242,370
1686111171.982854,370
1686111171.9957685,370
1686111172.0117493,371
1686111172.024839,372
1686111172.036755,373
1686111172.0531259,372
1686111172.0658205,376
1686111172.0777805,370
1686111172.0940418,369
1686111172.1068308,370
1686111172.1227775,370
1686111172.134769,369
1686111172.1474771,368
1686111172.1638293,368
1686111172.1760812,369
1686111172.188752,370
1686111172.2047553,370
1686111172.216822,369
1686111172.229003,368
1686111172.246191,367
1686111172.2577758,367
1686111172.274052,367
1686111172.286766,367
1686111172.2991157,366
1686111172.3150876,366
1686111172.3277538,366
1686111172.340761,367
1686111172.3560753,368
1686111172.3687162,368
1686111172.380739,367
1686111172.3967235,366
1686111172.409711,366
1686111172.421712,367
1686111172.4377131,367
1686111172.450805,367
1686111172.4670951,366
1686111172.4788377,366
1686111172.4907658,366
1686111172.5077899,367
1686111172.5197177,367
1686111172.5327952,366
1686111172.5487354,365
1686111172.5610728,365
1686111172.5734806,366
1686111172.5891597,366
1686111172.602201,367
1686111172.6181445,366
1686111172.6304507,365
1686111172.6431973,365
1686111172.6594212,366
1686111172.6714332,366
1686111172.684331,366
1686111172.700285,365
1686111172.7123144,365
1686111172.725327,365
1686111172.7412777,365
1686111172.7538397,366
1686111172.7662141,366
1686111172.7818868,366
1686111172.7942476,365
1686111172.8108704,366
1686111172.8234804,367
1686111172.8354745,367
1686111172.8520286,366
1686111172.8642988,365
1686111172.8759353,365
1686111172.8931575,366
1686111172.9054492,367
1686111172.9172,367
1686111172.9335988,366
1686111172.946158,366
1686111172.9627542,366
1686111172.975106,367
1686111172.9874518,367
1686111173.0028827,367
1686111173.0156245,367
1686111173.0278373,367
1686111173.0447867,367
1686111173.0569863,368
1686111173.0685287,369
1686111173.0857794,368
1686111173.0980682,367
1686111173.1135314,367
1686111173.1265938,367
1686111173.1390185,368
1686111173.155518,368
1686111173.1668172,367
1686111173.1798172,366
1686111173.1960595,366
1686111173.208387,367
1686111173.2206917,367
1686111173.2368906,367
1686111173.2497869,366
1686111173.260893,366
1686111173.278063,366
1686111173.2901168,367
1686111173.3061252,367
1686111173.3181214,367
1686111173.33112,367
1686111173.347289,366
1686111173.3590744,367
1686111173.3721294,367
1686111173.3881254,368
1686111173.400064,367
1686111173.41307,367
1686111173.4290757,367
1686111173.4417932,368
1686111173.4570942,368
1686111173.4703052,369
1686111173.4821904,368
1686111173.498852,367
1686111173.5117822,367
1686111173.5240426,367
1686111173.540225,367
1686111173.5522354,368
1686111173.5642288,367
1686111173.5806737,366
1686111173.593704,367
1686111173.6055799,369
1686111173.6221914,370
1686111173.6342487,370
1686111173.6509297,369
1686111173.6630688,369
1686111173.6753051,370
1686111173.6916888,373
1686111173.7039325,376
1686111173.7156854,379
1686111173.7326918,381
1686111173.744853,384
1686111173.7566323,388
1686111173.7733912,391
1686111173.785829,392
1686111173.8017766,393
1686111173.8147156,391
1686111173.8263583,387
1686111173.8428113,386
1686111173.8558102,386
1686111173.8675754,387
1686111173.884183,391
1686111173.8966768,392
1686111173.90874,391
1686111173.9247394,389
1686111173.9377337,385
1686111173.949823,381
1686111173.9661243,376
1686111173.9778664,372
1686111173.9947023,368
1686111174.0071883,366
1686111174.0188632,363
1686111174.0353825,359
1686111174.0474277,357
1686111174.0598297,354
1686111174.0767334,353
1686111174.089155,353
1686111174.101251,352
1686111174.1178818,350
1686111174.1294518,348
1686111174.1462262,347
1686111174.1584637,346
1686111174.1709557,346
1686111174.1872559,346
1686111174.1994724,345
1686111174.211486,345
1686111174.228123,346
1686111174.2408648,348
1686111174.2528167,350
1686111174.2688258,351
1686111174.2810748,351
1686111174.2976997,351
1686111174.3097997,352
1686111174.3229218,353
1686111174.338662,354
1686111174.350629,354
1686111174.3634493,354
1686111174.3799264,355
1686111174.3913736,356
1686111174.4049187,358
1686111174.4205182,359
1686111174.4325979,359
1686111174.4451737,360
1686111174.461886,361
1686111174.4739456,364
1686111174.4904785,366
1686111174.5029333,366
1686111174.514689,366
1686111174.530921,366
1686111174.5434763,367
1686111174.5561028,368
1686111174.5722728,368
1686111174.5846472,368
1686111174.5966494,367
1686111174.6128047,367
1686111174.624856,367
1686111174.641546,368
1686111174.654175,368
1686111174.666162,367
1686111174.6831558,367
1686111174.69512,366
1686111174.7077246,367
1686111174.7230515,367
1686111174.7361052,367
1686111174.7484996,365
1686111174.7644918,364
1686111174.77649,364
1686111174.789376,364
1686111174.8060424,365
1686111174.8180923,365
1686111174.8344607,364
1686111174.8458729,364
1686111174.858884,364
1686111174.874894,365
1686111174.8879492,366
1686111174.8995945,366
1686111174.9163713,365
1686111174.9286358,365
1686111174.9406261,365
1686111174.9572709,366
1686111174.9694576,366
1686111174.9858568,365
1686111174.9976437,364
1686111175.0099058,364
1686111175.0269334,365
1686111175.0392447,366
1686111175.051239,366
1686111175.0681727,365
1686111175.0796773,365
1686111175.0919445,365
1686111175.1089742,365
1686111175.121084,366
1686111175.1331334,366
1686111175.1499743,365
1686111175.1620975,365
1686111175.1784327,365
1686111175.190626,366
1686111175.203184,366
1686111175.218901,366
1686111175.2318964,365
1686111175.2440517,364
1686111175.2606122,365
1686111175.2727842,366
1686111175.284814,366
1686111175.3012757,366
1686111175.3129237,366
1686111175.3296397,366
1686111175.3419383,367
1686111175.3539462,368
1686111175.3708913,368
1686111175.3833718,367
1686111175.3950326,367
1686111175.4120276,367
1686111175.423961,367
1686111175.4367993,367
1686111175.4531858,367
1686111175.4651353,366
1686111175.4817736,365
1686111175.4940157,365
1686111175.5060058,366
1686111175.5224915,366
1686111175.53476,365
1686111175.5470433,364
1686111175.563323,364
1686111175.5751112,364
1686111175.5879023,365
1686111175.6041334,365
1686111175.616965,365
1686111175.6290662,364
1686111175.645416,364
1686111175.6568618,365
1686111175.6736634,366
1686111175.6857612,366
1686111175.6981118,365
1686111175.715158,364
1686111175.7274532,364
1686111175.739615,365
1686111175.7561285,366
1686111175.767736,366
1686111175.7807176,365
1686111175.796714,364
1686111175.8091025,365
1686111175.8247895,366
1686111175.8379672,366
1686111175.8495395,366
1686111175.8668604,365
1686111175.878966,366
1686111175.891294,366
1686111175.9069595,368
1686111175.9202085,368
1686111175.9316595,368
1686111175.9484937,367
1686111175.9603987,367
1686111175.9729917,368
1686111175.9896398,368
1686111176.0019734,368
1686111176.017475,367
1686111176.030417,366
1686111176.0426977,366
1686111176.0583062,367
1686111176.0706975,367
1686111176.083377,367
1686111176.1001787,366
1686111176.1122756,366
1686111176.1253874,366
1686111176.1413865,367
1686111176.1533694,367
1686111176.1697433,367
1686111176.1817563,366
1686111176.1938686,366
1686111176.2104573,366
1686111176.222954,367
1686111176.2352712,367
1686111176.2516916,367
1686111176.2637901,366
1686111176.2758236,366
1686111176.2922423,367
1686111176.3051186,367
1686111176.3168828,367
1686111176.333803,367
1686111176.3459408,366
1686111176.362989,366
1686111176.3739066,367
1686111176.3867967,367
1686111176.4025521,367
1686111176.4156199,366
1686111176.4279609,366
1686111176.4441924,366
1686111176.4562128,368
1686111176.468959,368
1686111176.4849157,368
1686111176.4973676,367
1686111176.5132623,367
1686111176.5261927,368
1686111176.5379412,369
1686111176.5545225,369
1686111176.5663028,368
1686111176.5790794,368
1686111176.5953603,368
1686111176.6076987,369
1686111176.620262,369
1686111176.6366851,369
1686111176.648729,368
1686111176.665202,367
1686111176.6780014,368
1686111176.689732,368
1686111176.705936,369
1686111176.7182302,369
1686111176.7306519,368
1686111176.7466438,368
1686111176.758681,368
1686111176.7723668,369
1686111176.7880757,370
1686111176.8004322,369
1686111176.8133585,368
1686111176.8291683,368
1686111176.8409832,369
1686111176.8576362,369
1686111176.8701272,370
1686111176.8819914,369
1686111176.8990092,368
1686111176.910938,369
1686111176.923952,369
1686111176.9398172,370
1686111176.952128,369
1686111176.9641798,370
1686111176.9802704,369
1686111176.9922066,368
1686111177.0089068,369
1686111177.020953,369
1686111177.0340576,369
1686111177.0496,368
1686111177.0625489,368
1686111177.0743878,368
1686111177.090937,369
1686111177.1036077,369
1686111177.1159265,369
1686111177.132186,368
1686111177.1443968,368
1686111177.1604218,369
1686111177.173078,370
1686111177.1855075,370
1686111177.2015843,370
1686111177.213695,369
1686111177.22634,369
1686111177.2423472,370
1686111177.2552245,371
1686111177.267243,371
1686111177.2839675,371
1686111177.2958508,378
1686111177.3084872,379
1686111177.3242583,377
1686111177.337125,378
1686111177.3529751,378
1686111177.3653376,374
1686111177.377967,366
1686111177.3939254,366
1686111177.4069092,366
1686111177.4189603,366
1686111177.4346676,365
1686111177.4476566,364
1686111177.4596558,364
1686111177.4758658,364
1686111177.4881847,364
1686111177.5038238,364
1686111177.5171068,364
1686111177.529004,363
1686111177.5460968,363
1686111177.557893,363
1686111177.5706596,364
1686111177.5871058,364
1686111177.5990984,363
1686111177.6114697,362
1686111177.628229,363
1686111177.6400166,364
1686111177.6524062,364
1686111177.6686525,363
1686111177.6807308,363
1686111177.6975176,363
1686111177.7096424,363
1686111177.7216818,364
1686111177.7382243,364
1686111177.7500577,364
1686111177.763366,363
1686111177.7795217,363
1686111177.7915025,364
1686111177.8037055,364
1686111177.8202374,364
1686111177.832253,363
1686111177.8482914,362
1686111177.8612843,363
1686111177.8739002,363
1686111177.8899362,364
1686111177.901912,363
1686111177.914414,362
1686111177.9310782,362
1686111177.943407,362
1686111177.9553406,363
1686111177.9721293,363
1686111177.984071,363
1686111177.99663,362
1686111178.0128038,362
1686111178.0248268,363
1686111178.0408764,363
1686111178.053472,364
1686111178.0656354,363
1686111178.0823853,363
1686111178.0946321,363
1686111178.1067936,364
1686111178.123966,364
1686111178.1349676,364
1686111178.1478097,364
1686111178.1643722,363
1686111178.176106,363
1686111178.1924522,364
1686111178.204861,365
1686111178.2169824,365
1686111178.2339187,364
1686111178.245919,364
1686111178.2580009,364
1686111178.2748284,365
1686111178.2871928,366
1686111178.2994812,365
1686111178.316438,364
1686111178.32755,364
1686111178.3447552,365
1686111178.3568668,366
1686111178.3691788,366
1686111178.3858216,365
1686111178.3976898,365
1686111178.410028,365
1686111178.4266772,365
1686111178.438684,366
1686111178.4513087,366
1686111178.467337,365
1686111178.479328,365
1686111178.491991,364
1686111178.5079896,365
1686111178.519996,366
1686111178.5369303,366
1686111178.549219,365
1686111178.5609345,364
1686111178.5779526,364
1686111178.5899138,365
1686111178.602896,365
1686111178.619057,365
1686111178.6312876,364
1686111178.6435888,364
1686111178.6595325,365
1686111178.6722274,365
1686111178.6891758,365
1686111178.7006402,364
1686111178.7130747,363
1686111178.7295952,363
1686111178.7417672,364
1686111178.7539177,365
1686111178.7707107,365
1686111178.7832358,364
1686111178.7950342,364
1686111178.8119123,364
1686111178.8233793,365
1686111178.8398242,366
1686111178.8520005,365
1686111178.8644898,365
1686111178.8805285,364
1686111178.892927,365
1686111178.9049227,366
1686111178.922337,366
1686111178.934346,365
1686111178.9465175,365
1686111178.9634378,365
1686111178.975417,365
1686111178.9875445,366
1686111179.0039067,366
1686111179.0156312,365
1686111179.0325608,365
1686111179.0442598,364
1686111179.057199,365
1686111179.0731952,366
1686111179.0860393,366
1686111179.0981357,365
1686111179.1146798,364
1686111179.1266787,364
1686111179.1397896,365
1686111179.1548822,366
1686111179.1678464,365
1686111179.1840637,364
1686111179.1960988,364
1686111179.208853,364
1686111179.2253325,365
1686111179.2375183,365
1686111179.2495983,365
1686111179.2654407,364
1686111179.2786036,364
1686111179.2904394,364
1686111179.3064313,365
1686111179.3184953,365
1686111179.331537,365
1686111179.3475697,364
1686111179.3595605,364
1686111179.376544,365
1686111179.3895714,366
1686111179.400543,366
1686111179.4176254,365
1686111179.4296665,365
1686111179.4415443,365
1686111179.4586065,365
1686111179.4708064,366
1686111179.4835422,366
1686111179.4995406,365
1686111179.5117724,364
1686111179.5278664,364
1686111179.5406213,365
1686111179.5527108,366
1686111179.5685587,364
1686111179.5816169,364
1686111179.5941217,364
1686111179.609539,364
1686111179.62256,365
1686111179.6347778,365
1686111179.6508136,364
1686111179.6636078,363
1686111179.6756167,364
1686111179.6921635,365
1686111179.7044184,366
1686111179.7202055,366
1686111179.733272,366
1686111179.7452834,365
1686111179.7612226,366
1686111179.7741342,367
1686111179.7861934,368
1686111179.8027277,368
1686111179.8146777,368
1686111179.8273444,369
1686111179.8436515,371
1686111179.85635,374
1686111179.871412,378
1686111179.884413,381
1686111179.8966472,383
1686111179.9132526,387
1686111179.9253688,390
1686111179.938181,394
1686111179.954253,396
1686111179.966496,398
1686111179.9782279,399
1686111179.9950953,401
1686111180.006725,404
1686111180.0237193,405
1686111180.0357323,406
1686111180.0477815,406
1686111180.0648103,405
1686111180.076742,406
1686111180.088739,407
1686111180.1059775,407
1686111180.1180341,406
1686111180.1300254,405
1686111180.146041,405
1686111180.1590025,405
1686111180.1711972,405
1686111180.187305,404
1686111180.1999743,403
1686111180.2162628,401
1686111180.2289913,399
1686111180.2409818,398
1686111180.2569716,397
1686111180.2692578,395
1686111180.282045,392
1686111180.2982118,389
1686111180.3111734,386
1686111180.3224585,383
1686111180.3389668,379
1686111180.3516467,374
1686111180.367982,369
1686111180.379689,364
1686111180.3927035,359
1686111180.4086437,355
1686111180.4206266,350
1686111180.4337013,344
1686111180.449711,338
1686111180.4619677,333
1686111180.4739115,329
1686111180.4907012,326
1686111180.5029461,323
1686111180.5147707,320
1686111180.531694,318
1686111180.5446265,317
1686111180.5608473,316
1686111180.5723324,316
1686111180.5843458,316
1686111180.6014051,316
1686111180.6133928,316
1686111180.6255991,318
1686111180.6423995,320
1686111180.6548715,323
1686111180.666799,326
1686111180.6831224,329
1686111180.6958148,332
1686111180.7118218,336
1686111180.7242172,339
1686111180.7363157,341
1686111180.75288,341
1686111180.7649856,341
1686111180.7771833,340
1686111180.7940164,340
1686111180.8058689,341
1686111180.8178468,341
1686111180.8348794,340
1686111180.8467996,340
1686111180.862857,340
1686111180.8758762,342
1686111180.8888018,344
1686111180.9037936,344
1686111180.9167979,345
1686111180.9288795,346
1686111180.9447942,348
1686111180.9578636,352
1686111180.9698827,356
1686111180.9861312,360
1686111180.9988706,365
1686111181.0107977,372
1686111181.0268002,380
1686111181.0397978,391
1686111181.0557961,399
1686111181.068109,409
1686111181.079989,417
1686111181.096871,425
1686111181.1091323,431
1686111181.1218169,436
1686111181.1378908,438
1686111181.1501234,437
1686111181.1617947,434
1686111181.1787944,431
1686111181.1907892,428
1686111181.207112,424
1686111181.219864,419
1686111181.2318623,414
1686111181.2481327,408
1686111181.2608476,406
1686111181.2737956,404
1686111181.2887955,404
1686111181.3017886,403
1686111181.313802,401
1686111181.3308694,402
1686111181.3427868,404
1686111181.3548982,406
1686111181.371213,408
1686111181.3838098,411
1686111181.4000113,412
1686111181.4118512,415
1686111181.4248066,417
1686111181.4410686,419
1686111181.45312,420
1686111181.4658632,418
1686111181.4819713,414
1686111181.493799,410
1686111181.506421,403
1686111181.5229933,394
1686111181.5352006,382
1686111181.5515811,367
1686111181.5637927,349
1686111181.5761216,332
1686111181.5918648,317
1686111181.6049397,303
1686111181.6170897,291
1686111181.6336465,281
1686111181.6460397,273
1686111181.6581867,268
1686111181.675183,266
1686111181.6865005,265
1686111181.7028644,265
1686111181.7148526,266
1686111181.7270992,269
1686111181.7438197,273
1686111181.75655,278
1686111181.7687802,283
1686111181.7846131,287
1686111181.7975574,291
1686111181.8093245,297
1686111181.8260891,302
1686111181.8381202,308
1686111181.8500698,313
1686111181.8670924,316
1686111181.8790102,319
1686111181.895066,323
1686111181.9080863,327
1686111181.9202533,331
1686111181.936025,333
1686111181.949084,335
1686111181.9611404,338
1686111181.9773273,341
1686111181.9900815,344
1686111182.0020707,347
1686111182.0183408,348
1686111182.0310752,349
1686111182.0470095,351
1686111182.059028,353
1686111182.0710275,356
1686111182.0880861,357
1686111182.1005597,357
1686111182.1135287,358
1686111182.1288366,359
1686111182.1415858,361
1686111182.1535983,363
1686111182.1695962,364
1686111182.18196,365
1686111182.1986175,367
1686111182.2107952,371
1686111182.2235193,380
1686111182.2399652,389
1686111182.2515166,397
1686111182.264122,404
1686111182.280582,410
1686111182.2928698,416
1686111182.3045151,421
1686111182.321884,424
1686111182.3335366,426
1686111182.3455257,428
1686111182.362581,430
1686111182.375247,433
1686111182.391125,433
1686111182.403278,430
1686111182.415627,427
1686111182.4323523,423
1686111182.444704,417
1686111182.4563372,414
1686111182.4732854,409
1686111182.4853609,403
1686111182.4974167,398
1686111182.5142643,394
1686111182.5266871,392
1686111182.542628,391
1686111182.5546181,393
1686111182.5676153,396
1686111182.5836294,400
1686111182.5956805,410
1686111182.6084378,419
1686111182.6243873,429
1686111182.6374373,435
1686111182.649444,440
1686111182.6655521,440
1686111182.677699,443
1686111182.6903934,443
1686111182.706225,443
1686111182.7182238,441
1686111182.7353053,438
1686111182.7472384,434
1686111182.7595878,430
1686111182.7762852,426
1686111182.7882237,421
1686111182.8014674,412
1686111182.8170924,401
1686111182.8289614,387
1686111182.8420331,371
1686111182.857972,354
1686111182.8700347,337
1686111182.8862894,320
1686111182.8990858,305
1686111182.9119794,294
1686111182.9279726,287
1686111182.940224,283
1686111182.9522948,280
1686111182.9685175,279
1686111182.981245,279
1686111182.9932756,280
1686111183.0093014,283
1686111183.0219765,287
1686111183.0379777,291
1686111183.0509999,295
1686111183.0630374,300
1686111183.0789726,305
1686111183.0910351,312
1686111183.1039884,317
1686111183.1209803,322
1686111183.1323013,327
1686111183.1450415,332
1686111183.1612475,337
1686111183.1733048,342
1686111183.18604,345
1686111183.2021875,348
1686111183.2140365,351
1686111183.2310405,353
1686111183.2430289,354
1686111183.254972,355
1686111183.2719731,356
1686111183.2839751,356
1686111183.2970414,356
1686111183.3130462,356
1686111183.325067,357
1686111183.3379817,358
1686111183.3539748,359
1686111183.3660138,360
1686111183.3820329,362
1686111183.3950589,365
1686111183.407046,368
1686111183.422976,370
1686111183.435082,372
1686111183.4480424,373
1686111183.4639919,373
1686111183.4763145,375
1686111183.4889803,377
1686111183.5050268,379
1686111183.517295,379
1686111183.5300572,379
1686111183.5460267,379
1686111183.5582962,380
1686111183.5750568,381
1686111183.5875258,381
1686111183.5989988,380
1686111183.6160014,380
1686111183.6280355,380
1686111183.6402988,381
1686111183.6570501,382
1686111183.6693838,383
1686111183.6813092,382
1686111183.6980534,382
1686111183.7100213,383
1686111183.726058,383
1686111183.7380002,383
1686111183.751057,382
1686111183.7669973,380
1686111183.7800734,380
1686111183.7920737,380
1686111183.808231,381
1686111183.8202097,382
1686111183.8332038,381
1686111183.8493724,381
1686111183.861279,381
1686111183.8772147,381
1686111183.8903198,382
1686111183.902278,381
1686111183.9192762,380
1686111183.931284,379
1686111183.9433997,378
1686111183.9592655,379
1686111183.9722834,380
1686111183.9842741,380
1686111184.0002024,379
1686111184.0123913,379
1686111184.025465,379
1686111184.0414138,380
1686111184.0534606,380
1686111184.0703986,380
1686111184.0824018,379
1686111184.0944088,379
1686111184.1115422,379
1686111184.1235266,381
1686111184.135882,381
1686111184.152594,380
1686111184.16466,380
1686111184.1769109,380
1686111184.1935406,381
1686111184.2055628,382
1686111184.2215,382
1686111184.234547,382
1686111184.2468255,381
1686111184.2627172,381
1686111184.2753966,382
1686111184.287404,383
1686111184.3034139,383
1686111184.3165765,382
1686111184.3285098,382
1686111184.3451643,382
1686111184.3568354,383
1686111184.3688514,384
1686111184.3859713,383
1686111184.3978834,382
1686111184.413621,382
1686111184.4269543,383
1686111184.4390945,384
1686111184.4555411,384
1686111184.4684124,384
1686111184.480038,383
1686111184.5000315,384
1686111184.508782,384
1686111184.521066,385
1686111184.5374203,385
1686111184.5499709,384
1686111184.5657108,383
1686111184.5787523,384
1686111184.5908687,384
1686111184.606559,385
1686111184.6190193,385
1686111184.6312878,384
1686111184.6479769,384
1686111184.6603262,384
1686111184.672368,384
1686111184.6889184,385
1686111184.7007394,384
1686111184.7178717,383
1686111184.7298932,383
1686111184.7418895,383
1686111184.758306,384
1686111184.7701933,384
1686111184.783099,383
1686111184.7991645,382
1686111184.8114636,383
1686111184.8234582,383
1686111184.840466,384
1686111184.8524597,383
1686111184.8644745,383
1686111184.8814628,382
1686111184.893463,382
1686111184.9095206,383
1686111184.922469,383
1686111184.93446,383
1686111184.9505298,383
1686111184.9634657,382
1686111184.9754605,383
1686111184.99153,384
1686111185.003467,385
1686111185.0163603,385
1686111185.0326388,384
1686111185.0450587,384
1686111185.0614195,384
1686111185.073544,385
1686111185.0865314,385
1686111185.1021435,384
1686111185.1149955,383
1686111185.1271772,383
1686111185.1438932,384
1686111185.1554422,384
1686111185.168391,384
1686111185.184886,383
1686111185.1969385,383
1686111185.2091928,383
1686111185.225716,384
1686111185.237964,385
1686111185.2539103,384
1686111185.2659466,384
1686111185.2790647,384
1686111185.2945123,385
1686111185.307505,387
1686111185.3204172,389
1686111185.335919,390
1686111185.3480086,392
1686111185.3606167,395
1686111185.3771503,398
1686111185.3891416,401
1686111185.405401,404
1686111185.4177399,407
1686111185.4303346,410
1686111185.4462812,411
1686111185.4593017,412
1686111185.4708195,415
1686111185.4873838,419
1686111185.499945,423
1686111185.5121658,425
1686111185.52797,426
1686111185.5407076,425
1686111185.5526438,421
1686111185.5698175,416
1686111185.5817873,410
1686111185.5979621,403
1686111185.6106691,397
1686111185.622672,391
1686111185.6393385,385
1686111185.6513717,380
1686111185.663652,375
1686111185.6802464,373
1686111185.6927207,371
1686111185.7049227,369
1686111185.7209387,367
1686111185.7329412,365
1686111185.7501466,362
1686111185.7620895,360
1686111185.7743917,360
1686111185.7903764,360
1686111185.8027017,360
1686111185.815127,358
1686111185.8314831,357
1686111185.844131,358
1686111185.8562899,359
1686111185.8727653,361
1686111185.8851092,361
1686111185.9014783,361
1686111185.9133182,362
1686111185.9256978,364
1686111185.941754,366
1686111185.9546854,368
1686111185.9671583,369
1686111185.9827175,370
1686111185.995779,372
1686111186.007758,374
1686111186.023938,375
1686111186.037127,376
1686111186.0490425,375
1686111186.0647457,374
1686111186.0778253,373
1686111186.0939014,372
1686111186.1065326,371
1686111186.1185954,370
1686111186.1351585,370
1686111186.1467562,370
1686111186.1587713,372
1686111186.1761138,374
1686111186.1880474,375
1686111186.2002242,377
1686111186.2168345,378
1686111186.2291565,379
1686111186.2451527,381
1686111186.2574341,383
1686111186.2700317,384
1686111186.285934,384
1686111186.2990696,384
1686111186.3110278,384
1686111186.3272676,385
1686111186.339119,386
1686111186.351204,386
1686111186.3689802,386
1686111186.380628,386
1686111186.3929458,386
1686111186.4093325,386
1686111186.4217682,387
1686111186.4370332,386
1686111186.4500294,385
1686111186.4620993,384
1686111186.47917,384
1686111186.4911509,384
1686111186.5031888,384
1686111186.5192206,384
1686111186.532134,383
1686111186.5444055,383
1686111186.5603004,383
1686111186.5727067,384
1686111186.5896964,385
1686111186.601128,385
1686111186.613727,384
1686111186.6303296,384
1686111186.6429353,384
1686111186.6546774,385
1686111186.6708255,385
1686111186.6835682,383
1686111186.6960526,382
1686111186.7122695,382
1686111186.7247567,382
1686111186.7410998,382
1686111186.7530096,382
1686111186.7657065,381
1686111186.7817044,380
1686111186.7942257,381
1686111186.8066452,381
1686111186.8224742,381
1686111186.8353379,380
1686111186.847379,379
1686111186.8635678,379
1686111186.8762603,380
1686111186.8883083,381
1686111186.9050357,382
1686111186.9171524,382
1686111186.9334521,380
1686111186.9458358,380
1686111186.957831,380
1686111186.9739022,381
1686111186.9866529,380
1686111186.9986641,377
1686111187.015474,377
1686111187.027164,378
1686111187.0397549,378
1686111187.0561152,376
1686111187.068078,377
1686111187.0851717,377
1686111187.097007,376
1686111187.1097012,377
1686111187.125707,378
1686111187.1379173,378
1686111187.1509674,377
1686111187.1667929,376
1686111187.179259,376
1686111187.1919003,378
1686111187.2080731,378
1686111187.2200906,377
1686111187.23203,377
1686111187.2490723,376
1686111187.2608168,376
1686111187.2767663,376
1686111187.2895663,377
1686111187.3015797,377
1686111187.3185842,376
1686111187.3305142,376
1686111187.343105,376
1686111187.3591237,377
1686111187.371449,378
1686111187.3841646,377
1686111187.4007673,376
1686111187.412661,376
1686111187.4290972,375
1686111187.4417408,377
1686111187.453255,377
1686111187.4696932,376
1686111187.4822528,376
1686111187.4943318,375
1686111187.5110455,376
1686111187.523235,377
1686111187.5350811,377
1686111187.5517473,376
1686111187.5638213,376
1686111187.5801015,376
1686111187.5929084,377
1686111187.6050231,378
1686111187.6218872,378
1686111187.6340477,377
1686111187.646187,376
1686111187.6628172,376
1686111187.6748545,378
1686111187.6870468,378
1686111187.7032132,378
1686111187.7157154,377
1686111187.7281618,376
1686111187.7448173,377
1686111187.7564185,378
1686111187.77313,378
1686111187.7854464,378
1686111187.7984347,376
1686111187.8142872,371
1686111187.8262646,372
1686111187.838524,374
1686111187.8552601,374
1686111187.8671935,373
1686111187.8797004,373
1686111187.8959036,373
1686111187.9085112,375
1686111187.9240117,376
1686111187.9367008,376
1686111187.9493325,375
1686111187.9650939,374
1686111187.9777393,374
1686111187.9897914,375
1686111188.006333,376
1686111188.0182803,375
1686111188.0311916,375
1686111188.047389,375
1686111188.060116,375
1686111188.0720296,376
1686111188.0887063,376
1686111188.101143,375
1686111188.1169705,374
1686111188.1295245,374
1686111188.1420474,375
1686111188.158591,376
1686111188.1705954,376
1686111188.183079,375
1686111188.199234,375
1686111188.2115405,375
1686111188.2235367,375
1686111188.2400877,376
1686111188.252048,376
1686111188.2677581,376
1686111188.2812767,375
1686111188.293474,376
1686111188.30979,376
1686111188.3220413,377
1686111188.3346117,377
1686111188.3506973,376
1686111188.3630683,376
1686111188.3746138,376
1686111188.3913667,377
1686111188.404039,377
1686111188.416293,376
1686111188.4320517,376
1686111188.4446583,376
1686111188.4613376,376
1686111188.4734917,377
1686111188.4855247,377
1686111188.5015876,376
1686111188.5151255,376
1686111188.526221,376
1686111188.5433161,377
1686111188.5552611,377
1686111188.5676265,377
1686111188.5842278,376
1686111188.5963683,375
1686111188.6124554,375
1686111188.6249893,376
1686111188.637616,376
1686111188.6536915,376
1686111188.6657352,375
1686111188.678438,375
1686111188.694402,375
1686111188.7070887,376
1686111188.7188787,376
1686111188.7351778,376
1686111188.748577,375
1686111188.7642617,375
1686111188.776698,376
1686111188.7888525,376
1686111188.8055735,376
1686111188.8177109,376
1686111188.829952,375
1686111188.846296,375
1686111188.858208,376
1686111188.8702505,377
1686111188.8872437,376
1686111188.8998446,376
1686111188.9116805,375
1686111188.928291,375
1686111188.9400127,376
1686111188.957055,376
1686111188.9692955,376
1686111188.982096,375
1686111188.9985187,374
1686111189.009505,375
1686111189.0223389,376
1686111189.0384853,376
1686111189.0510974,376
1686111189.063089,375
1686111189.0800257,375
1686111189.0921936,376
1686111189.1081114,376
1686111189.120467,377
1686111189.133144,376
1686111189.1492555,375
1686111189.1615136,376
1686111189.173517,377
1686111189.1905122,377
1686111189.2026794,377
1686111189.214976,376
1686111189.2309883,376
1686111189.2438586,376
1686111189.255542,377
1686111189.2725103,377
1686111189.2842865,377
1686111189.300346,376
1686111189.3127792,376
1686111189.325863,376
1686111189.3415763,377
1686111189.3535886,377
1686111189.3665795,376
1686111189.3829815,375
1686111189.3949404,375
1686111189.4066942,376
1686111189.4235322,377
1686111189.4360313,376
1686111189.4515517,376
1686111189.4645166,376
1686111189.4770436,371
1686111189.4928977,373
1686111189.505672,374
1686111189.517689,373
1686111189.533906,370
1686111189.5460289,371
1686111189.5590382,371
1686111189.5748317,371
1686111189.5877664,372
1686111189.604065,372
1686111189.6156588,372
1686111189.6287186,372
1686111189.6450617,373
1686111189.6578603,373
1686111189.6697378,374
1686111189.6861184,373
1686111189.6982372,373
1686111189.7108443,373
1686111189.726696,373
1686111189.7390292,373
1686111189.7509952,373
1686111189.7679837,372
1686111189.779978,372
1686111189.7957644,372
1686111189.8087745,373
1686111189.8204784,374
1686111189.8371599,373
1686111189.8500218,372
1686111189.8616989,372
1686111189.8786757,373
1686111189.8910513,374
1686111189.9027026,374
1686111189.919706,373
1686111189.9319468,373
1686111189.9470966,373
1686111189.9604135,374
1686111189.9724183,375
1686111189.989213,375
1686111190.0013018,374
1686111190.0137138,373
1686111190.0296526,373
1686111190.0416574,373
1686111190.0546997,374
1686111190.0710497,374
1686111190.0833628,373
1686111190.0958204,372
1686111190.1118667,372
1686111190.1238568,373
1686111190.1407387,374
1686111190.1527371,374
1686111190.1651812,374
1686111190.1815953,374
1686111190.1932905,367
1686111190.2057958,368
1686111190.2222567,368
1686111190.2339737,368
1686111190.247199,367
1686111190.2631435,367
1686111190.2749913,368
1686111190.292068,369
1686111190.3041706,369
1686111190.316656,369
1686111190.3331041,368
1686111190.3454044,368
1686111190.357965,369
1686111190.37404,370
1686111190.386365,370
1686111190.3989446,369
1686111190.4147038,368
1686111190.4269674,369
1686111190.4398968,370
1686111190.4560304,370
1686111190.4679594,370
1686111190.4847038,369
1686111190.4967992,369
1686111190.508853,370
1686111190.5249627,371
1686111190.538007,372
1686111190.5499597,372
1686111190.5660045,373
1686111190.5790136,374
1686111190.5910108,367
1686111190.60707,367
1686111190.6199634,368
1686111190.6359675,367
1686111190.6486561,366
1686111190.6609623,366
1686111190.677121,366
1686111190.6895487,367
1686111190.701926,367
1686111190.7179172,366
1686111190.7299185,365
1686111190.74192,366
1686111190.7589157,366
1686111190.7709205,367
1686111190.7869174,366
1686111190.799917,366
1686111190.8120518,365
1686111190.82838,365
1686111190.8407006,366
1686111190.8527904,366
1686111190.8689768,366
1686111190.8808706,365
1686111190.893129,365
1686111190.9104059,365
1686111190.9224055,366
1686111190.9344873,366
1686111190.9506462,366
1686111190.9635723,366
1686111190.979787,366
1686111190.9918303,366
1686111191.0039027,367
1686111191.0209036,367
1686111191.0329726,366
1686111191.0449698,365
1686111191.0613751,366
1686111191.0738022,367
1686111191.0867798,367
1686111191.1027734,367
1686111191.1147711,366
1686111191.131797,366
1686111191.1439908,367
1686111191.155854,367
1686111191.172791,368
1686111191.185206,367
1686111191.1970627,366
1686111191.2137165,366
1686111191.2257175,367
1686111191.2380638,368
1686111191.2547219,368
1686111191.266717,367
1686111191.2787664,366
1686111191.2961593,366
1686111191.3083653,367
1686111191.3243363,367
1686111191.336479,366
1686111191.3482933,365
1686111191.364675,364
1686111191.3775716,363
1686111191.390186,364
1686111191.4061882,364
1686111191.4185033,364
1686111191.430511,364
1686111191.4471672,366
1686111191.4591675,370
1686111191.47554,374
1686111191.4881752,378
1686111191.5001662,383
1686111191.5161898,388
1686111191.5291777,395
1686111191.5411637,402
1686111191.5575197,408
1686111191.5702753,413
1686111191.5819917,416
1686111191.5989532,419
1686111191.6110501,421
1686111191.6269708,423
1686111191.6390302,425
1686111191.6518762,426
1686111191.6678815,425
1686111191.680184,423
1686111191.6928902,423
1686111191.7091968,422
1686111191.7208998,420
1686111191.7338793,417
1686111191.7499197,414
1686111191.762217,411
1686111191.7749355,409
1686111191.790881,407
1686111191.802948,405
1686111191.8198802,401
1686111191.8323617,397
1686111191.8444057,393
1686111191.8604152,391
1686111191.8724024,390
1686111191.885336,387
1686111191.9018776,383
1686111191.913378,377
1686111191.9266136,371
1686111191.942671,365
1686111191.9544244,358
1686111191.971365,350
1686111191.9833632,343
1686111191.995623,335
1686111192.0122914,329
1686111192.024292,325
1686111192.0366523,320
1686111192.0533361,316
1686111192.0652976,311
1686111192.0777645,308
1686111192.0943325,306
1686111192.1063342,306
1686111192.1186604,305
1686111192.1353302,304
1686111192.1474404,305
1686111192.1636393,306
1686111192.1763287,310
1686111192.1884067,316
1686111192.2052605,322
1686111192.2172532,328
1686111192.2292564,332
1686111192.245256,335
1686111192.2583098,337
1686111192.2705867,338
1686111192.286707,337
1686111192.29878,336
1686111192.315057,334
1686111192.3277073,333
1686111192.3399909,333
1686111192.3560517,332
1686111192.3686798,332
1686111192.381211,332
1686111192.39736,332
1686111192.4096968,334
1686111192.4214358,337
1686111192.4383767,338
1686111192.4503422,339
1686111192.4662917,340
1686111192.4792926,343
1686111192.4916017,350
1686111192.5076127,358
1686111192.520289,369
1686111192.5322583,380
1686111192.5493226,391
1686111192.561277,402
1686111192.5732446,413
1686111192.5895796,420
1686111192.6019263,427
1686111192.6142595,429
1686111192.6305892,430
1686111192.643306,432
1686111192.659257,432
1686111192.6716747,431
1686111192.6843212,426
1686111192.700581,422
1686111192.7122703,418
1686111192.724261,414
1686111192.7412593,411
1686111192.7532802,407
1686111192.7652636,402
1686111192.7822893,397
1686111192.7945619,394
1686111192.8104522,391
1686111192.8235352,390
1686111192.8354933,388
1686111192.8521767,387
1686111192.8641682,384
1686111192.8764846,386
1686111192.8924878,389
1686111192.9051726,392
1686111192.917176,394
1686111192.9341753,395
1686111192.9461725,397
1686111192.958483,399
1686111192.974498,401
1686111192.9871662,402
1686111193.0032697,402
1686111193.016103,401
1686111193.0281417,400
1686111193.0443091,398
1686111193.0560567,397
1686111193.0691526,393
1686111193.085365,389
1686111193.0980554,384
1686111193.1100528,380
1686111193.1261168,376
1686111193.1390536,372
1686111193.155065,366
1686111193.167091,358
1686111193.1793706,349
1686111193.1958761,338
1686111193.208626,329
1686111193.2205498,321
1686111193.2366152,313
1686111193.249355,307
1686111193.261576,301
1686111193.2772708,299
1686111193.290105,297
1686111193.3028016,296
1686111193.3190897,294
1686111193.3308096,293
1686111193.3478553,293
1686111193.3600361,295
1686111193.3721468,297
1686111193.38807,298
1686111193.4008422,299
1686111193.4128292,300
1686111193.4291513,302
1686111193.4418328,304
1686111193.454127,307
1686111193.4698396,311
1686111193.482845,313
1686111193.4990342,317
1686111193.5113235,321
1686111193.5233018,326
1686111193.540058,331
1686111193.5523627,336
1686111193.5650375,339
1686111193.5810323,343
1686111193.5930305,349
1686111193.6054137,356
1686111193.6220329,362
1686111193.6343677,368
1686111193.650037,373
1686111193.6630998,378
1686111193.6753342,382
1686111193.691378,386
1686111193.7040334,389
1686111193.716034,391
1686111193.7320926,391
1686111193.7450328,391
1686111193.7571406,393
1686111193.7733612,394
1686111193.7860343,395
1686111193.7980516,395
1686111193.8140285,396
1686111193.8271043,398
1686111193.8428361,403
1686111193.8548331,408
1686111193.8676934,412
1686111193.8844059,417
1686111193.896419,421
1686111193.9084027,426
1686111193.9247785,430
1686111193.9373944,433
1686111193.9493845,435
1686111193.9653888,435
1686111193.9784214,434
1686111193.9948177,434
1686111194.0069945,433
1686111194.01882,431
1686111194.0358233,428
1686111194.0478072,425
1686111194.0601215,422
1686111194.0768087,419
1686111194.0888965,414
1686111194.100759,405
1686111194.1173077,393
1686111194.129306,377
1686111194.1459615,361
1686111194.1587074,343
1686111194.1706991,327
1686111194.1877277,313
1686111194.1997676,301
1686111194.211752,292
1686111194.2280188,286
1686111194.240708,282
1686111194.2527173,280
1686111194.2687044,278
1686111194.2817297,277
1686111194.2939286,278
1686111194.3096428,281
1686111194.3226314,284
1686111194.3385284,288
1686111194.3508172,291
1686111194.3636017,295
1686111194.3795846,299
1686111194.391616,304
1686111194.4045477,310
1686111194.42065,315
1686111194.43294,319
1686111194.444914,322
1686111194.461617,326
1686111194.4739318,332
1686111194.4896085,336
1686111194.5025625,339
1686111194.5145814,341
1686111194.5309134,343
1686111194.5435674,348
1686111194.5558515,353
1686111194.5718946,358
1686111194.5845563,363
1686111194.5965526,366
1686111194.6132917,370
1686111194.625232,374
1686111194.6382508,377
1686111194.6542463,378
1686111194.6662393,379
1686111194.6832476,378
1686111194.695241,378
1686111194.7072847,378
1686111194.7232893,378
1686111194.7363458,377
1686111194.7482827,376
1686111194.7642858,374
1686111194.7763498,373
1686111194.7893758,373
1686111194.805683,372
1686111194.8185267,371
1686111194.8344228,369
1686111194.8470008,368
1686111194.8589492,368
1686111194.8749413,368
1686111194.8876364,368
1686111194.8999796,367
1686111194.9159262,366
1686111194.9289896,365
1686111194.9409516,366
1686111194.9572403,367
1686111194.9692311,367
1686111194.981923,366
1686111194.997936,366
1686111195.0102348,365
1686111195.0269303,365
1686111195.0389047,366
1686111195.051229,366
1686111195.067926,365
1686111195.0801792,365
1686111195.0919316,365
1686111195.1090696,365
1686111195.1210976,366
1686111195.1333678,366
1686111195.1500642,365
1686111195.162078,365
1686111195.1780682,366
1686111195.1903877,367
1686111195.203086,367
1686111195.2193258,367
1686111195.2311342,366
1686111195.2440696,365
1686111195.2603424,365
1686111195.272075,366
1686111195.2850642,366
1686111195.3008962,365
1686111195.3138485,364
1686111195.3298337,364
1686111195.3428342,365
1686111195.3547428,366
1686111195.3708847,366
1686111195.3828993,366
1686111195.394941,365
1686111195.411935,365
1686111195.424184,366
1686111195.4359605,367
1686111195.4529142,367
1686111195.4648838,366
1686111195.4772134,366
1686111195.493885,367
1686111195.5058837,368
1686111195.522926,368
1686111195.5348928,368
1686111195.5468848,367
1686111195.5628934,366
1686111195.5748806,366
1686111195.5878813,367
1686111195.6039524,367
1686111195.6158867,366
1686111195.6289022,365
1686111195.645199,365
1686111195.6579642,365
1686111195.6738834,366
1686111195.6861813,365
1686111195.6988595,364
1686111195.7150433,363
1686111195.7268624,362
1686111195.7391658,362
1686111195.7558594,362
1686111195.7683482,362
1686111195.7798462,361
1686111195.796903,361
1686111195.8093407,361
1686111195.8215184,362
1686111195.8379424,362
1686111195.8501291,363
1686111195.8659317,362
1686111195.8788686,362
1686111195.8908687,363
1686111195.907665,364
1686111195.9190798,364
1686111195.9321432,364
1686111195.947884,363
1686111195.9609072,364
1686111195.972773,365
1686111195.9898074,366
1686111196.0017076,367
1686111196.0180805,366
1686111196.0304267,366
1686111196.0429227,366
1686111196.0590143,367
1686111196.0710013,368
1686111196.0830507,367
1686111196.0998886,367
1686111196.1119452,366
1686111196.1241717,367
1686111196.1406465,367
1686111196.1532845,368
1686111196.1693428,367
1686111196.181358,366
1686111196.1943662,366
1686111196.2109585,367
1686111196.2227738,368
1686111196.2348242,368
1686111196.251857,368
1686111196.2633543,367
1686111196.2758772,366
1686111196.2924256,367
1686111196.3048065,367
1686111196.3171246,367
1686111196.3333235,367
1686111196.3461177,366
1686111196.3621266,366
1686111196.3739164,367
1686111196.386906,368
1686111196.4029043,368
1686111196.4149036,367
1686111196.4269555,367
1686111196.4439054,368
1686111196.4559045,369
1686111196.4682329,369
1686111196.4849124,369
1686111196.4969687,368
1686111196.5129087,368
1686111196.5259097,369
1686111196.5379696,369
1686111196.5539677,369
1686111196.566908,369
1686111196.5789316,368
1686111196.5957384,368
1686111196.6074054,369
1686111196.620233,369
1686111196.6364317,369
1686111196.648476,368
1686111196.6611378,368
1686111196.677872,369
1686111196.6901731,370
1686111196.7058074,371
1686111196.7185745,371
1686111196.7302592,370
1686111196.7468526,370
1686111196.759035,370
1686111196.7720816,371
1686111196.7880533,372
1686111196.8005745,372
1686111196.8124428,371
1686111196.8287842,372
1686111196.8416119,372
1686111196.8578072,374
1686111196.86985,374
1686111196.8821998,374
1686111196.8980596,374
1686111196.9103668,375
1686111196.9233532,377
1686111196.9393682,380
1686111196.9520998,382
1686111196.963642,385
1686111196.980352,389
1686111196.993087,394
1686111197.0092316,400
1686111197.0212603,406
1686111197.0331979,409
1686111197.0504847,407
1686111197.0628655,403
1686111197.074655,397
1686111197.0913525,390
1686111197.1038508,383
1686111197.1152916,375
1686111197.1320999,368
1686111197.1445935,363
1686111197.156419,360
1686111197.1731277,359
1686111197.1857722,357
1686111197.2017682,355
1686111197.2134361,353
1686111197.226554,352
1686111197.243104,352
1686111197.25462,352
1686111197.267622,351
1686111197.28399,350
1686111197.296629,350
1686111197.3086326,350
1686111197.3242993,352
1686111197.3369784,354
1686111197.3528435,354
1686111197.3656065,354
1686111197.378102,355
1686111197.3944924,356
1686111197.4060476,358
1686111197.4189956,360
1686111197.4349837,360
1686111197.4476347,361
1686111197.4597516,361
1686111197.47601,362
1686111197.4887476,364
1686111197.5001597,364
1686111197.5172358,363
1686111197.5295942,362
1686111197.5457358,363
1686111197.5581114,364
1686111197.5707147,366
1686111197.5868747,367
1686111197.5988176,367
1686111197.6116958,367
1686111197.6281147,367
1686111197.6403537,367
1686111197.653027,367
1686111197.6689956,365
1686111197.6806674,363
1686111197.6974432,362
1686111197.7102811,361
1686111197.7213225,362
1686111197.7383847,362
1686111197.750919,361
1686111197.7633007,360
1686111197.7792203,360
1686111197.7918863,361
1686111197.8042333,362
1686111197.8198977,362
1686111197.832188,362
1686111197.8483856,361
1686111197.8613217,362
1686111197.8736017,364
1686111197.88986,366
1686111197.9017262,367
1686111197.9146113,366
1686111197.9306061,366
1686111197.9430237,366
1686111197.9556499,367
1686111197.9720469,367
1686111197.9838912,367
1686111197.9965117,366
1686111198.0124454,365
1686111198.024451,365
1686111198.0416281,367
1686111198.0540934,368
1686111198.0661125,367
1686111198.082641,366
1686111198.0939815,366
1686111198.1070566,368
1686111198.1237066,369
1686111198.1356804,369
1686111198.1485817,368
1686111198.1644197,367
1686111198.176947,368
1686111198.1927903,368
1686111198.2054582,369
1686111198.2178586,369
1686111198.234127,368
1686111198.2457485,369
1686111198.2587636,369
1686111198.275053,370
1686111198.286937,371
1686111198.298945,371
1686111198.3159122,370
1686111198.329151,370
1686111198.3404417,369
1686111198.3568475,370
1686111198.3687687,370
1686111198.385782,369
1686111198.3980618,368
1686111198.4101787,368
1686111198.4264011,369
1686111198.4394002,370
1686111198.4508212,370
1686111198.4670882,369
1686111198.4790947,369
1686111198.4915793,369
1686111198.5083222,370
1686111198.5206325,371
1686111198.5370505,371
1686111198.5490818,371
1686111198.561148,370
1686111198.5778556,370
1686111198.590079,371
1686111198.6028636,371
1686111198.6183915,371
1686111198.6309822,370
1686111198.643819,369
1686111198.660118,370
1686111198.672267,371
1686111198.68831,371
1686111198.7010698,370
1686111198.7124426,369
1686111198.729585,369
1686111198.7420425,369
1686111198.753495,370
1686111198.7703218,371
1686111198.783055,370
1686111198.7950702,370
1686111198.8109229,370
1686111198.8239007,371
1686111198.836003,372
1686111198.8523815,371
1686111198.8647573,371
1686111198.8807967,370
1686111198.8937187,370
1686111198.9058557,371
1686111198.9224153,372
1686111198.9344394,372
1686111198.9464397,370
1686111198.963124,370
1686111198.97534,370
1686111198.9879456,370
1686111199.0045393,370
1686111199.0164342,369
1686111199.0328977,368
1686111199.0453045,368
1686111199.0573013,368
1686111199.0739074,369
1686111199.0858874,370
1686111199.097952,370
1686111199.1146805,369
1686111199.1261778,369
1686111199.1393216,370
1686111199.1551147,371
1686111199.1681154,371
1686111199.179747,370
1686111199.196012,370
1686111199.2088394,370
1686111199.2249064,371
1686111199.2372575,372
1686111199.2498055,372
1686111199.2661386,371
1686111199.2781003,370
1686111199.290739,371
1686111199.3071413,372
1686111199.3190975,372
1686111199.331853,371
1686111199.3480399,370
1686111199.3603036,370
1686111199.3758156,370
1686111199.388444,371
1686111199.401913,371
1686111199.4174538,371
1686111199.4294324,370
1686111199.4424286,370
1686111199.459163,370
1686111199.4706743,371
1686111199.4831846,371
1686111199.499718,370
1686111199.5118241,369
1686111199.5241842,369
1686111199.540775,370
1686111199.5527923,371
1686111199.569196,370
1686111199.5814965,369
1686111199.5938551,368
1686111199.609852,369
1686111199.6227846,370
1686111199.635071,370
1686111199.650844,369
1686111199.6628492,368
1686111199.6760855,368
1686111199.6929758,368
1686111199.704245,369
1686111199.7210608,369
1686111199.7331119,368
1686111199.744921,368
1686111199.7612865,368
1686111199.7741685,369
1686111199.7862866,370
1686111199.8030355,370
1686111199.8148463,369
1686111199.8272583,368
1686111199.843385,369
1686111199.8561323,370
1686111199.8722057,371
1686111199.8847516,371
1686111199.8962753,370
1686111199.9134307,369
1686111199.9255602,369
1686111199.9371715,370
1686111199.9541779,371
1686111199.9661894,370
1686111199.9790978,369
1686111199.9948034,369
1686111200.0075147,369
1686111200.0198567,370
1686111200.0361285,371
1686111200.0483084,370
1686111200.0644727,369
1686111200.077183,370
1686111200.0897334,371
1686111200.106017,371
1686111200.117484,371
1686111200.1304836,370
1686111200.1464856,370
1686111200.158879,370
1686111200.1708748,371
1686111200.188021,372
1686111200.2000625,371
1686111200.2163043,370
1686111200.2284834,370
1686111200.241657,370
1686111200.257447,371
1686111200.2694433,371
1686111200.2820363,370
1686111200.2982888,369
1686111200.3101468,368
1686111200.32272,369
1686111200.3388245,369
1686111200.351005,370
1686111200.3630648,369
1686111200.3798873,368
1686111200.391969,369
1686111200.4087315,370
1686111200.4212055,371
1686111200.4336073,371
1686111200.449596,370
1686111200.4621463,369
1686111200.4752607,369
1686111200.4909456,370
1686111200.5030663,371
1686111200.5149932,371
1686111200.5320003,370
1686111200.5440602,370
1686111200.5606713,370
1686111200.572735,371
1686111200.5848596,372
1686111200.6010628,371
1686111200.6129055,370
1686111200.6257927,370
1686111200.6421058,371
1686111200.6541784,372
1686111200.6670396,372
1686111200.6830883,372
1686111200.6956513,371
1686111200.7116194,371
1686111200.7242112,372
1686111200.7367642,373
1686111200.7530687,373
1686111200.7653139,372
1686111200.7770343,371
1686111200.7940166,372
1686111200.8060396,373
1686111200.8187084,373
1686111200.835091,373
1686111200.8470778,372
1686111200.859678,371
1686111200.8760068,372
1686111200.888173,373
1686111200.9041276,373
1686111200.9167159,372
1686111200.9293005,371
1686111200.9454503,370
1686111200.957437,371
1686111200.9699445,372
1686111200.9861445,372
1686111200.9987996,371
1686111201.0109086,370
1686111201.027682,371
1686111201.0397322,372
1686111201.0557966,373
1686111201.0684478,373
1686111201.0808086,373
1686111201.0970528,372
1686111201.1088655,372
1686111201.1211102,373
1686111201.1375995,374
1686111201.149942,374
1686111201.1621299,373
1686111201.1785421,373
1686111201.1911476,373
1686111201.203186,374
1686111201.2200675,374
1686111201.2321758,374
1686111201.247875,373
1686111201.260951,373
1686111201.2733157,374
1686111201.2890422,375
1686111201.3011718,375
1686111201.3140547,375
1686111201.33057,374
1686111201.3429494,374
1686111201.354712,375
1686111201.3715653,375
1686111201.3836262,376
1686111201.4000747,375
1686111201.4120624,374
1686111201.4247813,374
1686111201.441049,375
1686111201.4534323,376
1686111201.4651906,375
1686111201.4819448,375
1686111201.4936373,374
1686111201.5068862,374
1686111201.5233042,374
1686111201.5348675,374
1686111201.547552,374
1686111201.5635984,372
1686111201.5757527,372
1686111201.5921354,372
1686111201.6051147,373
1686111201.6172476,373
1686111201.6337018,373
1686111201.6461315,372
1686111201.6577559,373
1686111201.6746686,374
1686111201.6870954,375
1686111201.6983316,375
1686111201.715787,375
1686111201.7277303,374
1686111201.7440426,375
1686111201.7566912,376
1686111201.7689435,377
1686111201.785097,376
1686111201.797464,375
1686111201.8098338,375
1686111201.826044,375
1686111201.8385153,376
1686111201.8506296,376
1686111201.8680372,375
1686111201.8794188,375
1686111201.895003,374
1686111201.9081724,376
1686111201.9200068,377
1686111201.9366925,377
1686111201.9484942,376
1686111201.9607282,376
1686111201.9771602,376
1686111201.9898634,377
1686111202.0022209,377
1686111202.018747,377
1686111202.030832,377
1686111202.0427308,376
1686111202.0590405,376
1686111202.0720873,377
1686111202.0881646,378
1686111202.1000934,377
1686111202.1120846,376
1686111202.1291096,375
1686111202.1411436,375
1686111202.1540897,376
1686111202.1700876,376
1686111202.1822178,375
1686111202.194571,374
1686111202.211088,374
1686111202.2235372,374
1686111202.239156,375
1686111202.2520897,375
1686111202.2640843,374
1686111202.2805831,374
1686111202.292643,374
1686111202.3045983,375
1686111202.3215065,376
1686111202.3334544,376
1686111202.3464475,376
1686111202.3625405,375
1686111202.374776,376
1686111202.3865104,377
1686111202.4035728,378
1686111202.4154513,377
1686111202.4320438,376
1686111202.4447021,376
1686111202.4567778,377
1686111202.4727662,377
1686111202.4857018,378
1686111202.4977887,378
1686111202.5143034,377
1686111202.5267026,377
1686111202.538947,377
1686111202.555035,377
1686111202.5672908,377
1686111202.5836515,376
1686111202.5963438,375
1686111202.6084738,374
1686111202.6249707,375
1686111202.6370523,376
1686111202.6489725,376
1686111202.664974,376
1686111202.6779797,375
1686111202.6901796,375
1686111202.7069726,376
1686111202.7190583,376
1686111202.734976,376
1686111202.747043,374
1686111202.7599604,374
1686111202.77621,374
1686111202.7884133,374
1686111202.800963,374
1686111202.816991,373
1686111202.8296545,371
1686111202.8417194,371
1686111202.857982,372
1686111202.8706355,373
1686111202.8827405,374
1686111202.8985913,375
1686111202.9115825,376
1686111202.9277143,376
1686111202.9395995,378
1686111202.9525807,379
1686111202.96858,380
1686111202.9809217,380
1686111202.9936671,380
1686111203.0095823,382
1686111203.0219333,385
1686111203.0341558,389
1686111203.0508263,392
1686111203.0628183,395
1686111203.0788274,398
1686111203.0912986,402
1686111203.1038907,406
1686111203.119805,409
1686111203.1326327,409
1686111203.1443436,409
1686111203.1612794,408
1686111203.1739233,409
1686111203.185898,409
1686111203.202197,408
1686111203.2146587,407
1686111203.2265742,406
1686111203.2426615,406
1686111203.2555811,406
1686111203.2711806,406
1686111203.2842798,405
1686111203.2962117,403
1686111203.3125618,402
1686111203.3247516,402
1686111203.3376603,402
1686111203.354084,401
1686111203.365657,400
1686111203.377716,399
1686111203.3951552,398
1686111203.4067142,398
1686111203.4229763,398
1686111203.435651,399
1686111203.4476495,399
1686111203.463712,400
1686111203.4766514,400
1686111203.4892724,400
1686111203.5047097,397
1686111203.5177116,387
1686111203.529631,373
1686111203.5461178,356
1686111203.5586843,342
1686111203.574975,331
1686111203.5866108,323
1686111203.599613,317
1686111203.6159642,313
1686111203.627618,311
1686111203.6406126,312
1686111203.6568935,315
1686111203.6689157,318
1686111203.6816146,321
1686111203.6976125,323
1686111203.7097287,326
1686111203.721886,330
1686111203.7386703,335
1686111203.751217,340
1686111203.7670453,343
1686111203.7796636,347
1686111203.7920003,350
1686111203.8086638,354
1686111203.8206644,357
1686111203.8328106,358
1686111203.8491294,358
1686111203.861813,358
1686111203.8738081,358
1686111203.8901315,359
1686111203.9028106,359
1686111203.9188128,359
1686111203.93113,359
1686111203.9438686,359
1686111203.9598222,360
1686111203.971869,364
1686111203.9848087,368
1686111204.0008242,371
1686111204.0129206,372
1686111204.0258114,372
1686111204.0418038,374
1686111204.054326,377
1686111204.0662801,380
1686111204.0825028,385
1686111204.0954971,389
1686111204.1115131,395
1686111204.12384,402
1686111204.135838,409
1686111204.1525726,418
1686111204.165113,427
1686111204.1770997,435
1686111204.1931694,445
1686111204.2055266,453
1686111204.2181845,460
1686111204.2343853,464
1686111204.2461174,466
1686111204.263098,468
1686111204.275253,469
1686111204.2871873,470
1686111204.3041768,470
1686111204.316401,468
1686111204.3281357,465
1686111204.3444183,461
1686111204.3574207,457
1686111204.3694956,453
1686111204.3854203,449
1686111204.3984184,443
1686111204.4105704,437
1686111204.4265244,430
1686111204.4385936,422
1686111204.4556344,410
1686111204.4675713,395
1686111204.4794912,374
1686111204.4965613,350
1686111204.508849,328
1686111204.521561,309
1686111204.5375106,294
1686111204.5495007,280
1686111204.5617354,268
1686111204.5784395,259
1686111204.590422,253
1686111204.6068022,250
1686111204.618947,248
1686111204.631651,247
1686111204.6484535,248
1686111204.6604357,250
1686111204.672435,254
1686111204.688787,260
1686111204.7014334,267
1686111204.7136648,273
1686111204.7293034,280
1686111204.74233,288
1686111204.7583554,295
1686111204.770302,304
1686111204.7833047,313
1686111204.7996562,321
1686111204.8116229,330
1686111204.8243048,338
1686111204.8403218,348
1686111204.8526618,357
1686111204.8653064,364
1686111204.8813396,369
1686111204.8937528,373
1686111204.906304,378
1686111204.9223964,382
1686111204.9349284,385
1686111204.9509504,388
1686111204.9629347,388
1686111204.9759417,386
1686111204.9922035,384
1686111205.0039284,382
1686111205.016929,379
1686111205.0333598,376
1686111205.0453699,374
1686111205.0576692,374
1686111205.0733569,375
1686111205.0863566,378
1686111205.102406,379
1686111205.114356,380
1686111205.1273556,380
1686111205.1431305,379
1686111205.1561387,379
1686111205.16816,378
1686111205.1842701,376
1686111205.1972067,374
1686111205.2091353,373
1686111205.225716,374
1686111205.2379835,374
1686111205.2501907,374
1686111205.266446,373
1686111205.279103,377
1686111205.2950907,384
1686111205.3071566,395
1686111205.3192081,408
1686111205.33608,421
1686111205.3480756,432
1686111205.3610795,442
1686111205.3770788,451
1686111205.389135,459
1686111205.4010792,466
1686111205.418079,471
1686111205.4304278,474
1686111205.4464135,475
1686111205.4590797,475
1686111205.4713726,476
1686111205.4874454,475
1686111205.4998195,473
1686111205.512245,469
1686111205.528225,466
1686111205.5406022,463
1686111205.5532882,459
1686111205.5694094,455
1686111205.5816493,447
1686111205.5975506,441
1686111205.610337,432
1686111205.6222692,420
1686111205.638697,403
1686111205.6516728,383
1686111205.6640167,362
1686111205.679892,342
1686111205.6926785,327
1686111205.704999,315
1686111205.72101,307
1686111205.7336807,303
1686111205.7456803,303
1686111205.762114,307
1686111205.774684,316
1686111205.7908218,325
1686111205.802795,337
1686111205.8153505,349
1686111205.8316362,361
1686111205.8440132,377
1686111205.8560805,394
1686111205.8727694,411
1686111205.8849845,425
1686111205.8967795,436
1686111205.9137683,444
1686111205.9257593,449
1686111205.9418619,453
1686111205.9547625,455
1686111205.966763,459
1686111205.9836307,462
1686111205.9957633,465
1686111206.0079248,466
1686111206.024771,467
1686111206.035992,468
1686111206.048921,468
1686111206.0651565,468
1686111206.0777125,468
1686111206.089919,467
1686111206.106122,465
1686111206.1179836,462
1686111206.1349964,456
1686111206.1469827,450
1686111206.1593788,443
1686111206.1759193,438
1686111206.1879191,434
1686111206.2002273,428
1686111206.2169192,422
1686111206.2289975,416
1686111206.2418878,410
1686111206.2578862,406
1686111206.2699573,402
1686111206.286281,398
1686111206.298951,393
1686111206.310979,387
1686111206.3272614,383
1686111206.339951,379
1686111206.3519487,375
1686111206.3680282,372
1686111206.3800592,369
1686111206.3929496,365
1686111206.409016,361
1686111206.4218674,360
1686111206.437401,357
1686111206.450395,355
1686111206.4623961,351
1686111206.4784584,348
1686111206.4914176,346
1686111206.50375,345
1686111206.5199337,344
1686111206.5319514,343
1686111206.543935,340
1686111206.5609982,338
1686111206.573096,337
1686111206.585262,336
1686111206.6019351,336
1686111206.6140132,335
1686111206.6299963,335
1686111206.6428065,339
1686111206.6548638,341
1686111206.671123,341
1686111206.6838052,340
1686111206.695966,338
1686111206.712115,336
1686111206.7248073,336
1686111206.7370455,337
1686111206.753328,338
1686111206.7651176,338
1686111206.7810376,338
1686111206.7942069,338
1686111206.8060963,338
1686111206.8232608,339
1686111206.835201,339
1686111206.8472745,337
1686111206.863712,334
1686111206.8762867,330
1686111206.8885145,327
1686111206.9041948,325
1686111206.9167626,323
1686111206.9331343,321
1686111206.9461355,319
1686111206.9580843,319
1686111206.9746778,319
1686111206.9870846,322
1686111206.999083,323
1686111207.0150802,323
1686111207.0280824,324
1686111207.0401633,325
1686111207.0563803,328
1686111207.0680895,331
1686111207.0810814,333
1686111207.0971444,334
1686111207.1090524,335
1686111207.1250558,337
1686111207.1380548,340
1686111207.1501017,342
1686111207.1670501,343
1686111207.1790504,344
1686111207.1913528,344
1686111207.208055,346
1686111207.2201216,348
1686111207.232768,350
1686111207.2489989,351
1686111207.261073,351
1686111207.2772565,352
1686111207.2897553,353
1686111207.3020852,355
1686111207.3187587,356
1686111207.3307736,357
1686111207.3437612,356
1686111207.359756,358
1686111207.3727622,360
1686111207.3839908,361
1686111207.3997548,362
1686111207.4127593,362
1686111207.424788,361
1686111207.4407952,362
1686111207.453734,363
1686111207.4697974,364
1686111207.4819293,364
1686111207.4949596,363
1686111207.5110142,363
1686111207.5228717,364
1686111207.535201,365
1686111207.5521927,365
1686111207.5641153,365
1686111207.5768325,364
1686111207.5925524,364
1686111207.6054156,365
1686111207.6211998,366
1686111207.6341012,367
1686111207.6460743,366
1686111207.6620903,366
1686111207.675078,365
1686111207.6870697,366
1686111207.7038064,367
1686111207.7158136,367
1686111207.7282395,366
1686111207.7445507,366
1686111207.7571197,366
1686111207.7722044,367
1686111207.785377,368
1686111207.7980506,368
1686111207.8143148,368
1686111207.827259,367
1686111207.8390317,368
1686111207.8552082,369
1686111207.867738,370
1686111207.879966,369
1686111207.896141,369
1686111207.9085422,369
1686111207.9201443,370
1686111207.9370213,371
1686111207.9488084,372
1686111207.9658058,370
1686111207.9778008,369
1686111207.9898672,369
1686111208.0068178,370
1686111208.0188148,371
1686111208.0308707,370
1686111208.0468717,369
1686111208.0600066,369
1686111208.071868,368
1686111208.0878153,369
1686111208.100806,370
1686111208.1168697,369
1686111208.128807,368
1686111208.1418061,368
1686111208.1578171,368
1686111208.1708071,369
1686111208.1828184,369
1686111208.198941,368
1686111208.2114203,367
1686111208.2235003,367
1686111208.2398834,368
1686111208.2516835,369
1686111208.2645247,369
1686111208.2811985,368
1686111208.2926464,368
1686111208.3093016,368
1686111208.3222723,369
1686111208.3346553,370
1686111208.3510482,370
1686111208.3628702,370
1686111208.3752973,369
1686111208.3919146,369
1686111208.4041846,371
1686111208.4161265,373
1686111208.4329627,375
1686111208.4449847,376
1686111208.4613135,378
1686111208.4733691,382
1686111208.485379,386
1686111208.5023706,388
1686111208.5139475,386
1686111208.5270057,392
1686111208.5431876,397
1686111208.5556815,401
1686111208.567379,402
1686111208.584259,401
1686111208.5961313,397
1686111208.6081312,392
1686111208.6246626,386
1686111208.6375105,382
1686111208.6539094,378
1686111208.665907,373
1686111208.6786587,367
1686111208.6949577,361
1686111208.7069023,357
1686111208.7196188,355
1686111208.7360456,354
1686111208.7481782,353
1686111208.7599766,352
1686111208.7766156,351
1686111208.7890668,351
1686111208.805229,352
1686111208.8180466,352
1686111208.8300457,351
1686111208.8462021,350
1686111208.8582726,351
1686111208.8710492,353
1686111208.887093,355
1686111208.8998854,356
1686111208.9120939,355
1686111208.9282682,354
1686111208.9401221,354
1686111208.9561143,355
1686111208.9691591,356
1686111208.9815528,356
1686111208.9981945,357
1686111209.0099428,357
1686111209.0235126,359
1686111209.0389352,362
1686111209.0511193,365
1686111209.0627756,367
1686111209.080008,367
1686111209.0922885,366
1686111209.104013,366
1686111209.1200705,366
1686111209.13308,366
1686111209.1495073,364
1686111209.1620467,362
1686111209.1740353,362
1686111209.1899796,363
1686111209.2025216,365
1686111209.2150636,365
1686111209.2312288,365
1686111209.2438638,364
1686111209.2560387,365
1686111209.2719443,367
1686111209.2847579,369
1686111209.300981,369
1686111209.312815,368
1686111209.3257487,366
1686111209.3415604,365
1686111209.3541138,365
1686111209.3662667,364
1686111209.3829565,363
1686111209.3950152,361
1686111209.407309,361
1686111209.4239516,362
1686111209.4359474,364
1686111209.4487355,366
1686111209.4648583,367
1686111209.4766877,368
1686111209.4931486,368
1686111209.505575,371
1686111209.5181866,373
1686111209.5344267,375
1686111209.5469713,375
1686111209.559021,376
1686111209.5750527,376
1686111209.5879924,377
1686111209.5995424,378
1686111209.6161618,377
1686111209.6280346,376
1686111209.6447666,375
1686111209.6569107,375
1686111209.6692123,375
1686111209.6853907,375
1686111209.6981957,375
1686111209.7108173,374
1686111209.7269986,374
1686111209.7390456,375
1686111209.7517276,376
1686111209.768022,377
1686111209.7797997,376
1686111209.7924633,375
1686111209.8084948,374
1686111209.8208754,374
1686111209.8371341,374
1686111209.8499894,374
1686111209.862058,372
1686111209.8785412,370
1686111209.890533,369
1686111209.9030602,370
1686111209.9191928,370
1686111209.9320452,370
1686111209.9441519,368
1686111209.960549,367
1686111209.9726634,367
1686111209.9890242,368
1686111210.001632,369
1686111210.0136373,369
1686111210.0300364,369
1686111210.0422666,369
1686111210.0547895,370
1686111210.071151,371
1686111210.083418,371
1686111210.0951474,370
1686111210.112127,369
1686111210.124082,368
1686111210.1401093,369
1686111210.1520925,370
1686111210.165091,370
1686111210.1807816,369
1686111210.1937785,368
1686111210.2058003,368
1686111210.2224169,369
1686111210.23493,369
1686111210.2467527,369
1686111210.2638113,368
1686111210.2758055,367
1686111210.2880037,367
1686111210.304414,367
1686111210.3169546,368
1686111210.3330777,368
1686111210.3451293,367
1686111210.3571415,366
1686111210.373868,366
1686111210.3866186,366
1686111210.3985493,367
1686111210.4152508,366
1686111210.4270685,365
1686111210.4391298,365
1686111210.4558485,366
1686111210.468068,368
1686111210.4841368,368
1686111210.4969993,368
1686111210.509231,367
1686111210.5252216,368
1686111210.5373938,369
1686111210.5505176,371
1686111210.5667093,371
1686111210.5786486,371
1686111210.5906644,371
1686111210.607044,371
1686111210.619185,373
1686111210.6316354,374
1686111210.6479592,373
1686111210.6605434,372
1686111210.6766195,371
1686111210.6895435,372
1686111210.7017875,373
1686111210.7180378,373
1686111210.7304509,372
1686111210.7429373,371
1686111210.7591517,370
1686111210.7709115,370
1686111210.7838156,371
1686111210.800572,370
1686111210.8116043,369
1686111210.8290038,368
1686111210.840148,368
1686111210.853062,368
1686111210.8691301,368
1686111210.8819957,368
1686111210.8942494,367
1686111210.9101772,366
1686111210.9229388,366
1686111210.9345658,367
1686111210.951838,367
1686111210.9635687,367
1686111210.979717,366
1686111210.9926815,365
1686111211.0049078,365
1686111211.0204477,366
1686111211.032965,366
1686111211.045013,365
1686111211.0622547,364
1686111211.0744336,364
1686111211.0867412,364
1686111211.1027033,365
1686111211.1154556,366
1686111211.1274314,364
1686111211.144164,364
1686111211.1560636,364
1686111211.1722405,364
1686111211.1850889,365
1686111211.1973586,365
1686111211.213621,364
1686111211.2259002,364
1686111211.2377691,364
1686111211.2550704,366
1686111211.266819,367
1686111211.2793126,367
1686111211.295966,366
1686111211.3081036,366
1686111211.3235803,367
1686111211.3368325,368
1686111211.3495762,368
1686111211.3649588,367
1686111211.377878,367
1686111211.3899386,366
1686111211.4063501,367
1686111211.4188187,368
1686111211.430961,368
1686111211.4471524,368
1686111211.459375,367
1686111211.47113,367
1686111211.487998,367
1686111211.5002747,369
1686111211.516326,368
1686111211.529254,367
1686111211.5410647,367
1686111211.558023,367
1686111211.5700195,368
1686111211.583294,370
1686111211.5990648,369
1686111211.6110563,368
1686111211.622901,368
1686111211.6395636,369
1686111211.651834,370
1686111211.6682746,370
1686111211.6801007,369
1686111211.694141,369
1686111211.7097702,368
1686111211.7217815,369
1686111211.7338393,370
1686111211.7503142,370
1686111211.7627888,369
1686111211.7749853,369
1686111211.790921,369
1686111211.8037262,370
1686111211.819451,371
1686111211.8319287,371
1686111211.8447268,371
1686111211.861087,370
1686111211.8725042,371
1686111211.885567,372
1686111211.9019847,373
1686111211.913895,373
1686111211.9270194,372
1686111211.9428976,372
1686111211.9551315,373
1686111211.9670904,374
1686111211.983652,375
1686111211.995989,375
1686111212.0116148,374
1686111212.024554,374
1686111212.0366108,375
1686111212.0536475,376
1686111212.0656,376
1686111212.077656,376
1686111212.0946474,375
1686111212.106414,376
1686111212.1190999,377
1686111212.135247,378
1686111212.147276,378
1686111212.1638682,378
1686111212.1759255,377
1686111212.1881983,378
1686111212.205136,378
1686111212.217267,378
1686111212.229369,377
1686111212.245742,375
1686111212.258397,374
1686111212.2700808,374
1686111212.2873757,375
1686111212.2990253,375
1686111212.3115087,374
1686111212.3280442,373
1686111212.3400056,374
1686111212.3560033,375
1686111212.3683515,376
1686111212.3817084,377
1686111212.3981543,376
1686111212.4094777,376
1686111212.4214509,376
1686111212.4382744,378
1686111212.450069,379
1686111212.4624307,379
1686111212.479601,379
1686111212.4910924,379
1686111212.5080543,379
1686111212.5201342,380
1686111212.5322058,381
1686111212.5490248,381
1686111212.5614007,380
1686111212.5732334,380
1686111212.5899482,380
1686111212.6026678,381
1686111212.6148317,382
1686111212.630854,381
1686111212.6430917,381
1686111212.6548066,380
1686111212.6714666,380
1686111212.6839228,381
1686111212.7007236,381
1686111212.712144,381
1686111212.7247608,381
1686111212.7417095,381
1686111212.7537627,382
1686111212.7661197,383
1686111212.782489,382
1686111212.7949805,381
1686111212.8070111,381
1686111212.8229089,381
1686111212.83685,382
1686111212.852174,383
1686111212.8643758,383
1686111212.8768814,382
1686111212.8930779,382
1686111212.9050288,383
1686111212.9178865,384
1686111212.9341679,384
1686111212.9463959,383
1686111212.9585412,382
1686111212.9750435,382
1686111212.9870327,382
1686111213.0030837,383
1686111213.0159214,383
1686111213.0284774,382
1686111213.0441978,381
1686111213.056281,381
1686111213.0688667,381
1686111213.0858579,382
1686111213.0974004,382
1686111213.1099362,381
1686111213.12671,381
1686111213.1387608,381
1686111213.1508403,382
1686111213.167785,382
1686111213.17963,382
1686111213.195994,381
1686111213.2079968,380
1686111213.2200594,380
1686111213.2371566,381
1686111213.2488112,382
1686111213.261939,381
1686111213.2781465,380
1686111213.2904983,380
1686111213.3024435,380
1686111213.3190498,381
1686111213.3311884,381
1686111213.346868,381
1686111213.3599951,380
1686111213.3721778,380
1686111213.388593,381
1686111213.4005775,382
1686111213.413258,382
1686111213.4298406,381
1686111213.4420054,380
1686111213.4541154,380
1686111213.470149,381
1686111213.4820633,382
1686111213.4950604,381
1686111213.5115256,380
1686111213.5239494,380
1686111213.5393307,380
1686111213.5523646,381
1686111213.5644512,382
1686111213.5811353,381
1686111213.593753,379
1686111213.605111,379
1686111213.6217222,380
1686111213.6345196,381
1686111213.646454,381
1686111213.6629875,380
1686111213.6750515,379
1686111213.6913285,379
1686111213.7040222,380
1686111213.7163036,381
1686111213.7320495,381
1686111213.7450695,380
1686111213.7570498,379
1686111213.7733142,380
1686111213.7859921,381
1686111213.798171,381
1686111213.8139882,380
1686111213.826988,379
1686111213.8429887,379
1686111213.8552642,380
1686111213.8675847,380
1686111213.8842194,381
1686111213.8965645,380
1686111213.9082825,379
1686111213.9252963,378
1686111213.93724,379
1686111213.9492195,380
1686111213.9662218,380
1686111213.9783256,379
1686111213.990223,378
1686111214.007223,378
1686111214.0192869,379
1686111214.0352838,380
1686111214.0482204,379
1686111214.0602179,378
1686111214.0765345,377
1686111214.0892892,378
1686111214.1012826,379
1686111214.1172254,379
1686111214.1292806,378
1686111214.1422698,377
1686111214.1585445,376
1686111214.1703172,377
1686111214.1862228,378
1686111214.1992295,379
1686111214.2112896,377
1686111214.2286665,376
1686111214.240305,376
1686111214.2523625,377
1686111214.2693048,377
1686111214.2813015,378
1686111214.2935748,376
1686111214.3102808,375
1686111214.3222373,376
1686111214.3342311,377
1686111214.351282,378
1686111214.3629005,377
1686111214.3797772,376
1686111214.3918593,376
1686111214.4037938,377
1686111214.4207988,378
1686111214.4330235,379
1686111214.4450727,378
1686111214.4617772,377
1686111214.4738095,377
1686111214.485767,378
1686111214.5025105,379
1686111214.5154521,380
1686111214.530458,379
1686111214.543604,378
1686111214.555779,378
1686111214.5724666,379
1686111214.5847692,380
1686111214.5967448,379
1686111214.6134796,378
1686111214.6254132,378
1686111214.6377914,378
1686111214.6539588,379
1686111214.666273,380
1686111214.6789513,380
1686111214.694956,378
1686111214.7077072,378
1686111214.7240124,378
1686111214.7361114,379
1686111214.7479317,379
1686111214.764935,378
1686111214.777039,377
1686111214.7892048,376
1686111214.8059921,377
1686111214.8182595,378
1686111214.8304164,379
1686111214.8462582,379
1686111214.8593292,379
1686111214.8753314,380
1686111214.8872678,383
1686111214.8995895,384
1686111214.9163177,385
1686111214.928555,384
1686111214.9402072,384
1686111214.957219,384
1686111214.9692674,383
1686111214.9812052,383
1686111214.9981987,381
1686111215.010815,378
1686111215.02682,376
1686111215.0387676,376
1686111215.051335,377
1686111215.0680337,379
1686111215.079974,380
1686111215.0919905,382
1686111215.1089756,384
1686111215.1209726,386
1686111215.133614,389
1686111215.1495655,389
1686111215.16214,389
1686111215.1746676,387
1686111215.190679,387
1686111215.2026565,387
1686111215.2186058,386
1686111215.2316694,385
1686111215.243691,383
1686111215.2605908,381
1686111215.2733061,379
1686111215.2846107,377
1686111215.3013275,375
1686111215.3132563,371
1686111215.3256288,368
1686111215.3423035,364
1686111215.3542607,362
1686111215.370652,362
1686111215.3827026,361
1686111215.3955119,360
1686111215.4113016,359
1686111215.4243236,359
1686111215.4362414,360
1686111215.4523916,362
1686111215.4653058,363
1686111215.4772274,364
1686111215.4932945,365
1686111215.5063038,368
1686111215.5183182,371
1686111215.5342166,375
1686111215.5472128,377
1686111215.5635679,379
1686111215.575525,381
1686111215.5882819,383
1686111215.6042154,387
1686111215.6165311,389
1686111215.6282146,389
1686111215.6452446,390
1686111215.6575365,390
1686111215.6702454,392
1686111215.686235,393
1686111215.6982849,394
1686111215.7142189,394
1686111215.7273817,395
1686111215.7394965,396
1686111215.7555344,399
1686111215.7684739,402
1686111215.780802,404
1686111215.7964675,405
1686111215.8094583,404
1686111215.8215222,405
1686111215.8374271,405
1686111215.8504786,405
1686111215.8654127,403
1686111215.8785012,399
1686111215.8914816,396
1686111215.9075096,394
1686111215.919871,391
1686111215.9324095,389
1686111215.9484847,386
1686111215.9606893,382
1686111215.9727957,378
1686111215.98974,377
1686111216.0017993,377
1686111216.0139883,377
1686111216.0300527,376
1686111216.042815,377
1686111216.0588048,379
1686111216.0707536,381
1686111216.0838163,384
1686111216.1000164,385
1686111216.1117365,385
1686111216.1248157,385
1686111216.140932,386
1686111216.153218,387
1686111216.1652768,388
1686111216.1819663,388
1686111216.1946802,386
1686111216.2096524,385
1686111216.2227123,385
1686111216.2349923,385
1686111216.2517266,385
1686111216.263983,383
1686111216.2757127,382
1686111216.2927163,381
1686111216.3052452,380
1686111216.3169906,380
1686111216.3336601,379
1686111216.3456597,376
1686111216.3579922,372
1686111216.3746593,370
1686111216.3866754,369
1686111216.4026809,368
1686111216.4147222,366
1686111216.4277365,363
1686111216.4437397,361
1686111216.4566715,359
1686111216.468958,358
1686111216.4850194,358
1686111216.4972832,356
1686111216.5089974,354
1686111216.5260305,352
1686111216.5382867,352
1686111216.5539746,352
1686111216.5666335,353
1686111216.5792558,352
1686111216.5955355,352
1686111216.6082582,354
1686111216.620186,358
1686111216.6362135,363
1686111216.6485844,369
1686111216.6611917,375
1686111216.677192,380
1686111216.689559,386
1686111216.7062972,390
1686111216.718752,391
1686111216.7304761,388
1686111216.7472715,384
1686111216.7595599,380
1686111216.7718453,376
1686111216.7881258,372
1686111216.7999034,369
1686111216.8129146,366
1686111216.8288484,362
1686111216.8409007,359
1686111216.853845,358
1686111216.869871,358
1686111216.8821623,359
1686111216.8988564,358
1686111216.9112973,358
1686111216.9232292,358
1686111216.939737,359
1686111216.9514697,360
1686111216.96447,360
1686111216.9799683,358
1686111216.9929655,358
1686111217.0052905,358
1686111217.0209646,359
1686111217.0339758,362
1686111217.0500312,363
1686111217.061969,363
1686111217.0745099,365
1686111217.0912766,368
1686111217.1034124,374
1686111217.1152692,378
1686111217.1322,382
1686111217.144259,384
1686111217.156471,386
1686111217.1732829,388
1686111217.1851935,391
1686111217.19744,393
1686111217.2142928,393
1686111217.2264445,391
1686111217.2427607,390
1686111217.255509,389
1686111217.267402,389
1686111217.2832491,388
1686111217.296261,388
1686111217.308295,387
1686111217.32421,388
1686111217.3372,388
1686111217.3491964,387
1686111217.365215,385
1686111217.3782697,382
1686111217.3941956,380
1686111217.4065711,380
1686111217.419221,380
1686111217.4353256,378
1686111217.44723,376
1686111217.460517,374
1686111217.4765947,373
1686111217.4885972,373
1686111217.5005176,374
1686111217.516519,374
1686111217.5295174,374
1686111217.5458329,373
1686111217.5587046,372
1686111217.5705886,372
1686111217.586536,372
1686111217.5985756,371
1686111217.6115813,370
1686111217.6275747,369
1686111217.6395617,370
1686111217.6525126,372
1686111217.6685286,376
1686111217.6805696,375
1686111217.6935802,370
1686111217.7095134,365
1686111217.7215145,362
1686111217.7385883,362
1686111217.750596,363
1686111217.7625158,364
1686111217.7794204,366
1686111217.7916248,368
1686111217.804021,372
1686111217.8203158,375
1686111217.8323298,379
1686111217.8450909,380
1686111217.8611932,381
1686111217.8740182,382
1686111217.8890831,384
1686111217.9020393,386
1686111217.9143698,387
1686111217.9310954,386
1686111217.9430273,385
1686111217.9553661,383
1686111217.9710748,382
1686111217.984097,382
1686111217.9960217,382
1686111218.0130863,381
1686111218.025015,381
1686111218.0380158,382
1686111218.0540173,384
1686111218.0661137,384
1686111218.0823798,383
1686111218.0943465,382
1686111218.1070433,381
1686111218.1230142,381
1686111218.1350918,381
1686111218.148187,381
1686111218.1641278,379
1686111218.1766684,378
1686111218.1887937,376
1686111218.205523,377
1686111218.2175865,378
1686111218.233797,377
1686111218.246467,376
1686111218.2585075,375
1686111218.2745636,375
1686111218.2875118,377
1686111218.299536,382
1686111218.3154647,387
1686111218.3284476,389
1686111218.3404574,388
1686111218.3564584,388
1686111218.369464,388
1686111218.381439,386
1686111218.398445,384
1686111218.4098146,380
1686111218.4265337,376
1686111218.438847,374
1686111218.4505072,372
1686111218.4675238,369
1686111218.479801,365
1686111218.4915187,361
1686111218.5085132,358
1686111218.5204468,356
1686111218.533447,354
1686111218.5494478,353
1686111218.5617855,351
1686111218.5775144,349
1686111218.590465,349
1686111218.6024497,351
1686111218.6184974,352
1686111218.631502,353
1686111218.6435022,353
1686111218.6597736,353
1686111218.671705,355
1686111218.684708,357
1686111218.7011216,359
1686111218.712768,359
1686111218.7287073,360
1686111218.7417905,360
1686111218.7537043,362
1686111218.7707748,364
1686111218.7827098,366
1686111218.7948444,366
1686111218.8107743,366
1686111218.8237078,367
1686111218.8357043,368
1686111218.8527246,370
1686111218.8647127,371
1686111218.8769262,370
1686111218.893596,370
1686111218.905959,371
1686111218.921918,372
1686111218.934628,374
1686111218.9466674,374
1686111218.9626052,374
1686111218.9756477,374
1686111218.9877005,375
1686111219.0035977,376
1686111219.016619,377
1686111219.0286558,377
1686111219.045604,376
1686111219.0568624,376
1686111219.0726016,377
1686111219.0856526,379
1686111219.098011,380
1686111219.1142242,379
1686111219.126693,378
1686111219.1396072,378
1686111219.1552312,379
1686111219.1680045,380
1686111219.1801295,381
1686111219.196183,380
1686111219.209051,379
1686111219.2213604,379
1686111219.2384672,381
1686111219.2494605,381
1686111219.2660823,381
1686111219.2793906,380
1686111219.2900186,380
1686111219.3068478,380
1686111219.318918,381
1686111219.3316839,382
1686111219.3481839,381
1686111219.3601742,380
1686111219.3727913,380
1686111219.3891761,381
1686111219.400785,382
1686111219.4170268,382
1686111219.4300563,381
1686111219.441949,380
1686111219.4586923,380
1686111219.47093,381
1686111219.4835012,382
1686111219.499884,382
1686111219.5118167,381
1686111219.5240202,380
1686111219.540267,380
1686111219.5529974,382
1686111219.5649917,382
1686111219.5809777,382
1686111219.5929751,381
1686111219.6101007,381
1686111219.62203,381
1686111219.6349854,382
1686111219.650984,383
1686111219.6630383,382
1686111219.6755798,382
1686111219.6919668,381
1686111219.7040167,382
1686111219.7160277,383
1686111219.7329714,383
1686111219.7450335,382
1686111219.7609844,381
1686111219.7739735,381
1686111219.786003,382
1686111219.8029673,382
1686111219.814969,382
1686111219.8269656,382
1686111219.8429675,381
1686111219.8560998,381
1686111219.8686025,382
1686111219.8839824,383
1686111219.8969784,382
1686111219.9129658,381
1686111219.9249766,380
1686111219.9369695,381
1686111219.9539597,382
1686111219.9659636,382
1686111219.9782705,382
1686111219.9947286,381
1686111220.0066466,381
1686111220.019645,381
1686111220.0360556,382
1686111220.0477848,382
1686111220.0599792,379
1686111220.0763848,375
1686111220.088385,375
1686111220.1054685,379
1686111220.1171172,385
1686111220.12961,390
1686111220.1466575,391
1686111220.1586137,392
1686111220.171408,392
1686111220.1879623,392
1686111220.2001064,392
1686111220.2121027,391
1686111220.2285748,388
1686111220.2411702,386
1686111220.2571106,385
1686111220.2694118,385
1686111220.2815738,384
1686111220.2986493,383
1686111220.3099566,381
1686111220.3229053,379
1686111220.3392787,378
1686111220.351781,378
1686111220.3640387,378
1686111220.3801775,376
1686111220.392636,375
1686111220.4047117,374
1686111220.421134,375
1686111220.4330807,376
1686111220.4499807,376
1686111220.4621212,375
1686111220.4742227,374
1686111220.4910245,374
1686111220.5032418,376
1686111220.5150797,376
1686111220.531231,376
1686111220.5440145,375
1686111220.5563114,375
1686111220.5720189,375
1686111220.5850775,376
1686111220.6013913,376
1686111220.6135488,376
1686111220.6255832,375
1686111220.6426997,374
1686111220.6546378,375
1686111220.6670473,376
1686111220.683335,376
1686111220.6951206,375
1686111220.7080522,374
1686111220.7240736,374
1686111220.736349,374
1686111220.7525363,374
1686111220.765338,374
1686111220.7768116,372
1686111220.7938485,371
1686111220.8060553,372
1686111220.8187108,373
1686111220.8345761,374
1686111220.8469946,374
1686111220.8597069,373
1686111220.8760498,372
1686111220.8878436,373
1686111220.8999093,375
1686111220.9167907,375
1686111220.9291697,375
1686111220.9454954,374
1686111220.958053,374
1686111220.969998,375
1686111220.9865775,376
1686111220.9990387,376
1686111221.0109832,376
1686111221.0268974,375
1686111221.0396347,375
1686111221.0517426,377
1686111221.0677037,378
1686111221.0806658,378
1686111221.0970185,377
1686111221.1093993,376
1686111221.1209488,376
1686111221.137949,377
1686111221.1497867,378
1686111221.1618361,377
1686111221.179209,376
1686111221.1914408,376
1686111221.2033916,376
1686111221.2199657,377
1686111221.2322288,377
1686111221.2442932,376
1686111221.2609992,375
1686111221.273131,375
1686111221.2891006,376
1686111221.3011026,377
1686111221.314183,377
1686111221.3300617,376
1686111221.3425202,375
1686111221.3552139,375
1686111221.371705,376
1686111221.3837178,377
1686111221.3960714,377
1686111221.4123049,376
1686111221.4249918,375
1686111221.4409783,375
1686111221.4528847,376
1686111221.4659588,377
1686111221.4820907,376
1686111221.493949,375
1686111221.5061343,375
1686111221.5225751,375
1686111221.534557,376
1686111221.5478368,377
1686111221.5640697,376
1686111221.5763078,375
1686111221.5881205,375
1686111221.6048453,376
1686111221.6174629,377
1686111221.6332543,377
1686111221.6455753,376
1686111221.6581764,375
1686111221.6748524,376
1686111221.6864758,377
1686111221.698844,378
1686111221.7150245,377
1686111221.7276988,376
1686111221.7396874,376
1686111221.756755,376
1686111221.7686038,377
1686111221.7850912,378
1686111221.7974954,377
1686111221.8094857,376
1686111221.8255496,376
1686111221.838424,377
1686111221.8505924,378
1686111221.8664298,378
1686111221.8793516,378
1686111221.8916414,377
1686111221.907939,377
1686111221.9199805,378
1686111221.936891,379
1686111221.94888,379
1686111221.9613628,378
1686111221.9770868,377
1686111221.9900575,377
1686111222.0017211,379
1686111222.017996,380
1686111222.0306284,379
1686111222.043251,378
1686111222.0591135,378
1686111222.071801,378
1686111222.0848427,379
1686111222.0998402,380
1686111222.1128585,380
1686111222.1289182,378
1686111222.1417015,378
1686111222.153692,379
1686111222.1696908,380
1686111222.1820998,380
1686111222.194951,379
1686111222.2111087,378
1686111222.2236986,378
1686111222.2356253,379
1686111222.2519226,379
1686111222.2639427,380
1686111222.280306,379
1686111222.2933526,378
1686111222.3056157,378
1686111222.321013,379
1686111222.3337843,380
1686111222.3459918,379
1686111222.3625197,378
1686111222.3749917,378
1686111222.3871808,378
1686111222.4029968,380
1686111222.4158971,381
1686111222.4279468,380
1686111222.4445367,379
1686111222.456981,378
1686111222.4730878,379
1686111222.4849565,380
1686111222.4978974,380
1686111222.51429,379
1686111222.5261388,378
1686111222.5380585,378
1686111222.5550528,379
1686111222.5670502,380
1686111222.5797412,380
1686111222.5954752,379
1686111222.6084137,378
1686111222.6253557,378
1686111222.637078,379
1686111222.6491032,380
1686111222.6650705,380
1686111222.6781855,379
1686111222.6897054,378
1686111222.7059498,379
1686111222.7184997,380
1686111222.7312894,381
1686111222.7479596,380
1686111222.7596216,378
1686111222.7759736,378
1686111222.7889054,379
1686111222.800845,379
1686111222.8171663,379
1686111222.8290467,378
1686111222.8418236,377
1686111222.8580348,377
1686111222.8700893,378
1686111222.8822956,379
1686111222.8994956,379
1686111222.9110134,378
1686111222.9238248,377
1686111222.9401002,377
1686111222.952333,379
1686111222.9690065,379
1686111222.9812346,379
1686111222.9929464,378
1686111223.0100532,377
1686111223.0220773,378
1686111223.034566,379
1686111223.0509567,379
1686111223.063062,379
1686111223.075618,378
1686111223.0911274,377
1686111223.1040938,378
1686111223.1203315,379
1686111223.1323755,379
1686111223.145125,378
1686111223.161538,377
1686111223.1735346,377
1686111223.1853158,378
1686111223.2022958,379
1686111223.2143395,379
1686111223.2267506,377
1686111223.2429333,377
1686111223.2554927,377
1686111223.2678235,378
1686111223.2839928,379
1686111223.2965298,378
1686111223.3128679,377
1686111223.3246346,376
1686111223.3372922,376
1686111223.354037,377
1686111223.3659816,378
1686111223.3783858,377
1686111223.3948474,376
1686111223.4070332,376
1686111223.419553,377
1686111223.4359632,377
1686111223.4479961,378
1686111223.4643817,377
1686111223.4768302,376
1686111223.4890468,376
1686111223.5050707,377
1686111223.5171082,378
1686111223.5300553,378
1686111223.546143,377
1686111223.5579698,376
1686111223.5710213,376
1686111223.587617,377
1686111223.5996692,378
1686111223.6116595,377
1686111223.6280115,376
1686111223.6408412,375
1686111223.6569898,376
1686111223.668802,377
1686111223.6814659,377
1686111223.6975176,376
1686111223.7102306,375
1686111223.722005,375
1686111223.738808,376
1686111223.751439,377
1686111223.7637203,377
1686111223.7800357,376
1686111223.7921207,375
1686111223.808771,375
1686111223.820178,376
1686111223.833118,377
1686111223.8491304,377
1686111223.8612006,375
1686111223.8741205,375
1686111223.89006,375
1686111223.9029286,376
1686111223.9149747,377
1686111223.931677,376
1686111223.9436655,375
1686111223.9600239,374
1686111223.972062,375
1686111223.984038,376
1686111224.0011694,376
1686111224.0131526,374
1686111224.0249803,373
1686111224.0420532,373
1686111224.0539246,374
1686111224.0664687,375
1686111224.082963,375
1686111224.095236,374
1686111224.1072965,373
1686111224.1236994,374
1686111224.1358347,375
1686111224.15277,376
1686111224.1641905,376
1686111224.1770365,375
1686111224.193158,374
1686111224.205691,374
1686111224.2179601,376
1686111224.2340665,377
1686111224.246498,376
1686111224.2591505,375
1686111224.2756717,375
1686111224.2878451,376
1686111224.303492,377
1686111224.316058,377
1686111224.3289478,377
1686111224.3450403,376
1686111224.3573608,375
1686111224.3696852,376
1686111224.3859866,377
1686111224.3990402,377
1686111224.4105203,376
1686111224.4270668,375
1686111224.4391012,375
1686111224.4515922,376
1686111224.467808,378
1686111224.4802206,377
1686111224.4959583,376
1686111224.508876,376
1686111224.5208638,376
1686111224.53775,377
1686111224.549695,378
1686111224.5622785,377
1686111224.5780263,376
1686111224.5907953,376
1686111224.602926,377
1686111224.619001,377
1686111224.6317554,378
1686111224.6481636,377
1686111224.659739,376
1686111224.6730044,376
1686111224.688986,377
1686111224.7010417,378
1686111224.7131817,378
1686111224.730008,377
1686111224.7425463,376
1686111224.7548847,376
1686111224.770941,377
1686111224.7833116,378
1686111224.798728,377
1686111224.8120983,376
1686111224.8240077,375
1686111224.8409247,376
1686111224.8528495,377
1686111224.8650076,377
1686111224.8810637,378
1686111224.8931632,377
1686111224.9061239,377
1686111224.9221625,379
1686111224.9341624,381
1686111224.947115,382
1686111224.9632504,381
1686111224.975782,380
1686111224.9912367,380
1686111225.0042505,381
1686111225.0162842,381
1686111225.0333056,381
1686111225.045236,380
1686111225.0572913,379
1686111225.0733016,380
1686111225.0862453,382
1686111225.0984018,383
1686111225.1142316,383
1686111225.127237,382
1686111225.1432676,382
1686111225.155265,382
1686111225.1677988,383
1686111225.1842322,383
1686111225.1962874,382
1686111225.2088652,381
1686111225.22529,380
1686111225.2375886,381
1686111225.2502503,381
1686111225.2665017,381
1686111225.2789888,379
1686111225.2908628,377
1686111225.3075764,377
1686111225.3198762,378
1686111225.3355644,378
1686111225.34859,376
1686111225.360885,373
1686111225.3765812,372
1686111225.389385,372
1686111225.4014325,373
1686111225.4174523,374
1686111225.4303973,373
1686111225.4423845,372
1686111225.4584384,371
1686111225.471457,370
1686111225.487063,371
1686111225.500038,372
1686111225.5121675,371
1686111225.5290427,371
1686111225.541072,371
1686111225.553058,372
1686111225.5693555,373
1686111225.58205,374
1686111225.5942214,373
1686111225.6100469,372
1686111225.6230361,372
1686111225.6351352,373
1686111225.651353,374
1686111225.6640406,374
1686111225.680039,373
1686111225.6921992,372
1686111225.7048802,373
1686111225.7208734,375
1686111225.7329383,375
1686111225.7458987,370
1686111225.7621417,368
1686111225.7739463,368
1686111225.7868705,369
1686111225.8030453,370
1686111225.8149395,370
1686111225.8318782,370
1686111225.8438892,369
1686111225.8559163,369
1686111225.8728988,370
1686111225.8850293,372
1686111225.896867,373
1686111225.9139304,371
1686111225.9258902,371
1686111225.9384303,372
1686111225.9544194,374
1686111225.9664273,375
1686111225.9835238,376
1686111225.9954379,376
1686111226.0074382,377
1686111226.0244882,378
1686111226.0364213,381
1686111226.0484288,383
1686111226.0647717,384
1686111226.0777178,384
1686111226.0898533,386
1686111226.1060188,388
1686111226.1187716,390
1686111226.1307147,392
1686111226.1467159,392
1686111226.1597042,392
1686111226.1757312,393
1686111226.1880193,394
1686111226.1997032,396
1686111226.216702,397
1686111226.2287064,396
1686111226.2417002,395
1686111226.2577899,396
1686111226.2699711,397
1686111226.2817569,397
1686111226.2982125,396
1686111226.3112066,394
1686111226.32721,392
1686111226.3395228,390
1686111226.3522103,389
1686111226.3682225,388
1686111226.3802993,386
1686111226.3928494,383
1686111226.4087865,382
1686111226.4217885,382
1686111226.4337733,383
1686111226.450071,383
1686111226.4628253,381
1686111226.4752672,379
1686111226.490773,376
1686111226.5037117,375
1686111226.519718,373
1686111226.531719,370
1686111226.5437665,366
1686111226.560698,363
1686111226.572716,361
1686111226.585335,361
1686111226.6020322,361
1686111226.6142888,359
1686111226.626088,357
1686111226.6429746,357
1686111226.654772,357
1686111226.67109,360
1686111226.683777,362
1686111226.6957843,362
1686111226.7120812,361
1686111226.724784,362
1686111226.7369182,362
1686111226.753783,364
1686111226.7657683,363
1686111226.777888,361
1686111226.7941008,358
1686111226.8064075,356
1686111226.8190854,355
1686111226.8356345,354
1686111226.8477168,352
1686111226.8630788,349
1686111226.8761005,346
1686111226.888768,345
1686111226.9044456,346
1686111226.9172492,347
1686111226.929193,347
1686111226.945554,348
1686111226.9582033,350
1686111226.970194,355
1686111226.9871826,361
1686111226.9988523,366
1686111227.0151842,370
1686111227.0278337,373
1686111227.0398452,377
1686111227.055898,382
1686111227.0688555,387
1686111227.0815182,390
1686111227.0976279,392
1686111227.109686,394
1686111227.1216323,396
1686111227.1379607,399
1686111227.1506553,402
1686111227.1667008,405
1686111227.1789756,407
1686111227.1916497,409
1686111227.2076318,411
1686111227.2199645,413
1686111227.232655,414
1686111227.2486484,415
1686111227.2609518,413
1686111227.2736292,412
1686111227.2896538,411
1686111227.302649,411
1686111227.3146863,409
1686111227.3306322,405
1686111227.3427052,403
1686111227.358631,400
1686111227.371632,399
1686111227.3837066,398
1686111227.4006908,396
1686111227.4129617,393
1686111227.4249606,389
1686111227.441657,388
1686111227.4538817,387
1686111227.465694,387
1686111227.482708,386
1686111227.4946363,384
1686111227.510702,382
1686111227.5226467,381
1686111227.5356352,381
1686111227.5527182,380
1686111227.5646193,379
1686111227.5770276,377
1686111227.5935216,374
1686111227.605698,374
1686111227.6171901,373
1686111227.6331804,372
1686111227.6462002,370
1686111227.6582458,369
1686111227.674251,369
1686111227.6871893,370
1686111227.703512,372
1686111227.7161894,372
1686111227.728203,369
1686111227.7445104,365
1686111227.7564828,362
1686111227.769226,360
1686111227.7855299,359
1686111227.7975073,357
1686111227.8098524,353
1686111227.826515,350
1686111227.8386023,347
1686111227.8544772,344
1686111227.8674662,340
1686111227.8795722,335
1686111227.8964639,330
1686111227.9084814,326
1686111227.9207077,323
1686111227.936834,321
1686111227.9495273,319
1686111227.9614816,315
1686111227.9778504,312
1686111227.9905264,312
1686111228.0064695,313
1686111228.0184746,315
1686111228.0305288,318
1686111228.047483,323
1686111228.0594738,330
1686111228.07246,340
1686111228.0888765,353
1686111228.1009324,365
1686111228.112922,374
1686111228.128914,379
1686111228.1419368,380
1686111228.1539087,380
1686111228.1702394,378
1686111228.1829312,373
1686111228.1991363,367
1686111228.211446,360
1686111228.2231512,354
1686111228.2401276,349
1686111228.2524483,346
1686111228.264136,342
1686111228.2811515,337
1686111228.2931414,333
1686111228.3054466,331
1686111228.3221457,330
1686111228.3343549,330
1686111228.3501244,330
1686111228.3631432,330
1686111228.3751209,329
1686111228.392143,331
1686111228.4041705,333
1686111228.4164999,334
1686111228.432495,337
1686111228.445188,340
1686111228.4571915,345
1686111228.473227,350
1686111228.486227,356
1686111228.4980025,361
1686111228.5140023,365
1686111228.5270474,370
1686111228.5433037,374
1686111228.555042,379
1686111228.5679982,383
1686111228.5842679,386
1686111228.5960517,387
1686111228.608322,387
1686111228.6249828,388
1686111228.6370463,390
1686111228.6500103,392
1686111228.6660042,393
1686111228.678302,392
1686111228.6947231,392
1686111228.7067895,392
1686111228.7187898,393
1686111228.7356987,396
1686111228.7487612,397
1686111228.7606833,398
1686111228.7767406,403
1686111228.7887223,409
1686111228.801314,415
1686111228.8173614,418
1686111228.8301227,420
1686111228.846132,418
1686111228.8581805,421
1686111228.8711872,421
1686111228.8873124,423
1686111228.8993948,421
1686111228.9121218,416
1686111228.9281566,408
1686111228.9400718,399
1686111228.9527543,391
1686111228.969422,384
1686111228.9813952,378
1686111228.9937367,370
1686111229.0104883,366
1686111229.0225036,362
1686111229.0390203,362
1686111229.050494,361
1686111229.063501,362
1686111229.0795445,360
1686111229.0915976,361
1686111229.1045225,364
1686111229.1206646,370
1686111229.1326168,376
1686111229.1455529,383
1686111229.16162,390
1686111229.1738675,389
1686111229.189614,388
1686111229.2025778,387
1686111229.21457,384
1686111229.2316096,383
1686111229.243571,383
1686111229.2565744,386
1686111229.2725716,390
1686111229.284576,395
1686111229.2965653,397
1686111229.3125522,396
1686111229.325566,398
1686111229.341545,401
1686111229.3542,403
1686111229.3661788,405
1686111229.382182,406
1686111229.395218,404
1686111229.407388,402
1686111229.4242284,402
1686111229.4362717,404
1686111229.448566,405
1686111229.4645112,405
1686111229.4772444,405
1686111229.4892335,403
1686111229.505506,399
1686111229.5174954,395
1686111229.5339541,389
1686111229.5462134,384
1686111229.5586412,380
1686111229.5756395,379
1686111229.5878093,379
1686111229.5995145,380
1686111229.6166103,380
1686111229.6286032,378
1686111229.6410758,376
1686111229.6572728,375
1686111229.6690555,376
1686111229.6850674,376
1686111229.6980777,374
1686111229.7101226,373
1686111229.7270656,372
1686111229.7390764,373
1686111229.7513814,375
1686111229.7680879,376
1686111229.7800686,376
1686111229.7921202,377
1686111229.8085563,381
1686111229.8212006,392
1686111229.8341935,400
1686111229.8501904,403
1686111229.8622062,402
1686111229.8781903,400
1686111229.8902519,399
1686111229.903245,399
1686111229.9194992,398
1686111229.9315083,397
1686111229.9441864,393
1686111229.960175,391
1686111229.9724004,389
1686111229.9852188,388
1686111230.0012753,387
1686111230.0132577,383
1686111230.030016,378
1686111230.042248,374
1686111230.0544078,373
1686111230.0712469,372
1686111230.0832682,370
1686111230.0952623,367
1686111230.112257,364
1686111230.124205,361
1686111230.1365092,360
1686111230.152265,360
1686111230.1652622,359
1686111230.1771917,357
1686111230.1939003,354
1686111230.2060647,353
1686111230.221942,355
1686111230.2349494,356
1686111230.2469525,355
1686111230.2629585,354
1686111230.2759979,352
1686111230.2879493,354
1686111230.303997,354
1686111230.3168895,355
1686111230.3289332,353
1686111230.3450682,351
1686111230.357,350
1686111230.3739543,351
1686111230.386066,353
1686111230.3989992,353
1686111230.4149673,352
1686111230.4269972,351
1686111230.4394252,351
1686111230.4556148,352
1686111230.4686005,354
1686111230.4806573,355
1686111230.496293,354
1686111230.509229,353
1686111230.5255578,354
1686111230.5382285,356
1686111230.5502503,358
1686111230.5666432,358
1686111230.5792613,357
1686111230.5912964,357
1686111230.6077456,359
1686111230.619809,361
1686111230.6317227,363
1686111230.649122,363
1686111230.661028,362
1686111230.6731768,362
1686111230.6895018,366
1686111230.7019594,368
1686111230.7175426,368
1686111230.7304754,365
1686111230.7428317,364
1686111230.7587934,364
1686111230.7717562,366
1686111230.7839274,367
1686111230.7995067,368
1686111230.812462,362
1686111230.8244517,360
1686111230.8405068,360
1686111230.8534517,361
1686111230.869449,362
1686111230.8815897,361
1686111230.8946147,359
1686111230.9107187,359
1686111230.9230337,359
1686111230.9350748,361
1686111230.9519398,361
1686111230.9636455,360
1686111230.9763632,359
1686111230.992089,358
1686111231.0049438,359
1686111231.0166802,361
1686111231.0338538,361
1686111231.0457284,360
1686111231.0620537,358
1686111231.0741603,359
1686111231.086959,360
1686111231.103261,361
1686111231.1160862,361
1686111231.1278665,360
1686111231.143864,358
1686111231.155931,359
1686111231.1688664,361
1686111231.184867,362
1686111231.1968656,362
1686111231.212867,360
1686111231.2258735,360
1686111231.2378743,361
1686111231.2539227,363
1686111231.266866,364
1686111231.278924,363
1686111231.2949185,362
1686111231.3073392,362
1686111231.320429,363
1686111231.3363419,365
1686111231.348813,365
1686111231.3645556,364
1686111231.377558,364
1686111231.3898933,364
1686111231.406255,365
1686111231.4179506,367
1686111231.4308891,367
1686111231.4469497,366
1686111231.4607449,365
1686111231.4719155,366
1686111231.488474,368
1686111231.5007792,369
1686111231.512658,369
1686111231.529127,368
1686111231.5414066,367
1686111231.5575671,368
1686111231.5702431,368
1686111231.5826492,368
1686111231.5988607,368
1686111231.6107702,367
1686111231.6230052,367
1686111231.6397898,368
1686111231.6517348,370
1686111231.664342,371
1686111231.68063,370
1686111231.693316,369
1686111231.70939,369
1686111231.721906,371
1686111231.7340295,373
1686111231.750298,373
1686111231.7622826,372
1686111231.7742848,371
1686111231.7918494,372
1686111231.8034832,374
1686111231.8151255,375
1686111231.8322995,375
1686111231.8440201,374
1686111231.856589,373
1686111231.8730767,374
1686111231.885145,377
1686111231.901897,377
1686111231.9139023,377
1686111231.9267488,375
1686111231.9428127,375
1686111231.9550874,374
1686111231.9677289,369
1686111231.9840477,364
1686111231.9959838,360
1686111232.0083306,356
1686111232.0250058,356
1686111232.03711,360
1686111232.0530863,369
1686111232.0651166,377
1686111232.0772676,380
1686111232.0942838,382
1686111232.106863,384
1686111232.118951,387
1686111232.1358159,388
1686111232.1478558,387
1686111232.1599042,385
1686111232.1764677,383
1686111232.1882215,383
1686111232.2049966,383
1686111232.217294,383
1686111232.2292464,380
1686111232.2456887,378
1686111232.2578797,376
1686111232.2708044,377
1686111232.2868562,377
1686111232.298663,377
1686111232.311702,375
1686111232.327355,373
1686111232.3401017,373
1686111232.3519268,373
1686111232.3689923,374
1686111232.3813212,373
1686111232.397273,371
1686111232.4096975,370
1686111232.4220538,370
1686111232.4380352,372
1686111232.4506738,372
1686111232.4625509,371
1686111232.4792795,370
1686111232.492375,369
1686111232.5035555,369
1686111232.5206456,371
1686111232.5329385,372
1686111232.5490491,370
1686111232.561504,369
1686111232.5729682,369
1686111232.5900307,370
1686111232.6022565,371
1686111232.614207,371
1686111232.6305652,370
1686111232.6434171,369
1686111232.6554193,369
1686111232.6720295,370
1686111232.6841428,372
1686111232.6960685,371
1686111232.7130463,370
1686111232.7251444,369
1686111232.7413144,370
1686111232.7530813,371
1686111232.766127,372
1686111232.7827528,371
1686111232.7949247,370
1686111232.806791,369
1686111232.8236392,370
1686111232.8358407,372
1686111232.8480418,372
1686111232.8642502,371
1686111232.877114,370
1686111232.8921382,370
1686111232.9052703,371
1686111232.9176369,372
1686111232.9339902,372
1686111232.9462216,371
1686111232.9583445,370
1686111232.974991,370
1686111232.9867253,372
1686111232.9994617,373
1686111233.0161157,373
1686111233.0280123,371
1686111233.0439298,370
1686111233.0569363,371
1686111233.0694633,373
1686111233.085069,374
1686111233.0979664,373
1686111233.1099463,372
1686111233.126536,371
1686111233.1387177,372
1686111233.1510313,374
1686111233.1670172,374
1686111233.1798098,373
1686111233.1920836,372
1686111233.2083762,371
1686111233.2200844,373
1686111233.236825,374
1686111233.249501,373
1686111233.2612078,372
1686111233.2778492,370
1686111233.2906718,371
1686111233.302335,372
1686111233.3190317,374
1686111233.3316495,373
1686111233.3431332,372
1686111233.3600752,371
1686111233.3723233,372
1686111233.388039,373
1686111233.4004247,374
1686111233.4129336,374
1686111233.4290419,372
1686111233.4420235,371
1686111233.4540708,372
1686111233.4708998,374
1686111233.4829552,374
1686111233.494948,373
1686111233.5110545,372
1686111233.5239885,371
1686111233.5360408,373
1686111233.552741,374
1686111233.5649328,374
1686111233.5808387,373
1686111233.5932896,372
1686111233.6058514,372
1686111233.6222186,373
1686111233.6340868,375
1686111233.6461496,374
1686111233.6641593,373
1686111233.6756124,372
1686111233.6873815,372
1686111233.7040806,374
1686111233.7159908,375
1686111233.7325256,374
1686111233.7450225,372
1686111233.7576141,372
1686111233.7729979,373
1686111233.7859657,375
1686111233.7977219,375
1686111233.8139455,374
1686111233.8272836,372
1686111233.8389444,372
1686111233.8559093,373
1686111233.8679063,375
1686111233.883311,375
1686111233.896309,373
1686111233.908815,372
1686111233.9251637,373
1686111233.9374554,374
1686111233.950125,375
1686111233.9662015,374
1686111233.9782672,373
1686111233.9901307,372
1686111234.0070715,373
1686111234.0196493,375
1686111234.0312033,375
1686111234.0478168,374
1686111234.060053,373
1686111234.0762987,372
1686111234.0893397,374
1686111234.1014643,375
1686111234.1174672,375
1686111234.1299057,374
1686111234.1419964,373
1686111234.1581092,372
1686111234.1711125,374
1686111234.1830966,375
1686111234.1997144,375
1686111234.2120726,374
1686111234.2282445,372
1686111234.240195,373
1686111234.2528663,374
1686111234.2690446,375
1686111234.281108,375
1686111234.293329,373
1686111234.309561,372
1686111234.3228223,373
1686111234.3343918,375
1686111234.3511262,375
1686111234.3629878,374
1686111234.375921,373
1686111234.391458,372
1686111234.4049423,373
1686111234.4204857,375
1686111234.433053,375
1686111234.44515,374
1686111234.461433,372
1686111234.4739494,372
1686111234.486217,373
1686111234.5026312,375
1686111234.5150511,375
1686111234.5271213,373
1686111234.5438092,372
1686111234.5552807,372
1686111234.5722651,374
1686111234.5849802,375
1686111234.5969276,375
1686111234.6129742,373
1686111234.6260312,372
1686111234.6373482,373
1686111234.6544037,374
1686111234.666446,375
1686111234.678462,374
1686111234.6952114,372
1686111234.7074134,372
1686111234.7198288,373
1686111234.7362547,375
1686111234.7482228,375
1686111234.7650564,374
1686111234.7770522,373
1686111234.7891548,372
1686111234.806447,374
1686111234.817934,375
1686111234.830231,375
1686111234.8461533,373
1686111234.858677,372
1686111234.8712885,373
1686111234.8878505,374
1686111234.899469,375
1686111234.9166481,375
1686111234.9289536,373
1686111234.9409463,372
1686111234.9570565,373
1686111234.9703462,375
1686111234.9820213,375
1686111234.9980266,374
1686111235.0100348,373
1686111235.022977,372
1686111235.0393274,373
1686111235.0516543,375
1686111235.067393,375
1686111235.0798967,374
1686111235.0921223,372
1686111235.1087856,372
1686111235.1213615,374
1686111235.1337652,375
1686111235.1500227,375
1686111235.1621387,373
1686111235.1743667,372
1686111235.1903675,373
1686111235.203766,374
1686111235.2150743,375
1686111235.2310753,374
1686111235.2439995,373
1686111235.2599661,372
1686111235.2730014,373
1686111235.284938,375
1686111235.3013046,375
1686111235.3131208,374
1686111235.325717,373
1686111235.342182,372
1686111235.3544066,373
1686111235.3664744,375
1686111235.383665,374
1686111235.3954756,373
1686111235.4118774,372
1686111235.4241624,372
1686111235.4359295,374
1686111235.4530463,375
1686111235.465356,375
1686111235.4775975,373
1686111235.494082,372
1686111235.5061212,373
1686111235.5183754,374
1686111235.5347795,375
1686111235.54724,374
1686111235.5588257,373
1686111235.5757508,372
1686111235.5881164,373
1686111235.6040618,374
1686111235.6169267,375
1686111235.6295674,373
1686111235.6450944,372
1686111235.6577923,372
1686111235.6700718,373
1686111235.6864166,374
1686111235.6981194,374
1686111235.7110167,373
1686111235.7274466,372
1686111235.739604,372
1686111235.7560306,373
1686111235.768143,375
1686111235.78063,374
1686111235.7969966,373
1686111235.8092017,372
1686111235.8219268,373
1686111235.8380067,374
1686111235.8502162,375
1686111235.8622053,374
1686111235.8793871,373
1686111235.8912292,372
1686111235.9078944,373
1686111235.9191325,374
1686111235.932128,375
1686111235.948208,373
1686111235.9603183,372
1686111235.97326,372
1686111235.9892516,373
1686111236.0019772,374
1686111236.0142012,374
1686111236.030109,373
1686111236.042917,372
1686111236.0544379,372
1686111236.0715723,373
1686111236.0832055,374
1686111236.100013,374
1686111236.1126552,372
1686111236.1248848,371
1686111236.1404417,372
1686111236.153479,373
1686111236.165916,374
1686111236.1822405,373
1686111236.1937041,371
1686111236.2061224,371
1686111236.2231848,371
1686111236.2356052,373
1686111236.2509146,373
1686111236.2640557,372
1686111236.2760558,370
1686111236.2928221,370
1686111236.304951,372
1686111236.316754,373
1686111236.333922,372
1686111236.3458762,371
1686111236.3578625,369
1686111236.3738756,369
1686111236.386899,370
1686111236.3989701,371
1686111236.4155624,370
1686111236.4281142,368
1686111236.4441066,367
1686111236.456714,368
1686111236.4688675,369
1686111236.484975,369
1686111236.4972358,368
1686111236.5093167,367
1686111236.5261674,366
1686111236.5381072,367
1686111236.5509753,369
1686111236.567125,369
1686111236.5791438,368
1686111236.5954714,366
1686111236.6074824,366
1686111236.6206098,368
1686111236.6367738,369
1686111236.6488163,369
1686111236.6610904,368
1686111236.6784878,367
1686111236.689156,367
1686111236.7022405,369
1686111236.71808,370
1686111236.731069,369
1686111236.7432406,368
1686111236.7594576,367
1686111236.772038,368
1686111236.7880883,370
1686111236.8007207,371
1686111236.8125744,370
1686111236.8285623,368
1686111236.8415716,368
1686111236.8536563,370
1686111236.869923,371
1686111236.8825624,371
1686111236.894574,370
1686111236.9105685,369
1686111236.9238503,369
1686111236.9388866,370
1686111236.9519894,372
1686111236.9640498,372
1686111236.9808955,370
1686111236.9928448,370
1686111237.004822,370
1686111237.0218358,372
1686111237.0334213,373
1686111237.0463817,372
1686111237.0623004,371
1686111237.0743024,370
1686111237.0903003,371
1686111237.103809,373
1686111237.1159508,373
1686111237.1322281,372
1686111237.1442218,371
1686111237.1564875,371
1686111237.1734283,372
1686111237.184938,374
1686111237.1979337,374
1686111237.214407,373
1686111237.2264051,372
1686111237.238941,372
1686111237.255417,373
1686111237.26748,375
1686111237.283851,374
1686111237.295631,373
1686111237.308418,372
1686111237.3244627,373
1686111237.3373713,374
1686111237.3493712,375
1686111237.3657231,375
1686111237.3783844,373
1686111237.390429,372
1686111237.4063802,373
1686111237.419072,375
1686111237.4352262,375
1686111237.4473844,374
1686111237.4600725,373
1686111237.4765868,373
1686111237.4880881,374
1686111237.5011158,375
1686111237.5170968,375
1686111237.5291038,374
1686111237.5420792,373
1686111237.558101,373
1686111237.5700328,375
1686111237.5821662,376
1686111237.5990615,377
1686111237.6110902,376
1686111237.6280475,375
1686111237.6400332,377
1686111237.6520188,379
1686111237.6690404,380
1686111237.6810403,380
1686111237.6930804,378
1686111237.7100449,378
1686111237.7220306,379
1686111237.7342954,381
1686111237.750022,381
1686111237.763036,380
1686111237.77937,379
1686111237.7910924,379
1686111237.8040347,380
1686111237.82104,381
1686111237.8323958,382
1686111237.845038,380
1686111237.8614883,379
1686111237.8733878,379
1686111237.886062,380
1686111237.9020445,381
1686111237.9140546,377
1686111237.9304826,372
1686111237.9431002,368
1686111237.9551399,367
1686111237.9721127,368
1686111237.9840853,369
1686111237.9960933,370
1686111238.0130577,371
1686111238.0250936,374
1686111238.0370932,378
1686111238.054055,383
1686111238.0661116,387
1686111238.078738,389
1686111238.0950556,391
1686111238.1071,395
1686111238.1231587,400
1686111238.1353714,405
1686111238.1480823,408
1686111238.1644244,409
1686111238.1764095,410
1686111238.1890776,411
1686111238.205074,413
1686111238.2175562,413
1686111238.229517,412
1686111238.2465355,408
1686111238.258534,405
1686111238.2745159,398
1686111238.2865703,396
1686111238.2995834,393
1686111238.3155327,389
1686111238.3277128,386
1686111238.3400395,384
1686111238.3571105,383
1686111238.3690813,384
1686111238.3810318,384
1686111238.3981068,381
1686111238.409627,378
1686111238.4223833,375
1686111238.4384115,374
1686111238.451331,374
1686111238.467175,370
1686111238.4792755,364
1686111238.4921615,358
1686111238.5079715,355
1686111238.520961,355
1686111238.5323954,355
1686111238.5489345,353
1686111238.5619464,352
1686111238.5739589,351
1686111238.5900147,351
1686111238.6019983,353
1686111238.6185772,354
1686111238.6316533,353
1686111238.6436968,351
1686111238.659586,348
1686111238.6726022,347
1686111238.684597,347
1686111238.7005947,345
1686111238.7125797,342
1686111238.7253907,338
1686111238.7416563,336
1686111238.7543952,335
1686111238.7702012,335
1686111238.7829137,334
1686111238.79519,332
1686111238.811421,330
1686111238.8241394,330
1686111238.836134,331
1686111238.8521159,332
1686111238.8644655,332
1686111238.8771272,330
1686111238.8931077,330
1686111238.9054768,331
1686111238.918197,333
1686111238.934112,334
1686111238.9461632,334
1686111238.9633605,333
1686111238.9753506,336
1686111238.9873443,341
1686111239.0042741,349
1686111239.0160477,358
1686111239.028751,365
1686111239.0450292,371
1686111239.0567925,378
1686111239.0697227,384
1686111239.0857692,388
1686111239.0984967,388
1686111239.1138685,387
1686111239.127066,385
1686111239.139063,384
1686111239.1553617,384
1686111239.1680498,382
1686111239.1802719,378
1686111239.1960557,372
1686111239.209075,367
1686111239.2210805,364
1686111239.2376473,361
1686111239.2496274,357
1686111239.2618945,352
1686111239.27859,347
1686111239.2907763,344
1686111239.30664,343
1686111239.319521,344
1686111239.3316665,345
1686111239.3479319,345
1686111239.360614,348
1686111239.3726747,354
1686111239.3886547,362
1686111239.401219,371
1686111239.4136617,378
1686111239.4295087,382
1686111239.441963,384
1686111239.4581609,387
1686111239.471154,391
1686111239.4833446,396
1686111239.4993985,400
1686111239.5115414,402
1686111239.5244126,404
1686111239.5409098,407
1686111239.5527103,410
1686111239.5644026,412
1686111239.581484,411
1686111239.5939262,410
1686111239.6099467,409
1686111239.6227424,409
1686111239.6346302,408
1686111239.6509285,405
1686111239.6636195,400
1686111239.6756322,395
1686111239.6916225,393
1686111239.7046392,393
1686111239.7166307,393
1686111239.7326722,392
1686111239.7456279,390
1686111239.7576056,388
1686111239.7737985,388
1686111239.786621,390
1686111239.802744,390
1686111239.8149102,389
1686111239.8266613,386
1686111239.843666,385
1686111239.8556602,385
1686111239.868596,387
1686111239.8846884,387
1686111239.89668,386
1686111239.909615,385
1686111239.9257336,385
1686111239.937915,385
1686111239.9537528,386
1686111239.9667044,385
1686111239.978683,383
1686111239.9949985,381
1686111240.0076709,381
1686111240.0196724,383
1686111240.035744,385
1686111240.048699,385
1686111240.0606935,384
1686111240.0767345,384
1686111240.0896797,385
1686111240.101909,385
1686111240.1179676,386
1686111240.1307,384
1686111240.1467543,382
1686111240.159012,380
1686111240.1706936,380
1686111240.187709,381
1686111240.199747,381
1686111240.2116964,379
1686111240.2289197,377
1686111240.2409225,378
1686111240.2529867,383
1686111240.269991,391
1686111240.282002,399
1686111240.2979918,404
1686111240.3109462,410
1686111240.3229337,415
1686111240.3390071,421
1686111240.3509197,426
1686111240.3639197,428
1686111240.379981,428
1686111240.3919857,430
1686111240.4049275,433
1686111240.4215684,435
1686111240.4337635,434
1686111240.4497685,429
1686111240.4615242,422
1686111240.4745214,415
1686111240.4915147,411
1686111240.5028205,407
1686111240.515535,403
1686111240.5317307,399
1686111240.544018,396
1686111240.5557523,396
1686111240.5731573,400
1686111240.5847356,405
1686111240.5970547,409
1686111240.613743,408
1686111240.6259813,407
1686111240.6419966,410
1686111240.6546576,413
1686111240.666716,415
1686111240.6829407,414
1686111240.695684,412
1686111240.7076595,409
1686111240.7239656,408
1686111240.7363768,408
1686111240.7487743,406
1686111240.7647693,402
1686111240.7777886,397
1686111240.793823,391
1686111240.8057795,388
1686111240.8187644,386
1686111240.8351314,385
1686111240.847106,383
1686111240.8591077,382
1686111240.8761082,382
1686111240.8882012,383
1686111240.9001174,385
1686111240.9170806,386
1686111240.929089,385
1686111240.9410923,385
1686111240.9571414,388
1686111240.9701624,391
1686111240.9861896,393
1686111240.9989526,392
1686111241.0108914,390
1686111241.0274196,388
1686111241.039883,388
1686111241.0519028,388
1686111241.0689054,387
1686111241.0809124,384
1686111241.0939107,379
1686111241.1088874,376
1686111241.1219525,373
1686111241.137462,371
1686111241.1502004,367
1686111241.1625714,362
1686111241.1790876,357
1686111241.1910613,355
1686111241.20338,354
1686111241.2200625,353
1686111241.2320962,352
1686111241.244152,351
1686111241.261119,350
1686111241.2731144,352
1686111241.2850893,359
1686111241.3021195,372
1686111241.3141696,381
1686111241.3302796,385
1686111241.3425908,389
1686111241.3553035,392
1686111241.371295,395
1686111241.3832963,397
1686111241.395347,397
1686111241.4123473,397
1686111241.4246957,397
1686111241.436704,399
1686111241.4533727,400
1686111241.4656906,400
1686111241.4823532,396
1686111241.4944103,392
1686111241.5063493,389
1686111241.5224094,388
1686111241.5353734,388
1686111241.5475342,386
1686111241.5634093,384
1686111241.57637,382
1686111241.5887728,381
1686111241.6045034,382
1686111241.6173449,382
1686111241.6337008,381
1686111241.6456692,379
1686111241.6580098,376
1686111241.6743495,371
1686111241.6864085,360
1686111241.6993475,320
1686111241.715361,239
1686111241.7280204,123
1686111241.740034,76
1686111241.756147,76
1686111241.7680678,76
1686111241.7811656,76
1686111241.7970786,76
1686111241.8090794,77
1686111241.822105,77
1686111241.8383598,77
1686111241.8500817,77
1686111241.8660831,77
1686111241.879082,77
1686111241.891077,77
1686111241.9080904,87
1686111241.9202414,109
1686111241.932218,135
1686111241.949101,165
1686111241.961199,196
1686111241.973074,229
1686111241.9900901,264
1686111242.00215,298
1686111242.014137,329
1686111242.03107,358
1686111242.0431554,387
1686111242.059139,416
1686111242.0720804,445
1686111242.0841537,469
1686111242.1003904,488
1686111242.113098,505
1686111242.1251354,520
1686111242.1413739,535
1686111242.15307,550
1686111242.1660812,563
1686111242.1820621,572
1686111242.1940842,580
1686111242.211078,588
1686111242.2230783,597
1686111242.2350683,606
1686111242.252075,613
1686111242.2640781,617
1686111242.2763236,620
1686111242.2930834,625
1686111242.3050978,632
1686111242.3170657,637
1686111242.334008,641
1686111242.3464499,642
1686111242.3583274,642
1686111242.3745654,654
1686111242.3865216,690
1686111242.4036286,741
1686111242.4163144,801
1686111242.42842,862
1686111242.4446023,920
1686111242.4562347,965
1686111242.4692028,984
1686111242.4853525,979
1686111242.4978611,962
1686111242.5101361,943
1686111242.5261486,927
1686111242.5381486,917
1686111242.5547364,912
1686111242.5677109,914
1686111242.5796864,916
1686111242.5961964,916
1686111242.608089,912
1686111242.620449,901
1686111242.6370754,885
1686111242.6493134,863
1686111242.661693,836
1686111242.6782796,807
1686111242.690212,779
1686111242.7065084,753
1686111242.7192724,726
1686111242.7312176,699
1686111242.7472744,672
1686111242.7592716,647
1686111242.7722154,625
1686111242.7882702,606
1686111242.8002663,586
1686111242.81324,566
1686111242.8292367,542
1686111242.8412526,515
1686111242.8532517,486
1686111242.8702126,451
1686111242.8824446,416
1686111242.898874,385
1686111242.9108768,444
1686111242.9231992,637
1686111242.9398513,798
1686111242.952342,919
1686111242.965037,1004
1686111242.9810474,1010
1686111242.9936855,1010
1686111243.0090172,1010
1686111243.0223925,1009
1686111243.034212,997
1686111243.050236,973
1686111243.0628276,938
1686111243.0755732,895
1686111243.091756,848
1686111243.1037674,800
1686111243.1171563,752
1686111243.132841,704
1686111243.1450286,658
1686111243.1571507,613
1686111243.1732938,572
1686111243.1854556,533
1686111243.201917,497
1686111243.2165947,466
1686111243.2266622,438
1686111243.2428257,412
1686111243.2552297,385
1686111243.2676759,361
1686111243.2842593,342
1686111243.2962258,330
1686111243.3088908,325
1686111243.3254204,326
1686111243.337052,331
1686111243.3540587,338
1686111243.3662336,345
1686111243.37787,352
1686111243.3949258,360
1686111243.406979,367
1686111243.419717,375
1686111243.4359488,380
1686111243.448107,384
1686111243.460722,387
1686111243.4763677,389
1686111243.4887798,388
1686111243.501466,381
1686111243.5179524,368
1686111243.5301332,354
1686111243.5466638,343
1686111243.5582416,334
1686111243.570672,328
1686111243.587448,322
1686111243.5992458,315
1686111243.6113136,308
1686111243.6282022,302
1686111243.6405046,298
1686111243.653116,294
1686111243.6691682,292
1686111243.68133,289
1686111243.697927,286
1686111243.710459,284
1686111243.7224314,282
1686111243.7386127,280
1686111243.7512438,275
1686111243.7633076,268
1686111243.779261,261
1686111243.7923281,256
1686111243.8040473,253
1686111243.8206,253
1686111243.8326054,251
1686111243.8456492,252
1686111243.861665,253
1686111243.8740103,255
1686111243.8896391,258
1686111243.9021583,264
1686111243.9146523,269
1686111243.931048,275
1686111243.943129,281
1686111243.9561908,287
1686111243.9719567,293
1686111243.9849362,297
1686111243.996922,301
1686111244.013171,304
1686111244.0251658,307
1686111244.0413947,310
1686111244.0544138,315
1686111244.066226,319
1686111244.082908,326
1686111244.095142,334
1686111244.1077127,345
1686111244.1241364,357
1686111244.1361353,369
1686111244.1494305,380
1686111244.1650093,389
1686111244.1772742,399
1686111244.1928012,408
1686111244.2051775,418
1686111244.2177994,426
1686111244.23417,435
1686111244.2469075,442
1686111244.2593033,449
1686111244.274865,454
1686111244.2873237,458
1686111244.300074,460
1686111244.3161523,459
1686111244.3281577,457
1686111244.3410373,452
1686111244.3573637,445
1686111244.369248,434
1686111244.3852324,418
1686111244.3982368,394
1686111244.4101858,369
1686111244.426934,346
1686111244.4394338,327
1686111244.451866,312
1686111244.4684706,300
1686111244.479853,291
1686111244.4937096,284
1686111244.5084875,278
1686111244.5211873,275
1686111244.5369825,268
1686111244.5498834,265
1686111244.5620453,270
1686111244.5779166,278
1686111244.5904942,290
1686111244.6031086,304
1686111244.6196156,318
1686111244.6318567,332
1686111244.6439908,343
1686111244.6605325,352
1686111244.6726751,359
1686111244.6850164,361
1686111244.7012117,359
1686111244.7135842,353
1686111244.7299187,344
1686111244.7419941,331
1686111244.7545102,315
1686111244.7709308,297
1686111244.7830985,278
1686111244.7955859,248
1686111244.8121302,225
1686111244.824064,211
1686111244.8368578,205
1686111244.8530965,202
1686111244.865092,203
1686111244.880885,205
1686111244.8939807,209
1686111244.9062643,214
1686111244.9222596,220
1686111244.9345272,226
1686111244.9465058,231
1686111244.963752,236
1686111244.9758513,242
1686111244.98752,248
1686111245.0047133,253
1686111245.0169513,258
1686111245.0324926,263
1686111245.0452323,267
1686111245.057371,272
1686111245.0742514,276
1686111245.0861883,281
1686111245.0987706,284
1686111245.115455,288
1686111245.1274898,292
1686111245.1398733,295
1686111245.1554983,299
1686111245.1681285,302
1686111245.1806788,305
1686111245.1965039,307
1686111245.209255,309
1686111245.2253249,312
1686111245.2372494,315
1686111245.2502568,317
1686111245.266628,319
1686111245.2790797,321
1686111245.2912803,323
1686111245.3076477,325
1686111245.3197525,327
1686111245.3321915,329
1686111245.3482118,331
1686111245.3602417,332
1686111245.3770347,333
1686111245.3894987,334
1686111245.4014208,335
1686111245.4177055,335
1686111245.4303658,336
1686111245.4421065,336
1686111245.4592652,336
1686111245.471245,337
1686111245.483976,337
1686111245.5000637,337
1686111245.5126047,338
1686111245.5245614,337
1686111245.5413222,337
1686111245.5532403,338
1686111245.569806,338
1686111245.5819945,338
1686111245.5945716,338
1686111245.6109066,339
1686111245.622934,339
1686111245.6354697,339
1686111245.65177,339
1686111245.6638029,338
1686111245.6763148,338
1686111245.6924613,338
1686111245.7042382,337
1686111245.7212539,337
1686111245.7332528,337
1686111245.745235,338
1686111245.7622008,338
1686111245.774684,339
1686111245.7861679,339
1686111245.8033242,339
1686111245.8157232,339
1686111245.8271382,338
1686111245.8440895,338
1686111245.856495,339
1686111245.8722363,339
1686111245.885247,340
1686111245.8972206,340
1686111245.9132493,341
1686111245.9265678,342
1686111245.9388697,344
1686111245.9549222,345
1686111245.9669867,347
1686111245.9789853,348
1686111245.994929,350
1686111246.008161,352
1686111246.0201535,354
1686111246.0364392,355
1686111246.0490165,356
1686111246.0652175,358
1686111246.0778546,358
1686111246.0898318,360
1686111246.1059315,361
1686111246.1179073,362
1686111246.1309984,363
1686111246.1472898,364
1686111246.1593308,365
1686111246.1712499,367
1686111246.1881826,368
1686111246.200234,369
1686111246.21639,369
1686111246.2293122,370
1686111246.2415326,371
1686111246.257907,372
1686111246.2693663,373
1686111246.2824025,374
1686111246.2986987,374
1686111246.3110843,374
1686111246.323735,375
1686111246.33988,375
1686111246.3517659,375
1686111246.3642466,375
1686111246.3799765,375
1686111246.3927755,375
1686111246.4096346,375
1686111246.4215872,375
1686111246.4339893,375
1686111246.4504993,375
1686111246.4628587,375
1686111246.4748302,375
1686111246.491521,375
1686111246.5030417,375
1686111246.5159972,375
1686111246.5321755,375
1686111246.5439386,375
1686111246.560666,375
1686111246.5732229,376
1686111246.5857816,377
1686111246.6019733,377
1686111246.6142128,378
1686111246.6262388,378
1686111246.6429288,378
1686111246.6545625,379
1686111246.667141,379
1686111246.6832492,379
1686111246.6960585,379
1686111246.708381,379
1686111246.7245097,379
1686111246.736883,379
1686111246.7527118,379
1686111246.7657075,379
1686111246.7775738,378
1686111246.7945216,378
1686111246.8065119,379
1686111246.819241,379
1686111246.8360033,380
1686111246.8471048,380
1686111246.8599868,380
1686111246.8762302,379
1686111246.8882477,380
1686111246.9042442,380
1686111246.9172914,380
1686111246.9292278,380
1686111246.9459484,380
1686111246.9580753,380
1686111246.970119,380
1686111246.9869697,381
1686111246.9990916,381
1686111247.01147,381
1686111247.0273032,381
1686111247.0392811,381
1686111247.0567288,382
1686111247.0689747,382
1686111247.0808682,382
1686111247.0974953,382
1686111247.1091795,382
1686111247.1220834,382
1686111247.137991,383
1686111247.1501012,383
1686111247.1630557,383
1686111247.1795032,383
1686111247.191989,383
1686111247.2042189,383
1686111247.2203867,383
1686111247.2323859,382
1686111247.2486591,382
1686111247.2605827,381
1686111247.2731261,381
1686111247.2900164,382
1686111247.3021886,382
1686111247.3145225,382
1686111247.3308978,382
1686111247.342722,382
1686111247.3551872,383
1686111247.3712616,383
1686111247.3843057,383
1686111247.4002192,382
1686111247.4122777,383
1686111247.4251308,382
1686111247.4418309,383
1686111247.4532688,383
1686111247.4661071,383
1686111247.4832232,383
1686111247.4948182,383
1686111247.5072,383
1686111247.5229928,383
1686111247.5353484,384
1686111247.5481925,384
1686111247.564193,384
1686111247.5769823,384
1686111247.5931249,385
1686111247.605108,385
1686111247.6179645,386
1686111247.6340733,386
1686111247.6463275,386
1686111247.6581821,387
1686111247.675004,387
1686111247.6874962,387
1686111247.6991322,388
1686111247.7161386,387
1686111247.7283251,387
1686111247.7444293,387
1686111247.7569602,388
1686111247.769196,388
1686111247.7851937,388
1686111247.7975667,388
1686111247.810185,388
1686111247.82686,387
1686111247.8382359,388
1686111247.8511086,388
1686111247.867604,388
1686111247.879737,388
1686111247.8917603,388
1686111247.9084585,388
1686111247.9211357,389
1686111247.9371657,389
1686111247.9491627,389
1686111247.9619787,389
1686111247.9780242,389
1686111247.9905815,389
1686111248.002553,389
1686111248.0186265,389
1686111248.0312636,388
1686111248.0434787,388
1686111248.0599859,388
1686111248.0722198,388
1686111248.0878885,388
1686111248.101117,388
1686111248.113089,388
1686111248.1299195,388
1686111248.1418962,388
1686111248.1540132,389
1686111248.1707184,389
1686111248.182104,389
1686111248.1951854,389
1686111248.2118714,389
1686111248.2241886,389
1686111248.2401664,389
1686111248.252011,390
1686111248.2647588,389
1686111248.2811685,389
1686111248.2937613,389
1686111248.3059087,389
1686111248.3221078,390
1686111248.3346016,390
1686111248.346551,389
1686111248.3627803,389
1686111248.3749857,390
1686111248.387241,389
1686111248.4042525,389
1686111248.416192,390
1686111248.432237,389
1686111248.4451966,389
1686111248.4574068,389
1686111248.4736407,389
1686111248.485411,389
1686111248.4984086,389
1686111248.5143435,389
1686111248.526399,389
1686111248.5394342,388
1686111248.5553355,389
1686111248.5673525,389
1686111248.5833962,388
1686111248.5963972,388
1686111248.6083581,388
1686111248.6253347,388
1686111248.6373959,388
1686111248.6492596,388
1686111248.6663787,388
1686111248.6783185,388
1686111248.690319,387
1686111248.7073684,388
1686111248.7193236,388
1686111248.7318754,388
1686111248.7483675,387
1686111248.760404,387
1686111248.7767918,387
1686111248.7893002,388
1686111248.8013802,388
1686111248.8183348,388
1686111248.8303108,388
1686111248.8423522,388
1686111248.8583615,389
1686111248.8702974,389
1686111248.8833575,389
1686111248.899342,389
1686111248.911343,389
1686111248.928374,389
1686111248.9402804,389
1686111248.9526038,389
1686111248.969353,389
1686111248.9813027,389
1686111248.9935906,389
1686111249.0103405,389
1686111249.022343,389
1686111249.034354,389
1686111249.0513434,389
1686111249.0633354,389
1686111249.075297,390
1686111249.0922997,390
1686111249.1043031,390
1686111249.120644,390
1686111249.133308,390
1686111249.1452925,390
1686111249.1619897,390
1686111249.1740148,390
1686111249.1859796,389
1686111249.2020216,389
1686111249.2150033,388
1686111249.2272527,389
1686111249.2429826,388
1686111249.2562115,389
1686111249.2721336,389
1686111249.2850807,389
1686111249.2971606,389
1686111249.3134115,388
1686111249.3250813,388
1686111249.3381438,388
1686111249.3544307,388
1686111249.366148,388
1686111249.3781486,387
1686111249.395093,387
1686111249.407642,387
1686111249.4238725,388
1686111249.435792,387
1686111249.448134,387
1686111249.4641688,386
1686111249.477281,387
1686111249.4891498,387
1686111249.505486,387
1686111249.517923,387
1686111249.530249,387
1686111249.5467646,386
1686111249.5584686,386
1686111249.5714538,386
1686111249.587447,387
1686111249.5998333,387
1686111249.6165223,387
1686111249.6290298,386
1686111249.6409495,386
1686111249.6571085,387
1686111249.6690729,387
1686111249.682008,387
1686111249.698265,386
1686111249.7100186,386
1686111249.723077,387
1686111249.739012,387
1686111249.7514346,387
1686111249.7674963,387
1686111249.7805028,387
1686111249.7925057,387
1686111249.808461,388
1686111249.8204896,388
1686111249.83351,388
1686111249.8494954,387
1686111249.8615098,387
1686111249.8746517,387
1686111249.891205,387
1686111249.9030786,388
1686111249.9148452,387
1686111249.9318533,387
1686111249.943903,387
1686111249.9598444,387
1686111249.9729009,387
1686111249.9854677,388
1686111250.0015912,388
1686111250.0138357,387
1686111250.0258875,387
1686111250.0422347,388
1686111250.0545347,388
1686111250.0675297,388
1686111250.0836072,388
1686111250.0958335,388
1686111250.1119118,387
1686111250.12424,387
1686111250.1365948,387
1686111250.1535392,387
1686111250.1645217,387
1686111250.177594,387
1686111250.1935265,387
1686111250.2066224,387
1686111250.2185297,388
1686111250.234537,387
1686111250.246792,387
1686111250.262518,387
1686111250.275524,387
1686111250.2875788,387
1686111250.3045447,387
1686111250.3165672,387
1686111250.3285909,387
1686111250.3455853,387
1686111250.3577101,388
1686111250.3696766,388
1686111250.386351,388
1686111250.3983421,389
1686111250.4108133,389
1686111250.4273608,389
1686111250.4393475,389
1686111250.4557242,390
1686111250.4684248,390
1686111250.4806473,389
1686111250.496671,388
1686111250.5093431,388
1686111250.521402,387
1686111250.5377896,387
1686111250.5504026,386
1686111250.5619211,385
1686111250.5789306,384
1686111250.5908687,384
1686111250.6071982,384
1686111250.6198742,383
1686111250.6319027,382
1686111250.6489198,381
1686111250.6609278,381
1686111250.6728518,382
1686111250.6888797,383
1686111250.7019138,383
1686111250.7139046,383
1686111250.7299118,385
1686111250.742926,386
1686111250.7549267,388
1686111250.7709124,390
1686111250.7838922,393
1686111250.799859,394
1686111250.8121808,394
1686111250.8249295,394
1686111250.8409739,395
1686111250.8529177,395
1686111250.865538,394
1686111250.881778,394
1686111250.8943815,393
1686111250.906511,393
1686111250.9227324,393
1686111250.9354007,393
1686111250.9513965,392
1686111250.9634593,391
1686111250.9764407,391
1686111250.9925988,390
1686111251.004725,390
1686111251.016445,390
1686111251.0334582,389
1686111251.0454502,388
1686111251.0585458,387
1686111251.0745401,387
1686111251.0875618,386
1686111251.1026044,385
1686111251.1156046,384
1686111251.1285691,384
1686111251.143851,383
1686111251.156629,383
1686111251.1686058,383
1686111251.1850977,382
1686111251.1976192,383
1686111251.2096276,383
1686111251.2255518,383
1686111251.238563,382
1686111251.2506025,383
1686111251.26656,382
1686111251.279613,382
1686111251.2955592,381
1686111251.3085697,382
1686111251.3199284,382
1686111251.3366268,382
1686111251.3485503,381
1686111251.3605564,382
1686111251.377686,383
1686111251.3898728,384
1686111251.402603,384
1686111251.4185567,384
1686111251.4305968,385
1686111251.4468722,386
1686111251.4595675,387
1686111251.4717343,388
1686111251.4878712,389
1686111251.500607,389
1686111251.512814,389
1686111251.5286362,389
1686111251.54162,389
1686111251.553557,390
1686111251.5700388,389
1686111251.5820189,389
1686111251.5946484,388
1686111251.6111417,386
1686111251.6239674,385
1686111251.6399467,383
1686111251.651968,381
1686111251.6639075,379
1686111251.680654,377
1686111251.6925805,377
1686111251.704914,378
1686111251.7215958,380
1686111251.7336526,382
1686111251.7456415,383
1686111251.7627554,384
1686111251.7747595,386
1686111251.790816,387
1686111251.8037753,386
1686111251.8157496,385
1686111251.8320625,385
1686111251.8445067,384
1686111251.8568287,384
1686111251.8726895,384
1686111251.8857048,383
1686111251.8977597,383
1686111251.914241,382
1686111251.925892,381
1686111251.94284,381
1686111251.9549785,381
1686111251.968166,381
1686111251.9837155,381
1686111251.9960246,381
1686111252.0077848,380
1686111252.0247767,381
1686111252.0370324,380
1686111252.0492573,379
1686111252.065433,378
1686111252.0773776,377
1686111252.0902011,377
1686111252.10687,378
1686111252.1189404,378
1686111252.1349413,378
1686111252.1479204,376
1686111252.159502,377
1686111252.1765695,376
1686111252.1885557,377
1686111252.2006876,377
1686111252.2176034,377
1686111252.229151,377
1686111252.2415025,377
1686111252.258165,377
1686111252.2702131,376
1686111252.2862177,375
1686111252.2991726,374
1686111252.3114326,373
1686111252.3276334,371
1686111252.340093,370
1686111252.3517718,370
1686111252.3687325,369
1686111252.3813913,369
1686111252.393449,369
1686111252.4094481,370
1686111252.4216425,372
1686111252.4343812,374
1686111252.4504387,375
1686111252.4633973,376
1686111252.4793932,378
1686111252.491701,380
1686111252.5036623,381
1686111252.5204437,383
1686111252.5325434,383
1686111252.5443885,384
1686111252.5615563,384
1686111252.5735543,385
1686111252.585541,385
1686111252.6025527,385
1686111252.61461,385
1686111252.6305494,385
1686111252.6435606,385
1686111252.6556113,384
1686111252.6715956,383
1686111252.6843107,383
1686111252.6964047,383
1686111252.7126524,384
1686111252.725308,386
1686111252.737384,389
1686111252.753648,390
1686111252.766307,392
1686111252.7823858,394
1686111252.7943122,397
1686111252.807366,398
1686111252.8233263,399
1686111252.8356347,399
1686111252.8479605,398
1686111252.8643956,395
1686111252.876112,394
1686111252.889072,392
1686111252.9054034,391
1686111252.9180512,390
1686111252.9300568,388
1686111252.9460545,386
1686111252.9583306,385
1686111252.974134,383
1686111252.9872892,382
1686111252.9992077,380
1686111253.0157344,378
1686111253.027791,376
1686111253.040792,373
1686111253.05673,371
1686111253.0690553,368
1686111253.0818124,366
1686111253.0977886,366
1686111253.10975,368
1686111253.1257908,371
1686111253.1387312,375
1686111253.1507258,379
1686111253.167805,381
1686111253.179821,384
1686111253.191791,386
1686111253.2080142,388
1686111253.2206855,391
1686111253.233137,391
1686111253.2486837,390
1686111253.2617779,390
1686111253.274377,390
1686111253.2907512,390
1686111253.302755,389
1686111253.3187387,389
1686111253.330993,387
1686111253.3436723,385
1686111253.3596785,383
1686111253.372751,383
1686111253.3845937,383
1686111253.4005935,381
1686111253.41292,379
1686111253.4255986,379
1686111253.4416637,379
1686111253.4541616,379
1686111253.4704282,378
1686111253.4825904,377
1686111253.494656,378
1686111253.5116785,377
1686111253.5235875,377
1686111253.5359087,379
1686111253.5526607,378
1686111253.5646029,378
1686111253.5766525,377
1686111253.5935986,377
1686111253.605604,378
1686111253.6175976,377
1686111253.634615,378
1686111253.6464624,377
1686111253.6629064,377
1686111253.6756618,378
1686111253.6875858,378
1686111253.7039123,378
1686111253.7166061,378
1686111253.7286625,378
1686111253.7445877,378
1686111253.757079,379
1686111253.769016,379
1686111253.78602,379
1686111253.7982297,378
1686111253.8140078,378
1686111253.827015,378
1686111253.8395476,378
1686111253.855616,378
1686111253.8681087,378
1686111253.8801098,379
1686111253.896165,379
1686111253.9085488,380
1686111253.9209447,381
1686111253.9370134,382
1686111253.9497547,383
1686111253.9652445,384
1686111253.9782999,385
1686111253.990762,386
1686111254.0068922,386
1686111254.0196962,387
1686111254.031271,386
1686111254.0475209,386
1686111254.0601313,386
1686111254.0726545,385
1686111254.0888493,386
1686111254.1015007,386
1686111254.1135893,386
1686111254.1302924,386
1686111254.1422837,387
1686111254.1589208,387
1686111254.1709683,387
1686111254.183399,387
1686111254.199708,386
1686111254.2116225,386
1686111254.224244,386
1686111254.2409463,386
1686111254.2526293,386
1686111254.2646441,386
1686111254.2816303,385
1686111254.2939596,385
1686111254.3099916,385
1686111254.322641,385
1686111254.3346376,385
1686111254.3506942,384
1686111254.3626945,384
1686111254.3756278,383
1686111254.3922708,383
1686111254.4036393,383
1686111254.4166393,382
1686111254.432633,382
1686111254.4446778,381
1686111254.457625,382
1686111254.4736822,382
1686111254.4857357,382
1686111254.5026374,382
1686111254.5153954,382
1686111254.5270855,382
1686111254.5437293,381
1686111254.5557349,381
1686111254.568443,380
1686111254.5840578,379
1686111254.5970604,379
1686111254.6093109,378
1686111254.6251166,378
1686111254.6380649,378
1686111254.6541336,377
1686111254.6661239,377
1686111254.6781132,377
1686111254.69502,376
1686111254.7069905,377
1686111254.719845,377
1686111254.7359197,377
1686111254.7480905,377
1686111254.760622,377
1686111254.7773626,377
1686111254.7896886,378
1686111254.8056152,378
1686111254.8186135,378
1686111254.830506,378
1686111254.846576,377
1686111254.8590026,378
1686111254.8711748,378
1686111254.8879192,377
1686111254.8999205,377
1686111254.9119916,376
1686111254.928243,374
1686111254.9411294,371
1686111254.9525998,367
1686111254.9696515,351
1686111254.9814415,343
1686111254.9979112,344
1686111255.0099828,350
1686111255.0228734,356
1686111255.0396347,363
1686111255.0515764,370
1686111255.063314,376
1686111255.0804968,380
1686111255.0927534,385
1686111255.104676,389
1686111255.1212356,392
1686111255.1334925,393
1686111255.1490579,393
1686111255.1620538,393
1686111255.1747875,394
1686111255.190439,394
1686111255.2032886,393
1686111255.2147384,392
1686111255.231781,391
1686111255.2441373,390
1686111255.2561092,389
1686111255.2720385,388
1686111255.2850578,387
1686111255.2977927,385
1686111255.3137884,384
1686111255.326506,384
1686111255.3425038,384
1686111255.354617,384
1686111255.3669531,383
1686111255.3835902,383
1686111255.3955867,382
1686111255.4073327,382
1686111255.4242866,382
1686111255.4363701,383
1686111255.4483078,383
1686111255.4653294,383
1686111255.4778986,382
1686111255.4939525,383
1686111255.506236,383
1686111255.5183587,385
1686111255.5348637,387
1686111255.5484293,389
1686111255.559199,391
1686111255.5752041,393
1686111255.5881944,395
1686111255.6003082,396
1686111255.6162481,403
1686111255.6290174,411
1686111255.6451333,419
1686111255.6571927,430
1686111255.6700413,440
1686111255.686281,450
1686111255.6987026,464
1686111255.7111292,484
1686111255.7272499,511
1686111255.7390478,546
1686111255.7520843,587
1686111255.7682867,633
1686111255.7808645,681
1686111255.7930355,726
1686111255.8088806,767
1686111255.821521,807
1686111255.838069,846
1686111255.850453,888
1686111255.8625903,933
1686111255.8791678,978
1686111255.8916903,1010
1686111255.9036186,1010
1686111255.9193878,1010
1686111255.9324281,1010
1686111255.9481006,1010
1686111255.9602687,1010
1686111255.9733937,1010
1686111255.9896026,1010
1686111256.0016456,1009
1686111256.0140643,990
1686111256.0307093,958
1686111256.0429702,918
1686111256.0550733,873
1686111256.071408,825
1686111256.083355,773
1686111256.0961947,721
1686111256.112639,672
1686111256.1249433,625
1686111256.1411583,580
1686111256.1531534,535
1686111256.165185,486
1686111256.1819763,434
1686111256.1940155,383
1686111256.2062016,337
1686111256.2232034,295
1686111256.235207,239
1686111256.2473207,117
1686111256.2639625,75
1686111256.275931,75
1686111256.288238,75
1686111256.305045,75
1686111256.317053,75
1686111256.3331099,75
1686111256.3456507,75
1686111256.3582797,75
1686111256.3747149,75
1686111256.3870103,75
1686111256.399175,75
1686111256.415575,75
1686111256.4273303,75
1686111256.440435,75
1686111256.455963,75
1686111256.4682872,75
1686111256.4804728,75
1686111256.4974654,75
1686111256.5098915,77
1686111256.5213237,85
1686111256.5385263,106
1686111256.5513742,138
1686111256.566072,174
1686111256.5790691,210
1686111256.5913374,240
1686111256.6073544,265
1686111256.6206255,288
1686111256.6325219,303
1686111256.6490443,312
1686111256.6613212,321
1686111256.6729724,332
1686111256.6901796,345
1686111256.7025554,359
1686111256.7139177,374
1686111256.7308826,391
1686111256.74343,410
1686111256.7598987,429
1686111256.771531,447
1686111256.7842536,464
1686111256.800565,479
1686111256.8124263,492
1686111256.8245137,504
1686111256.8417969,515
1686111256.853855,525
1686111256.8660483,533
1686111256.882727,541
1686111256.894871,548
1686111256.9110582,556
1686111256.9241328,564
1686111256.935624,570
1686111256.9522743,576
1686111256.9643846,582
1686111256.976906,588
1686111256.9930575,592
1686111257.0055766,592
1686111257.0170882,586
1686111257.0331812,581
1686111257.0462372,577
1686111257.0633395,574
1686111257.0746331,574
1686111257.0873764,576
1686111257.1033692,580
1686111257.1159158,585
1686111257.1284602,589
1686111257.145022,595
1686111257.1570053,601
1686111257.1689079,606
1686111257.186476,612
1686111257.1973345,615
1686111257.2102594,618
1686111257.2258615,621
1686111257.2389345,623
1686111257.254977,624
1686111257.2673292,623
1686111257.2792647,621
1686111257.296132,619
1686111257.3079274,615
1686111257.3202538,609
1686111257.3372772,603
1686111257.349293,597
1686111257.3608906,589
1686111257.3779542,581
1686111257.3896472,571
1686111257.4065664,559
1686111257.418677,546
1686111257.4312925,529
1686111257.4473488,511
1686111257.4596384,492
1686111257.4725757,474
1686111257.4889193,456
1686111257.5009263,439
1686111257.5127015,423
1686111257.5294666,408
1686111257.5414581,397
1686111257.5539427,387
1686111257.570588,378
1686111257.5828667,372
1686111257.598611,368
1686111257.6112177,366
1686111257.6232255,367
1686111257.6403553,370
1686111257.6525016,374
1686111257.664428,379
1686111257.6812234,383
1686111257.6934683,385
1686111257.7054725,387
1686111257.7220497,387
1686111257.7335615,385
1686111257.7503498,383
1686111257.7630973,380
1686111257.7753367,378
1686111257.7914362,377
1686111257.8039026,375
1686111257.8164124,373
1686111257.8322651,373
1686111257.8446267,373
1686111257.857575,374
1686111257.873784,375
1686111257.885491,376
1686111257.9013357,376
1686111257.9142132,376
1686111257.9262075,376
1686111257.9433749,376
1686111257.9552548,375
1686111257.9685655,374
1686111257.9838185,372
1686111257.9967487,370
1686111258.0088146,369
1686111258.0248137,365
1686111258.037807,360
1686111258.049797,355
1686111258.0663342,351
1686111258.0783112,349
1686111258.0942771,349
1686111258.1072917,353
1686111258.1195729,378
1686111258.1359332,424
1686111258.1475275,462
1686111258.160338,532
1686111258.177047,601
1686111258.1890008,650
1686111258.2014217,680
1686111258.2175841,693
1686111258.2295158,687
1686111258.2455578,666
1686111258.2585475,631
1686111258.2705197,587
1686111258.2876503,539
1686111258.300171,485
1686111258.311218,431
1686111258.3285491,376
1686111258.340548,323
1686111258.3526669,275
1686111258.3695698,232
1686111258.38162,189
1686111258.3938692,152
1686111258.410282,123
1686111258.4224894,101
1686111258.4388633,83
1686111258.4510806,76
1686111258.4634902,77
1686111258.4795532,76
1686111258.4921546,78
1686111258.5047307,81
1686111258.5209055,88
1686111258.5322323,102
1686111258.5450013,120
1686111258.5614328,139
1686111258.5741398,159
1686111258.586648,180
1686111258.6027837,201
1686111258.6151953,223
1686111258.6312096,248
1686111258.6435053,270
1686111258.6555681,289
1686111258.6721244,304
1686111258.6841516,315
1686111258.697229,323
1686111258.7128117,330
1686111258.7259092,337
1686111258.7375207,342
1686111258.7538059,346
1686111258.7667623,351
1686111258.7823799,355
1686111258.7953043,361
1686111258.8076317,366
1686111258.8239493,370
1686111258.835874,374
1686111258.8479176,379
1686111258.8647246,385
1686111258.8765628,392
1686111258.8892207,395
1686111258.9061255,396
1686111258.9180758,393
1686111258.930047,386
1686111258.9466999,380
1686111258.9585116,376
1686111258.97527,373
1686111258.9876263,372
1686111259.0002859,373
1686111259.016531,377
1686111259.0284348,384
1686111259.040255,392
1686111259.0576162,400
1686111259.0692337,408
1686111259.0815306,415
1686111259.0978289,420
1686111259.1105175,425
1686111259.1260686,430
1686111259.1393106,434
1686111259.1513813,438
1686111259.1679063,441
1686111259.1803203,445
1686111259.1922133,447
1686111259.208906,449
1686111259.220498,451
1686111259.2339005,451
1686111259.2495544,450
1686111259.2622654,448
1686111259.274314,443
1686111259.290904,435
1686111259.3023984,428
1686111259.3191936,419
1686111259.3312933,407
1686111259.3439105,391
1686111259.3601122,373
1686111259.372155,355
1686111259.3844347,337
1686111259.4013906,321
1686111259.4133892,310
1686111259.425994,304
1686111259.4418416,295
1686111259.455345,277
1686111259.470285,273
1686111259.483621,278
1686111259.4954927,285
1686111259.5121546,293
1686111259.5241454,301
1686111259.536774,310
1686111259.5525315,317
1686111259.5651186,324
1686111259.5774648,331
1686111259.59326,337
1686111259.606247,343
1686111259.6228724,348
1686111259.6348484,352
1686111259.6465123,355
1686111259.6633258,358
1686111259.6752677,361
1686111259.6883116,364
1686111259.7048416,365
1686111259.7168968,367
1686111259.7292337,368
1686111259.7453468,370
1686111259.7570765,372
1686111259.7697332,373
1686111259.7866404,374
1686111259.799025,375
1686111259.8148587,376
1686111259.8277044,377
1686111259.8397915,377
1686111259.856292,378
1686111259.8686442,378
1686111259.88062,378
1686111259.8971212,378
1686111259.909606,381
1686111259.9226835,384
1686111259.9372902,389
1686111259.9503956,394
1686111259.966391,397
1686111259.9790485,399
1686111259.9906297,401
1686111260.0076542,401
1686111260.0195763,400
1686111260.0325878,397
1686111260.0486774,395
1686111260.0607343,392
1686111260.072903,388
1686111260.0888588,385
1686111260.1018593,382
1686111260.114035,378
1686111260.1297414,375
1686111260.1426818,373
1686111260.1587467,370
1686111260.170739,368
1686111260.183698,366
1686111260.200162,363
1686111260.2120724,361
1686111260.224054,360
1686111260.241076,358
1686111260.253057,356
1686111260.265121,355
1686111260.2821257,353
1686111260.2943282,352
1686111260.3101194,352
1686111260.3231282,352
1686111260.3352525,351
1686111260.3513162,351
1686111260.3640559,351
1686111260.3763864,350
1686111260.392182,351
1686111260.4050756,351
1686111260.4170754,352
1686111260.433074,352
1686111260.4460533,352
1686111260.461055,352
1686111260.4743917,352
1686111260.4871209,353
1686111260.503524,353
1686111260.5152714,354
1686111260.5280626,355
1686111260.5441248,356
1686111260.5561185,357
1686111260.5683303,358
1686111260.5850573,358
1686111260.5971658,358
1686111260.60989,359
1686111260.6258414,360
1686111260.6378639,360
1686111260.6548889,360
1686111260.6669614,359
1686111260.6788335,358
1686111260.695015,358
1686111260.7080803,358
1686111260.7200215,357
1686111260.7360153,356
1686111260.7490177,355
1686111260.761368,354
1686111260.7780194,353
1686111260.7900317,353
1686111260.806062,353
1686111260.818078,353
1686111260.8310986,353
1686111260.8473847,354
1686111260.8593554,355
1686111260.872016,356
1686111260.8879302,357
1686111260.9000185,359
1686111260.912957,361
1686111260.9289591,363
1686111260.9413016,366
1686111260.9533405,368
1686111260.9700327,371
1686111260.9819658,373
1686111260.9982655,376
1686111261.011265,378
1686111261.023328,381
1686111261.0392663,383
1686111261.0523376,385
1686111261.0642812,386
1686111261.080624,388
1686111261.0922616,389
1686111261.105525,390
1686111261.1215944,391
1686111261.1336458,391
1686111261.150408,391
1686111261.1624045,391
1686111261.1749778,390
1686111261.1909163,391
1686111261.203728,390
1686111261.2156715,389
1686111261.2319682,389
1686111261.244661,388
1686111261.2566695,389
1686111261.2726529,389
1686111261.2857208,389
1686111261.2977371,389
1686111261.3142045,389
1686111261.3267303,390
1686111261.342787,392
1686111261.3549485,393
1686111261.3670247,395
1686111261.3836644,396
1686111261.3962579,397
1686111261.4083405,397
1686111261.424564,397
1686111261.4368467,396
1686111261.4493647,395
1686111261.4653187,395
1686111261.4774494,395
1686111261.494247,396
1686111261.5066094,397
1686111261.5189748,398
1686111261.5348938,400
1686111261.5479574,401
1686111261.5599585,402
1686111261.5762432,402
1686111261.5886064,401
1686111261.600715,400
1686111261.6169686,398
1686111261.6297202,395
1686111261.645637,393
1686111261.657657,392
1686111261.670712,391
1686111261.6867898,389
1686111261.6990464,387
1686111261.711649,386
1686111261.7278087,385
1686111261.739654,384
1686111261.752055,382
1686111261.76864,379
1686111261.7807527,376
1686111261.792708,374
1686111261.809639,374
1686111261.8216493,374
1686111261.8387177,375
1686111261.8507195,377
1686111261.863188,380
1686111261.878638,382
1686111261.891644,378
1686111261.9037077,372
1686111261.919702,368
1686111261.9326549,365
1686111261.9446502,364
1686111261.9607306,367
1686111261.9737136,369
1686111261.9899383,374
1686111262.0019708,378
1686111262.0146546,382
1686111262.0309365,384
1686111262.0429804,389
1686111262.0556538,392
1686111262.0717926,395
1686111262.0839546,398
1686111262.0966992,400
1686111262.1126406,400
1686111262.1249514,401
1686111262.137717,402
1686111262.1537688,404
1686111262.1657732,403
1686111262.1826468,403
1686111262.1946518,406
1686111262.2069092,406
1686111262.2235887,405
1686111262.2355857,407
1686111262.2476528,406
1686111262.264285,406
1686111262.2767146,406
1686111262.2891445,406
1686111262.3048968,405
1686111262.3179703,404
1686111262.333987,403
1686111262.3460314,402
1686111262.357896,401
1686111262.3749642,399
1686111262.3869603,398
1686111262.3988943,397
1686111262.415968,398
1686111262.4279475,401
1686111262.4402204,405
1686111262.4569135,409
1686111262.4689646,413
1686111262.4848979,416
1686111262.497968,419
1686111262.5099092,420
1686111262.5258899,420
1686111262.5389538,421
1686111262.551153,420
1686111262.5668957,419
1686111262.5799825,417
1686111262.591894,415
1686111262.6079626,413
1686111262.6209502,410
1686111262.6329908,406
1686111262.6493957,402
1686111262.6616247,399
1686111262.6776447,396
1686111262.6904364,393
1686111262.7025654,390
1686111262.718335,388
1686111262.7315423,386
1686111262.74421,384
1686111262.760208,381
1686111262.7722015,380
1686111262.7845466,378
1686111262.800872,377
1686111262.8130543,375
1686111262.8294015,374
1686111262.84177,372
1686111262.8544278,371
1686111262.87042,370
1686111262.8824823,369
1686111262.8954065,367
1686111262.9114063,367
1686111262.923772,366
1686111262.9355092,365
1686111262.9524841,364
1686111262.96443,364
1686111262.9768145,364
1686111262.9935715,364
1686111263.0058384,364
1686111263.0218806,365
1686111263.034558,366
1686111263.0467405,366
1686111263.0625486,366
1686111263.07557,366
1686111263.087755,366
1686111263.1034842,366
1686111263.116555,366
1686111263.1284764,365
1686111263.1448188,364
1686111263.1575456,364
1686111263.1735563,361
1686111263.1865554,359
1686111263.198486,357
1686111263.2148497,356
1686111263.2265434,355
1686111263.238799,357
1686111263.2554805,359
1686111263.2678645,361
1686111263.279542,363
1686111263.2967622,363
1686111263.309045,362
1686111263.3207939,363
1686111263.3377795,362
1686111263.349798,361
1686111263.36572,360
1686111263.3777175,360
1686111263.390815,360
1686111263.4067166,361
1686111263.4187188,362
1686111263.4317386,364
1686111263.448047,366
1686111263.4597344,370
1686111263.472794,374
1686111263.489008,378
1686111263.501044,381
1686111263.5178018,383
1686111263.529717,385
1686111263.541788,388
1686111263.558807,391
1686111263.5707846,394
1686111263.5830538,396
1686111263.5997915,398
1686111263.6117404,399
1686111263.623969,399
1686111263.640356,399
1686111263.652811,397
1686111263.669051,394
1686111263.681504,391
1686111263.693674,388
1686111263.7098932,385
1686111263.7227745,382
1686111263.734775,379
1686111263.7506998,375
1686111263.7641132,373
1686111263.775564,371
1686111263.791882,369
1686111263.8039358,368
1686111263.8168292,366
1686111263.8337777,364
1686111263.8448558,361
1686111263.8618422,357
1686111263.874027,355
1686111263.885763,356
1686111263.9029784,353
1686111263.9149663,350
1686111263.9269688,349
1686111263.943969,350
1686111263.9564393,353
1686111263.9689212,357
1686111263.9844508,359
1686111263.9968414,363
1686111264.0128322,367
1686111264.0255122,371
1686111264.0375125,376
1686111264.0545895,379
1686111264.0661302,381
1686111264.0781796,383
1686111264.0951934,385
1686111264.107174,384
1686111264.1195462,382
1686111264.136251,379
1686111264.1486495,376
1686111264.1609054,373
1686111264.1768293,371
1686111264.1888885,368
1686111264.2056832,366
1686111264.2183475,365
1686111264.2304149,368
1686111264.246666,370
1686111264.2593377,371
1686111264.271352,373
1686111264.2876604,375
1686111264.3000622,376
1686111264.312202,378
1686111264.329038,379
1686111264.34106,379
1686111264.357366,380
1686111264.3693302,380
1686111264.3820014,380
1686111264.3984182,381
1686111264.4100618,381
1686111264.4230628,381
1686111264.4390483,382
1686111264.451058,382
1686111264.4640262,382
1686111264.4800608,382
1686111264.4930017,382
1686111264.5083659,382
1686111264.5212421,383
1686111264.532989,385
1686111264.5500622,386
1686111264.5619953,387
1686111264.5743093,388
1686111264.59027,390
1686111264.603186,391
1686111264.6151013,392
1686111264.6314275,392
1686111264.6441193,393
1686111264.6563697,394
1686111264.6731806,394
1686111264.6850944,394
1686111264.701446,394
1686111264.7138052,394
1686111264.7257838,393
1686111264.7417827,392
1686111264.7548041,391
1686111264.76674,388
1686111264.7830386,384
1686111264.7957292,381
1686111264.807793,377
1686111264.8244247,374
1686111264.8365335,372
1686111264.8524694,370
1686111264.8654804,369
1686111264.877412,368
1686111264.8936892,369
1686111264.9064832,369
1686111264.9184058,369
1686111264.9344225,369
1686111264.9474728,370
1686111264.959403,370
1686111264.9756866,371
1686111264.9884744,372
1686111265.0004864,373
1686111265.0164676,373
1686111265.0294144,375
1686111265.0453947,376
1686111265.0579438,377
1686111265.0694697,378
1686111265.086467,378
1686111265.0984027,379
1686111265.1109595,379
1686111265.1275933,379
1686111265.1396346,380
1686111265.1519053,380
1686111265.168641,380
1686111265.1806617,380
1686111265.1966271,380
1686111265.2090538,380
1686111265.2210119,380
1686111265.2379475,380
1686111265.2499626,381
1686111265.2623312,381
1686111265.2783794,381
1686111265.290899,382
1686111265.3032863,383
1686111265.3192198,383
1686111265.3322122,384
1686111265.3442588,385
1686111265.3602033,385
1686111265.3732915,385
1686111265.3892715,385
1686111265.4014006,385
1686111265.413383,385
1686111265.4299123,384
1686111265.4429889,384
1686111265.4548538,384
1686111265.471422,385
1686111265.483567,385
1686111265.49583,385
1686111265.5123568,386
1686111265.5239918,386
1686111265.541034,387
1686111265.5531666,387
1686111265.5652537,387
1686111265.5820508,387
1686111265.594607,387
1686111265.606653,388
1686111265.6231163,389
1686111265.6356409,390
1686111265.6476166,391
1686111265.663591,391
1686111265.6756713,391
1686111265.6916676,391
1686111265.704581,392
1686111265.7174027,391
1686111265.7339134,391
1686111265.7455618,389
1686111265.758218,389
1686111265.7742817,389
1686111265.7864933,389
1686111265.7991009,387
1686111265.8154278,386
1686111265.8277605,386
1686111265.840123,385
1686111265.8559442,384
1686111265.8689046,384
1686111265.8849013,383
1686111265.8969824,383
1686111265.9093306,382
1686111265.9258916,381
1686111265.9378865,382
1686111265.949896,382
1686111265.9668882,381
1686111265.9789314,381
1686111265.9908876,381
1686111266.0078945,381
1686111266.0198898,381
1686111266.0359313,382
1686111266.048893,382
1686111266.0611632,381
1686111266.0768988,381
1686111266.089893,380
1686111266.101958,380
1686111266.1182742,379
1686111266.1302185,379
1686111266.1430173,379
1686111266.1599016,378
1686111266.1715636,379
1686111266.183985,380
1686111266.2008686,380
1686111266.2124403,380
1686111266.2289004,381
1686111266.2416923,381
1686111266.2537193,381
1686111266.2693524,382
1686111266.2827606,382
1686111266.2948227,382
1686111266.3111715,382
1686111266.3233032,383
1686111266.335346,384
1686111266.3520598,383
1686111266.3641038,384
1686111266.3807797,384
1686111266.3939612,384
1686111266.404981,384
1686111266.4219272,383
1686111266.4341967,382
1686111266.4459925,381
1686111266.4619102,379
1686111266.474929,377
1686111266.4878967,375
1686111266.5041094,372
1686111266.5154018,371
1686111266.532569,369
1686111266.5447974,368
1686111266.5565474,369
1686111266.573213,370
1686111266.5854878,374
1686111266.597902,376
1686111266.6139243,380
1686111266.6261349,385
1686111266.6385646,389
1686111266.6553793,392
1686111266.667506,394
1686111266.6794915,393
1686111266.6956937,393
1686111266.7085073,393
1686111266.7245665,392
1686111266.7367928,392
1686111266.748701,389
1686111266.765496,388
1686111266.7781675,386
1686111266.789969,385
1686111266.8066154,384
1686111266.8191674,383
1686111266.8311405,382
1686111266.8468845,381
1686111266.859309,380
1686111266.8761833,380
1686111266.8882408,380
1686111266.9012294,380
1686111266.9175992,380
1686111266.9297898,380
1686111266.9416044,381
1686111266.9583306,382
1686111266.9705546,384
1686111266.9828684,385
1686111266.9995189,386
1686111267.0112803,387
1686111267.0239792,389
1686111267.0402098,392
1686111267.0527575,393
1686111267.0689757,392
1686111267.0812564,391
1686111267.0933194,390
1686111267.1098409,388
1686111267.1221151,387
1686111267.1346002,384
1686111267.1510065,383
1686111267.1629534,381
1686111267.1748245,378
1686111267.191378,376
1686111267.2040958,375
1686111267.220675,373
1686111267.2325253,373
1686111267.2444997,372
1686111267.261592,373
1686111267.2736099,374
1686111267.2859545,374
1686111267.3016112,375
1686111267.3145618,375
1686111267.3264086,375
1686111267.3431816,376
1686111267.3552244,377
1686111267.3676276,378
1686111267.3838952,379
1686111267.3963084,379
1686111267.4122503,379
1686111267.4243445,378
1686111267.4373422,378
1686111267.4539316,377
1686111267.466233,377
1686111267.4785066,376
1686111267.4948542,376
1686111267.5079005,376
1686111267.519437,376
1686111267.5350804,377
1686111267.5481057,378
1686111267.5640767,379
1686111267.576741,380
1686111267.5885742,380
1686111267.604824,380
1686111267.6178207,380
1686111267.6298423,381
1686111267.6463642,381
1686111267.6589124,381
1686111267.6710126,382
1686111267.6872299,382
1686111267.6995974,382
1686111267.7158577,382
1686111267.7278967,383
1686111267.7405784,383
1686111267.7565596,384
1686111267.7693481,385
1686111267.7815537,386
1686111267.7978287,386
1686111267.8097863,386
1686111267.822231,387
1686111267.83914,387
1686111267.8511562,389
1686111267.8631978,389
1686111267.8798761,389
1686111267.8917797,390
1686111267.9075515,391
1686111267.9205341,391
1686111267.9328785,390
1686111267.949661,391
1686111267.9618306,391
1686111267.9738357,391
1686111267.9906085,391
1686111268.0029225,391
1686111268.0148594,390
1686111268.0315938,389
1686111268.043735,389
1686111268.0600471,389
1686111268.0729911,389
1686111268.0846405,388
1686111268.100571,388
1686111268.1132627,387
1686111268.12539,386
1686111268.1414032,386
1686111268.1543918,386
1686111268.1668365,386
1686111268.1833665,386
1686111268.194707,385
1686111268.2069898,385
1686111268.2233028,385
1686111268.2355494,386
1686111268.252605,386
1686111268.26459,387
1686111268.2766695,387
1686111268.2929409,387
1686111268.305885,387
1686111268.3181057,387
1686111268.3341477,387
1686111268.3469284,386
1686111268.3589804,386
1686111268.3752773,386
1686111268.3878856,385
1686111268.4039035,385
1686111268.4158323,385
1686111268.4287574,383
1686111268.4450393,383
1686111268.4572244,382
1686111268.469362,382
1686111268.485578,382
1686111268.4976256,380
1686111268.510376,380
1686111268.5270152,379
1686111268.5392387,380
1686111268.5555391,380
1686111268.5678422,379
1686111268.5805151,379
1686111268.5966384,379
1686111268.6083856,379
1686111268.6209972,379
1686111268.6372638,379
1686111268.6497226,379
1686111268.6616423,379
1686111268.6785321,379
1686111268.6904716,379
1686111268.7029853,380
1686111268.7197735,379
1686111268.7316086,379
1686111268.747605,377
1686111268.7596464,378
1686111268.7728763,378
1686111268.789123,378
1686111268.8009596,379
1686111268.8137162,378
1686111268.8296087,378
1686111268.8419912,378
1686111268.855058,378
1686111268.8709304,378
1686111268.8829494,379
1686111268.8991811,378
1686111268.911572,379
1686111268.9235146,379
1686111268.9400792,379
1686111268.9528675,380
1686111268.9652624,379
1686111268.981626,380
1686111268.9935925,380
1686111269.0064297,380
1686111269.022881,380
1686111269.0349267,381
1686111269.0471766,381
1686111269.0636613,380
1686111269.076035,381
1686111269.0916574,381
1686111269.1045892,381
1686111269.1165764,381
1686111269.133332,381
1686111269.1457458,381
1686111269.1570525,381
1686111269.1740994,382
1686111269.1857305,382
1686111269.1986725,382
1686111269.215463,382
1686111269.2275677,382
1686111269.2430174,382
1686111269.2561507,382
1686111269.2681546,383
1686111269.2841356,382
1686111269.2972348,382
1686111269.3087413,382
1686111269.3255363,382
1686111269.3378427,383
1686111269.3498678,382
1686111269.3663585,382
1686111269.378895,382
1686111269.3905287,382
1686111269.4076955,383
1686111269.4194605,384
1686111269.4354134,384
1686111269.4488885,383
1686111269.460859,384
1686111269.4773533,384
1686111269.4894557,384
1686111269.5017643,384
1686111269.5181293,384
1686111269.5306425,384
1686111269.5427048,384
1686111269.5586457,384
1686111269.571305,384
1686111269.58731,384
1686111269.5995684,384
1686111269.6127105,384
1686111269.6282184,384
1686111269.64063,384
1686111269.6532652,384
1686111269.6698678,384
1686111269.6814284,384
1686111269.6944246,384
1686111269.7108457,384
1686111269.7226653,384
1686111269.7390978,384
1686111269.7517962,384
1686111269.7639508,384
1686111269.7801015,384
1686111269.7926452,385
1686111269.8048193,386
1686111269.8206408,386
1686111269.8336923,387
1686111269.8458042,387
1686111269.8621309,388
1686111269.8748772,388
1686111269.8865395,389
1686111269.9025545,389
1686111269.915434,390
1686111269.931478,390
1686111269.9441898,390
1686111269.9563932,391
1686111269.9723167,391
1686111269.9853082,391
1686111269.997236,391
1686111270.013961,391
1686111270.02594,391
1686111270.0380082,391
1686111270.0549202,391
1686111270.0669687,391
1686111270.0836732,390
1686111270.0957239,390
1686111270.107716,390
1686111270.1244946,390
1686111270.1363986,389
1686111270.148573,389
1686111270.165614,388
1686111270.177853,387
1686111270.1899023,387
1686111270.2062862,387
1686111270.2187781,387
1686111270.234337,387
1686111270.2471778,387
1686111270.2593913,387
1686111270.27541,387
1686111270.288481,387
1686111270.3005202,387
1686111270.3164134,386
1686111270.3292437,386
1686111270.340875,386
1686111270.3577132,387
1686111270.3698645,387
1686111270.3826928,386
1686111270.3981676,386
1686111270.4110997,386
1686111270.4269586,386
1686111270.439949,386
1686111270.4520347,386
1686111270.4686975,386
1686111270.480888,386
1686111270.4924567,386
1686111270.5095723,386
1686111270.521918,386
1686111270.533969,386
1686111270.5503216,386
1686111270.5625634,385
1686111270.579006,385
1686111270.5906882,386
1686111270.6033566,385
1686111270.6198642,385
1686111270.6317973,385
1686111270.643845,385
1686111270.6602747,385
1686111270.6732945,386
1686111270.6857738,386
1686111270.7018774,386
1686111270.7139182,386
1686111270.7262242,386
1686111270.7436206,386
1686111270.754751,386
1686111270.7706885,386
1686111270.7839262,386
1686111270.7961092,386
1686111270.8123071,386
1686111270.8243275,386
1686111270.8366568,387
1686111270.853365,387
1686111270.8652713,386
1686111270.8778367,387
1686111270.89445,386
1686111270.9059665,387
1686111270.922472,386
1686111270.9352944,386
1686111270.947843,385
1686111270.963765,385
1686111270.9762106,385
1686111270.988302,385
1686111271.005015,384
1686111271.0177495,384
1686111271.0294325,384
1686111271.0458348,384
1686111271.0585651,384
1686111271.0738597,384
1686111271.0869634,384
1686111271.0993702,384
1686111271.1153772,384
1686111271.1277285,384
1686111271.1398377,385
1686111271.155868,385
1686111271.169191,385
1686111271.1810436,385
1686111271.1977391,384
1686111271.2093453,384
1686111271.2216847,384
1686111271.2384267,384
1686111271.250566,385
1686111271.2670264,384
1686111271.2796001,383
1686111271.2913022,383
1686111271.3073673,383
1686111271.3196619,384
1686111271.3328729,383
1686111271.3489213,383
1686111271.3614361,382
1686111271.3731875,382
1686111271.3894503,383
1686111271.401568,383
1686111271.4183095,383
1686111271.4304633,383
1686111271.4437952,383
1686111271.459713,383
1686111271.471485,383
1686111271.4834843,383
1686111271.5007422,383
1686111271.5125957,383
1686111271.525034,383
1686111271.541387,383
1686111271.5538054,384
1686111271.5657756,384
1686111271.5823781,384
1686111271.5942364,384
1686111271.6103086,383
1686111271.6229277,383
1686111271.6359253,384
1686111271.651924,383
1686111271.6642704,383
1686111271.6762455,383
1686111271.6929228,382
1686111271.7052522,382
1686111271.7179425,383
1686111271.733925,382
1686111271.7462673,382
1686111271.761939,382
1686111271.774959,382
1686111271.786956,382
1686111271.802979,382
1686111271.8159597,382
1686111271.8279526,382
1686111271.844956,381
1686111271.8569548,382
1686111271.8693223,382
1686111271.8860233,382
1686111271.8979914,382
1686111271.9099731,382
1686111271.9262433,382
1686111271.938991,381
1686111271.9550889,381
1686111271.9669917,381
1686111271.9799948,381
1686111271.9963002,380
1686111272.0083153,381
1686111272.0203197,380
1686111272.0369744,381
1686111272.0492902,380
1686111272.0610554,380
1686111272.0780437,380
1686111272.0900218,381
1686111272.1059754,381
1686111272.1190543,381
1686111272.1312366,381
1686111272.1478915,381
1686111272.1599007,381
1686111272.17196,381
1686111272.1893184,381
1686111272.2009816,381
1686111272.212961,381
1686111272.2293186,380
1686111272.2413826,380
1686111272.2574666,380
1686111272.2703183,381
1686111272.2825618,381
1686111272.2991931,380
1686111272.3115213,381
1686111272.3238153,381
1686111272.3400285,381
1686111272.3523862,382
1686111272.3650126,381
1686111272.3808062,382
1686111272.3934577,383
1686111272.4054549,384
1686111272.4214735,385
1686111272.4344752,386
1686111272.4508266,387
1686111272.4624588,387
1686111272.4754598,388
1686111272.491826,388
1686111272.504171,389
1686111272.5165217,389
1686111272.5326076,388
1686111272.544461,389
1686111272.5574713,389
1686111272.573775,389
1686111272.5858264,390
1686111272.6015193,390
1686111272.6144562,391
1686111272.6266115,391
1686111272.643249,391
1686111272.6552498,392
1686111272.6682692,393
1686111272.6841156,393
1686111272.696359,393
1686111272.7090094,393
1686111272.7251382,393
1686111272.7370162,393
1686111272.7493768,391
1686111272.7660096,390
1686111272.7780128,390
1686111272.7943764,389
1686111272.8070028,389
1686111272.8190684,388
1686111272.8359966,387
1686111272.848133,386
1686111272.8603306,385
1686111272.876324,384
1686111272.8889856,384
1686111272.9009888,384
1686111272.917359,383
1686111272.929985,383
1686111272.9463646,382
1686111272.9589884,382
1686111272.9710217,381
1686111272.987011,381
1686111272.998994,380
1686111273.0119953,379
1686111273.0282526,378
1686111273.0405362,376
1686111273.052207,375
1686111273.0692892,373
1686111273.0822039,371
1686111273.0932643,369
1686111273.1102104,369
1686111273.1222017,370
1686111273.1384976,372
1686111273.1514285,375
1686111273.163449,378
1686111273.179925,383
1686111273.1918113,388
1686111273.204441,391
1686111273.2204797,394
1686111273.2330728,395
1686111273.245363,396
1686111273.261094,396
1686111273.2740288,395
1686111273.2900352,394
1686111273.3020892,392
1686111273.3150284,389
1686111273.3310766,387
1686111273.3440592,384
1686111273.356032,382
1686111273.3720334,380
1686111273.384342,378
1686111273.397007,375
1686111273.412995,372
1686111273.4250674,370
1686111273.4410496,367
1686111273.4543066,365
1686111273.466322,362
1686111273.4830067,359
1686111273.4949996,357
1686111273.5073376,355
1686111273.524079,353
1686111273.5359957,354
1686111273.5483167,356
1686111273.564999,359
1686111273.5771224,365
1686111273.5889962,371
1686111273.606059,378
1686111273.6179988,385
1686111273.6341426,391
1686111273.646164,396
1686111273.6591232,398
1686111273.6751022,400
1686111273.6871934,403
1686111273.7001038,404
1686111273.7161093,404
1686111273.7287998,404
1686111273.7407904,403
1686111273.7571502,401
1686111273.7698777,400
1686111273.7858264,398
1686111273.7981234,396
1686111273.810826,393
1686111273.8270924,391
1686111273.838585,388
1686111273.8514652,386
1686111273.8680384,384
1686111273.8798568,380
1686111273.892547,377
1686111273.9085214,374
1686111273.920827,372
1686111273.9337938,370
1686111273.949806,368
1686111273.9617891,367
1686111273.978132,367
1686111273.9907928,367
1686111274.003794,366
1686111274.0191813,366
1686111274.0318463,366
1686111274.0441055,365
1686111274.0598752,365
1686111274.0728083,365
1686111274.08499,366
1686111274.100855,365
1686111274.1137927,365
1686111274.1300058,365
1686111274.142001,365
1686111274.1540108,365
1686111274.1710162,366
1686111274.184037,366
1686111274.19538,366
1686111274.2120917,367
1686111274.2240002,368
1686111274.2362413,369
1686111274.2530088,370
1686111274.2649965,371
1686111274.2810812,371
1686111274.2940614,371
1686111274.306032,371
1686111274.322038,372
1686111274.3344955,371
1686111274.34675,370
1686111274.3634171,369
1686111274.3757246,369
1686111274.3874238,369
1686111274.4048417,369
1686111274.416414,369
1686111274.4284365,369
1686111274.445443,370
1686111274.4576375,371
1686111274.4740386,372
1686111274.4864333,374
1686111274.4984245,375
1686111274.514747,375
1686111274.5266042,376
1686111274.539809,377
1686111274.5559552,376
1686111274.5681553,377
1686111274.5806062,377
1686111274.5966063,375
1686111274.6095932,374
1686111274.6257613,372
1686111274.6381595,373
1686111274.6497815,374
1686111274.6666193,377
1686111274.6788464,381
1686111274.6906333,385
1686111274.7076495,390
1686111274.7196147,394
1686111274.732638,396
1686111274.7479005,398
1686111274.7601962,399
1686111274.773134,398
1686111274.7891376,398
1686111274.8012943,398
1686111274.8181343,397
1686111274.8304465,396
1686111274.8424497,395
1686111274.859138,395
1686111274.8716397,395
1686111274.883641,395
1686111274.9000487,394
1686111274.912064,393
1686111274.924065,392
1686111274.940411,391
1686111274.9538267,391
1686111274.9687972,390
1686111274.981797,388
1686111274.9941087,387
1686111275.010812,384
1686111275.022818,383
1686111275.0350277,381
1686111275.051617,380
1686111275.0633035,379
1686111275.0762446,377
1686111275.0919907,376
1686111275.104896,376
1686111275.1172147,374
1686111275.1338904,373
1686111275.1458926,372
1686111275.1622226,372
1686111275.1741211,374
1686111275.1869109,375
1686111275.203893,377
1686111275.214896,379
1686111275.227924,381
1686111275.244124,383
1686111275.2564504,385
1686111275.2691162,386
1686111275.2845495,387
1686111275.297392,386
1686111275.3131335,385
1686111275.3260887,384
1686111275.3385234,382
1686111275.354492,379
1686111275.3665397,375
1686111275.3789046,371
1686111275.3957093,369
1686111275.4079134,370
1686111275.4196033,373
1686111275.4369671,378
1686111275.448961,382
1686111275.4649794,385
1686111275.4779751,388
1686111275.4899712,389
1686111275.5063486,388
1686111275.5190284,387
1686111275.5310214,385
1686111275.5470047,384
1686111275.5590072,383
1686111275.5716617,381
1686111275.5881596,379
1686111275.6000116,377
1686111275.6120238,377
1686111275.6290784,375
1686111275.6410742,374
1686111275.6573753,376
1686111275.6700072,376
1686111275.6830049,375
1686111275.6990716,376
1686111275.7111094,377
1686111275.7230785,380
1686111275.7391589,382
1686111275.7521508,384
1686111275.7643507,386
1686111275.7801614,387
1686111275.7931416,388
1686111275.8091471,390
1686111275.821158,392
1686111275.8342001,393
1686111275.8503788,392
1686111275.8623059,392
1686111275.8749924,391
1686111275.8912456,392
1686111275.9030626,392
1686111275.9159336,391
1686111275.9319358,390
1686111275.9443047,389
1686111275.9569964,388
1686111275.9729297,388
1686111275.9854872,388
1686111276.0014968,387
1686111276.0144799,385
1686111276.026485,384
1686111276.0425072,383
1686111276.0548162,382
1686111276.0674763,382
1686111276.0834787,381
1686111276.0958056,379
1686111276.1085486,378
1686111276.1244726,376
1686111276.137257,375
1686111276.1532433,374
1686111276.1655612,372
1686111276.1782548,371
1686111276.1943622,370
1686111276.2065651,369
1686111276.2192638,369
1686111276.2357183,369
1686111276.2474525,368
1686111276.2602453,369
1686111276.2759817,369
1686111276.2879403,370
1686111276.3047886,370
1686111276.3170154,370
1686111276.329073,370
1686111276.3450198,370
1686111276.3580165,370
1686111276.370017,371
1686111276.3860152,371
1686111276.399014,371
1686111276.4110842,370
1686111276.4270637,370
1686111276.440018,371
1686111276.4520268,371
1686111276.468017,371
1686111276.4810286,371
1686111276.4970284,371
1686111276.5090263,371
1686111276.522015,372
1686111276.5387,372
1686111276.5506477,372
1686111276.5626438,372
1686111276.5797033,372
1686111276.591958,372
1686111276.6036532,372
1686111276.6197171,373
1686111276.6326487,373
1686111276.6482353,373
1686111276.6613007,374
1686111276.6737566,374
1686111276.6897552,374
1686111276.701828,375
1686111276.7144759,375
1686111276.7304842,375
1686111276.742912,376
1686111276.7552516,377
1686111276.7719123,377
1686111276.7839158,377
1686111276.795939,377
1686111276.8129287,377
1686111276.8249145,377
1686111276.8409574,378
1686111276.8540473,378
1686111276.8661401,378
1686111276.882288,378
1686111276.8949702,379
1686111276.9069684,379
1686111276.9230108,379
1686111276.9351964,380
1686111276.9475613,380
1686111276.9641938,380
1686111276.9766436,380
1686111276.9930036,381
1686111277.0049057,381
1686111277.0178058,381
1686111277.034352,381
1686111277.0473623,381
1686111277.0588565,381
1686111277.0749805,381
1686111277.0864694,381
1686111277.0997853,381
1686111277.115805,381
1686111277.128027,381
1686111277.143897,380
1686111277.1571386,381
1686111277.1690924,381
1686111277.1857686,380
1686111277.1978161,380
1686111277.209856,380
1686111277.2266235,380
1686111277.2386224,380
1686111277.2506227,380
1686111277.267621,380
1686111277.279619,380
1686111277.291618,380
1686111277.3076189,380
1686111277.3206196,380
1686111277.336814,380
1686111277.3488128,380
1686111277.361388,380
1686111277.377546,380
1686111277.389629,381
1686111277.4024901,381
1686111277.4188726,381
1686111277.4307735,381
1686111277.4433467,381
1686111277.4590707,381
1686111277.471168,381
1686111277.4874973,381
1686111277.5004942,381
1686111277.5125577,381
1686111277.5294983,381
1686111277.5420017,381
1686111277.5541935,381
1686111277.570597,381
1686111277.5827959,381
1686111277.5948477,380
1686111277.6107497,380
1686111277.6237998,380
1686111277.6358407,380
1686111277.652294,381
1686111277.6645074,381
1686111277.6808443,381
1686111277.69348,381
1686111277.7056718,381
1686111277.7217014,382
1686111277.7339673,382
1686111277.7467709,381
1686111277.7631533,382
1686111277.7750986,381
1686111277.7875822,382
1686111277.8040829,382
1686111277.8163302,382
1686111277.832673,383
1686111277.8450248,383
1686111277.857618,383
1686111277.8740203,385
1686111277.8854353,386
1686111277.8984828,387
1686111277.9148636,387
1686111277.9269204,388
1686111277.939616,388
1686111277.9553998,388
1686111277.9676423,388
1686111277.983608,388
1686111277.9967337,387
1686111278.0089395,387
1686111278.0250263,387
1686111278.0375159,387
1686111278.0497453,385
1686111278.0663843,383
1686111278.0787978,381
1686111278.0908535,379
1686111278.1079164,378
1686111278.1191444,377
1686111278.1316013,376
1686111278.1473544,375
1686111278.1605873,375
1686111278.1760914,375
1686111278.1888452,376
1686111278.2016926,377
1686111278.2178445,377
1686111278.2299058,378
1686111278.2420194,379
1686111278.2588985,380
1686111278.270966,381
1686111278.283434,381
1686111278.299927,380
1686111278.312036,379
1686111278.3276405,378
1686111278.3406436,377
1686111278.3526132,376
1686111278.3688376,375
1686111278.381525,375
1686111278.3940034,374
1686111278.4098473,373
1686111278.4228039,372
1686111278.4345064,372
1686111278.45055,372
1686111278.4637172,373
1686111278.4759371,373
1686111278.4917996,373
1686111278.504086,373
1686111278.520019,374
1686111278.5332234,374
1686111278.5451987,375
1686111278.5617747,375
1686111278.574073,376
1686111278.5860384,376
1686111278.6029882,377
1686111278.6148987,378
1686111278.6266992,378
1686111278.6436143,378
1686111278.6560173,378
1686111278.672478,379
1686111278.6849263,379
1686111278.6969242,378
1686111278.7136605,378
1686111278.7256525,378
1686111278.737809,378
1686111278.75389,378
1686111278.7670364,378
1686111278.7791548,376
1686111278.795562,376
1686111278.8076305,377
1686111278.8193216,377
1686111278.8357606,377
1686111278.848659,377
1686111278.8647165,377
1686111278.8774402,378
1686111278.889492,378
1686111278.9057517,378
1686111278.918164,378
1686111278.9297101,378
1686111278.946826,378
1686111278.9591098,378
1686111278.9713624,379
1686111278.987506,379
1686111278.999567,379
1686111279.015573,379
1686111279.028567,380
1686111279.04024,379
1686111279.0572858,379
1686111279.0693305,379
1686111279.0813334,378
1686111279.0983489,377
1686111279.110618,377
1686111279.1229527,377
1686111279.1393337,376
1686111279.1514978,376
1686111279.1678355,376
1686111279.1801846,375
1686111279.1926444,375
1686111279.2087138,375
1686111279.2214408,376
1686111279.2331233,376
1686111279.249942,376
1686111279.2616456,377
1686111279.2736464,377
1686111279.2909198,378
1686111279.3027117,379
1686111279.3153925,379
1686111279.3319,379
1686111279.3434515,379
1686111279.3601196,380
1686111279.372792,380
1686111279.3847935,381
1686111279.4008558,381
1686111279.4138014,381
1686111279.4260082,381
1686111279.4424717,381
1686111279.4544885,381
1686111279.4664948,380
1686111279.4834538,380
1686111279.4952888,380
1686111279.5111136,380
1686111279.5240657,380
1686111279.536795,380
1686111279.552763,380
1686111279.565136,381
1686111279.5773878,380
1686111279.5939455,381
1686111279.606311,381
1686111279.6179006,382
1686111279.635013,382
1686111279.6469772,382
1686111279.6593559,381
1686111279.6756155,381
1686111279.6881092,381
1686111279.7045105,381
1686111279.716455,381
1686111279.7293189,381
1686111279.7457302,381
1686111279.7577527,381
1686111279.7696602,381
1686111279.7865996,381
1686111279.7989032,381
1686111279.8104973,381
1686111279.8267386,381
1686111279.8392754,381
1686111279.856192,382
1686111279.8687506,381
1686111279.8807967,381
1686111279.8968523,381
1686111279.9089227,381
1686111279.9212608,381
1686111279.9374616,381
1686111279.9505143,381
1686111279.9622614,381
1686111279.9789789,381
1686111279.9915442,381
1686111280.0078213,381
1686111280.0200338,381
1686111280.0324473,381
1686111280.0485947,381
1686111280.0609848,380
1686111280.0734973,380
1686111280.0896385,381
1686111280.1018167,381
1686111280.1138017,381
1686111280.1308172,381
1686111280.1423776,381
1686111280.1555042,382
1686111280.171127,382
1686111280.1836538,382
1686111280.2010627,382
1686111280.2125728,381
1686111280.2243536,381
1686111280.2412987,381
1686111280.2532265,381
1686111280.265221,381
1686111280.2812424,380
1686111280.2939253,380
1686111280.3063443,379
1686111280.3225005,379
1686111280.3351238,380
1686111280.350822,380
1686111280.3638647,379
1686111280.3761332,379
1686111280.3928936,379
1686111280.4049864,380
1686111280.4177132,380
1686111280.4337013,379
1686111280.4457395,379
1686111280.459441,379
1686111280.4744256,379
1686111280.4864256,379
1686111280.4984283,379
1686111280.5156455,379
1686111280.5271645,379
1686111280.544317,379
1686111280.5564966,379
1686111280.5688043,379
1686111280.5851336,378
1686111280.5976474,378
1686111280.6096013,378
1686111280.6260173,378
1686111280.6380386,379
1686111280.65062,378
1686111280.667102,378
1686111280.6786559,378
1686111280.6956546,378
1686111280.708072,378
1686111280.7205312,378
1686111280.7367604,378
1686111280.748754,377
1686111280.7607396,377
1686111280.7775686,376
1686111280.7899783,377
1686111280.8022268,377
1686111280.8181343,376
1686111280.8310025,376
1686111280.8432345,377
1686111280.8590453,376
1686111280.8717494,377
1686111280.8883412,377
1686111280.9002502,376
1686111280.9130092,376
1686111280.92912,376
1686111280.9415748,376
1686111280.9540355,377
1686111280.9706159,377
1686111280.98162,377
1686111280.9946136,377
1686111281.0110126,377
1686111281.0234807,377
1686111281.0396953,377
1686111281.0514278,377
1686111281.0643802,377
1686111281.0807002,377
1686111281.0931387,377
1686111281.1049051,377
1686111281.1216223,378
1686111281.1336792,378
1686111281.1456475,378
1686111281.162386,377
1686111281.1744192,378
1686111281.1904292,378
1686111281.2037296,378
1686111281.2159526,378
1686111281.2324271,378
1686111281.2447906,378
1686111281.256843,378
1686111281.2734802,378
1686111281.2851794,378
1686111281.2972999,378
1686111281.3144445,377
1686111281.3257005,377
1686111281.3387017,377
1686111281.3549712,378
1686111281.367648,378
1686111281.3833797,378
1686111281.3962111,378
1686111281.4082532,378
1686111281.4245963,378
1686111281.4365373,379
1686111281.4496803,378
1686111281.4660609,378
1686111281.4780455,378
1686111281.490064,379
1686111281.5060625,379
1686111281.5191145,380
1686111281.535007,380
1686111281.5470648,380
1686111281.56002,379
1686111281.576017,380
1686111281.5880175,380
1686111281.6010246,380
1686111281.6170585,380
1686111281.6298294,380
1686111281.641113,380
1686111281.6585538,380
1686111281.6701372,380
1686111281.6829736,380
1686111281.699449,379
1686111281.7117445,379
1686111281.7278724,379
1686111281.740152,379
1686111281.7526617,379
1686111281.7687173,379
1686111281.780479,379
1686111281.7937362,378
1686111281.8091652,378
1686111281.8213394,379
1686111281.8340583,379
1686111281.8507433,378
1686111281.8629532,379
1686111281.8794026,378
1686111281.8915954,379
1686111281.903745,379
1686111281.9203715,379
1686111281.9320645,379
1686111281.9449532,379
1686111281.9615695,379
1686111281.973712,379
1686111281.9857101,379
1686111282.0025206,380
1686111282.0150557,380
1686111282.0268872,379
1686111282.0435805,380
1686111282.0556383,380
1686111282.0719068,380
1686111282.0843484,380
1686111282.0968177,379
1686111282.1124659,379
1686111282.1254237,379
1686111282.1382027,379
1686111282.154015,379
1686111282.1662002,380
1686111282.178672,379
1686111282.1948411,380
1686111282.2072036,380
1686111282.2232456,380
1686111282.235428,380
1686111282.2484853,380
1686111282.2644646,380
1686111282.2764173,380
1686111282.2890809,380
1686111282.3046849,381
1686111282.3175051,381
1686111282.3296778,381
1686111282.3464274,380
1686111282.3588598,380
1686111282.3741276,381
1686111282.3871257,381
1686111282.399121,381
1686111282.416074,381
1686111282.428319,381
1686111282.440341,381
1686111282.4570656,382
1686111282.468619,382
1686111282.4811664,382
1686111282.4974792,381
1686111282.510935,381
1686111282.5235085,381
1686111282.5389676,381
1686111282.5512192,382
1686111282.567631,381
1686111282.5797858,381
1686111282.5922003,381
1686111282.6085987,381
1686111282.6204648,381
1686111282.6331232,381
1686111282.6491175,381
1686111282.6611316,381
1686111282.6735792,380
1686111282.6906152,381
1686111282.702125,381
1686111282.7182412,380
1686111282.7312908,380
1686111282.7438834,380
1686111282.760077,380
1686111282.7721183,381
1686111282.784123,381
1686111282.8006241,381
1686111282.8133364,381
1686111282.825637,381
1686111282.8414314,381
1686111282.853475,381
1686111282.8660944,381
1686111282.8829556,381
1686111282.8953123,381
1686111282.911398,381
1686111282.9240792,381
1686111282.9361038,382
1686111282.9527583,381
1686111282.9647129,382
1686111282.977036,382
1686111282.9938107,382
1686111283.0055482,382
1686111283.0183,382
1686111283.0337458,382
1686111283.0467525,382
1686111283.0627763,381
1686111283.0752919,381
1686111283.0872967,381
1686111283.1035862,381
1686111283.1156197,381
1686111283.1285825,380
1686111283.1445832,380
1686111283.1573744,380
1686111283.1695807,380
1686111283.1857965,380
1686111283.1985126,379
1686111283.2145092,379
1686111283.226827,379
1686111283.239509,379
1686111283.2555888,379
1686111283.2678525,380
1686111283.279814,380
1686111283.2965107,379
1686111283.3085144,379
1686111283.3205857,379
1686111283.3375874,379
1686111283.3495128,379
1686111283.3618276,378
1686111283.3785133,378
1686111283.3905227,378
1686111283.4065175,378
1686111283.4195173,378
1686111283.4317217,378
1686111283.4478285,377
1686111283.4605114,377
1686111283.4725115,377
1686111283.488512,377
1686111283.5015836,377
1686111283.5135128,377
1686111283.5296288,376
1686111283.5426252,376
1686111283.558701,377
1686111283.5709488,377
1686111283.5826263,377
1686111283.5996459,377
1686111283.6116223,377
1686111283.6236386,377
1686111283.6398695,377
1686111283.6528692,377
1686111283.6658797,377
1686111283.680935,377
1686111283.6938775,376
1686111283.705951,376
1686111283.7221882,376
1686111283.7349148,377
1686111283.75133,376
1686111283.763373,377
1686111283.7759128,378
1686111283.792082,379
1686111283.8039346,382
1686111283.816913,383
1686111283.8329847,385
1686111283.8449152,386
1686111283.857915,387
1686111283.8739388,388
1686111283.8861833,389
1686111283.9022777,389
1686111283.9150205,389
1686111283.926936,388
1686111283.9439132,387
1686111283.9559836,387
1686111283.9689229,386
1686111283.984939,385
1686111283.9969153,385
1686111284.0091314,384
1686111284.0259128,383
1686111284.037993,383
1686111284.0502753,382
1686111284.0665078,382
1686111284.0788677,381
1686111284.095005,380
1686111284.10768,380
1686111284.1196795,380
1686111284.135676,380
1686111284.148884,379
1686111284.1609821,378
1686111284.1770155,378
1686111284.1893694,378
1686111284.2020178,378
1686111284.218101,378
1686111284.230304,378
1686111284.2462966,377
1686111284.2591028,377
1686111284.271342,377
1686111284.2870162,377
1686111284.3000238,377
1686111284.3120742,377
1686111284.3286054,377
1686111284.341259,377
1686111284.3533447,377
1686111284.3694918,376
1686111284.3816478,375
1686111284.3981326,373
1686111284.4107895,372
1686111284.4229639,372
1686111284.4389615,371
1686111284.4509645,372
1686111284.4640558,373
1686111284.4802082,374
1686111284.4919674,376
1686111284.5049632,378
1686111284.5215178,380
1686111284.533519,381
1686111284.5457895,381
1686111284.5615807,381
1686111284.574191,381
1686111284.5906017,380
1686111284.6032834,380
1686111284.615486,379
1686111284.631542,378
1686111284.643538,377
1686111284.656481,377
1686111284.672582,376
1686111284.6851594,375
1686111284.697392,374
1686111284.7140732,372
1686111284.7260697,372
1686111284.7420852,370
1686111284.7547278,369
1686111284.7669919,367
1686111284.7834587,365
1686111284.795937,362
1686111284.8079362,360
1686111284.8239365,360
1686111284.8367686,362
1686111284.8487322,365
1686111284.8646784,369
1686111284.8776765,374
1686111284.8898492,380
1686111284.906094,385
1686111284.918601,389
1686111284.93503,392
1686111284.9470687,393
1686111284.9596033,394
1686111284.9758675,394
1686111284.9875987,394
1686111285.0005977,393
1686111285.0166767,392
1686111285.0289187,391
1686111285.0416,389
1686111285.0575936,387
1686111285.0697818,386
1686111285.0864189,384
1686111285.098118,381
1686111285.1104946,379
1686111285.1274922,377
1686111285.1396952,374
1686111285.1514916,373
1686111285.1684036,370
1686111285.1804101,368
1686111285.1927452,366
1686111285.209398,365
1686111285.2214048,365
1686111285.2374208,365
1686111285.2503977,366
1686111285.262487,365
1686111285.278538,366
1686111285.2908077,367
1686111285.3042197,367
1686111285.3203218,368
1686111285.3323243,369
1686111285.344874,369
1686111285.3603134,370
1686111285.373324,371
1686111285.385418,372
1686111285.4020422,373
1686111285.4140527,374
1686111285.4303296,374
1686111285.4429905,374
1686111285.4549725,375
1686111285.470985,376
1686111285.483975,376
1686111285.4960701,377
1686111285.5120344,377
1686111285.5249746,378
1686111285.5372345,379
1686111285.554237,380
1686111285.5652492,381
1686111285.5817623,383
1686111285.5942903,386
1686111285.6065855,390
1686111285.623235,393
1686111285.635233,396
1686111285.6471648,397
1686111285.6632082,397
1686111285.6762056,396
1686111285.6894574,395
1686111285.7052748,394
1686111285.7174633,392
1686111285.7292168,391
1686111285.7453578,389
1686111285.758289,388
1686111285.7742083,386
1686111285.78658,385
1686111285.7992249,384
1686111285.815222,382
1686111285.828228,381
1686111285.8396163,379
1686111285.8566184,378
1686111285.8686922,377
1686111285.8808126,375
1686111285.8976011,372
1686111285.9096138,369
1686111285.9258735,367
1686111285.9386058,365
1686111285.950605,364
1686111285.966933,364
1686111285.9796102,364
1686111285.9916055,365
1686111286.0076056,367
1686111286.0200877,370
1686111286.0321412,372
1686111286.049065,373
1686111286.06109,375
1686111286.0737708,376
1686111286.0898917,378
1686111286.1017706,379
1686111286.118777,381
1686111286.1308558,383
1686111286.1427686,384
1686111286.1598315,385
1686111286.1718605,387
1686111286.1838326,389
1686111286.2007682,390
1686111286.2128353,390
1686111286.224823,390
1686111286.24177,390
1686111286.2538493,391
1686111286.270304,390
1686111286.281788,390
1686111286.2948434,388
1686111286.3107667,387
1686111286.3228278,386
1686111286.3357508,384
1686111286.352039,382
1686111286.3642232,379
1686111286.3767836,377
1686111286.3930683,375
1686111286.4051142,373
1686111286.4210994,371
1686111286.4342463,369
1686111286.4461007,368
1686111286.4627848,368
1686111286.4749703,369
1686111286.4867756,370
1686111286.50366,372
1686111286.5156915,373
1686111286.5278735,375
1686111286.5445373,376
1686111286.5568118,378
1686111286.5687716,379
1686111286.585606,380
1686111286.5976124,380
1686111286.6137674,381
1686111286.62662,380
1686111286.6388013,381
1686111286.6545432,381
1686111286.6676095,382
1686111286.679541,381
1686111286.6957717,380
1686111286.708542,377
1686111286.7205362,375
1686111286.736869,375
1686111286.74954,378
1686111286.765625,383
1686111286.7780557,386
1686111286.7903519,391
1686111286.806188,394
1686111286.8191922,396
1686111286.8311906,396
1686111286.846885,395
1686111286.8598852,393
1686111286.8722415,392
1686111286.8891382,390
1686111286.9009964,387
1686111286.9172957,385
1686111286.9299355,383
1686111286.9424052,382
1686111286.9582453,378
1686111286.9699872,376
1686111286.9829338,374
1686111286.9989367,370
1686111287.0112517,369
1686111287.023935,368
1686111287.040093,367
1686111287.0530846,366
1686111287.0640855,366
1686111287.0810828,369
1686111287.0933633,368
1686111287.109452,371
1686111287.122085,374
1686111287.1340883,377
1686111287.1500814,379
1686111287.163083,381
1686111287.1750824,383
1686111287.1920831,385
1686111287.2040849,386
1686111287.2162268,388
1686111287.232088,389
1686111287.2450826,389
1686111287.261338,387
1686111287.2736437,386
1686111287.2854125,385
1686111287.3023252,384
1686111287.3145607,382
1686111287.3268023,382
1686111287.3433716,380
1686111287.3556507,378
1686111287.3677151,380
1686111287.384378,378
1686111287.396368,379
1686111287.40845,379
1686111287.4254692,377
1686111287.4375305,377
1686111287.4534714,378
1686111287.4654853,378
1686111287.4785435,377
1686111287.4947898,377
1686111287.506667,377
1686111287.5194674,379
1686111287.5364964,378
1686111287.5480564,377
1686111287.559832,377
1686111287.576789,378
1686111287.5887876,378
1686111287.6045616,377
1686111287.6174467,377
1686111287.630293,377
1686111287.6460874,377
1686111287.6583486,377
1686111287.6710296,376
1686111287.6870296,376
1686111287.6990879,376
1686111287.7120292,377
1686111287.7282019,379
1686111287.7403812,380
1686111287.7563972,381
1686111287.7690387,381
1686111287.781103,380
1686111287.798037,379
1686111287.8100426,378
1686111287.8223915,378
1686111287.8390362,377
1686111287.8510437,377
1686111287.8631287,375
1686111287.8800714,374
1686111287.8921466,374
1686111287.9045522,374
1686111287.920693,375
1686111287.9329686,375
1686111287.9489973,374
1686111287.9617734,374
1686111287.9736784,374
1686111287.9897401,374
1686111288.0027483,375
1686111288.0147467,375
1686111288.0313485,375
1686111288.0435638,376
1686111288.0557842,377
1686111288.072435,377
1686111288.084449,378
1686111288.1007943,378
1686111288.1138008,378
1686111288.1254318,379
1686111288.141471,379
1686111288.1534827,380
1686111288.1664474,380
1686111288.1824965,380
1686111288.194432,379
1686111288.207511,379
1686111288.223563,380
1686111288.235484,380
1686111288.2484956,380
1686111288.2644942,379
1686111288.2764523,379
1686111288.2934628,379
1686111288.3053684,380
1686111288.3183703,380
1686111288.3343928,380
1686111288.3463857,380
1686111288.3593755,380
1686111288.3754475,381
1686111288.3876765,381
1686111288.399718,382
1686111288.4164402,381
1686111288.4286902,381
1686111288.4446409,381
1686111288.4573772,381
1686111288.4695644,381
1686111288.4854262,381
1686111288.4983714,381
1686111288.5107415,382
1686111288.5271266,381
1686111288.5391433,382
1686111288.5517921,382
1686111288.5680494,382
1686111288.579928,382
1686111288.5963004,382
1686111288.6089723,382
1686111288.621515,382
1686111288.6376903,383
1686111288.650084,383
1686111288.6622958,383
1686111288.677961,383
1686111288.691279,383
1686111288.703072,384
1686111288.7195206,384
1686111288.731761,384
1686111288.7436132,383
1686111288.7603672,384
1686111288.772878,384
1686111288.7889588,384
1686111288.8014998,384
1686111288.813367,384
1686111288.8298776,383
1686111288.8419397,384
1686111288.8549707,384
1686111288.8706133,384
1686111288.8835695,384
1686111288.895532,383
1686111288.9119828,383
1686111288.9240267,383
1686111288.939851,383
1686111288.953055,383
1686111288.9653563,383
1686111288.981351,382
1686111288.9933608,383
1686111289.0063543,383
1686111289.0223522,383
1686111289.034432,383
1686111289.0465443,382
1686111289.063534,382
1686111289.0755334,382
1686111289.0875957,382
1686111289.1045477,382
1686111289.1165347,383
1686111289.1325972,382
1686111289.1455374,382
1686111289.1575422,382
1686111289.1735375,382
1686111289.1866412,382
1686111289.198802,383
1686111289.2143598,382
1686111289.2273452,382
1686111289.2397268,382
1686111289.2558117,383
1686111289.2685702,384
1686111289.2844198,384
1686111289.2966678,384
1686111289.3090415,385
1686111289.3257148,385
1686111289.3379762,385
1686111289.350055,385
1686111289.3667538,384
1686111289.3799882,383
1686111289.3912995,382
1686111289.4078603,381
1686111289.4199414,380
1686111289.4321349,379
1686111289.447954,378
1686111289.4610527,378
1686111289.4770188,379
1686111289.4895935,380
1686111289.5018897,381
1686111289.5179465,382
1686111289.5302167,383
1686111289.5428517,384
1686111289.5597675,384
1686111289.5707104,384
1686111289.58371,384
1686111289.6001413,383
1686111289.612236,382
1686111289.6287255,380
1686111289.6411746,379
1686111289.6535745,378
1686111289.6693058,377
1686111289.6821535,377
1686111289.6944864,376
1686111289.7106142,376
1686111289.7228222,376
1686111289.7354846,377
1686111289.7518623,378
1686111289.7639158,379
1686111289.7799785,380
1686111289.7928405,382
1686111289.8042233,383
1686111289.8215885,385
1686111289.8335812,387
1686111289.8457453,388
1686111289.8615775,389
1686111289.8745077,390
1686111289.8868492,392
1686111289.9031656,392
1686111289.9152102,391
1686111289.9274554,391
1686111289.9438705,389
1686111289.956455,388
1686111289.9724474,387
1686111289.9853354,387
1686111289.996743,386
1686111290.0136783,385
1686111290.025675,385
1686111290.038614,385
1686111290.0544374,384
1686111290.0670555,384
1686111290.079194,384
1686111290.0952363,384
1686111290.1080313,385
1686111290.1244135,384
1686111290.1364927,385
1686111290.149201,385
1686111290.1653183,384
1686111290.1775994,385
1686111290.1895685,385
1686111290.2066135,384
1686111290.219196,384
1686111290.2308557,383
1686111290.2465746,383
1686111290.2597816,382
1686111290.2710698,381
1686111290.2877772,381
1686111290.3010097,380
1686111290.3168817,379
1686111290.3285084,378
1686111290.3408563,376
1686111290.3575282,375
1686111290.370221,374
1686111290.3822412,373
1686111290.3987336,372
1686111290.4112275,371
1686111290.4234457,370
1686111290.439862,370
1686111290.45211,371
1686111290.4679563,371
1686111290.4803765,371
1686111290.4927092,372
1686111290.509343,373
1686111290.5213413,374
1686111290.5336492,374
1686111290.5500174,375
1686111290.5629056,375
1686111290.5750465,376
1686111290.5912893,376
1686111290.6034982,377
1686111290.6193888,377
1686111290.6324594,377
1686111290.6447763,378
1686111290.6614487,378
1686111290.6735325,378
1686111290.6855116,379
1686111290.7012706,378
1686111290.7142644,378
1686111290.7259452,378
1686111290.7428586,378
1686111290.7552266,378
1686111290.7677405,378
1686111290.783863,378
1686111290.79543,378
1686111290.811896,377
1686111290.8248694,377
1686111290.836584,377
1686111290.8532526,377
1686111290.8657322,377
1686111290.878009,376
1686111290.8946805,376
1686111290.9068022,376
1686111290.9186633,376
1686111290.9357147,377
1686111290.9473202,377
1686111290.9639595,376
1686111290.9765537,376
1686111290.9881282,377
1686111291.0056648,377
1686111291.0174818,378
1686111291.0294762,377
1686111291.0457659,377
1686111291.0582294,378
1686111291.0707479,378
1686111291.086848,379
1686111291.0990622,380
1686111291.1114166,380
1686111291.1279383,380
1686111291.1395671,380
1686111291.156425,380
1686111291.1687822,380
1686111291.1811566,380
1686111291.1971192,379
1686111291.210008,379
1686111291.221995,379
1686111291.2392712,379
1686111291.250733,379
1686111291.2624576,379
1686111291.2788007,380
1686111291.291768,380
1686111291.3077312,380
1686111291.3205614,380
1686111291.3328617,380
1686111291.3491993,380
1686111291.360752,380
1686111291.3737357,380
1686111291.3899665,380
1686111291.4025366,381
1686111291.4145453,382
1686111291.4308767,382
1686111291.4428663,382
1686111291.455853,382
1686111291.472195,383
1686111291.4845057,383
1686111291.5002067,383
1686111291.5122068,383
1686111291.5245593,383
1686111291.541352,383
1686111291.5534313,384
1686111291.565915,384
1686111291.582761,383
1686111291.5948162,383
1686111291.606802,383
1686111291.6235,383
1686111291.635071,383
1686111291.6511397,383
1686111291.6639225,383
1686111291.6767087,382
1686111291.6931815,382
1686111291.705687,382
1686111291.717871,382
1686111291.734138,382
1686111291.746051,381
1686111291.758895,381
1686111291.774814,381
1686111291.7873943,382
1686111291.8037767,382
1686111291.8162262,382
1686111291.8282688,381
1686111291.8445635,381
1686111291.8569546,381
1686111291.869978,381
1686111291.8856118,381
1686111291.8976061,381
1686111291.9104245,381
1686111291.9266975,381
1686111291.9387546,381
1686111291.9510384,382
1686111291.9667652,381
1686111291.9793217,381
1686111291.9957469,381
1686111292.0087342,382
1686111292.0210927,382
1686111292.0371327,382
1686111292.0495093,382
1686111292.0620034,382
1686111292.0776823,382
1686111292.0900548,382
1686111292.1027548,383
1686111292.1187263,383
1686111292.1307173,383
1686111292.147395,383
1686111292.1600413,383
1686111292.172233,384
1686111292.1885154,385
1686111292.2007182,384
1686111292.2128468,384
1686111292.2292855,384
1686111292.2417028,384
1686111292.2542427,383
1686111292.2708702,384
1686111292.2828715,383
1686111292.2955287,383
1686111292.3117285,382
1686111292.3238776,382
1686111292.3399153,382
1686111292.35255,383
1686111292.3648503,382
1686111292.3809881,382
1686111292.3936703,381
1686111292.4060814,381
1686111292.4216611,381
1686111292.433686,381
1686111292.4467525,382
1686111292.4627354,381
1686111292.4758563,381
1686111292.4908805,381
1686111292.503822,381
1686111292.5154977,381
1686111292.532924,381
1686111292.5449257,381
1686111292.5576253,380
1686111292.5734715,381
1686111292.585515,381
1686111292.5983744,380
1686111292.614687,380
1686111292.6264603,380
1686111292.6394668,380
1686111292.6557791,380
1686111292.6674747,380
1686111292.6841953,380
1686111292.6959054,380
1686111292.7088482,379
1686111292.72506,380
1686111292.737443,380
1686111292.7497678,380
1686111292.7664287,380
1686111292.7784817,380
1686111292.7908268,380
1686111292.807074,380
1686111292.8197138,381
1686111292.8357708,381
1686111292.8478196,381
1686111292.8606184,381
1686111292.8772,380
1686111292.8891463,381
1686111292.9013367,381
1686111292.917862,381
1686111292.9298317,380
1686111292.942288,380
1686111292.9583051,380
1686111292.971045,381
1686111292.9866107,380
1686111292.9996777,380
1686111293.0117538,380
1686111293.0279064,380
1686111293.04091,380
1686111293.0529048,380
1686111293.0696015,380
1686111293.0810971,380
1686111293.0940306,380
1686111293.1100545,380
1686111293.1221294,380
1686111293.1340318,380
1686111293.1505647,380
1686111293.1634617,380
1686111293.1794746,380
1686111293.1919374,380
1686111293.2037466,381
1686111293.2207894,381
1686111293.2333941,381
1686111293.245443,380
1686111293.2617397,380
1686111293.2734942,380
1686111293.285898,380
1686111293.3028805,380
1686111293.31517,380
1686111293.3306177,380
1686111293.3434584,380
1686111293.3558936,380
1686111293.3724992,380
1686111293.3845136,380
1686111293.3968997,380
1686111293.4130268,380
1686111293.4251294,380
1686111293.4380674,380
1686111293.4546235,380
1686111293.4663925,380
1686111293.4794114,380
1686111293.495573,379
1686111293.507782,380
1686111293.5240836,380
1686111293.5359406,381
1686111293.547968,381
1686111293.564837,380
1686111293.5767255,380
1686111293.5897846,380
1686111293.6056883,381
1686111293.617795,381
1686111293.6305704,380
1686111293.647026,380
1686111293.6584275,379
1686111293.6757872,379
1686111293.6877353,379
1686111293.7001715,380
1686111293.7157593,379
1686111293.7287066,379
1686111293.740692,379
1686111293.7567647,379
1686111293.769593,380
1686111293.78165,379
1686111293.7985861,380
1686111293.8105953,380
1686111293.823334,379
1686111293.8385825,380
1686111293.8515882,380
1686111293.8676288,379
1686111293.879659,380
1686111293.89265,380
1686111293.9086015,380
1686111293.9213476,380
1686111293.9332762,380
1686111293.9493523,380
1686111293.961287,380
1686111293.974282,380
1686111293.990657,380
1686111294.0032797,380
1686111294.0192754,380
1686111294.0319288,380
1686111294.043566,380
1686111294.060717,380
1686111294.0727143,380
1686111294.0847738,380
1686111294.1007686,380
1686111294.113769,380
1686111294.1257222,379
1686111294.1427882,379
1686111294.1547976,380
1686111294.170885,380
1686111294.1829433,380
1686111294.1950924,380
1686111294.2114146,379
1686111294.2244694,380
1686111294.2364314,380
1686111294.2524252,381
1686111294.2645261,381
1686111294.277529,381
1686111294.29348,381
1686111294.3055265,381
1686111294.318783,381
1686111294.3352911,381
1686111294.347025,381
1686111294.3630257,381
1686111294.375932,381
1686111294.388752,381
1686111294.404593,381
1686111294.416742,380
1686111294.4297993,380
1686111294.4452455,380
1686111294.457578,380
1686111294.470017,380
1686111294.4867795,380
1686111294.4984446,380
1686111294.514395,380
1686111294.5274024,379
1686111294.5399175,378
1686111294.5562973,378
1686111294.5682917,378
1686111294.5802894,378
1686111294.5970967,378
1686111294.6093712,378
1686111294.6217976,378
1686111294.6375456,378
1686111294.6495419,378
1686111294.662548,377
1686111294.6793702,377
1686111294.6911504,377
1686111294.7079682,378
1686111294.719962,378
1686111294.732268,378
1686111294.748761,377
1686111294.7609663,377
1686111294.7732806,377
1686111294.789639,377
1686111294.8016245,377
1686111294.813938,377
1686111294.830136,377
1686111294.843146,377
1686111294.8591225,377
1686111294.8713694,378
1686111294.8833458,378
1686111294.900007,378
1686111294.912097,378
1686111294.924743,378
1686111294.9410505,378
1686111294.953067,378
1686111294.9652176,378
1686111294.9822822,378
1686111294.994401,378
1686111295.0102162,378
1686111295.0232625,378
1686111295.0352852,379
1686111295.051205,378
1686111295.063368,378
1686111295.076205,378
1686111295.092379,377
1686111295.1042671,378
1686111295.117205,378
1686111295.1332133,378
1686111295.145206,378
1686111295.158208,378
1686111295.174496,378
1686111295.1867387,378
1686111295.2034366,379
1686111295.2155612,379
1686111295.2274916,378
1686111295.2445006,378
1686111295.2564263,379
1686111295.2687094,379
1686111295.2847865,378
1686111295.2974339,378
1686111295.3094635,377
1686111295.3254895,377
1686111295.3384976,377
1686111295.3544273,376
1686111295.366631,376
1686111295.3786812,376
1686111295.395638,376
1686111295.4079826,376
1686111295.419954,376
1686111295.4367049,378
1686111295.4486358,379
1686111295.4611468,379
1686111295.4775655,380
1686111295.4903586,381
1686111295.5023432,382
1686111295.518632,382
1686111295.5314164,382
1686111295.5473478,382
1686111295.5594032,382
1686111295.5714037,383
1686111295.5883453,383
1686111295.6003413,383
1686111295.6124728,383
1686111295.6294026,382
1686111295.6414173,382
1686111295.6533484,382
1686111295.6698925,382
1686111295.6819243,382
1686111295.698228,381
1686111295.7108645,381
1686111295.722893,381
1686111295.7399352,381
1686111295.7520888,382
1686111295.7641728,382
1686111295.7808616,381
1686111295.792931,381
1686111295.80488,381
1686111295.8208604,382
1686111295.833958,382
1686111295.846208,382
1686111295.8628612,381
1686111295.8748605,381
1686111295.89121,380
1686111295.9038792,380
1686111295.9159365,380
1686111295.9322414,379
1686111295.9443877,378
1686111295.9568632,377
1686111295.9732842,377
1686111295.9854703,378
1686111295.9972165,377
1686111296.0142913,377
1686111296.0262876,376
1686111296.0422108,376
1686111296.0552113,376
1686111296.0670314,374
1686111296.084095,373
1686111296.0960145,371
1686111296.1077163,370
1686111296.1252487,371
1686111296.137326,372
1686111296.1492429,373
1686111296.1651793,375
1686111296.1777112,376
1686111296.1944265,378
1686111296.2063434,380
1686111296.2193446,381
1686111296.2353437,382
1686111296.2476945,381
1686111296.2602477,381
1686111296.2763608,381
1686111296.288357,381
1686111296.3006654,381
1686111296.3173654,381
1686111296.3292933,380
1686111296.3413482,378
1686111296.3583674,377
1686111296.3706832,376
1686111296.3863504,374
1686111296.399634,371
1686111296.4115255,369
1686111296.427635,367
1686111296.4403641,366
1686111296.4522843,367
1686111296.4683664,368
1686111296.481458,370
1686111296.4938416,371
1686111296.5093913,372
1686111296.522391,374
1686111296.53847,375
1686111296.5503948,375
1686111296.5627134,375
1686111296.5796509,377
1686111296.5916562,378
1686111296.6043935,380
1686111296.6204002,381
1686111296.6326523,381
1686111296.6444502,381
1686111296.6613905,381
1686111296.673515,381
1686111296.6858234,381
1686111296.7025204,381
1686111296.7145147,380
1686111296.7305183,378
1686111296.7426019,377
1686111296.755592,377
1686111296.7713583,376
1686111296.7844663,375
1686111296.7964041,373
1686111296.812714,371
1686111296.8254,371
1686111296.837474,369
1686111296.8534029,368
1686111296.865771,366
1686111296.8824952,363
1686111296.895044,362
1686111296.906897,361
1686111296.9235559,363
1686111296.935758,365
1686111296.9479375,366
1686111296.9644427,367
1686111296.9765205,369
1686111296.9885204,370
1686111297.0055199,370
1686111297.0175169,371
1686111297.0335076,370
1686111297.046514,370
1686111297.0585234,370
1686111297.075555,369
1686111297.0874426,370
1686111297.0995052,369
1686111297.1157484,369
1686111297.1285017,369
1686111297.1404247,368
1686111297.1564915,368
1686111297.1694224,369
1686111297.1814208,369
1686111297.1977596,370
1686111297.2104256,370
1686111297.2264986,371
1686111297.238493,372
1686111297.2504737,374
1686111297.2675202,375
1686111297.2798471,376
1686111297.2918692,377
1686111297.3078134,379
1686111297.3208127,380
1686111297.3331187,381
1686111297.349127,382
1686111297.3617952,383
1686111297.3782287,383
1686111297.3902998,384
1686111297.402497,384
1686111297.4192088,384
1686111297.4315062,385
1686111297.44315,384
1686111297.4601858,385
1686111297.4721138,385
1686111297.4844205,385
1686111297.5004137,384
1686111297.5135803,382
1686111297.5254962,381
1686111297.5415654,379
1686111297.5545774,379
1686111297.5705726,377
1686111297.582813,375
1686111297.595121,374
1686111297.6115732,372
1686111297.6235068,372
1686111297.6357336,372
1686111297.652437,373
1686111297.6645236,373
1686111297.6768467,374
1686111297.6930685,374
1686111297.705053,374
1686111297.7219958,375
1686111297.7344892,375
1686111297.7466867,376
1686111297.7624915,376
1686111297.7755506,376
1686111297.7875562,377
1686111297.8037987,377
1686111297.816494,377
1686111297.8282464,377
1686111297.8448222,376
1686111297.857609,375
1686111297.8730016,374
1686111297.8859048,373
1686111297.8977914,371
1686111297.9147341,369
1686111297.9268556,369
1686111297.938733,368
1686111297.9557965,368
1686111297.9678054,368
1686111297.9800653,369
1686111297.996783,369
1686111298.008794,370
1686111298.0208085,370
1686111298.0377316,372
1686111298.0497284,373
1686111298.065797,376
1686111298.0782912,381
1686111298.0910037,387
1686111298.1070964,393
1686111298.1192892,399
1686111298.1319335,403
1686111298.1483145,405
1686111298.1599452,407
1686111298.1722586,407
1686111298.1890326,407
1686111298.201209,407
1686111298.2170157,405
1686111298.2299416,403
1686111298.2420056,401
1686111298.2590733,399
1686111298.2712817,397
1686111298.2829456,395
1686111298.2989955,390
1686111298.3119402,385
1686111298.324017,381
1686111298.3409452,375
1686111298.353021,371
1686111298.365283,369
1686111298.3809993,367
1686111298.3939443,365
1686111298.4101794,364
1686111298.4225278,362
1686111298.4350066,360
1686111298.4509294,357
1686111298.4632611,356
1686111298.475767,355
1686111298.4918354,353
1686111298.5038185,353
1686111298.5168161,353
1686111298.5331693,351
1686111298.545148,350
1686111298.5618265,349
1686111298.5738163,348
1686111298.5858471,346
1686111298.6028955,343
1686111298.614958,341
1686111298.6268106,340
1686111298.6438158,340
1686111298.6560712,340
1686111298.6678236,341
1686111298.684086,340
1686111298.6971042,342
1686111298.7130437,344
1686111298.725023,346
1686111298.7381043,350
1686111298.7540984,354
1686111298.7663558,359
1686111298.7784722,362
1686111298.7955632,367
1686111298.8070478,371
1686111298.819889,375
1686111298.8361742,378
1686111298.8478923,380
1686111298.8609521,382
1686111298.8772256,384
1686111298.8892038,385
1686111298.9049199,387
1686111298.9179683,387
1686111298.9302442,386
1686111298.9469895,386
1686111298.9589026,386
1686111298.9712617,385
1686111298.9879594,384
1686111299.0000098,383
1686111299.0118856,381
1686111299.0289674,379
1686111299.0409868,377
1686111299.0569978,377
1686111299.0699146,377
1686111299.0821488,376
1686111299.0984669,377
1686111299.1104212,378
1686111299.1231368,380
1686111299.1391366,382
1686111299.1511264,383
1686111299.1641402,384
1686111299.180121,385
1686111299.192666,385
1686111299.2051284,386
1686111299.2212043,386
1686111299.234126,387
1686111299.2501266,386
1686111299.26212,386
1686111299.2741992,386
1686111299.291131,385
1686111299.3032005,385
1686111299.3154724,384
1686111299.3311253,382
1686111299.3441339,381
1686111299.3561852,380
1686111299.3722696,379
1686111299.3851883,379
1686111299.4014297,379
1686111299.4141905,379
1686111299.4261804,378
1686111299.4426708,379
1686111299.454437,379
1686111299.4671385,379
1686111299.4833248,379
1686111299.4954624,379
1686111299.5082104,379
1686111299.5241196,379
1686111299.536128,380
1686111299.5491388,379
1686111299.5651925,379
1686111299.5774755,379
1686111299.5941987,379
1686111299.606258,379
1686111299.6181996,379
1686111299.6351888,379
1686111299.6471202,378
1686111299.6596863,378
1686111299.6762068,378
1686111299.6881955,378
1686111299.7001297,379
1686111299.7167466,379
1686111299.7284448,379
1686111299.745383,378
1686111299.7573767,378
1686111299.7693768,379
1686111299.7864347,379
1686111299.7984428,379
1686111299.810398,378
1686111299.8274581,378
1686111299.8394163,378
1686111299.8516264,379
1686111299.8683531,379
1686111299.8806856,378
1686111299.8966448,378
1686111299.9094436,378
1686111299.9216545,379
1686111299.937692,379
1686111299.9504466,378
1686111299.962534,378
1686111299.9786818,378
1686111299.9913678,378
1686111300.0034711,379
1686111300.0194192,379
1686111300.0324268,379
1686111300.0443664,379
1686111300.06077,379
1686111300.073451,379
1686111300.0895047,380
1686111300.1018088,380
1686111300.1138053,380
1686111300.1301851,380
1686111300.1426268,380
1686111300.1554418,380
1686111300.1708908,381
1686111300.1834574,381
1686111300.1954718,380
1686111300.2124937,380
1686111300.2244582,380
1686111300.2405386,380
1686111300.2535543,380
1686111300.2656064,380
1686111300.281598,380
1686111300.293643,380
1686111300.3062444,380
1686111300.3226554,381
1686111300.334762,380
1686111300.3480701,380
1686111300.3633652,380
1686111300.3757756,380
1686111300.3882332,380
1686111300.4052532,380
1686111300.4172046,381
1686111300.4338088,380
1686111300.4458673,380
1686111300.4577746,379
1686111300.4741054,380
1686111300.486944,380
1686111300.4985733,379
1686111300.5158277,378
1686111300.5278635,378
1686111300.539522,378
1686111300.556574,378
1686111300.5685184,379
1686111300.584851,379
1686111300.5975268,379
1686111300.6097229,378
1686111300.626366,379
1686111300.6387355,379
1686111300.6508021,379
1686111300.6667922,379
1686111300.6796398,379
1686111300.6919134,379
1686111300.707874,379
1686111300.7202687,379
1686111300.736305,379
1686111300.7486465,379
1686111300.7606525,379
1686111300.7777534,379
1686111300.7901306,380
1686111300.8017619,380
1686111300.818762,380
1686111300.8307486,379
1686111300.8427637,379
1686111300.858753,379
1686111300.8717506,379
1686111300.883767,380
1686111300.8997464,379
1686111300.9127448,379
1686111300.9293652,379
1686111300.94081,379
1686111300.9537606,379
1686111300.9701524,380
1686111300.9824462,379
1686111300.9944818,379
1686111301.0112946,379
1686111301.0231912,379
1686111301.0358317,379
1686111301.0523384,379
1686111301.0643451,378
1686111301.0801692,378
1686111301.0931277,379
1686111301.104542,378
1686111301.1215308,379
1686111301.1339207,379
1686111301.1465065,378
1686111301.162871,378
1686111301.174191,379
1686111301.1875808,379
1686111301.203858,379
1686111301.215973,379
1686111301.2287664,379
1686111301.2449746,379
1686111301.256784,379
1686111301.2729182,380
1686111301.285621,380
1686111301.297674,380
1686111301.3141987,379
1686111301.3267198,380
1686111301.339028,380
1686111301.3547978,380
1686111301.367462,380
1686111301.3804865,380
1686111301.3964853,380
1686111301.4085653,381
1686111301.4245257,382
1686111301.4379175,383
1686111301.4492657,383
1686111301.4655333,383
1686111301.4782631,384
1686111301.4898467,385
1686111301.506214,385
1686111301.5188146,385
1686111301.5305538,385
1686111301.5478375,384
1686111301.559978,383
1686111301.5722523,382
1686111301.5883107,381
1686111301.601056,380
1686111301.617538,378
1686111301.6295965,376
1686111301.6415873,374
1686111301.6585,372
1686111301.6698546,371
1686111301.683052,370
1686111301.699546,369
1686111301.710779,368
1686111301.723442,368
1686111301.7404456,367
1686111301.7531106,367
1686111301.7688327,367
1686111301.7808795,366
1686111301.792843,366
1686111301.809834,366
1686111301.8218205,367
1686111301.8338354,367
1686111301.850628,367
1686111301.863285,368
1686111301.8751926,368
1686111301.8920598,369
1686111301.9038677,370
1686111301.9199262,371
1686111301.9326806,371
1686111301.9450316,372
1686111301.9614162,373
1686111301.973744,374
1686111301.9861128,375
1686111302.0025342,375
1686111302.0147681,376
1686111302.026454,376
1686111302.0434592,376
1686111302.054955,377
1686111302.067927,377
1686111302.0839841,377
1686111302.0960293,377
1686111302.1121457,378
1686111302.1252372,378
1686111302.1375296,378
1686111302.1538165,379
1686111302.1663952,379
1686111302.1787834,379
1686111302.1947527,379
1686111302.2066126,379
1686111302.219671,379
1686111302.2360957,379
1686111302.2480898,379
1686111302.2646997,378
1686111302.2767358,378
1686111302.288871,379
1686111302.305888,379
1686111302.3178377,379
1686111302.3298552,379
1686111302.34592,379
1686111302.3587325,380
1686111302.3707292,380
1686111302.3875856,380
1686111302.399981,380
1686111302.4119785,380
1686111302.4285128,380
1686111302.4405851,380
1686111302.456299,380
1686111302.4686804,381
1686111302.4818118,380
1686111302.497803,380
1686111302.5095663,381
1686111302.5218728,381
1686111302.5386605,382
1686111302.5510936,382
1686111302.5641475,382
1686111302.579923,381
1686111302.5924113,381
1686111302.6084566,382
1686111302.6204522,382
1686111302.6337962,382
1686111302.6494184,382
1686111302.6615334,382
1686111302.673737,382
1686111302.6906285,382
1686111302.7025564,382
1686111302.7145576,382
1686111302.7316468,382
1686111302.7441077,381
1686111302.759839,381
1686111302.7720163,382
1686111302.7845662,382
1686111302.8005068,382
1686111302.8135743,382
1686111302.8248844,382
1686111302.8416843,382
1686111302.8538163,383
1686111302.8663251,383
1686111302.8825915,383
1686111302.8946002,382
1686111302.9071958,382
1686111302.9235985,382
1686111302.9364285,382
1686111302.9523532,382
1686111302.9642477,381
1686111302.9772508,381
1686111302.9935985,380
1686111303.0056102,380
1686111303.018416,380
1686111303.0338821,380
1686111303.0466406,380
1686111303.0586543,379
1686111303.075113,380
1686111303.0880578,380
1686111303.103368,380
1686111303.116403,380
1686111303.128821,379
1686111303.1453917,379
1686111303.1573317,379
1686111303.1696024,380
1686111303.1856656,380
1686111303.1978688,379
1686111303.2106721,379
1686111303.2268069,379
1686111303.2388933,380
1686111303.2518198,380
1686111303.2677672,379
1686111303.279493,379
1686111303.2967272,379
1686111303.3090467,378
1686111303.32086,379
1686111303.338373,378
1686111303.3498065,378
1686111303.3617764,378
1686111303.378812,379
1686111303.3909845,380
1686111303.4030044,380
1686111303.419715,380
1686111303.4313655,380
1686111303.448851,380
1686111303.4599009,381
1686111303.4725351,381
1686111303.489055,382
1686111303.5011168,382
1686111303.5138094,382
1686111303.530254,382
1686111303.5421817,382
1686111303.5546644,383
1686111303.570757,383
1686111303.5831988,383
1686111303.5951738,383
1686111303.6120808,382
1686111303.6241245,382
1686111303.640463,383
1686111303.6537447,383
1686111303.6651852,382
1686111303.6817389,381
1686111303.6939065,381
1686111303.7057135,381
1686111303.7224936,381
1686111303.7354233,381
1686111303.7464113,380
1686111303.7631304,380
1686111303.7758675,380
1686111303.792446,380
1686111303.8044856,380
1686111303.8168418,380
1686111303.8332431,380
1686111303.84519,380
1686111303.8578405,380
1686111303.8739061,380
1686111303.8859317,381
1686111303.8986197,380
1686111303.9150276,380
1686111303.9276311,380
1686111303.9437869,380
1686111303.9554555,380
1686111303.9677556,380
1686111303.9848213,380
1686111303.9967074,380
1686111304.0088732,380
1686111304.0258112,380
1686111304.0378077,380
1686111304.0498717,380
1686111304.065821,380
1686111304.078816,380
1686111304.0908742,380
1686111304.1068213,379
1686111304.1198103,380
1686111304.1358225,379
1686111304.1482623,379
1686111304.1608157,379
1686111304.1768103,379
1686111304.18888,379
1686111304.200983,380
1686111304.2180567,379
1686111304.230051,379
1686111304.2420394,379
1686111304.258982,379
1686111304.270983,380
1686111304.2869866,380
1686111304.300024,380
1686111304.3125699,380
1686111304.3285792,380
1686111304.3405654,380
1686111304.3526242,380
1686111304.3695648,380
1686111304.382023,380
1686111304.394292,379
1686111304.4108293,379
1686111304.422841,379
1686111304.4348445,379
1686111304.4518287,379
1686111304.4638238,379
1686111304.4800978,379
1686111304.4920478,379
1686111304.5048647,380
1686111304.5214412,380
1686111304.5333512,380
1686111304.545599,380
1686111304.5616941,380
1686111304.574404,380
1686111304.5864353,380
1686111304.6034517,380
1686111304.615541,380
1686111304.6318047,379
1686111304.6441047,379
1686111304.6559196,379
1686111304.672612,379
1686111304.6848636,379
1686111304.6979287,379
1686111304.7137747,379
1686111304.726065,379
1686111304.738687,379
1686111304.7548633,379
1686111304.7669458,379
1686111304.7829986,378
1686111304.7956598,379
1686111304.808036,379
1686111304.8236125,379
1686111304.8368347,379
1686111304.8495736,380
1686111304.8649502,380
1686111304.8778393,380
1686111304.8900812,380
1686111304.906093,380
1686111304.9186273,380
1686111304.9311247,379
1686111304.9472237,379
1686111304.9592624,379
1686111304.975771,379
1686111304.9885242,380
1686111304.9998467,379
1686111305.01727,379
1686111305.0286946,379
1686111305.0412946,379
1686111305.0580206,379
1686111305.0700252,380
1686111305.082096,379
1686111305.098114,379
1686111305.1113307,379
1686111305.1265783,379
1686111305.1396065,379
1686111305.1516178,379
1686111305.167868,379
1686111305.1807647,380
1686111305.1925364,380
1686111305.209634,380
1686111305.2218137,380
1686111305.2334847,380
1686111305.25026,380
1686111305.262798,380
1686111305.274957,380
1686111305.290855,380
1686111305.3035052,380
1686111305.3206563,380
1686111305.3316593,380
1686111305.3447607,380
1686111305.3610108,380
1686111305.3728895,381
1686111305.385635,381
1686111305.4019659,381
1686111305.413465,381
1686111305.4270802,382
1686111305.4426265,382
1686111305.4547195,383
1686111305.4713488,382
1686111305.4838789,382
1686111305.4961295,381
1686111305.5124066,381
1686111305.524388,381
1686111305.5370166,381
1686111305.552936,381
1686111305.5656095,381
1686111305.5779147,380
1686111305.593921,380
1686111305.6060886,381
1686111305.622019,381
1686111305.6356769,381
1686111305.6476243,381
1686111305.6638436,380
1686111305.6757283,381
1686111305.6886961,381
1686111305.704584,381
1686111305.7168217,381
1686111305.729632,380
1686111305.7456777,380
1686111305.7578964,380
1686111305.770012,380
1686111305.7869818,380
1686111305.7994173,380
1686111305.815414,380
1686111305.8274724,380
1686111305.840127,381
1686111305.8565123,381
1686111305.8688192,381
1686111305.8804593,381
1686111305.8966787,381
1686111305.9096823,381
1686111305.9220507,381
1686111305.9378843,381
1686111305.9508367,381
1686111305.9673445,380
1686111305.9797294,381
1686111305.9918003,381
1686111306.0079901,381
1686111306.0199292,381
1686111306.032796,381
1686111306.049147,381
1686111306.0616477,382
1686111306.0736544,382
1686111306.0896964,383
1686111306.102485,383
1686111306.114678,383
1686111306.1307864,383
1686111306.142853,384
1686111306.1596532,384
1686111306.1717975,384
1686111306.1835845,384
1686111306.2009385,383
1686111306.212289,383
1686111306.225443,383
1686111306.2415426,382
1686111306.253521,383
1686111306.2657785,382
1686111306.2826874,381
1686111306.294767,381
1686111306.310858,381
1686111306.322904,382
1686111306.3359206,382
1686111306.3529706,381
1686111306.3648493,380
1686111306.3769357,380
1686111306.3931036,380
1686111306.4050028,380
1686111306.4179194,380
1686111306.433945,380
1686111306.446128,380
1686111306.4589171,380
1686111306.4749954,380
1686111306.4868624,380
1686111306.502859,380
1686111306.5159173,380
1686111306.5278497,379
1686111306.5448418,379
1686111306.5569048,379
1686111306.569976,380
1686111306.586051,379
1686111306.5979586,379
1686111306.610195,379
1686111306.6261697,379
1686111306.6389122,380
1686111306.6548886,380
1686111306.6669416,380
1686111306.6798909,380
1686111306.6959412,380
1686111306.708713,381
1686111306.7207158,381
1686111306.7366974,382
1686111306.7497041,381
1686111306.7617662,381
1686111306.778788,382
1686111306.7897046,382
1686111306.8067794,382
1686111306.8187597,382
1686111306.8307776,382
1686111306.8477728,381
1686111306.859918,381
1686111306.8717117,381
1686111306.8891516,381
1686111306.9008973,381
1686111306.9137166,381
1686111306.929713,381
1686111306.9418964,381
1686111306.9537039,382
1686111306.970768,382
1686111306.9829822,382
1686111306.9987178,383
1686111307.011164,383
1686111307.0241034,384
1686111307.040102,385
1686111307.052487,386
1686111307.0651066,387
1686111307.0811813,387
1686111307.0934741,387
1686111307.1054153,389
1686111307.122102,389
1686111307.1341114,389
1686111307.1504116,389
1686111307.1630473,389
1686111307.1753962,390
1686111307.1911156,391
1686111307.203516,390
1686111307.216497,390
1686111307.232676,390
1686111307.2451534,390
1686111307.257562,390
1686111307.273566,391
1686111307.2857366,390
1686111307.2985055,390
1686111307.314892,389
1686111307.3268273,388
1686111307.342887,388
1686111307.3558922,388
1686111307.3679013,388
1686111307.3838217,387
1686111307.3958871,387
1686111307.4090176,386
1686111307.425016,386
1686111307.4372826,386
1686111307.4499967,384
1686111307.4662936,384
1686111307.4783225,383
1686111307.4946494,382
1686111307.507333,382
1686111307.5192764,381
1686111307.5352595,380
1686111307.5482516,379
1686111307.560313,378
1686111307.5769536,378
1686111307.5893283,378
1686111307.6013327,378
1686111307.617613,377
1686111307.6292546,377
1686111307.6457224,377
1686111307.6590195,377
1686111307.6709557,377
1686111307.6869698,378
1686111307.699325,379
1686111307.7120404,380
1686111307.7279642,381
1686111307.7403512,382
1686111307.752901,382
1686111307.769519,381
1686111307.7808397,380
1686111307.7941544,377
1686111307.8101876,376
1686111307.821895,374
1686111307.8388352,373
1686111307.8512676,372
1686111307.8628986,372
1686111307.8799598,373
1686111307.8919058,376
1686111307.903894,379
1686111307.9205568,382
1686111307.9328496,385
1686111307.9456153,387
1686111307.9619994,389
1686111307.9739995,392
1686111307.989583,392
1686111308.002915,392
1686111308.0149279,392
1686111308.0312507,391
1686111308.0429878,391
1686111308.05592,390
1686111308.0719893,389
1686111308.0844321,388
1686111308.0970027,387
1686111308.1139219,386
1686111308.125501,384
1686111308.1379418,383
1686111308.1539268,381
1686111308.1662836,379
1686111308.1830015,376
1686111308.19525,373
1686111308.2069347,372
1686111308.2239962,372
1686111308.235925,372
1686111308.2489214,371
1686111308.2649322,371
1686111308.277265,370
1686111308.288974,370
1686111308.305996,369
1686111308.3189476,368
1686111308.333997,368
1686111308.3470054,370
1686111308.3589191,370
1686111308.3749378,370
1686111308.388,370
1686111308.4000247,372
1686111308.4166014,372
1686111308.4288828,373
1686111308.4409177,372
1686111308.4576118,373
1686111308.4696026,372
1686111308.485628,374
1686111308.4979298,375
1686111308.510607,377
1686111308.526624,378
1686111308.5386076,380
1686111308.5516179,380
1686111308.5676234,380
1686111308.5796754,380
1686111308.5926797,380
1686111308.608681,380
1686111308.620607,380
1686111308.6336832,379
1686111308.649898,378
1686111308.6616058,378
1686111308.6786773,378
1686111308.690603,378
1686111308.7023516,377
1686111308.718849,376
1686111308.731857,375
1686111308.7438576,375
1686111308.7600534,374
1686111308.7727795,373
1686111308.7847743,371
1686111308.8018084,369
1686111308.813852,368
1686111308.8300796,367
1686111308.8418455,368
1686111308.8548489,369
1686111308.8708372,369
1686111308.883067,370
1686111308.8958209,372
1686111308.9118593,374
1686111308.924429,377
1686111308.935848,379
1686111308.9527984,379
1686111308.965156,380
1686111308.9778464,381
1686111308.9938314,381
1686111309.0058486,381
1686111309.022806,380
1686111309.0351768,379
1686111309.0467844,378
1686111309.063851,377
1686111309.0758593,377
1686111309.0887797,378
1686111309.1044593,378
1686111309.1163175,378
1686111309.1293576,378
1686111309.145597,379
1686111309.157342,381
1686111309.1738815,384
1686111309.1862972,386
1686111309.1982758,389
1686111309.2151532,393
1686111309.227688,396
1686111309.2397947,400
1686111309.2557945,401
1686111309.268748,402
1686111309.2807958,403
1686111309.2967236,403
1686111309.3089902,403
1686111309.3247705,403
1686111309.3377218,403
1686111309.350039,401
1686111309.3667758,399
1686111309.3787274,398
1686111309.3910406,397
1686111309.4077785,396
1686111309.4197242,394
1686111309.4320362,392
1686111309.4487948,390
1686111309.4607813,387
1686111309.47304,384
1686111309.4897833,382
1686111309.5017123,378
1686111309.5179157,375
1686111309.5305247,372
1686111309.5424407,370
1686111309.5583847,368
1686111309.5714586,367
1686111309.5834606,366
1686111309.6003792,363
1686111309.6125026,360
1686111309.6246188,359
1686111309.6407025,358
1686111309.6533718,358
1686111309.6693757,357
1686111309.6813908,355
1686111309.6944458,353
1686111309.7106857,350
1686111309.722451,349
1686111309.7356493,348
1686111309.7513971,347
1686111309.7634056,348
1686111309.7762272,349
1686111309.7931495,350
1686111309.8044627,352
1686111309.8172188,352
1686111309.8331656,353
1686111309.8454764,355
1686111309.862258,356
1686111309.874222,357
1686111309.8862126,357
1686111309.9034073,357
1686111309.915178,359
1686111309.9274902,360
1686111309.944653,361
1686111309.9562557,361
1686111309.96859,362
1686111309.9852052,363
1686111309.9972608,366
1686111310.0132577,372
1686111310.0258849,381
1686111310.038349,391
1686111310.055029,402
1686111310.0670083,412
1686111310.0790687,420
1686111310.0950859,426
1686111310.1082792,431
1686111310.120069,433
1686111310.1360226,433
1686111310.149083,432
1686111310.165175,431
1686111310.1773245,428
1686111310.1900942,426
1686111310.2060661,423
1686111310.2186527,420
1686111310.2310815,416
1686111310.2470777,411
1686111310.2593553,408
1686111310.272081,406
1686111310.2882266,402
1686111310.3000057,401
1686111310.3130288,398
1686111310.3290777,396
1686111310.3410068,393
1686111310.3573794,390
1686111310.3701394,389
1686111310.3820708,390
1686111310.3990114,391
1686111310.411109,392
1686111310.4240053,393
1686111310.4400377,392
1686111310.4523222,391
1686111310.4645038,387
1686111310.480348,384
1686111310.4932916,380
1686111310.509588,377
1686111310.5217648,374
1686111310.5337791,369
1686111310.5500262,363
1686111310.5627725,358
1686111310.5746946,355
1686111310.5907571,352
1686111310.6039307,350
1686111310.615965,349
1686111310.6319308,350
1686111310.6442337,351
1686111310.6569285,353
1686111310.6729116,356
1686111310.68485,358
1686111310.7020445,361
1686111310.7139132,365
1686111310.7261612,368
1686111310.742838,372
1686111310.75504,377
1686111310.767179,379
1686111310.783914,380
1686111310.7958546,382
1686111310.8078394,383
1686111310.8249104,384
1686111310.8369792,385
1686111310.8531172,384
1686111310.8650482,385
1686111310.8780484,385
1686111310.8946369,385
1686111310.9065588,385
1686111310.9189842,385
1686111310.9351208,385
1686111310.9479797,385
1686111310.9599152,384
1686111310.9759128,384
1686111310.9882863,383
1686111311.0009346,383
1686111311.0171244,383
1686111311.0292096,384
1686111311.0459292,385
1686111311.0579147,386
1686111311.070247,387
1686111311.0869114,389
1686111311.098916,390
1686111311.1112227,391
1686111311.1279953,393
1686111311.140145,394
1686111311.1523118,394
1686111311.1689258,394
1686111311.181262,394
1686111311.1969087,393
1686111311.2099898,393
1686111311.2220132,392
1686111311.2379112,391
1686111311.250454,390
1686111311.2632878,389
1686111311.27901,387
1686111311.2910004,386
1686111311.3040078,385
1686111311.3200185,383
1686111311.3319397,381
1686111311.3479378,380
1686111311.361077,379
1686111311.3739426,378
1686111311.3900118,377
1686111311.402308,377
1686111311.41447,376
1686111311.4302685,375
1686111311.4433503,376
1686111311.455616,376
1686111311.4715924,376
1686111311.4843695,376
1686111311.4962833,376
1686111311.512334,376
1686111311.5253317,377
1686111311.5412703,377
1686111311.5536244,377
1686111311.566299,377
1686111311.5825589,377
1686111311.5943613,377
1686111311.6066074,377
1686111311.6234734,377
1686111311.6354187,378
1686111311.6482093,377
1686111311.6643796,377
1686111311.6769526,377
1686111311.6931715,378
1686111311.705624,378
1686111311.717471,378
1686111311.7343712,377
1686111311.7464356,377
1686111311.7586613,377
1686111311.7753174,378
1686111311.7875836,378
1686111311.800042,378
1686111311.8161228,378
1686111311.8278213,379
1686111311.8400204,379
1686111311.856785,380
1686111311.86949,380
1686111311.8857148,380
1686111311.8980057,380
1686111311.910537,380
1686111311.9266007,381
1686111311.9385958,381
1686111311.9506564,380
1686111311.967799,379
1686111311.9799685,379
1686111311.9922528,379
1686111312.0088012,380
1686111312.0207365,380
1686111312.0363226,379
1686111312.0493724,380
1686111312.0617404,380
1686111312.0779746,380
1686111312.0903232,380
1686111312.1026876,380
1686111312.1187334,380
1686111312.1308463,381
1686111312.1438606,382
1686111312.1598482,383
1686111312.1721897,383
1686111312.1846902,383
1686111312.200855,383
1686111312.212853,383
1686111312.2293627,382
1686111312.241154,383
1686111312.254184,382
1686111312.2705545,382
1686111312.2825606,382
1686111312.2951627,381
1686111312.3112326,382
1686111312.324111,381
1686111312.3362417,380
1686111312.3521137,380
1686111312.3641222,380
1686111312.3811123,380
1686111312.393116,380
1686111312.4051182,380
1686111312.422118,380
1686111312.4341302,380
1686111312.4461086,380
1686111312.4631217,380
1686111312.475111,381
1686111312.487174,381
1686111312.5041206,380
1686111312.5165143,380
1686111312.5320954,381
1686111312.5451,381
1686111312.5574427,382
1686111312.5731509,382
1686111312.586168,382
1686111312.5981069,382
1686111312.614558,382
1686111312.6262019,383
1686111312.6394892,383
1686111312.655188,383
1686111312.6671972,383
1686111312.6801896,382
1686111312.696504,383
