timestamps,emg_signal
1686016522.1564713,314
1686016522.1720483,315
1686016522.185148,316
1686016522.1974235,315
1686016522.213935,313
1686016522.2262015,313
1686016522.2383518,314
1686016522.2550805,315
1686016522.2668798,315
1686016522.278885,313
1686016522.2961123,312
1686016522.3082054,312
1686016522.320244,313
1686016522.3369973,314
1686016522.3490608,313
1686016522.3652706,312
1686016522.377554,311
1686016522.3895605,311
1686016522.406268,313
1686016522.4181428,313
1686016522.4311159,313
1686016522.4474146,311
1686016522.459584,311
1686016522.4715414,311
1686016522.4875674,312
1686016522.5000565,313
1686016522.516623,311
1686016522.529329,310
1686016522.541511,309
1686016522.557607,310
1686016522.570165,311
1686016522.5822546,311
1686016522.5981991,309
1686016522.6118703,307
1686016522.6228635,307
1686016522.6391227,308
1686016522.65212,309
1686016522.668161,308
1686016522.6804154,306
1686016522.692662,305
1686016522.709724,304
1686016522.7214744,306
1686016522.733436,306
1686016522.7505293,305
1686016522.762798,304
1686016522.7743452,303
1686016522.7910783,304
1686016522.8039384,305
1686016522.8157754,305
1686016522.8325393,304
1686016522.8445203,302
1686016522.8607936,303
1686016522.8727384,304
1686016522.8856988,305
1686016522.901467,306
1686016522.9133968,305
1686016522.9259725,303
1686016522.9429717,304
1686016522.9551146,305
1686016522.9669657,306
1686016522.983474,306
1686016522.9960308,304
1686016523.0120394,303
1686016523.0240455,303
1686016523.0370436,305
1686016523.0531006,305
1686016523.0653362,305
1686016523.0782185,303
1686016523.0941708,303
1686016523.1061516,304
1686016523.1189253,305
1686016523.135241,305
1686016523.14726,304
1686016523.1601605,303
1686016523.1760995,304
1686016523.1883073,306
1686016523.2048373,309
1686016523.2168996,309
1686016523.2299118,308
1686016523.2462373,308
1686016523.258066,309
1686016523.270873,311
1686016523.2869914,312
1686016523.2991214,312
1686016523.311455,311
1686016523.3278303,310
1686016523.3399255,312
1686016523.3559601,313
1686016523.3685946,315
1686016523.3809633,314
1686016523.3976302,312
1686016523.409832,312
1686016523.4218268,314
1686016523.437851,315
1686016523.4508474,316
1686016523.4628391,315
1686016523.4791853,313
1686016523.491205,313
1686016523.5076978,315
1686016523.520459,317
1686016523.5327895,316
1686016523.5487995,315
1686016523.560802,314
1686016523.5737941,314
1686016523.5897915,316
1686016523.6019332,317
1686016523.613866,317
1686016523.6309645,315
1686016523.643344,315
1686016523.6555483,316
1686016523.6724455,318
1686016523.6842055,319
1686016523.7004738,318
1686016523.7125099,317
1686016523.7244792,317
1686016523.7414746,319
1686016523.753487,320
1686016523.7660706,321
1686016523.782719,319
1686016523.7948961,319
1686016523.8068295,318
1686016523.822854,320
1686016523.8355844,321
1686016523.8522503,321
1686016523.8641744,320
1686016523.8768458,319
1686016523.8932667,320
1686016523.9055424,322
1686016523.9171755,323
1686016523.9342248,322
1686016523.946358,321
1686016523.9588335,320
1686016523.9748762,320
1686016523.9873116,322
1686016523.9992871,322
1686016524.0159986,321
1686016524.0280037,320
1686016524.0444186,319
1686016524.0570617,320
1686016524.0688763,322
1686016524.0852296,322
1686016524.0974555,320
1686016524.1102238,319
1686016524.1262321,319
1686016524.1382403,321
1686016524.1512299,323
1686016524.167231,322
1686016524.1792338,321
1686016524.1956055,320
1686016524.2076283,321
1686016524.220217,322
1686016524.236455,322
1686016524.2494013,321
1686016524.261408,320
1686016524.2784102,319
1686016524.2904117,320
1686016524.302409,321
1686016524.3190534,322
1686016524.3311205,321
1686016524.3478756,320
1686016524.3597674,319
1686016524.3718135,321
1686016524.388449,322
1686016524.400461,322
1686016524.41337,320
1686016524.429159,319
1686016524.442011,319
1686016524.4543276,321
1686016524.4705536,322
1686016524.482825,321
1686016524.4948218,320
1686016524.5111918,319
1686016524.524079,320
1686016524.5400784,322
1686016524.552129,323
1686016524.5641296,322
1686016524.5811503,320
1686016524.5931487,320
1686016524.6051407,321
1686016524.622288,322
1686016524.633913,322
1686016524.6469245,321
1686016524.6632762,319
1686016524.6757562,319
1686016524.6915333,319
1686016524.7044013,320
1686016524.7163446,320
1686016524.7322774,317
1686016524.7452826,316
1686016524.757286,316
1686016524.7732835,317
1686016524.785283,317
1686016524.7978857,316
1686016524.8149307,313
1686016524.8267038,312
1686016524.8390784,312
1686016524.8559153,312
1686016524.8681068,313
1686016524.8841321,312
1686016524.8966022,310
1686016524.9082086,310
1686016524.9252536,312
1686016524.9370456,314
1686016524.9500446,315
1686016524.966495,315
1686016524.9788554,316
1686016524.9903054,318
1686016525.0073152,321
1686016525.0198457,324
1686016525.035952,325
1686016525.0474565,325
1686016525.0606809,324
1686016525.077212,324
1686016525.0885072,326
1686016525.1011455,326
1686016525.1173124,327
1686016525.1300921,326
1686016525.1425452,325
1686016525.1582265,325
1686016525.1707249,324
1686016525.1877658,322
1686016525.1996822,319
1686016525.2126198,315
1686016525.2282627,312
1686016525.2402716,310
1686016525.2527068,309
1686016525.2694294,306
1686016525.2814853,301
1686016525.2936525,291
1686016525.3104243,280
1686016525.3228269,274
1686016525.334882,271
1686016525.3505661,266
1686016525.3635807,271
1686016525.3796616,280
1686016525.3915384,288
1686016525.4037285,296
1686016525.4207425,302
1686016525.432837,305
1686016525.4447312,307
1686016525.461991,308
1686016525.4739795,310
1686016525.48637,312
1686016525.5029523,314
1686016525.514994,313
1686016525.5311542,312
1686016525.5437622,312
1686016525.5562303,312
1686016525.5726588,313
1686016525.5850666,313
1686016525.5972242,312
1686016525.6130927,310
1686016525.6258008,310
1686016525.6376925,311
1686016525.6538298,312
1686016525.6666732,312
1686016525.678404,310
1686016525.695456,309
1686016525.7074442,308
1686016525.7242246,307
1686016525.7366183,306
1686016525.748747,304
1686016525.764854,301
1686016525.777334,299
1686016525.789727,298
1686016525.8063595,299
1686016525.818084,300
1686016525.8301322,300
1686016525.8465528,299
1686016525.8591447,301
1686016525.875125,303
1686016525.8880734,306
1686016525.9003315,307
1686016525.916519,307
1686016525.9288092,307
1686016525.9408314,309
1686016525.9571588,311
1686016525.9699097,313
1686016525.98193,313
1686016525.997843,313
1686016526.0111127,313
1686016526.0267527,313
1686016526.0397842,315
1686016526.0513656,316
1686016526.0681126,316
1686016526.0804667,316
1686016526.092601,315
1686016526.1090941,316
1686016526.1215472,318
1686016526.1332293,318
1686016526.1492317,318
1686016526.1634483,317
1686016526.17445,316
1686016526.1912274,317
1686016526.2031937,319
1686016526.2196107,318
1686016526.2311628,318
1686016526.2441409,317
1686016526.2606115,316
1686016526.2721887,317
1686016526.285194,318
1686016526.3014374,318
1686016526.3139565,317
1686016526.3267727,316
1686016526.34197,316
1686016526.354913,318
1686016526.3711586,319
1686016526.3834622,319
1686016526.3960865,318
1686016526.4121268,317
1686016526.4241898,319
1686016526.4367418,319
1686016526.453239,320
1686016526.4655025,319
1686016526.4779725,317
1686016526.4942725,317
1686016526.506212,318
1686016526.5224812,318
1686016526.534435,318
1686016526.5471287,317
1686016526.5630167,316
1686016526.5761058,316
1686016526.5883815,317
1686016526.6047177,318
1686016526.6166077,318
1686016526.6288073,317
1686016526.6457663,317
1686016526.6579268,317
1686016526.6700332,318
1686016526.6862783,319
1686016526.698273,319
1686016526.7144918,318
1686016526.7278495,317
1686016526.7393203,318
1686016526.7561164,319
1686016526.7680101,320
1686016526.7803788,320
1686016526.797088,319
1686016526.8092723,318
1686016526.821682,320
1686016526.838094,321
1686016526.850374,322
1686016526.8664706,321
1686016526.879046,321
1686016526.8910427,321
1686016526.9077506,322
1686016526.919288,323
1686016526.931726,323
1686016526.9486616,321
1686016526.96113,320
1686016526.97333,320
1686016526.9890678,321
1686016527.0019908,321
1686016527.0140722,320
1686016527.0314322,318
1686016527.042884,318
1686016527.0587785,318
1686016527.0715325,319
1686016527.08353,320
1686016527.0995169,320
1686016527.1125178,319
1686016527.1245317,318
1686016527.14057,319
1686016527.1525707,320
1686016527.1657283,321
1686016527.1815329,319
1686016527.1945379,319
1686016527.2105327,319
1686016527.2225335,320
1686016527.2356863,321
1686016527.2515323,320
1686016527.2642317,319
1686016527.2761815,318
1686016527.292754,318
1686016527.3050337,319
1686016527.3172975,319
1686016527.3338332,318
1686016527.3458319,317
1686016527.3578248,316
1686016527.375263,316
1686016527.3862517,316
1686016527.4036384,316
1686016527.415644,314
1686016527.4277515,312
1686016527.4442308,312
1686016527.4562094,312
1686016527.4682648,312
1686016527.4852662,312
1686016527.4972527,311
1686016527.5101376,310
1686016527.526211,310
1686016527.5387528,312
1686016527.5551815,313
1686016527.5671797,313
1686016527.5794637,312
1686016527.595495,312
1686016527.6075478,313
1686016527.620159,315
1686016527.6368284,315
1686016527.6484747,315
1686016527.6614182,314
1686016527.6780639,314
1686016527.6900346,315
1686016527.7054543,317
1686016527.7189476,317
1686016527.7300968,317
1686016527.7471135,316
1686016527.7590995,316
1686016527.7720022,317
1686016527.7886915,319
1686016527.8002172,320
1686016527.8131046,319
1686016527.8293247,319
1686016527.8411832,320
1686016527.8531253,322
1686016527.8699863,323
1686016527.882605,323
1686016527.899173,322
1686016527.9112809,322
1686016527.9232235,322
1686016527.9395866,323
1686016527.9522214,324
1686016527.964226,323
1686016527.980308,322
1686016527.9926794,321
1686016528.0046952,322
1686016528.021697,322
1686016528.0341265,323
1686016528.050168,321
1686016528.0621674,320
1686016528.074702,320
1686016528.0915048,321
1686016528.1038098,322
1686016528.115636,322
1686016528.1316617,320
1686016528.144664,319
1686016528.1566691,320
1686016528.1726675,320
1686016528.1856654,321
1686016528.2016842,321
1686016528.21446,320
1686016528.2265825,319
1686016528.2431448,319
1686016528.2549462,320
1686016528.2672844,320
1686016528.283251,319
1686016528.2956865,318
1686016528.3088493,317
1686016528.324616,318
1686016528.3368642,319
1686016528.3494587,319
1686016528.3660104,318
1686016528.3775847,317
1686016528.3940299,316
1686016528.407041,317
1686016528.419082,318
1686016528.4356148,317
1686016528.447939,316
1686016528.460212,315
1686016528.476198,315
1686016528.4880428,316
1686016528.5011373,316
1686016528.5173557,316
1686016528.5296059,315
1686016528.5457335,314
1686016528.5577075,314
1686016528.5703475,315
1686016528.586329,316
1686016528.5997458,315
1686016528.611495,314
1686016528.6273925,313
1686016528.640648,314
1686016528.6524649,315
1686016528.669018,315
1686016528.6811583,314
1686016528.6937788,314
1686016528.7092032,313
1686016528.72214,315
1686016528.738486,316
1686016528.7511053,316
1686016528.763101,315
1686016528.7798688,314
1686016528.7919168,314
1686016528.8042803,315
1686016528.8202062,316
1686016528.8330066,316
1686016528.845056,314
1686016528.8606102,314
1686016528.873731,315
1686016528.8897552,316
1686016528.9025476,316
1686016528.9146194,315
1686016528.930679,314
1686016528.9426727,314
1686016528.9559042,315
1686016528.9716246,316
1686016528.9841723,316
1686016528.9967418,315
1686016529.0130928,314
1686016529.0254145,314
1686016529.0412056,316
1686016529.0542266,317
1686016529.066121,316
1686016529.0822153,315
1686016529.0942094,314
1686016529.1072452,315
1686016529.1232717,316
1686016529.1362076,317
1686016529.1484299,316
1686016529.1645598,315
1686016529.1769142,314
1686016529.1888225,315
1686016529.2063055,316
1686016529.217834,316
1686016529.2339401,315
1686016529.2462916,314
1686016529.2589123,314
1686016529.2747638,315
1686016529.2874842,316
1686016529.3003628,316
1686016529.3160152,315
1686016529.3280416,314
1686016529.340271,313
1686016529.3572166,314
1686016529.3692024,315
1686016529.3848622,315
1686016529.3973887,313
1686016529.4100204,312
1686016529.4263575,312
1686016529.43848,313
1686016529.450479,314
1686016529.467954,313
1686016529.4795084,312
1686016529.4922924,311
1686016529.5084715,311
1686016529.520605,312
1686016529.533805,313
1686016529.5495992,311
1686016529.561646,310
1686016529.5782027,309
1686016529.5902076,310
1686016529.6026192,311
1686016529.6191852,311
1686016529.631463,309
1686016529.643854,308
1686016529.659488,308
1686016529.672481,309
1686016529.6845434,310
1686016529.7011101,310
1686016529.7129018,309
1686016529.7292426,308
1686016529.7412226,308
1686016529.7542396,309
1686016529.7707286,310
1686016529.7822423,309
1686016529.795415,308
1686016529.812002,307
1686016529.8242269,308
1686016529.8362262,309
1686016529.8529775,309
1686016529.8648877,308
1686016529.8809848,307
1686016529.8930802,307
1686016529.9062219,308
1686016529.9217653,309
1686016529.9348166,309
1686016529.946869,308
1686016529.9628751,307
1686016529.9757564,308
1686016529.988163,309
1686016530.0042193,310
1686016530.0166066,309
1686016530.0291202,308
1686016530.0452383,308
1686016530.0571485,308
1686016530.0739703,309
1686016530.086323,310
1686016530.09826,309
1686016530.1144173,307
1686016530.1264563,306
1686016530.1393995,307
1686016530.1551814,308
1686016530.1681876,309
1686016530.1801872,308
1686016530.1961854,307
1686016530.2090669,306
1686016530.2249565,308
1686016530.2378871,309
1686016530.2498872,309
1686016530.266045,308
1686016530.2783387,308
1686016530.2903564,308
1686016530.3076105,310
1686016530.3192434,311
1686016530.3320503,310
1686016530.3479948,308
1686016530.3606641,306
1686016530.372869,307
1686016530.3886595,308
1686016530.4016156,310
1686016530.4176815,309
1686016530.4305754,308
1686016530.4416177,308
1686016530.458589,309
1686016530.4706175,310
1686016530.4833946,310
1686016530.4994075,309
1686016530.5121377,308
1686016530.5243974,308
1686016530.5399048,310
1686016530.5529435,311
1686016530.5695448,311
1686016530.581491,310
1686016530.5941534,308
1686016530.6104307,309
1686016530.6222615,310
1686016530.6350167,311
1686016530.651112,310
1686016530.663501,309
1686016530.6754727,309
1686016530.6924088,310
1686016530.7049031,311
1686016530.7204406,311
1686016530.73324,311
1686016530.7452278,310
1686016530.761315,311
1686016530.7745755,312
1686016530.786828,313
1686016530.8028502,314
1686016530.8151746,313
1686016530.827288,312
1686016530.8431787,313
1686016530.8562355,315
1686016530.8681898,316
1686016530.8841817,316
1686016530.897195,315
1686016530.9131637,315
1686016530.9254534,316
1686016530.9378195,317
1686016530.954646,318
1686016530.9667425,318
1686016530.9793463,318
1686016530.995176,318
1686016531.0075474,319
1686016531.0193274,320
1686016531.0363603,321
1686016531.0488126,321
1686016531.0646734,320
1686016531.0773723,320
1686016531.0895743,321
1686016531.1056561,322
1686016531.1184106,323
1686016531.1305115,322
1686016531.1469667,320
1686016531.1593146,321
1686016531.1714153,322
1686016531.1879497,323
1686016531.2002776,322
1686016531.2122614,321
1686016531.2282588,320
1686016531.241258,321
1686016531.2578351,323
1686016531.2699122,324
1686016531.2820399,323
1686016531.2987351,322
1686016531.3107808,322
1686016531.3230422,322
1686016531.339415,324
1686016531.3520558,324
1686016531.3639314,323
1686016531.3803246,321
1686016531.392367,321
1686016531.4092326,322
1686016531.4207327,323
1686016531.4331958,323
1686016531.4496608,321
1686016531.4617617,320
1686016531.474706,314
1686016531.4905784,309
1686016531.5041082,310
1686016531.5154924,309
1686016531.5321686,308
1686016531.5450954,309
1686016531.5597425,311
1686016531.5729926,310
1686016531.5847137,306
1686016531.6010492,303
1686016531.613608,303
1686016531.625434,305
1686016531.6425323,310
1686016531.6548352,317
1686016531.6670678,323
1686016531.6839337,327
1686016531.695499,330
1686016531.7073529,335
1686016531.7236664,339
1686016531.736658,341
1686016531.752666,343
1686016531.765552,342
1686016531.7774355,340
1686016531.7934313,338
1686016531.8063238,337
1686016531.818708,336
1686016531.835228,333
1686016531.8472104,330
1686016531.859947,328
1686016531.8761797,327
1686016531.8881414,327
1686016531.9049528,327
1686016531.9177854,324
1686016531.929184,322
1686016531.9452608,320
1686016531.9573963,320
1686016531.9701939,321
1686016531.9869235,321
1686016531.9991055,319
1686016532.0106752,318
1686016532.0277705,317
1686016532.039839,319
1686016532.0562415,319
1686016532.0691054,319
1686016532.0810823,318
1686016532.0970006,317
1686016532.1095378,317
1686016532.1214037,318
1686016532.1381333,319
1686016532.1505487,318
1686016532.162587,317
1686016532.1792984,316
1686016532.190641,317
1686016532.2035944,318
1686016532.2194192,319
1686016532.232402,318
1686016532.2483983,316
1686016532.2604709,316
1686016532.2733996,317
1686016532.289401,318
1686016532.3014042,318
1686016532.313453,317
1686016532.3303995,316
1686016532.3428319,316
1686016532.3544579,317
1686016532.3713973,319
1686016532.383433,318
1686016532.3994284,317
1686016532.4123962,316
1686016532.4244282,316
1686016532.4404452,318
1686016532.4534442,318
1686016532.4656272,317
1686016532.4818652,315
1686016532.4944801,314
1686016532.506571,315
1686016532.5231574,316
1686016532.5352862,317
1686016532.5473418,315
1686016532.5639153,314
1686016532.5760949,314
1686016532.5929906,315
1686016532.6049979,316
1686016532.617037,317
1686016532.6331818,315
1686016532.6451316,314
1686016532.658142,313
1686016532.6737149,315
1686016532.6867135,316
1686016532.6987755,315
1686016532.7153165,313
1686016532.7277963,311
1686016532.743968,311
1686016532.7560244,312
1686016532.7681572,313
1686016532.7852232,312
1686016532.7973096,310
1686016532.809462,310
1686016532.8253648,311
1686016532.8383627,312
1686016532.8504837,313
1686016532.867242,312
1686016532.8794072,311
1686016532.89536,310
1686016532.9073226,312
1686016532.9201462,313
1686016532.9370835,314
1686016532.9491985,313
1686016532.9611938,311
1686016532.9774137,312
1686016532.9900856,314
1686016533.0024095,315
1686016533.018921,315
1686016533.0309644,313
1686016533.0431802,312
1686016533.0599394,313
1686016533.0713892,315
1686016533.0877934,316
1686016533.100334,315
1686016533.112811,313
1686016533.1292765,313
1686016533.1417146,314
1686016533.1537344,315
1686016533.170354,316
1686016533.1828506,315
1686016533.1942558,314
1686016533.2111313,313
1686016533.2234263,314
1686016533.2393222,316
1686016533.2513566,316
1686016533.2643578,314
1686016533.280348,313
1686016533.2932734,313
1686016533.3052733,315
1686016533.3219967,316
1686016533.3336282,315
1686016533.346967,314
1686016533.362786,313
1686016533.3750541,313
1686016533.3914783,315
1686016533.4039085,316
1686016533.4161205,315
1686016533.4324765,313
1686016533.44422,313
1686016533.4567304,314
1686016533.473454,315
1686016533.4855366,316
1686016533.497706,315
1686016533.5139315,313
1686016533.5267978,313
1686016533.5389564,315
1686016533.5552738,316
1686016533.5674734,316
1686016533.5835207,315
1686016533.596381,314
1686016533.608874,314
1686016533.624271,316
1686016533.6372678,317
1686016533.6493843,316
1686016533.6659746,315
1686016533.6773858,314
1686016533.6902614,314
1686016533.7063718,316
1686016533.7183707,317
1686016533.7358153,316
1686016533.7479799,314
1686016533.7599125,314
1686016533.7767928,315
1686016533.7890844,317
1686016533.8004463,317
1686016533.817309,316
1686016533.829236,315
1686016533.8412488,315
1686016533.858429,316
1686016533.871045,317
1686016533.8862371,317
1686016533.8993118,316
1686016533.9113889,315
1686016533.9280286,315
1686016533.9402232,317
1686016533.9522321,318
1686016533.969192,317
1686016533.9812267,316
1686016533.993104,315
1686016534.0096548,315
1686016534.0217278,317
1686016534.0348454,317
1686016534.050897,317
1686016534.062898,315
1686016534.0792356,315
1686016534.0911615,316
1686016534.1037292,317
1686016534.1208448,318
1686016534.1320434,316
1686016534.144769,315
1686016534.1617682,315
1686016534.17373,316
1686016534.1857524,317
1686016534.2025518,317
1686016534.214839,316
1686016534.2311802,315
1686016534.2431734,315
1686016534.2551813,316
1686016534.2722917,318
1686016534.284112,317
1686016534.296911,316
1686016534.3128183,315
1686016534.3254118,316
1686016534.3376102,317
1686016534.353995,318
1686016534.3664103,317
1686016534.3784485,315
1686016534.394456,315
1686016534.4073334,316
1686016534.4232435,317
1686016534.4363685,318
1686016534.4483223,316
1686016534.4643135,315
1686016534.476675,315
1686016534.489405,317
1686016534.5052836,318
1686016534.5172992,317
1686016534.5297766,316
1686016534.5464332,314
1686016534.5585897,315
1686016534.5747948,316
1686016534.5872004,317
1686016534.5992684,316
1686016534.6157773,314
1686016534.627861,314
1686016534.6408725,314
1686016534.6567392,316
1686016534.6695888,317
1686016534.6818836,316
1686016534.698524,314
1686016534.7099688,314
1686016534.726503,315
1686016534.739001,317
1686016534.7512302,317
1686016534.767626,316
1686016534.7799082,315
1686016534.7922606,315
1686016534.8087068,316
1686016534.820966,317
1686016534.8332362,317
1686016534.8491745,316
1686016534.8620288,315
1686016534.8741484,315
1686016534.890541,316
1686016534.9031498,317
1686016534.9191492,316
1686016534.9311447,315
1686016534.9433663,314
1686016534.9602838,314
1686016534.972178,316
1686016534.985082,317
1686016535.0007908,316
1686016535.0129013,314
1686016535.0259583,314
1686016535.0422232,315
1686016535.0544338,316
1686016535.0708075,316
1686016535.0832343,315
1686016535.0952592,314
1686016535.1112869,314
1686016535.1235664,315
1686016535.1365323,316
1686016535.1530015,316
1686016535.1650558,314
1686016535.1772513,313
1686016535.1930776,314
1686016535.2051332,315
1686016535.221445,316
1686016535.234335,315
1686016535.2472777,314
1686016535.2627492,313
1686016535.2752786,314
1686016535.2881825,315
1686016535.304374,316
1686016535.3162675,315
1686016535.3285365,314
1686016535.3448868,313
1686016535.356861,314
1686016535.3698323,316
1686016535.3858757,316
1686016535.3985465,315
1686016535.414168,313
1686016535.4264293,314
1686016535.4394658,315
1686016535.4554665,316
1686016535.4674666,316
1686016535.4806278,314
1686016535.4965801,314
1686016535.5087478,314
1686016535.5211165,316
1686016535.5377645,317
1686016535.54983,316
1686016535.5664132,314
1686016535.5787168,314
1686016535.592223,315
1686016535.6068726,317
1686016535.6191275,318
1686016535.6314013,316
1686016535.648371,314
1686016535.6599002,314
1686016535.672896,315
1686016535.6888957,316
1686016535.701855,317
1686016535.7138736,315
1686016535.7301836,313
1686016535.7425146,314
1686016535.758803,315
1686016535.7712257,316
1686016535.783547,316
1686016535.7997723,314
1686016535.8122394,313
1686016535.8242853,314
1686016535.841663,315
1686016535.8531928,316
1686016535.8654075,315
1686016535.881448,314
1686016535.893457,313
1686016535.9100232,313
1686016535.922852,315
1686016535.9349759,315
1686016535.9519756,314
1686016535.9639606,312
1686016535.9759831,312
1686016535.9919708,313
1686016536.0050173,315
1686016536.0169797,315
1686016536.033988,313
1686016536.0450156,312
1686016536.0580072,313
1686016536.0742383,314
1686016536.0860138,315
1686016536.1030338,315
1686016536.1149807,313
1686016536.127435,313
1686016536.1439826,313
1686016536.1562493,315
1686016536.1680171,316
1686016536.1850379,315
1686016536.1969547,314
1686016536.2089615,313
1686016536.2256935,314
1686016536.238067,316
1686016536.2540147,316
1686016536.2659945,315
1686016536.279015,314
1686016536.2956412,314
1686016536.307325,315
1686016536.3200183,316
1686016536.3365736,316
1686016536.349174,315
1686016536.3605204,314
1686016536.376809,314
1686016536.389558,316
1686016536.4058762,317
1686016536.4178166,317
1686016536.429825,315
1686016536.4462879,314
1686016536.4590037,315
1686016536.4713318,316
1686016536.4874403,317
1686016536.5003479,316
1686016536.5123549,314
1686016536.528395,314
1686016536.541337,315
1686016536.553336,316
1686016536.569421,316
1686016536.5819662,315
1686016536.5982916,314
1686016536.610961,313
1686016536.6229765,315
1686016536.6392856,316
1686016536.6520154,316
1686016536.6639829,315
1686016536.6800325,313
1686016536.6921124,314
1686016536.7046764,315
1686016536.721677,316
1686016536.733495,316
1686016536.749826,314
1686016536.762544,314
1686016536.7744946,314
1686016536.7908113,316
1686016536.8035047,317
1686016536.8155072,315
1686016536.8315444,314
1686016536.844657,313
1686016536.8568041,314
1686016536.8728476,315
1686016536.8848286,316
1686016536.9015737,315
1686016536.9134898,313
1686016536.9261925,313
1686016536.942247,315
1686016536.9546661,316
1686016536.9670348,316
1686016536.9834156,314
1686016536.9959512,314
1686016537.0081532,314
1686016537.0244234,315
1686016537.0361636,316
1686016537.0490878,316
1686016537.0654092,314
1686016537.0771909,314
1686016537.0940897,314
1686016537.1064172,316
1686016537.1180995,317
1686016537.135109,315
1686016537.1472979,314
1686016537.159157,314
1686016537.1760898,315
1686016537.188146,317
1686016537.200094,317
1686016537.2170966,316
1686016537.2291355,314
1686016537.2450852,314
1686016537.2581465,316
1686016537.2696362,317
1686016537.2866526,317
1686016537.2988255,315
1686016537.311136,315
1686016537.3277721,317
1686016537.3395262,320
1686016537.352258,322
1686016537.3689663,322
1686016537.3801796,321
1686016537.3970046,321
1686016537.4099166,323
1686016537.4219291,325
1686016537.4381576,327
1686016537.4502256,327
1686016537.462909,325
1686016537.4790754,324
1686016537.4912217,324
1686016537.5039918,325
1686016537.519927,325
1686016537.5322223,322
1686016537.5446048,321
1686016537.5606148,322
1686016537.5735164,323
1686016537.5895026,325
1686016537.6015468,323
1686016537.6145551,321
1686016537.6306164,320
1686016537.6425023,321
1686016537.6545115,321
1686016537.6718533,322
1686016537.683578,321
1686016537.6964605,318
1686016537.7127738,317
1686016537.7254198,318
1686016537.7407699,319
1686016537.7534025,319
1686016537.7657409,317
1686016537.78246,315
1686016537.7944012,314
1686016537.8067293,315
1686016537.823411,317
1686016537.8353393,316
1686016537.8479981,315
1686016537.8639317,313
1686016537.8759284,313
1686016537.8879669,315
1686016537.9050503,316
1686016537.917233,316
1686016537.9339218,314
1686016537.9460406,313
1686016537.9581435,313
1686016537.9749851,315
1686016537.9872086,315
1686016537.9989514,315
1686016538.015944,313
1686016538.028027,312
1686016538.0401516,313
1686016538.0564997,314
1686016538.0692275,315
1686016538.0852814,314
1686016538.0974388,312
1686016538.109168,311
1686016538.1261578,312
1686016538.138483,313
1686016538.1502075,313
1686016538.1671636,311
1686016538.1796682,310
1686016538.1920984,309
1686016538.2081628,311
1686016538.2200983,312
1686016538.236155,312
1686016538.2491553,310
1686016538.2610936,309
1686016538.2771392,310
1686016538.290156,311
1686016538.3025188,312
1686016538.3189125,311
1686016538.331155,310
1686016538.3431032,309
1686016538.3592145,310
1686016538.371272,312
1686016538.3835754,312
1686016538.4005594,311
1686016538.4127014,312
1686016538.428567,313
1686016538.4415214,316
1686016538.453649,319
1686016538.469746,319
1686016538.481747,316
1686016538.4947195,314
1686016538.5107899,313
1686016538.5228598,314
1686016538.534861,314
1686016538.5521014,315
1686016538.5641253,312
1686016538.5801737,311
1686016538.5930882,314
1686016538.605084,317
1686016538.6210892,320
1686016538.634056,321
1686016538.6461525,322
1686016538.662187,323
1686016538.6750572,326
1686016538.6870582,328
1686016538.7034302,327
1686016538.7161665,323
1686016538.7281387,318
1686016538.744134,314
1686016538.7571497,312
1686016538.7734213,310
1686016538.785598,307
1686016538.7979524,303
1686016538.8141637,300
1686016538.8268516,298
1686016538.8391116,298
1686016538.8550963,298
1686016538.8674128,296
1686016538.88011,293
1686016538.896241,291
1686016538.9081028,291
1686016538.9248574,292
1686016538.9372375,292
1686016538.9491482,291
1686016538.9660916,290
1686016538.9781523,289
1686016538.9904082,292
1686016539.0071123,294
1686016539.0191185,296
1686016539.0314262,296
1686016539.0481505,296
1686016539.0602844,297
1686016539.076202,299
1686016539.0892644,301
1686016539.101272,302
1686016539.117294,301
1686016539.1295326,300
1686016539.1421998,300
1686016539.1581445,302
1686016539.1701972,303
1686016539.1832216,303
1686016539.199146,301
1686016539.211461,301
1686016539.2242234,302
1686016539.2401538,304
1686016539.2526762,305
1686016539.2692034,304
1686016539.2811432,303
1686016539.293144,304
1686016539.3101845,305
1686016539.321564,308
1686016539.33452,310
1686016539.3507874,311
1686016539.3631122,313
1686016539.3758702,318
1686016539.3918524,324
1686016539.4038181,334
1686016539.4200528,341
1686016539.433176,351
1686016539.4450388,361
1686016539.4613502,372
1686016539.473743,384
1686016539.486038,394
1686016539.5020478,402
1686016539.5147502,405
1686016539.5268028,408
1686016539.543053,409
1686016539.5551665,412
1686016539.5681775,409
1686016539.5843883,404
1686016539.596093,399
1686016539.6131651,394
1686016539.6250954,390
1686016539.6373374,386
1686016539.6542752,381
1686016539.6662838,373
1686016539.6783416,364
1686016539.6943269,355
1686016539.7073271,346
1686016539.719318,335
1686016539.7355852,322
1686016539.7483015,308
1686016539.7646053,295
1686016539.77629,286
1686016539.78934,278
1686016539.8058546,271
1686016539.8178682,264
1686016539.830097,256
1686016539.8459108,251
1686016539.85887,249
1686016539.8710818,250
1686016539.8875706,250
1686016539.8998382,249
1686016539.9157283,249
1686016539.928572,249
1686016539.9405124,253
1686016539.9565034,256
1686016539.969503,259
1686016539.9816005,260
1686016539.9975047,261
1686016540.010527,265
1686016540.0225818,270
1686016540.0390625,275
1686016540.0515614,278
1686016540.0636656,280
1686016540.079934,282
1686016540.0915945,284
1686016540.108607,287
1686016540.1205943,291
1686016540.1325889,291
1686016540.149592,291
1686016540.161951,292
1686016540.1742306,294
1686016540.1906734,297
1686016540.2026112,299
1686016540.214688,299
1686016540.2316635,298
1686016540.2438288,299
1686016540.25967,301
1686016540.2726226,304
1686016540.2841687,304
1686016540.3011725,302
1686016540.313109,299
1686016540.3251758,297
1686016540.3421206,298
1686016540.3544254,299
1686016540.3664176,298
1686016540.3830981,297
1686016540.3953006,297
1686016540.4114268,298
1686016540.4241543,301
1686016540.4361737,306
1686016540.4524276,309
1686016540.4650972,310
1686016540.4776437,311
1686016540.4932227,314
1686016540.5061576,317
1686016540.5182624,319
1686016540.5342917,319
1686016540.5471618,318
1686016540.5591116,319
1686016540.5755236,320
1686016540.5875118,322
1686016540.6035619,323
1686016540.6165996,322
1686016540.6288488,321
1686016540.6448355,322
1686016540.657509,324
1686016540.6695397,325
1686016540.685874,325
1686016540.698582,323
1686016540.7105548,322
1686016540.7275207,323
1686016540.7395666,324
1686016540.7552054,325
1686016540.7680206,323
1686016540.7800362,321
1686016540.7967286,320
1686016540.8089952,321
1686016540.8211763,322
1686016540.837771,321
1686016540.8499177,320
1686016540.8622425,318
1686016540.8782012,318
1686016540.891147,319
1686016540.9031453,320
1686016540.9191918,320
1686016540.9321253,319
1686016540.9481452,317
1686016540.960401,318
1686016540.9721942,319
1686016540.989309,319
1686016541.0010803,319
1686016541.0140972,317
1686016541.0300868,316
1686016541.0423813,316
1686016541.0550952,317
1686016541.0710871,318
1686016541.0829856,317
1686016541.099834,315
1686016541.111756,315
1686016541.1247559,316
1686016541.140758,318
1686016541.153051,318
1686016541.1657512,317
1686016541.181803,316
1686016541.1937315,317
1686016541.2061074,319
1686016541.222749,320
1686016541.2349327,321
1686016541.250986,320
1686016541.2633226,320
1686016541.2763207,320
1686016541.2926254,322
1686016541.3043249,324
1686016541.317219,324
1686016541.3333673,322
1686016541.3453023,321
1686016541.3571901,321
1686016541.3742588,323
1686016541.3861601,324
1686016541.3988218,323
1686016541.415302,321
1686016541.4269695,321
1686016541.4442346,322
1686016541.455952,324
1686016541.4687655,325
1686016541.4848,323
1686016541.4968965,322
1686016541.5091846,322
1686016541.5260007,323
1686016541.538432,324
1686016541.5505214,323
1686016541.5671322,321
1686016541.5791852,319
1686016541.5952885,319
1686016541.6073751,320
1686016541.6202085,321
1686016541.6363456,320
1686016541.6492121,318
1686016541.661145,317
1686016541.6768808,317
1686016541.6889312,319
1686016541.7022333,319
1686016541.7185218,318
1686016541.730595,316
1686016541.7424238,316
1686016541.7594,317
1686016541.7713075,318
1686016541.787662,318
1686016541.8003092,317
1686016541.812315,315
1686016541.82836,315
1686016541.8413224,317
1686016541.8535957,318
1686016541.8693078,317
1686016541.8813043,316
1686016541.8943088,315
1686016541.9103687,315
1686016541.922307,317
1686016541.9393055,318
1686016541.9513023,317
1686016541.9638925,315
1686016541.980463,314
1686016541.9924579,314
1686016542.0044568,316
1686016542.0214574,316
1686016542.033461,315
1686016542.045508,314
1686016542.0625122,314
1686016542.0745027,315
1686016542.0901215,317
1686016542.1029594,318
1686016542.1155393,316
1686016542.1317163,315
1686016542.1442785,315
1686016542.155997,317
1686016542.1725395,318
1686016542.1854546,318
1686016542.197704,317
1686016542.213302,315
1686016542.226235,316
1686016542.2388418,317
1686016542.2547197,318
1686016542.2672913,318
1686016542.283903,316
1686016542.2954524,315
1686016542.3083546,316
1686016542.324349,318
1686016542.3371606,319
1686016542.349076,318
1686016542.3653913,316
1686016542.377464,316
1686016542.3900707,317
1686016542.4058993,318
1686016542.41843,319
1686016542.4348085,317
1686016542.4476385,316
1686016542.4599147,316
1686016542.475928,317
1686016542.488558,318
1686016542.5008929,318
1686016542.5164137,316
1686016542.5292995,315
1686016542.5415893,315
1686016542.5575826,317
1686016542.5704129,317
1686016542.586702,317
1686016542.5988133,315
1686016542.6108475,314
1686016542.627009,314
1686016542.6401567,316
1686016542.6522188,317
1686016542.6679473,317
1686016542.6811128,316
1686016542.6931856,316
1686016542.709187,318
1686016542.7219071,320
1686016542.7342165,321
1686016542.7504954,321
1686016542.7626345,320
1686016542.7784243,320
1686016542.791483,321
1686016542.8034523,323
1686016542.8198864,322
1686016542.8319964,320
1686016542.8450212,318
1686016542.8605886,318
1686016542.8728878,320
1686016542.884893,321
1686016542.9021814,321
1686016542.9143007,320
1686016542.9308722,320
1686016542.9425697,322
1686016542.95525,324
1686016542.972002,324
1686016542.9836547,322
1686016542.9959173,319
1686016543.01292,318
1686016543.024662,318
1686016543.037308,318
1686016543.0534282,317
1686016543.0654414,315
1686016543.0823343,312
1686016543.0943775,312
1686016543.1066542,313
1686016543.1233797,314
1686016543.1353772,314
1686016543.147387,313
1686016543.1643808,311
1686016543.17638,312
1686016543.1883833,314
1686016543.2053802,315
1686016543.2173815,314
1686016543.2293744,312
1686016543.2453785,312
1686016543.257376,313
1686016543.2744758,314
1686016543.2865908,315
1686016543.2984767,314
1686016543.315476,313
1686016543.3274827,312
1686016543.340481,314
1686016543.3564782,315
1686016543.36888,315
1686016543.3811011,314
1686016543.3976457,313
1686016543.409785,313
1686016543.426062,315
1686016543.438148,316
1686016543.4510581,316
1686016543.4666348,314
1686016543.4796367,313
1686016543.4917512,314
1686016543.5083928,315
1686016543.5203846,316
1686016543.5327048,315
1686016543.5493937,314
1686016543.5613859,313
1686016543.578163,314
1686016543.590107,316
1686016543.603149,316
1686016543.6185336,315
1686016543.6311908,314
1686016543.6431859,313
1686016543.659206,314
1686016543.6721678,316
1686016543.6844177,316
1686016543.7003198,315
1686016543.7129524,314
1686016543.725287,314
1686016543.7416556,315
1686016543.7536943,317
1686016543.7704191,316
1686016543.7827227,315
1686016543.7943714,314
1686016543.8112757,315
1686016543.8237934,316
1686016543.8360302,317
1686016543.8517942,316
1686016543.8640397,315
1686016543.8771846,314
1686016543.8932524,315
1686016543.9054365,316
1686016543.9213402,316
1686016543.9338844,315
1686016543.9459019,313
1686016543.9622962,313
1686016543.9757247,315
1686016543.987403,316
1686016544.0038457,316
1686016544.0163958,315
1686016544.0284002,313
1686016544.0441167,313
1686016544.057087,315
1686016544.0698154,316
1686016544.0852194,316
1686016544.0982265,314
1686016544.1145494,313
1686016544.1270952,314
1686016544.1382825,315
1686016544.1550162,316
1686016544.1673758,315
1686016544.1794105,314
1686016544.1967003,313
1686016544.209108,314
1686016544.2211006,316
1686016544.237411,316
1686016544.2494621,315
1686016544.2663238,314
1686016544.2782872,314
1686016544.290311,315
1686016544.3063986,317
1686016544.3184502,317
1686016544.3315907,315
1686016544.3481026,314
1686016544.3598542,314
1686016544.3723686,316
1686016544.3881185,317
1686016544.4014773,316
1686016544.4173222,315
1686016544.4301317,314
1686016544.442102,314
1686016544.4583964,315
1686016544.4709198,316
1686016544.4828777,315
1686016544.4993956,313
1686016544.5117307,312
1686016544.523517,313
1686016544.5398784,314
1686016544.552907,315
1686016544.5649645,314
1686016544.581408,312
1686016544.5932882,312
1686016544.6101568,313
1686016544.6226134,315
1686016544.6346753,315
1686016544.6514094,314
1686016544.6634786,313
1686016544.6756086,313
1686016544.6920118,315
1686016544.7040107,316
1686016544.7167861,315
1686016544.733123,314
1686016544.7455308,313
1686016544.761317,313
1686016544.7734313,315
1686016544.7861917,316
1686016544.8024795,315
1686016544.8144937,313
1686016544.8272965,312
1686016544.84329,313
1686016544.855435,315
1686016544.8676765,315
1686016544.8837569,314
1686016544.897057,312
1686016544.9091601,312
1686016544.925689,314
1686016544.937365,315
1686016544.9542336,315
1686016544.965894,314
1686016544.9788294,312
1686016544.9952142,313
1686016545.007019,314
1686016545.019361,315
1686016545.0354843,315
1686016545.0483654,313
1686016545.0606337,312
1686016545.0772138,312
1686016545.0894358,314
1686016545.1054342,315
1686016545.1174679,314
1686016545.1302755,312
1686016545.1464682,311
1686016545.1583128,313
1686016545.1708367,314
1686016545.1875525,314
1686016545.1997905,313
1686016545.2118912,311
1686016545.2284224,311
1686016545.24084,313
1686016545.2571626,314
1686016545.2693622,314
1686016545.2817829,313
1686016545.297509,311
1686016545.3104632,312
1686016545.3224,313
1686016545.3393934,314
1686016545.3513868,313
1686016545.3639812,312
1686016545.3798382,311
1686016545.39235,312
1686016545.4043906,314
1686016545.4209094,315
1686016545.4329023,314
1686016545.4488919,313
1686016545.4621243,313
1686016545.4742918,314
1686016545.490367,315
1686016545.5025754,316
1686016545.5144796,314
1686016545.5311499,313
1686016545.544147,313
1686016545.5561407,315
1686016545.5717943,316
1686016545.584519,316
1686016545.60128,314
1686016545.6137445,313
1686016545.6254272,314
1686016545.6421294,315
1686016545.6537182,317
1686016545.666875,316
1686016545.683485,314
1686016545.6956651,313
1686016545.7081885,314
1686016545.7240677,316
1686016545.7364328,317
1686016545.753012,316
1686016545.765146,315
1686016545.7769175,314
1686016545.7938638,315
1686016545.8054821,317
1686016545.818425,317
1686016545.8343844,316
1686016545.846456,314
1686016545.8596237,315
1686016545.8759332,316
1686016545.887216,317
1686016545.900266,317
1686016545.916925,315
1686016545.9291975,314
1686016545.9451602,314
1686016545.9571595,316
1686016545.970189,317
1686016545.986393,316
1686016545.9985628,315
1686016546.010493,314
1686016546.0264947,315
1686016546.0397472,317
1686016546.051375,317
1686016546.0683775,316
1686016546.0804374,314
1686016546.096436,313
1686016546.1091552,314
1686016546.1214848,315
1686016546.1373346,315
1686016546.1495004,314
1686016546.162411,312
1686016546.1789026,312
1686016546.1908903,314
1686016546.2033226,315
1686016546.2200274,315
1686016546.2316692,314
1686016546.2477155,313
1686016546.2609763,313
1686016546.2725089,315
1686016546.28938,313
1686016546.3011208,309
1686016546.3139067,304
1686016546.3297677,302
1686016546.3422313,302
1686016546.3547342,303
1686016546.3715446,305
1686016546.3841903,304
1686016546.396159,304
1686016546.4124212,304
1686016546.424749,307
1686016546.4407961,309
1686016546.4531775,311
1686016546.466073,310
1686016546.481539,310
1686016546.494216,311
1686016546.5063503,313
1686016546.5223832,315
1686016546.535109,315
1686016546.5472932,314
1686016546.563242,314
1686016546.5755756,315
1686016546.5922966,317
1686016546.6042871,318
1686016546.6170683,318
1686016546.6331356,317
1686016546.6452737,318
1686016546.6579351,319
1686016546.6744118,321
1686016546.6864052,321
1686016546.6986015,320
1686016546.7153804,319
1686016546.727644,318
1686016546.7397132,319
1686016546.756253,321
1686016546.7682874,321
1686016546.7851522,319
1686016546.797308,317
1686016546.8098493,317
1686016546.826276,318
1686016546.8382194,319
1686016546.8507447,318
1686016546.8668742,316
1686016546.8793836,315
1686016546.891716,316
1686016546.9077451,317
1686016546.9197898,318
1686016546.936417,317
1686016546.9487138,316
1686016546.9606676,315
1686016546.9776971,316
1686016546.9893987,318
1686016547.002228,318
1686016547.018432,317
1686016547.0307643,316
1686016547.042773,315
1686016547.059496,316
1686016547.0716512,317
1686016547.0877826,316
1686016547.1003654,314
1686016547.1123571,313
1686016547.1286592,313
1686016547.1414597,315
1686016547.1533985,316
1686016547.1696897,316
1686016547.182116,314
1686016547.1944664,313
1686016547.2112303,314
1686016547.2231452,316
1686016547.2357976,317
1686016547.25219,316
1686016547.264137,315
1686016547.2805383,314
1686016547.2922437,316
1686016547.3044705,317
1686016547.321442,318
1686016547.3341098,317
1686016547.3461945,315
1686016547.362058,315
1686016547.3749304,317
1686016547.3867552,318
1686016547.4038928,318
1686016547.4159224,317
1686016547.4322329,315
1686016547.4444056,316
1686016547.4569318,317
1686016547.47293,318
1686016547.4854991,318
1686016547.4969957,316
1686016547.5140555,315
1686016547.5262916,316
1686016547.5380101,317
1686016547.5550072,318
1686016547.5670097,317
1686016547.5831559,315
1686016547.5951233,314
1686016547.608236,315
1686016547.6244948,317
1686016547.636443,317
1686016547.6484435,316
1686016547.6654391,314
1686016547.677456,314
1686016547.689437,316
1686016547.7065442,317
1686016547.7185776,318
1686016547.7308128,316
1686016547.7475224,315
1686016547.7597392,316
1686016547.7758162,317
1686016547.78832,318
1686016547.8008463,318
1686016547.8171346,316
1686016547.8288388,315
1686016547.8417907,315
1686016547.8578,317
1686016547.8697867,318
1686016547.8828468,317
1686016547.8991308,315
1686016547.9111567,314
1686016547.9271233,316
1686016547.93992,317
1686016547.9520864,318
1686016547.9680552,316
1686016547.9808044,315
1686016547.9931011,315
1686016548.0098386,316
1686016548.02176,317
1686016548.0337737,316
1686016548.0504909,314
1686016548.0624096,313
1686016548.0747485,313
1686016548.0913444,314
1686016548.1033344,315
1686016548.119697,314
1686016548.1324685,312
1686016548.1443307,311
1686016548.1613333,312
1686016548.173595,314
1686016548.1857955,315
1686016548.201856,315
1686016548.2141051,313
1686016548.2268682,314
1686016548.2427928,317
1686016548.2550473,320
1686016548.2718515,324
1686016548.2842925,325
1686016548.2957778,326
1686016548.3128395,327
1686016548.3248653,329
1686016548.336779,331
1686016548.353792,331
1686016548.3657782,329
1686016548.3788128,328
1686016548.394779,328
1686016548.406808,330
1686016548.4231505,331
1686016548.435775,330
1686016548.4477832,328
1686016548.4637854,327
1686016548.476153,328
1686016548.4888468,330
1686016548.5051036,331
1686016548.5168383,330
1686016548.5297782,328
1686016548.546327,329
1686016548.558802,330
1686016548.5707765,332
1686016548.5872087,332
1686016548.5992985,331
1686016548.615535,328
1686016548.6282876,326
1686016548.64023,324
1686016548.65661,320
1686016548.6686835,313
1686016548.6808527,305
1686016548.6979086,299
1686016548.7098486,295
1686016548.7218626,293
1686016548.737901,292
1686016548.7509098,290
1686016548.767189,287
1686016548.7791765,285
1686016548.7919178,285
1686016548.8078506,286
1686016548.8208494,287
1686016548.8328466,286
1686016548.8489056,285
1686016548.8615167,286
1686016548.873517,288
1686016548.8898625,291
1686016548.9024146,292
1686016548.9146397,292
1686016548.9303086,291
1686016548.9434075,293
1686016548.9595332,295
1686016548.9721417,298
1686016548.984175,299
1686016549.0002213,300
1686016549.0132866,301
1686016549.0252295,303
1686016549.041247,307
1686016549.0542047,311
1686016549.066311,315
1686016549.082543,316
1686016549.095231,318
1686016549.1114476,320
1686016549.1235347,323
1686016549.1352694,324
1686016549.1522138,324
1686016549.1647685,323
1686016549.1762717,323
1686016549.1927407,323
1686016549.205748,324
1686016549.2181,323
1686016549.2341926,321
1686016549.2460473,319
1686016549.2627237,318
1686016549.2747982,319
1686016549.2873087,319
1686016549.3037271,319
1686016549.3157837,316
1686016549.3278081,315
1686016549.344801,315
1686016549.3572628,316
1686016549.368768,316
1686016549.3857567,314
1686016549.3981118,312
1686016549.4101398,311
1686016549.4268198,312
1686016549.439138,314
1686016549.4554975,316
1686016549.467439,318
1686016549.4797285,320
1686016549.4964786,326
1686016549.5087512,334
1686016549.5204618,343
1686016549.537476,350
1686016549.5494761,357
1686016549.5617723,363
1686016549.5784879,371
1686016549.5908809,379
1686016549.6070607,386
1686016549.6193295,391
1686016549.6312523,394
1686016549.6480834,395
1686016549.6601682,397
1686016549.6719134,398
1686016549.6888528,398
1686016549.7008607,396
1686016549.7133772,391
1686016549.7298656,389
1686016549.742106,387
1686016549.7546098,386
1686016549.770864,383
1686016549.7829094,377
1686016549.7988489,370
1686016549.811918,365
1686016549.8242683,361
1686016549.8398519,357
1686016549.8528473,353
1686016549.8649552,345
1686016549.881848,339
1686016549.8939085,333
1686016549.9061456,328
1686016549.9221652,322
1686016549.9349308,310
1686016549.9508734,297
1686016549.9633727,285
1686016549.975758,274
1686016549.9922886,265
1686016550.0038095,256
1686016550.016756,247
1686016550.032876,240
1686016550.0448554,235
1686016550.0570076,234
1686016550.074194,235
1686016550.0861306,236
1686016550.1021721,236
1686016550.1149848,237
1686016550.1268144,239
1686016550.1437411,243
1686016550.1560466,248
1686016550.1676853,251
1686016550.1846821,252
1686016550.1967633,251
1686016550.209265,253
1686016550.2256868,258
1686016550.2377415,262
1686016550.2496953,265
1686016550.266045,266
1686016550.2786837,268
1686016550.2951348,272
1686016550.3068008,277
1686016550.3198,282
1686016550.3358185,285
1686016550.3481545,286
1686016550.3602707,288
1686016550.3768494,291
1686016550.389715,295
1686016550.4012046,299
1686016550.4178998,300
1686016550.4300535,301
1686016550.4460392,303
1686016550.4587166,306
1686016550.4707608,309
1686016550.48721,311
1686016550.5002291,311
1686016550.5119863,311
1686016550.5282145,314
1686016550.5409827,317
1686016550.5530324,320
1686016550.5689106,320
1686016550.5819619,319
1686016550.593809,318
1686016550.6106088,319
1686016550.6227856,321
1686016550.638884,321
1686016550.6515465,320
1686016550.6635797,318
1686016550.6795282,316
1686016550.69202,317
1686016550.7049303,318
1686016550.7209804,318
1686016550.7330403,316
1686016550.745739,314
1686016550.7620685,314
1686016550.7742615,315
1686016550.7897215,316
1686016550.8023434,316
1686016550.815406,314
1686016550.8313584,312
1686016550.8432946,312
1686016550.8562937,313
1686016550.8723783,313
1686016550.884368,311
1686016550.897078,308
1686016550.913898,305
1686016550.925943,305
1686016550.9418116,305
1686016550.954593,305
1686016550.9665973,304
1686016550.983155,302
1686016550.995729,302
1686016551.0077462,303
1686016551.023669,305
1686016551.0356734,305
1686016551.048758,304
1686016551.064669,304
1686016551.0767295,304
1686016551.0896866,307
1686016551.1056998,308
1686016551.1183715,307
1686016551.134361,304
1686016551.1463814,303
1686016551.1593587,303
1686016551.1757157,305
1686016551.1876044,307
1686016551.2005327,307
1686016551.216508,306
1686016551.228568,306
1686016551.2412639,308
1686016551.2572029,311
1686016551.2692041,313
1686016551.2859528,312
1686016551.2987595,311
1686016551.3106334,311
1686016551.326935,313
1686016551.3395817,315
1686016551.3515723,317
1686016551.3675723,316
1686016551.380571,316
1686016551.39263,317
1686016551.4090042,319
1686016551.4215922,321
1686016551.4336345,321
1686016551.4495625,320
1686016551.4626317,319
1686016551.4787204,319
1686016551.4908137,321
1686016551.5039413,321
1686016551.51976,320
1686016551.531804,318
1686016551.543807,316
1686016551.5608163,317
1686016551.5729182,318
1686016551.5849361,318
1686016551.6014643,315
1686016551.6134644,313
1686016551.6300426,312
1686016551.6427357,313
1686016551.654789,314
1686016551.6710672,314
1686016551.6837335,312
1686016551.695757,310
1686016551.7117412,310
1686016551.7237563,312
1686016551.7368057,312
1686016551.7527392,312
1686016551.7656658,310
1686016551.781394,309
1686016551.7939098,309
1686016551.8066826,311
1686016551.8226042,312
1686016551.8346639,311
1686016551.8476775,309
1686016551.8637693,309
1686016551.875894,310
1686016551.8885689,311
1686016551.904551,312
1686016551.9165032,311
1686016551.9285474,309
1686016551.9455464,309
1686016551.9584975,311
1686016551.9734871,313
1686016551.9865568,313
1686016551.9991126,312
1686016552.0150306,311
1686016552.0270889,311
1686016552.0401134,313
1686016552.0561156,315
1686016552.0680351,315
1686016552.0810843,313
1686016552.097014,313
1686016552.1097984,314
1686016552.1259348,316
1686016552.1377416,317
1686016552.1507385,316
1686016552.1667523,315
1686016552.179022,314
1686016552.1914425,316
1686016552.2074277,318
1686016552.2197404,319
1686016552.232462,318
1686016552.2489097,316
1686016552.2613535,317
1686016552.2733505,318
1686016552.2892754,320
1686016552.3022757,320
1686016552.3183813,319
1686016552.3305914,318
1686016552.342279,319
1686016552.3593779,320
1686016552.3712757,322
1686016552.384307,321
1686016552.4004457,320
1686016552.4126248,319
1686016552.424281,320
1686016552.4413755,322
1686016552.4535708,323
1686016552.4695897,322
1686016552.4825983,321
1686016552.4945743,320
1686016552.51035,322
1686016552.523278,324
1686016552.535345,325
1686016552.5515196,323
1686016552.5633042,322
1686016552.5763447,322
1686016552.5924206,323
1686016552.605351,324
1686016552.6212988,324
1686016552.6333342,323
1686016552.6453419,321
1686016552.6624765,321
1686016552.6743329,323
1686016552.6863406,324
1686016552.703342,324
1686016552.7156065,322
1686016552.728349,321
1686016552.7442803,322
1686016552.7565672,323
1686016552.7682765,324
1686016552.785352,323
1686016552.7976658,322
1686016552.8134668,321
1686016552.8264694,322
1686016552.8383756,323
1686016552.85438,324
1686016552.8673685,322
1686016552.8793752,320
1686016552.895492,320
1686016552.908391,321
1686016552.920765,322
1686016552.9370956,322
1686016552.9491444,321
1686016552.965152,319
1686016552.9780438,320
1686016552.9900265,321
1686016553.0065243,322
1686016553.0181966,322
1686016553.0311978,320
1686016553.0475135,319
1686016553.059531,320
1686016553.072288,321
1686016553.0880282,322
1686016553.1009676,321
1686016553.1130958,320
1686016553.1295025,319
1686016553.1420298,320
1686016553.1582162,322
1686016553.1705306,322
1686016553.1824014,321
1686016553.199137,319
1686016553.211197,319
1686016553.2232518,320
1686016553.239572,319
1686016553.252341,318
1686016553.2648995,316
1686016553.2809913,314
1686016553.2933228,314
1686016553.3092868,315
1686016553.3210588,316
1686016553.334407,314
1686016553.3504808,311
1686016553.3629272,310
1686016553.3749096,310
1686016553.390978,312
1686016553.4042335,314
1686016553.416163,313
1686016553.4321694,312
1686016553.444167,312
1686016553.4601696,314
1686016553.4731684,316
1686016553.4851646,317
1686016553.5018241,316
1686016553.5138204,315
1686016553.525812,315
1686016553.5428085,318
1686016553.5548105,320
1686016553.5668507,320
1686016553.5842733,318
1686016553.596005,317
1686016553.6079667,318
1686016553.6249976,320
1686016553.6369765,321
1686016553.6529253,321
1686016553.6662161,319
1686016553.6779256,319
1686016553.694929,319
1686016553.7069309,321
1686016553.7189238,323
1686016553.7356036,323
1686016553.7479799,322
1686016553.759795,322
1686016553.7765286,326
1686016553.7888029,330
1686016553.8054037,332
1686016553.817439,332
1686016553.8293517,331
1686016553.846244,331
1686016553.8588295,332
1686016553.8703654,334
1686016553.8876803,333
1686016553.8997605,331
1686016553.9117463,329
1686016553.9281998,329
1686016553.940239,331
1686016553.9570124,332
1686016553.9690614,331
1686016553.981295,329
1686016553.9979613,327
1686016554.0100498,327
1686016554.0223851,326
1686016554.0383751,324
1686016554.050377,320
1686016554.0633314,316
1686016554.0798848,314
1686016554.0920396,313
1686016554.104149,313
1686016554.1208627,314
1686016554.1326573,307
1686016554.149422,303
1686016554.1614225,302
1686016554.174185,304
1686016554.19031,306
1686016554.2020097,304
1686016554.2149856,304
1686016554.231269,303
1686016554.2434227,305
1686016554.2558136,308
1686016554.2721794,309
1686016554.2838292,309
1686016554.300857,307
1686016554.3131669,307
1686016554.325474,308
1686016554.3410213,309
1686016554.354368,310
1686016554.3658595,309
1686016554.382556,307
1686016554.3949893,307
1686016554.4066355,309
1686016554.424636,311
1686016554.4356797,311
1686016554.447658,309
1686016554.4653313,308
1686016554.4771981,309
1686016554.4931304,311
1686016554.5058014,312
1686016554.5179818,312
1686016554.5339558,310
1686016554.5464828,310
1686016554.5587986,311
1686016554.5745184,312
1686016554.587658,314
1686016554.5994496,313
1686016554.615429,312
1686016554.628418,312
1686016554.6450953,313
1686016554.657148,315
1686016554.6695745,316
1686016554.6855946,315
1686016554.6983466,314
1686016554.710484,314
1686016554.7264862,316
1686016554.7392354,318
1686016554.7513409,318
1686016554.7680237,318
1686016554.7800677,317
1686016554.7964482,318
1686016554.8083627,321
1686016554.8208764,322
1686016554.8374696,321
1686016554.8491628,320
1686016554.8612688,319
1686016554.8788538,319
1686016554.8904994,320
1686016554.9025588,321
1686016554.9185421,320
1686016554.9317849,318
1686016554.9440222,318
1686016554.9604058,319
1686016554.9720044,320
1686016554.9886048,321
1686016555.000549,320
1686016555.013385,318
1686016555.0301447,318
1686016555.0422888,319
1686016555.054593,321
1686016555.0707378,320
1686016555.083476,319
1686016555.0953536,317
1686016555.1120393,317
1686016555.1240878,318
1686016555.140793,319
1686016555.1525092,317
1686016555.166207,314
1686016555.181412,311
1686016555.1937735,311
1686016555.2062309,311
1686016555.2225163,311
1686016555.2350085,310
1686016555.2463875,308
1686016555.2634137,308
1686016555.2755725,308
1686016555.2914069,308
1686016555.3044157,308
1686016555.3162925,306
1686016555.332396,303
1686016555.3454916,303
1686016555.3578331,305
1686016555.3733888,307
1686016555.3859384,307
1686016555.3993533,306
1686016555.4154387,306
1686016555.4264958,307
1686016555.4397957,309
1686016555.4559288,311
1686016555.4683852,311
1686016555.4843626,310
1686016555.4969623,310
1686016555.5088017,311
1686016555.525467,313
1686016555.5380635,314
1686016555.550473,314
1686016555.5666053,312
1686016555.578332,311
1686016555.5912776,313
1686016555.6070073,314
1686016555.6189184,315
1686016555.6359272,314
1686016555.647918,312
1686016555.6599743,313
1686016555.6768773,314
1686016555.689573,316
1686016555.701115,316
1686016555.7181315,314
1686016555.7299988,314
1686016555.742634,314
1686016555.7586741,315
1686016555.771334,317
1686016555.7835505,316
1686016555.8000872,314
1686016555.812188,313
1686016555.8282986,314
1686016555.8403986,315
1686016555.8533301,316
1686016555.8697531,314
1686016555.8815875,313
1686016555.8934338,312
1686016555.9105973,313
1686016555.9225814,315
1686016555.9346502,315
1686016555.9516382,314
1686016555.9634438,312
1686016555.9798932,312
1686016555.9917245,314
1686016556.0045435,315
1686016556.0212972,315
1686016556.0334897,314
1686016556.0459387,313
1686016556.0621805,313
1686016556.0742192,315
1686016556.0861754,316
1686016556.1029174,315
1686016556.1149242,313
1686016556.1309855,313
1686016556.1439548,313
1686016556.1557257,315
1686016556.17272,315
1686016556.184344,314
1686016556.1971729,312
1686016556.2132983,312
1686016556.2251656,313
1686016556.238174,315
1686016556.2544198,315
1686016556.2664673,314
1686016556.2792008,313
1686016556.2958603,313
1686016556.307425,315
1686016556.324072,316
1686016556.3361492,316
1686016556.348342,315
1686016556.3644674,314
1686016556.3774607,314
1686016556.3894718,316
1686016556.405878,317
1686016556.4183493,316
1686016556.4303901,315
1686016556.446806,314
1686016556.4592116,315
1686016556.4760227,317
1686016556.4881873,318
1686016556.50002,317
1686016556.516007,315
1686016556.529169,315
1686016556.5411646,316
1686016556.5572715,318
1686016556.5694847,318
1686016556.5818,317
1686016556.598851,315
1686016556.6112144,315
1686016556.6273382,317
1686016556.6394684,318
1686016556.651978,318
1686016556.6681123,316
1686016556.680477,316
1686016556.6924837,316
1686016556.7084856,317
1686016556.7217956,319
1686016556.7333198,318
1686016556.7500916,316
1686016556.7624865,315
1686016556.774529,316
1686016556.7909777,317
1686016556.8029826,318
1686016556.8197217,317
1686016556.8313823,315
1686016556.8441637,315
1686016556.860991,316
1686016556.8727348,317
1686016556.8847303,317
1686016556.9017894,316
1686016556.9134228,314
1686016556.9264123,315
1686016556.9424329,316
1686016556.954751,318
1686016556.971032,318
1686016556.9837804,316
1686016556.9957793,315
1686016557.0123827,316
1686016557.0245278,318
1686016557.036848,319
1686016557.052999,318
1686016557.0655453,316
1686016557.0781598,315
1686016557.09434,316
1686016557.1062484,318
1686016557.122399,318
1686016557.1353214,317
1686016557.1472714,315
1686016557.1635363,315
1686016557.1755066,317
1686016557.1885538,318
1686016557.204261,318
1686016557.2170303,316
1686016557.2290375,315
1686016557.2459333,315
1686016557.2587729,317
1686016557.2698915,318
1686016557.2866113,317
1686016557.29849,316
1686016557.3154395,314
1686016557.327776,315
1686016557.3394418,317
1686016557.3564355,317
1686016557.3685272,316
1686016557.3802974,314
1686016557.3975058,314
1686016557.409654,315
1686016557.4221847,316
1686016557.4382243,317
1686016557.450233,316
1686016557.4670038,314
1686016557.479284,314
1686016557.491128,316
1686016557.5081022,317
1686016557.5195289,317
1686016557.5325124,316
1686016557.548726,314
1686016557.5604553,315
1686016557.5734084,316
1686016557.590063,317
1686016557.6026435,317
1686016557.6140478,315
1686016557.6307359,314
1686016557.6432366,315
1686016557.6595507,317
1686016557.671749,318
1686016557.6834655,317
1686016557.700278,315
1686016557.7124937,314
1686016557.7250109,315
1686016557.740661,317
1686016557.7536066,318
1686016557.76516,317
1686016557.7818677,315
1686016557.7942219,315
1686016557.8110747,316
1686016557.8233001,318
1686016557.835878,317
1686016557.85162,316
1686016557.863941,314
1686016557.8766618,314
1686016557.8925736,316
1686016557.9054122,317
1686016557.917158,317
1686016557.9333215,315
1686016557.9460433,314
1686016557.9623377,315
1686016557.9742765,317
1686016557.9872158,318
1686016558.0033803,317
1686016558.0160666,316
1686016558.028049,315
1686016558.0445085,316
1686016558.0569327,317
1686016558.0687938,318
1686016558.0857008,316
1686016558.097751,315
1686016558.1101384,315
1686016558.1264246,316
1686016558.1385863,317
1686016558.1546738,317
1686016558.167368,315
1686016558.1796024,314
1686016558.195515,314
1686016558.208006,316
1686016558.2202554,317
1686016558.2364695,317
1686016558.2494042,315
1686016558.2622333,314
1686016558.2782795,315
1686016558.2903433,316
1686016558.3070292,317
1686016558.3184824,316
1686016558.330571,314
1686016558.3468997,313
1686016558.3599465,315
1686016558.3722117,316
1686016558.388475,317
1686016558.4009278,315
1686016558.413215,314
1686016558.4295852,314
1686016558.4420655,315
1686016558.454126,317
1686016558.4704826,317
1686016558.4824758,316
1686016558.4988155,314
1686016558.5111446,315
1686016558.5234947,316
1686016558.539901,317
1686016558.5523517,316
1686016558.5646422,315
1686016558.580575,314
1686016558.5937188,315
1686016558.6052408,316
1686016558.6214886,317
1686016558.6344907,316
1686016558.6506522,314
1686016558.6620243,314
1686016558.675246,315
1686016558.691744,317
1686016558.703873,317
1686016558.7161405,316
1686016558.732078,314
1686016558.7445226,315
1686016558.7572408,316
1686016558.7735434,318
1686016558.7861385,317
1686016558.8021069,316
1686016558.8141572,314
1686016558.8271391,315
1686016558.84315,316
1686016558.8554416,317
1686016558.8677475,317
1686016558.8840065,315
1686016558.8960168,314
1686016558.9080062,315
1686016558.9248827,317
1686016558.937143,317
1686016558.949585,316
1686016558.9661498,315
1686016558.978412,314
1686016558.9948356,315
1686016559.0072327,317
1686016559.0193212,317
1686016559.035313,316
1686016559.0477457,314
1686016559.059744,315
1686016559.0757835,316
1686016559.0887845,318
1686016559.1011524,318
1686016559.116838,316
1686016559.1297908,316
1686016559.1457937,316
1686016559.158488,319
1686016559.1705089,320
1686016559.1868212,320
1686016559.1994448,318
1686016559.2118883,317
1686016559.2281482,318
1686016559.2404182,320
1686016559.252431,320
1686016559.2692072,319
1686016559.2810934,318
1686016559.2976055,317
1686016559.3098762,319
1686016559.3221853,321
1686016559.3387823,321
1686016559.3507829,319
1686016559.3627958,317
1686016559.3798003,317
1686016559.3917875,319
1686016559.4041994,320
1686016559.4208422,320
1686016559.4331334,319
1686016559.4447908,319
1686016559.4608183,319
1686016559.4738169,322
1686016559.490115,322
1686016559.502787,322
1686016559.5147998,320
1686016559.531119,320
1686016559.5428472,321
1686016559.5557914,325
1686016559.572792,326
1686016559.5842712,326
1686016559.5967984,325
1686016559.6129045,325
1686016559.6249208,326
1686016559.6418798,327
1686016559.6543202,328
1686016559.666806,326
1686016559.6827888,324
1686016559.6949918,324
1686016559.7070498,326
1686016559.7237856,326
1686016559.7357864,325
1686016559.74821,323
1686016559.7647867,322
1686016559.776789,321
1686016559.7893512,322
1686016559.8057978,323
1686016559.8178413,321
1686016559.834044,319
1686016559.8467886,317
1686016559.859141,318
1686016559.874798,319
1686016559.8868444,319
1686016559.8997865,317
1686016559.915669,315
1686016559.9286637,315
1686016559.9407737,316
1686016559.9572475,318
1686016559.9697976,318
1686016559.9855542,316
1686016559.9981499,316
1686016560.0104873,316
1686016560.0263577,318
1686016560.0393054,319
1686016560.0513089,319
1686016560.0673113,317
1686016560.079937,316
1686016560.092498,317
1686016560.1089199,318
1686016560.1202116,318
1686016560.1373217,313
1686016560.1495476,307
1686016560.1622095,300
1686016560.1783211,296
1686016560.190211,291
1686016560.2032266,286
1686016560.2192063,280
1686016560.231209,277
1686016560.244214,275
1686016560.2602057,276
1686016560.27259,278
1686016560.284502,280
1686016560.301205,279
1686016560.3132126,280
1686016560.329372,283
1686016560.342358,287
1686016560.3540976,293
1686016560.371145,296
1686016560.3831525,299
1686016560.3950918,302
1686016560.4121034,305
1686016560.4240882,308
1686016560.4371026,311
1686016560.4530907,311
1686016560.4650962,310
1686016560.481379,310
1686016560.4934454,312
1686016560.5060847,314
1686016560.5221233,314
1686016560.5341043,312
1686016560.5473824,311
1686016560.563092,311
1686016560.5754757,312
1686016560.5880365,313
1686016560.6043973,313
1686016560.6163266,311
1686016560.6290507,309
1686016560.645031,310
1686016560.6573575,312
1686016560.6740408,314
1686016560.686392,315
1686016560.6980982,317
1686016560.7150347,319
1686016560.726676,326
1686016560.739909,334
1686016560.7559369,342
1686016560.7679298,352
1686016560.7799313,360
1686016560.7970028,370
1686016560.808946,381
1686016560.8253417,391
1686016560.8376725,398
1686016560.8498838,402
1686016560.8665345,404
1686016560.8786101,407
1686016560.8911314,408
1686016560.9076812,409
1686016560.9198375,407
1686016560.93197,401
1686016560.9478455,396
1686016560.9608455,393
1686016560.9768512,387
1686016560.9888906,383
1686016561.0008519,376
1686016561.0179987,368
1686016561.0299006,361
1686016561.0428376,356
1686016561.0588334,352
1686016561.0708992,347
1686016561.0836165,343
1686016561.0998642,336
1686016561.1118977,331
1686016561.1238961,327
1686016561.1408346,325
1686016561.1528416,321
1686016561.168832,317
1686016561.181077,312
1686016561.1937973,309
1686016561.209774,307
1686016561.2227461,306
1686016561.2348056,301
1686016561.2508044,293
1686016561.2637522,285
1686016561.2757642,276
1686016561.2917624,269
1686016561.3047645,260
1686016561.3207612,251
1686016561.3327193,241
1686016561.3457086,234
1686016561.3617668,230
1686016561.3737137,230
1686016561.3867888,231
1686016561.4027672,230
1686016561.4149387,231
1686016561.426843,233
1686016561.4438453,237
1686016561.455843,243
1686016561.4678948,247
1686016561.4842672,250
1686016561.497215,254
1686016561.5132709,258
1686016561.5254877,263
1686016561.5382159,267
1686016561.5542748,271
1686016561.5662658,273
1686016561.579214,277
1686016561.5952287,283
1686016561.6074352,290
1686016561.6194408,297
1686016561.6363947,300
1686016561.6484368,301
1686016561.6649218,303
1686016561.6766186,306
1686016561.6893635,309
1686016561.7053666,311
1686016561.7183666,311
1686016561.7307136,311
1686016561.746367,310
1686016561.7593646,312
1686016561.771398,314
1686016561.7874157,314
1686016561.7999437,313
1686016561.8160527,311
1686016561.8290007,311
1686016561.8410027,313
1686016561.85762,314
1686016561.8699996,314
1686016561.8820553,312
1686016561.8980525,309
1686016561.9110003,307
1686016561.9230042,306
1686016561.939067,305
1686016561.951055,303
1686016561.9639983,301
1686016561.9800546,300
1686016561.9930103,301
1686016562.0090485,303
1686016562.0214233,304
1686016562.033446,304
1686016562.0494432,304
1686016562.0624316,306
1686016562.0744271,308
1686016562.090479,311
1686016562.1034315,313
1686016562.115489,312
1686016562.1320758,311
1686016562.1444292,312
1686016562.1604917,314
1686016562.1724935,316
1686016562.1854284,316
1686016562.2020829,314
1686016562.213797,313
1686016562.2258391,314
1686016562.2427876,316
1686016562.2548192,317
1686016562.26684,316
1686016562.2837863,314
1686016562.2957823,313
1686016562.3078074,314
1686016562.3241084,315
1686016562.33642,316
1686016562.3532956,314
1686016562.3652928,313
1686016562.3773599,312
1686016562.3943534,313
1686016562.4063063,314
1686016562.4183064,314
1686016562.4345238,312
1686016562.4475214,310
1686016562.4595053,310
1686016562.475559,311
1686016562.4885635,312
1686016562.50424,310
1686016562.5169687,308
1686016562.5292933,306
1686016562.54535,306
1686016562.5573084,307
1686016562.570293,307
1686016562.5862968,305
1686016562.598638,303
1686016562.611292,302
1686016562.6273465,302
1686016562.6397421,303
1686016562.6553497,303
1686016562.6683607,301
1686016562.6803024,299
1686016562.697293,298
1686016562.7092915,300
1686016562.7212954,301
1686016562.738303,301
1686016562.7502923,299
1686016562.762304,298
1686016562.7793016,299
1686016562.7912898,301
1686016562.8032908,302
1686016562.8194041,302
1686016562.8326163,300
1686016562.8480206,299
1686016562.860971,300
1686016562.8729851,302
1686016562.8899689,304
1686016562.901966,303
1686016562.9139748,302
1686016562.9304888,302
1686016562.9430757,305
1686016562.9547236,307
1686016562.9709008,308
1686016562.983386,308
1686016562.9998744,306
1686016563.011863,307
1686016563.024472,309
1686016563.0414147,311
1686016563.0534282,312
1686016563.065414,311
1686016563.0824125,310
1686016563.094413,311
1686016563.1064131,313
1686016563.1232696,315
1686016563.1352673,315
1686016563.1472764,314
1686016563.1642702,313
1686016563.1762652,315
1686016563.1924329,317
1686016563.2050261,319
1686016563.2175765,318
1686016563.2335668,317
1686016563.2461162,318
1686016563.2585754,319
1686016563.2745657,321
1686016563.2866313,322
1686016563.2985651,321
1686016563.3155665,320
1686016563.3279786,321
1686016563.3439941,323
1686016563.3560371,325
1686016563.3689861,325
1686016563.3850346,324
1686016563.396996,323
1686016563.4099867,324
1686016563.426039,325
1686016563.4380386,327
1686016563.4509833,326
1686016563.466998,325
1686016563.4789941,324
1686016563.4949806,324
1686016563.5079784,326
1686016563.5200348,327
1686016563.5369933,325
1686016563.549006,323
1686016563.5610344,323
1686016563.5779831,323
1686016563.5899787,324
1686016563.6020374,324
1686016563.6189876,322
1686016563.63045,321
1686016563.6434052,321
1686016563.6594095,322
1686016563.6723979,324
1686016563.6884153,324
1686016563.700447,323
1686016563.7134032,322
1686016563.729406,323
1686016563.7414157,325
1686016563.7534106,326
1686016563.7703972,326
1686016563.782393,324
1686016563.7944486,324
1686016563.8113966,324
1686016563.823691,326
1686016563.8397424,327
1686016563.8517416,326
1686016563.8646843,324
1686016563.8807123,324
1686016563.8926847,325
1686016563.905686,326
1686016563.9216862,326
1686016563.9336867,325
1686016563.9467,323
1686016563.9626837,322
1686016563.9747372,323
1686016563.9907434,324
1686016564.0036898,324
1686016564.0157394,321
1686016564.031754,319
1686016564.044687,318
1686016564.0567565,319
1686016564.0727425,320
1686016564.085685,319
1686016564.0976982,317
1686016564.1136925,316
1686016564.126692,316
1686016564.1386952,318
1686016564.1546981,319
1686016564.1676981,318
1686016564.1840653,316
1686016564.1956823,316
1686016564.2086897,317
1686016564.224826,319
1686016564.237136,320
1686016564.249473,319
1686016564.266214,317
1686016564.2781444,317
1686016564.29015,319
1686016564.3071413,320
1686016564.3192384,321
1686016564.3355532,319
1686016564.347555,318
1686016564.3602302,319
1686016564.376726,321
1686016564.3888774,322
1686016564.4007092,321
1686016564.417129,320
1686016564.4294426,319
1686016564.4422004,320
1686016564.4592304,321
1686016564.470378,322
1686016564.4831676,320
1686016564.4998565,318
1686016564.5118058,317
1686016564.5279164,318
1686016564.5406709,320
1686016564.5528471,320
1686016564.5684977,319
1686016564.581489,318
1686016564.5940058,318
1686016564.6100042,320
1686016564.6220253,321
1686016564.6340673,320
1686016564.6510034,319
1686016564.6630359,317
1686016564.6790545,317
1686016564.6920033,319
1686016564.7040029,320
1686016564.7200723,319
1686016564.7330055,318
1686016564.7450037,317
1686016564.7611895,318
1686016564.7730565,320
1686016564.786002,321
1686016564.8022482,320
1686016564.814075,319
1686016564.8310013,319
1686016564.8430567,321
1686016564.8560123,323
1686016564.8713107,323
1686016564.8842819,322
1686016564.8961678,321
1686016564.913176,321
1686016564.925168,323
1686016564.9372344,324
1686016564.9543262,324
1686016564.966166,323
1686016564.9782279,321
1686016564.994955,322
1686016565.006763,323
1686016565.023713,324
1686016565.0358,323
1686016565.0477836,321
1686016565.0647123,320
1686016565.0767074,321
1686016565.0892274,323
1686016565.1057122,323
1686016565.1177063,323
1686016565.1297815,321
1686016565.146369,320
1686016565.1587348,322
1686016565.1747444,323
1686016565.1873317,323
1686016565.1995595,321
1686016565.2160451,320
1686016565.228292,319
1686016565.2408483,321
1686016565.2571642,322
1686016565.2691743,321
1686016565.2819128,320
1686016565.2979786,319
1686016565.3107262,319
1686016565.3229055,321
1686016565.3388474,322
1686016565.3517957,322
1686016565.3678308,321
1686016565.3799593,321
1686016565.3926628,322
1686016565.4088407,324
1686016565.420752,325
1686016565.4331892,325
1686016565.449828,325
1686016565.4618726,326
1686016565.4737966,329
1686016565.4908035,331
1686016565.5026274,332
1686016565.5194209,330
1686016565.531724,328
1686016565.5436022,326
1686016565.5598557,325
1686016565.5729384,323
1686016565.5845876,320
1686016565.6008375,316
1686016565.6138563,313
1686016565.6261046,311
1686016565.642104,312
1686016565.6541073,312
1686016565.6701102,311
1686016565.6827044,309
1686016565.695795,308
1686016565.7118359,309
1686016565.7238157,311
1686016565.7358177,312
1686016565.752819,311
1686016565.7648165,310
1686016565.7774904,310
1686016565.7938166,312
1686016565.8058162,314
1686016565.8178167,314
1686016565.8348196,313
1686016565.8468175,312
1686016565.8628802,312
1686016565.8758173,314
1686016565.8878164,316
1686016565.9046693,316
1686016565.9165132,314
1686016565.9287047,313
1686016565.9455132,314
1686016565.957511,316
1686016565.9699578,317
1686016565.9865117,316
1686016565.9983552,314
1686016566.013796,313
1686016566.0267997,315
1686016566.0388045,316
1686016566.055796,317
1686016566.067922,316
1686016566.0805027,313
1686016566.0969265,313
1686016566.1093676,315
1686016566.121561,316
1686016566.138117,316
1686016566.150149,314
1686016566.1617572,313
1686016566.1783879,313
1686016566.1911871,314
1686016566.2075336,315
1686016566.2199402,315
1686016566.2321117,313
1686016566.248117,312
1686016566.2602222,313
1686016566.274079,314
1686016566.289035,315
1686016566.302027,314
1686016566.3140879,312
1686016566.330303,311
1686016566.342231,312
1686016566.3590944,314
1686016566.3713539,315
1686016566.383788,314
1686016566.3998153,311
1686016566.41215,311
1686016566.4248996,313
1686016566.4411428,314
1686016566.4531698,314
1686016566.4655323,313
1686016566.4813998,311
1686016566.4934537,311
1686016566.5102267,313
1686016566.5228124,314
1686016566.5348082,314
1686016566.5518749,312
1686016566.5634236,311
1686016566.5754075,312
1686016566.5924075,313
1686016566.6047168,314
1686016566.6171038,314
1686016566.6333625,312
1686016566.645607,311
1686016566.6580853,312
1686016566.674586,314
1686016566.6865966,315
1686016566.702992,313
1686016566.7155805,312
1686016566.7270584,312
1686016566.7440407,314
1686016566.7563803,315
1686016566.7684212,315
1686016566.7846973,313
1686016566.7966409,312
1686016566.8098128,312
1686016566.8253937,314
1686016566.8379388,315
1686016566.8543322,315
1686016566.8672338,313
1686016566.878912,312
1686016566.895591,313
1686016566.9079633,315
1686016566.9199538,316
1686016566.936875,315
1686016566.9484553,313
1686016566.961521,313
1686016566.977157,314
1686016566.9891696,315
1686016567.0021567,316
1686016567.018798,315
1686016567.0303888,313
1686016567.047227,313
1686016567.0588243,314
1686016567.0718637,316
1686016567.087521,316
1686016567.1009007,315
1686016567.1129196,313
1686016567.129364,314
1686016567.1414723,315
1686016567.153667,317
1686016567.170101,316
1686016567.182528,315
1686016567.198244,314
1686016567.2111275,314
1686016567.2234154,316
1686016567.2398682,317
1686016567.2518697,316
1686016567.263947,314
1686016567.280757,314
1686016567.292759,315
1686016567.304811,316
1686016567.3218193,317
1686016567.3335738,315
1686016567.3503585,314
1686016567.362587,314
1686016567.3745756,316
1686016567.3912592,318
1686016567.4037585,317
1686016567.415666,316
1686016567.4317906,315
1686016567.4446347,315
1686016567.4570603,317
1686016567.4731326,318
1686016567.4852633,317
1686016567.4972482,315
1686016567.514173,315
1686016567.5257616,315
1686016567.54286,317
1686016567.5547647,318
1686016567.5674138,316
1686016567.583967,314
1686016567.595433,314
1686016567.6084428,315
1686016567.6249735,316
1686016567.636883,316
1686016567.649207,315
1686016567.6659513,313
1686016567.6775813,313
1686016567.694142,314
1686016567.7067664,316
1686016567.7191882,316
1686016567.7355213,314
1686016567.7475717,313
1686016567.7596889,314
1686016567.7756982,315
1686016567.7887685,316
1686016567.8008156,316
1686016567.8172255,314
1686016567.8292694,313
1686016567.8452675,314
1686016567.8578615,316
1686016567.8704243,317
1686016567.886326,316
1686016567.8990533,314
1686016567.911262,314
1686016567.9276447,315
1686016567.9393451,316
1686016567.9524138,317
1686016567.9688232,315
1686016567.9809785,314
1686016567.9930177,314
1686016568.0095453,315
1686016568.022042,317
1686016568.0380335,317
1686016568.0499187,315
1686016568.0631394,314
1686016568.0788586,314
1686016568.0918863,316
1686016568.1039035,317
1686016568.1199615,316
1686016568.1328819,315
1686016568.1450744,314
1686016568.161216,315
1686016568.1736176,317
1686016568.1897933,317
1686016568.2014172,316
1686016568.2143466,314
1686016568.2311625,314
1686016568.2428875,315
1686016568.2552383,317
1686016568.271658,317
1686016568.2836697,316
1686016568.2964272,314
1686016568.312395,314
1686016568.324714,315
1686016568.341261,317
1686016568.353239,317
1686016568.3652246,315
1686016568.3823438,314
1686016568.394856,315
1686016568.406678,316
1686016568.423505,318
1686016568.4349701,317
1686016568.4479249,315
1686016568.4644003,314
1686016568.4760678,315
1686016568.4891346,317
1686016568.5068564,317
1686016568.5167987,316
1686016568.5337934,315
1686016568.5460384,314
1686016568.5577197,315
1686016568.574804,317
1686016568.5869253,317
1686016568.599401,316
1686016568.6153386,314
1686016568.6282775,314
1686016568.640527,316
1686016568.6576054,317
1686016568.6686864,317
1686016568.6846828,315
1686016568.697515,314
1686016568.710027,314
1686016568.7261648,316
1686016568.7384977,317
1686016568.7503033,316
1686016568.7675903,314
1686016568.7800062,314
1686016568.7920623,314
1686016568.8083308,316
1686016568.8209777,316
1686016568.8328092,315
1686016568.8491356,313
1686016568.8611546,312
1686016568.8778846,313
1686016568.8903754,314
1686016568.9024115,314
1686016568.918625,312
1686016568.931312,311
1686016568.942914,311
1686016568.9601276,312
1686016568.9721847,313
1686016568.9844856,313
1686016569.0007908,311
1686016569.012802,310
1686016569.0295465,310
1686016569.0413737,312
1686016569.053741,313
1686016569.0706244,312
1686016569.082497,310
1686016569.0952785,309
1686016569.1112206,310
1686016569.1248949,311
1686016569.1358979,312
1686016569.152552,310
1686016569.164855,308
1686016569.1811373,307
1686016569.19287,308
1686016569.2048151,309
1686016569.2219703,309
1686016569.2349913,307
1686016569.2464693,305
1686016569.2631657,304
1686016569.2756522,305
1686016569.2874937,306
1686016569.3034904,305
1686016569.3163786,303
1686016569.32847,301
1686016569.3449779,301
1686016569.3565462,302
1686016569.3736327,303
1686016569.3862138,302
1686016569.3982577,300
1686016569.414294,298
1686016569.427022,299
1686016569.439417,300
1686016569.4548213,301
1686016569.4677715,299
1686016569.4800384,298
1686016569.4967208,297
1686016569.5086884,298
1686016569.5248733,299
1686016569.5368423,300
1686016569.550374,298
1686016569.5665772,297
1686016569.5776942,298
1686016569.590356,299
1686016569.6068723,302
1686016569.6192834,302
1686016569.631779,301
1686016569.64814,301
1686016569.6606152,302
1686016569.6724572,305
1686016569.6892374,306
1686016569.7012944,306
1686016569.7175436,305
1686016569.730201,305
1686016569.7417948,307
1686016569.7586238,310
1686016569.7708454,311
1686016569.783146,311
1686016569.799902,310
1686016569.8119066,311
1686016569.8237367,313
1686016569.8403678,315
1686016569.852846,317
1686016569.8692768,316
1686016569.8813438,315
1686016569.8939998,316
1686016569.9098835,318
1686016569.9218946,320
1686016569.9350615,321
1686016569.95089,320
1686016569.9628828,319
1686016569.9758897,320
1686016569.991884,323
1686016570.0044224,325
1686016570.0204,325
1686016570.0334194,325
1686016570.0454109,325
1686016570.0619764,327
1686016570.073983,330
1686016570.0857077,332
1686016570.1022477,333
1686016570.1148207,332
1686016570.1271462,333
1686016570.144305,335
1686016570.1555552,338
1686016570.1679885,340
1686016570.1848133,340
1686016570.1968117,340
1686016570.212602,342
1686016570.2255182,345
1686016570.2378147,348
1686016570.253937,349
1686016570.2658162,349
1686016570.2788215,349
1686016570.2947252,351
1686016570.3077724,353
1686016570.319527,355
1686016570.3355627,355
1686016570.3485537,354
1686016570.3645205,354
1686016570.3767514,355
1686016570.3894231,356
1686016570.4060824,357
1686016570.41763,356
1686016570.429644,355
1686016570.447068,354
1686016570.4589264,355
1686016570.4709697,356
1686016570.4873903,357
1686016570.4994748,355
1686016570.5157309,353
1686016570.5285237,352
1686016570.5405605,352
1686016570.5569038,352
1686016570.5696495,351
1686016570.582188,349
1686016570.598311,347
1686016570.6108463,346
1686016570.6227725,347
1686016570.63928,347
1686016570.6514301,344
1686016570.6640115,340
1686016570.6802742,336
1686016570.6923006,335
1686016570.708349,336
1686016570.7212765,337
1686016570.733272,336
1686016570.749272,333
1686016570.7612717,333
1686016570.7742696,332
1686016570.7906008,333
1686016570.8022747,332
1686016570.8152907,329
1686016570.8312914,327
1686016570.8432746,325
1686016570.8603535,326
1686016570.873276,326
1686016570.8852754,324
1686016570.9016678,322
1686016570.913631,320
1686016570.9252753,319
1686016570.9423463,319
1686016570.9543588,319
1686016570.966552,318
1686016570.983364,315
1686016570.9954576,314
1686016571.0072758,314
1686016571.0242822,315
1686016571.0362735,315
1686016571.0526361,313
1686016571.0652719,311
1686016571.0772743,310
1686016571.0936465,311
1686016571.1062791,312
1686016571.1184402,312
1686016571.134271,310
1686016571.1472752,309
1686016571.1593506,309
1686016571.1759026,311
1686016571.1878998,312
1686016571.2039502,312
1686016571.216063,310
1686016571.2290993,309
1686016571.2451138,310
1686016571.2580488,312
1686016571.2701201,312
1686016571.2861056,311
1686016571.2983797,310
1686016571.3111756,309
1686016571.3272188,310
1686016571.3392348,312
1686016571.3512197,312
1686016571.3682165,311
1686016571.380588,310
1686016571.3962777,311
1686016571.4092195,314
1686016571.4215524,317
1686016571.4375749,319
1686016571.4502058,319
1686016571.462723,320
1686016571.4792132,321
1686016571.49133,323
1686016571.503097,323
1686016571.5194674,320
1686016571.531834,314
1686016571.5484543,305
1686016571.5604582,299
1686016571.5734582,294
1686016571.5894594,289
1686016571.6014562,283
1686016571.6137764,277
1686016571.6306257,274
1686016571.6419973,273
1686016571.65498,274
1686016571.671302,275
1686016571.6834922,274
1686016571.7000349,274
1686016571.7119174,275
1686016571.7246776,277
1686016571.740281,281
1686016571.7532558,283
1686016571.765266,283
1686016571.7812648,284
1686016571.7944713,286
1686016571.8063447,289
1686016571.823269,292
1686016571.8349721,293
1686016571.8474827,294
1686016571.8634253,296
1686016571.8764143,298
1686016571.8924565,303
1686016571.9049125,307
1686016571.9172957,308
1686016571.93317,309
1686016571.9459186,309
1686016571.9580214,311
1686016571.9744482,312
1686016571.9868362,313
1686016571.9991572,312
1686016572.0151606,309
1686016572.027854,308
1686016572.044045,309
1686016572.0558228,310
1686016572.068823,309
1686016572.084831,308
1686016572.096885,305
1686016572.1098232,305
1686016572.1258209,306
1686016572.1389077,307
1686016572.1508389,305
1686016572.166695,304
1686016572.1789217,302
1686016572.1916459,303
1686016572.207644,304
1686016572.2204025,305
1686016572.236718,303
1686016572.2487185,302
1686016572.2607732,302
1686016572.2777178,304
1686016572.2897213,307
1686016572.3020253,309
1686016572.3187242,311
1686016572.3307164,312
1686016572.3427174,317
1686016572.3595724,323
1686016572.3714023,328
1686016572.3883407,333
1686016572.4003377,337
1686016572.412872,341
1686016572.4293003,347
1686016572.4413776,353
1686016572.4543002,359
1686016572.4702957,363
1686016572.4824002,366
1686016572.4942982,369
1686016572.5113025,375
1686016572.5232992,380
1686016572.5393565,382
1686016572.5513668,382
1686016572.5643787,380
1686016572.580296,378
1686016572.5933225,379
1686016572.6055646,378
1686016572.6217742,375
1686016572.6337848,371
1686016572.64613,364
1686016572.6627722,360
1686016572.6748366,357
1686016572.6871102,354
1686016572.7037706,350
1686016572.7157748,344
1686016572.7320755,339
1686016572.744725,335
1686016572.7567968,334
1686016572.7727265,331
1686016572.7850852,328
1686016572.7987936,323
1686016572.8140492,319
1686016572.826329,318
1686016572.8381906,317
1686016572.855197,316
1686016572.867194,312
1686016572.8835886,307
1686016572.8962162,302
1686016572.9082124,296
1686016572.9245753,292
1686016572.9371972,287
1686016572.9492726,281
1686016572.9651926,276
1686016572.9781964,273
1686016572.9901936,271
1686016573.0067496,269
1686016573.0191977,266
1686016573.0351403,259
1686016573.0472906,254
1686016573.0599818,251
1686016573.07626,251
1686016573.0879712,250
1686016573.1010463,250
1686016573.116985,249
1686016573.1289992,249
1686016573.1419861,250
1686016573.1589954,252
1686016573.1700227,255
1686016573.1829643,256
1686016573.1989632,257
1686016573.211558,260
1686016573.2271802,264
1686016573.2401676,269
1686016573.252458,272
1686016573.2682176,274
1686016573.281163,275
1686016573.2932644,279
1686016573.309221,285
1686016573.322166,290
1686016573.3342159,294
1686016573.3501654,297
1686016573.3631644,301
1686016573.378956,305
1686016573.391872,312
1686016573.4038696,317
1686016573.4199429,319
1686016573.4328704,320
1686016573.4448674,320
1686016573.4608727,321
1686016573.472929,323
1686016573.4859402,324
1686016573.502175,323
1686016573.5141904,321
1686016573.5268693,321
1686016573.543092,321
1686016573.554923,323
1686016573.5719533,322
1686016573.584133,321
1686016573.5958738,319
1686016573.612867,319
1686016573.6249313,320
1686016573.637185,320
1686016573.6538715,319
1686016573.6661355,315
1686016573.6782036,310
1686016573.6949518,308
1686016573.7068794,307
1686016573.7231607,306
1686016573.7356212,305
1686016573.7483015,303
1686016573.764367,302
1686016573.7765706,303
1686016573.7893066,305
1686016573.805352,306
1686016573.8183005,306
1686016573.829567,306
1686016573.8462405,306
1686016573.8582444,309
1686016573.8746235,312
1686016573.8872428,315
1686016573.8994675,317
1686016573.9162636,317
1686016573.9282424,319
1686016573.9397936,322
1686016573.95725,325
1686016573.9692445,326
1686016573.98135,325
1686016573.9976208,324
1686016574.0102816,325
1686016574.0222838,327
1686016574.0383492,329
1686016574.0513687,328
1686016574.0673525,326
1686016574.0793524,326
1686016574.091662,326
1686016574.108255,327
1686016574.1207623,328
1686016574.133312,327
1686016574.1493049,325
1686016574.1615694,324
1686016574.173331,325
1686016574.190526,326
1686016574.2023437,326
1686016574.2180672,325
1686016574.2315717,323
1686016574.2434976,323
1686016574.260034,324
1686016574.2720566,325
1686016574.2840354,324
1686016574.301029,322
1686016574.313177,321
1686016574.3251667,320
1686016574.3421714,321
1686016574.3542397,322
1686016574.3661706,321
1686016574.3825502,319
1686016574.3951695,318
1686016574.4111679,319
1686016574.4231699,320
1686016574.4363225,320
1686016574.4523187,319
1686016574.4646347,317
1686016574.4770193,316
1686016574.4927945,318
1686016574.5053277,319
1686016574.5178382,319
1686016574.5343692,318
1686016574.5464265,316
1686016574.5630367,316
1686016574.5751724,317
1686016574.5878615,318
1686016574.6040454,317
1686016574.6161687,315
1686016574.6288471,313
1686016574.6449182,313
1686016574.6569471,315
1686016574.6691082,316
1686016574.6858375,315
1686016574.6981523,313
1686016574.7141898,313
1686016574.7268407,313
1686016574.7388232,314
1686016574.7556484,315
1686016574.7679229,313
1686016574.7798648,311
1686016574.7961602,310
1686016574.8089051,311
1686016574.8210206,312
1686016574.8370874,312
1686016574.8494332,311
1686016574.8620906,309
1686016574.8780932,309
1686016574.8904521,310
1686016574.9070907,311
1686016574.9191525,311
1686016574.9310892,309
1686016574.948121,308
1686016574.960259,308
1686016574.9730275,309
1686016574.989038,308
1686016575.0012991,306
1686016575.013499,303
1686016575.030019,302
1686016575.0422103,303
1686016575.0579836,305
1686016575.0709355,306
1686016575.083143,305
1686016575.0992663,303
1686016575.1119382,303
1686016575.1239378,305
1686016575.1405165,307
1686016575.1525419,307
1686016575.1652045,307
1686016575.1815324,307
1686016575.1942046,309
1686016575.2096834,312
1686016575.222729,314
1686016575.2347333,315
1686016575.2512362,314
1686016575.263382,313
1686016575.2752857,313
1686016575.292235,315
1686016575.3042152,316
1686016575.3165295,315
1686016575.3332195,313
1686016575.345221,312
1686016575.3575344,313
1686016575.37422,315
1686016575.3862147,315
1686016575.402267,314
1686016575.4152195,313
1686016575.426905,312
1686016575.4439578,313
1686016575.4560153,315
1686016575.4682178,315
1686016575.4849384,314
1686016575.496939,313
1686016575.5091932,312
1686016575.5249965,314
1686016575.537494,315
1686016575.5543892,315
1686016575.5663834,314
1686016575.5787437,312
1686016575.5954547,313
1686016575.6074617,315
1686016575.619495,316
1686016575.6358147,315
1686016575.6484747,313
1686016575.6610506,312
1686016575.6770973,311
1686016575.689002,311
1686016575.7010632,311
1686016575.7179997,309
1686016575.7299974,307
1686016575.7460492,307
1686016575.7590005,308
1686016575.7710035,310
1686016575.787103,311
1686016575.8000085,310
1686016575.812056,309
1686016575.8279946,309
1686016575.841001,311
1686016575.8530114,312
1686016575.8690174,312
1686016575.882081,311
1686016575.8980215,311
1686016575.9110122,312
1686016575.9221978,314
1686016575.9395566,315
1686016575.9515605,315
1686016575.96357,314
1686016575.9805527,314
1686016575.992627,315
1686016576.0048113,317
1686016576.0206244,318
1686016576.033631,318
1686016576.0496182,316
1686016576.0622349,316
1686016576.0739594,318
1686016576.0910468,320
1686016576.103197,320
1686016576.115725,319
1686016576.1313462,318
1686016576.1434515,318
1686016576.1563137,320
1686016576.1726649,321
1686016576.1847076,321
1686016576.1977186,319
1686016576.2131677,318
1686016576.226125,319
1686016576.242318,320
1686016576.2540698,322
1686016576.26695,320
1686016576.2830057,319
1686016576.2958505,318
1686016576.308326,319
1686016576.3242595,320
1686016576.3366776,321
1686016576.3486772,320
1686016576.3658347,318
1686016576.3776984,317
1686016576.3936932,318
1686016576.4062057,320
1686016576.4180932,320
1686016576.4351873,318
1686016576.4472275,317
1686016576.4590986,317
1686016576.4751933,318
1686016576.4883218,319
1686016576.500436,319
1686016576.5167341,317
1686016576.5297172,316
1686016576.5409622,316
1686016576.5579607,318
1686016576.5699673,319
1686016576.585965,318
1686016576.5979533,316
1686016576.610961,316
1686016576.626954,316
1686016576.6392107,318
1686016576.6519673,318
1686016576.668009,317
1686016576.6800177,315
1686016576.6920204,315
1686016576.7089596,316
1686016576.7209587,318
1686016576.7376773,317
1686016576.749682,316
1686016576.7626917,314
1686016576.7783961,315
1686016576.7906609,316
1686016576.804241,318
1686016576.8201087,317
1686016576.83184,316
1686016576.8441415,315
1686016576.8609228,315
1686016576.8725424,317
1686016576.8884678,318
1686016576.9019237,317
1686016576.9142175,315
1686016576.9306736,314
1686016576.9430556,315
1686016576.9547677,317
1686016576.9715014,317
1686016576.9835103,316
1686016576.9954255,314
1686016577.0122972,314
1686016577.0246356,315
1686016577.03672,317
1686016577.0527844,317
1686016577.0656936,316
1686016577.0818827,314
1686016577.093947,315
1686016577.1064708,317
1686016577.1227949,320
1686016577.1352494,322
1686016577.1478457,321
1686016577.1636462,321
1686016577.1763325,322
1686016577.1883266,324
1686016577.2046149,326
1686016577.21707,325
1686016577.2327547,324
1686016577.2454493,324
1686016577.2574105,326
1686016577.2741146,328
1686016577.2866504,330
1686016577.2992337,329
1686016577.315032,328
1686016577.32697,327
1686016577.340121,328
1686016577.3565366,329
1686016577.367879,328
1686016577.3810425,325
1686016577.3966603,322
1686016577.409683,321
1686016577.4260974,322
1686016577.4383388,322
1686016577.4504974,320
1686016577.4665546,318
1686016577.4788377,316
1686016577.4918172,316
1686016577.5076244,317
1686016577.5197215,317
1686016577.5328755,315
1686016577.5494776,313
1686016577.5604737,312
1686016577.5779026,312
1686016577.589967,313
1686016577.6022303,313
1686016577.6180353,312
1686016577.6306565,310
1686016577.6431882,309
1686016577.6598473,310
1686016577.671784,311
1686016577.6836004,311
1686016577.7004356,309
1686016577.7130842,308
1686016577.7289143,307
1686016577.7413113,309
1686016577.7532687,310
1686016577.7698867,309
1686016577.781934,307
1686016577.7939482,306
1686016577.8111215,307
1686016577.82362,309
1686016577.8356063,309
1686016577.8512676,308
1686016577.8643446,307
1686016577.8763006,306
1686016577.8932178,307
1686016577.9049613,309
1686016577.921648,309
1686016577.9334772,309
1686016577.9455373,308
1686016577.9627366,308
1686016577.974993,310
1686016577.9874914,312
1686016578.0034897,312
1686016578.0159264,311
1686016578.0282125,309
1686016578.0448546,310
1686016578.0570803,312
1686016578.0730796,313
1686016578.085853,312
1686016578.097252,310
1686016578.1140764,309
1686016578.1265457,309
1686016578.138793,311
1686016578.1550026,311
1686016578.167282,310
1686016578.1799107,308
1686016578.1959448,307
1686016578.2085664,308
1686016578.224351,309
1686016578.2371438,309
1686016578.249398,308
1686016578.265965,306
1686016578.2779367,306
1686016578.2904685,308
1686016578.3069246,309
1686016578.3192546,309
1686016578.33131,308
1686016578.3472617,306
1686016578.3595986,307
1686016578.371899,309
1686016578.3880503,310
1686016578.4011583,310
1686016578.416968,308
1686016578.4295492,308
1686016578.4419763,309
1686016578.458245,311
1686016578.4699154,312
1686016578.4829183,310
1686016578.4991832,305
1686016578.5114634,302
1686016578.5235064,301
1686016578.5408,302
1686016578.5525558,302
1686016578.5680776,301
1686016578.5810792,300
1686016578.5933816,301
1686016578.609438,303
1686016578.6214747,305
1686016578.6345158,306
1686016578.6510172,304
1686016578.6631908,304
1686016578.675173,304
1686016578.6920009,306
1686016578.7040029,308
1686016578.7158058,308
1686016578.7326047,307
1686016578.7448344,307
1686016578.7614474,308
1686016578.7738514,311
1686016578.785835,313
1686016578.8029232,312
1686016578.8141155,311
1686016578.82711,311
1686016578.843224,313
1686016578.8555338,316
1686016578.8676877,316
1686016578.8842337,316
1686016578.896274,315
1686016578.9123294,315
1686016578.9245455,317
1686016578.9369202,319
1686016578.9537022,319
1686016578.965734,318
1686016578.9784527,317
1686016578.994472,317
1686016579.006542,319
1686016579.0195885,320
1686016579.0356197,320
1686016579.0481298,318
1686016579.0640008,317
1686016579.0766392,319
1686016579.088626,320
1686016579.1045008,321
1686016579.117977,320
1686016579.1302836,318
1686016579.14602,318
1686016579.1583378,319
1686016579.1710813,321
1686016579.1872864,321
1686016579.1993866,320
1686016579.2118077,319
1686016579.2282407,319
1686016579.2397664,320
1686016579.2571666,322
1686016579.2689006,322
1686016579.2815328,321
1686016579.2978141,319
1686016579.309957,320
1686016579.3228989,321
1686016579.3390791,323
1686016579.3511014,322
1686016579.363108,320
1686016579.3790517,319
1686016579.392194,321
1686016579.4084337,322
1686016579.4205902,323
1686016579.4322882,321
1686016579.4493372,320
1686016579.461698,319
1686016579.4739056,320
1686016579.4898658,322
1686016579.5025675,323
1686016579.5151436,321
1686016579.5313063,320
1686016579.5432909,320
1686016579.5553389,321
1686016579.5718858,322
1686016579.5846658,322
1686016579.6006942,320
1686016579.6126115,319
1686016579.6257825,319
1686016579.6413817,321
1686016579.6538303,322
1686016579.6660154,321
1686016579.682789,320
1686016579.6952069,319
1686016579.7075472,319
1686016579.7232604,321
1686016579.7361968,322
1686016579.7521937,320
1686016579.7648268,319
1686016579.776965,318
1686016579.7930493,319
1686016579.8053443,321
1686016579.8182914,321
1686016579.8344705,320
1686016579.84682,318
1686016579.8583913,318
1686016579.8754237,319
1686016579.8869927,321
1686016579.9037354,320
1686016579.91633,319
1686016579.9279592,318
1686016579.9446366,318
1686016579.957415,320
1686016579.9695663,321
1686016579.9857376,320
1686016579.9983442,319
1686016580.0102096,318
1686016580.0281866,318
1686016580.0391855,320
1686016580.051709,321
1686016580.068014,319
1686016580.0803213,318
1686016580.0962186,317
1686016580.1090298,318
1686016580.1213253,320
1686016580.1370764,320
1686016580.1493366,318
1686016580.1621675,316
1686016580.178217,316
1686016580.191091,318
1686016580.203057,319
1686016580.2190988,318
1686016580.2309535,316
1686016580.248152,315
1686016580.2599692,316
1686016580.2723932,317
1686016580.2889013,318
1686016580.3016546,317
1686016580.3132548,315
1686016580.3300362,315
1686016580.3427677,316
1686016580.3541224,317
1686016580.371112,318
1686016580.3833354,316
1686016580.3999898,315
1686016580.4118133,314
1686016580.4242513,316
1686016580.4409351,317
1686016580.4528356,317
1686016580.4647007,316
1686016580.4814558,314
1686016580.4934034,315
1686016580.5061646,316
1686016580.5224257,317
1686016580.534855,317
1686016580.54691,315
1686016580.563466,314
1686016580.575464,315
1686016580.5923924,316
1686016580.6046252,317
1686016580.6170578,316
1686016580.6327503,314
1686016580.645059,314
1686016580.6580098,315
1686016580.6738954,316
1686016580.6859517,317
1686016580.6981328,316
1686016580.7150264,314
1686016580.7270665,313
1686016580.7430723,315
1686016580.7561753,317
1686016580.7685049,317
1686016580.7846725,315
1686016580.796701,314
1686016580.8093286,313
1686016580.8255837,315
1686016580.8377886,316
1686016580.8502603,316
1686016580.8660557,314
1686016580.8780618,313
1686016580.8948762,314
1686016580.9076705,316
1686016580.9197063,316
1686016580.9358385,315
1686016580.9478426,314
1686016580.9608717,313
1686016580.9767451,314
1686016580.9894385,316
1686016581.0012934,316
1686016581.0181544,315
1686016581.0304518,314
1686016581.0421417,313
1686016581.059443,314
1686016581.07131,316
1686016581.0869396,315
1686016581.0999334,314
1686016581.112023,312
1686016581.1280565,312
1686016581.140993,314
1686016581.153026,315
1686016581.1693854,314
1686016581.182074,313
1686016581.1942267,311
1686016581.2108068,312
1686016581.223187,314
1686016581.2389905,316
1686016581.2514367,315
1686016581.2641244,313
1686016581.2802556,312
1686016581.2921472,314
1686016581.3045096,315
1686016581.3204408,316
1686016581.3338227,315
1686016581.3450646,313
1686016581.3622732,313
1686016581.3742323,314
1686016581.385886,316
1686016581.4029937,316
1686016581.4155536,314
1686016581.4309897,313
1686016581.4439843,313
1686016581.4563394,315
1686016581.4727705,316
1686016581.485398,316
1686016581.4973853,314
1686016581.5138817,313
1686016581.5265703,314
1686016581.5379927,316
1686016581.5548682,317
1686016581.5672092,316
1686016581.5829754,314
1686016581.5955312,313
1686016581.60794,314
1686016581.6242769,316
1686016581.6360395,317
1686016581.6483147,315
1686016581.6654165,313
1686016581.6774383,313
1686016581.6901724,314
1686016581.7061894,316
1686016581.7181494,316
1686016581.7341015,314
1686016581.7473176,312
1686016581.7598045,313
1686016581.7755044,314
1686016581.788058,315
1686016581.8006947,315
1686016581.816638,313
1686016581.8288887,312
1686016581.8409436,312
1686016581.8580241,314
1686016581.8701103,315
1686016581.8822658,314
1686016581.8986628,311
1686016581.910698,311
1686016581.9274364,312
1686016581.9389122,314
1686016581.9520452,314
1686016581.9685953,313
1686016581.9806912,312
1686016581.9930542,312
1686016582.0090947,314
1686016582.022102,315
1686016582.0340576,315
1686016582.050352,314
1686016582.0619304,313
1686016582.0791724,313
1686016582.0910802,315
1686016582.1029282,316
1686016582.1199937,316
1686016582.1321578,314
1686016582.1443088,313
1686016582.1609342,314
1686016582.1731398,316
1686016582.1851804,316
1686016582.2011836,315
1686016582.2137198,313
1686016582.2263997,313
1686016582.2424078,314
1686016582.2552593,316
1686016582.2712612,316
1686016582.2833135,315
1686016582.2955806,314
1686016582.3123405,313
1686016582.3245933,315
1686016582.336579,316
1686016582.3535283,316
1686016582.3656251,315
1686016582.3780234,313
1686016582.3938646,314
1686016582.4068658,316
1686016582.4228606,317
1686016582.4355154,317
1686016582.4471076,315
1686016582.4634752,314
1686016582.4762986,315
1686016582.4885626,317
1686016582.5044305,318
1686016582.517221,317
1686016582.5294864,315
1686016582.5454855,315
1686016582.5576274,316
1686016582.57417,318
1686016582.587123,318
1686016582.5991924,316
1686016582.6151779,315
1686016582.6271937,315
1686016582.6401806,316
1686016582.6563768,317
1686016582.6689544,317
1686016582.6807485,316
1686016582.6974437,315
1686016582.7094367,316
1686016582.721448,318
1686016582.7383757,319
1686016582.7503767,319
1686016582.766737,317
1686016582.7786686,317
1686016582.791728,318
1686016582.8079622,320
1686016582.819733,323
1686016582.8327487,322
1686016582.84934,322
1686016582.8616061,325
1686016582.8736358,329
1686016582.889857,333
1686016582.9015174,335
1686016582.9186366,335
1686016582.9305308,335
1686016582.9428933,336
1686016582.95958,339
1686016582.9715805,341
1686016582.9845202,342
1686016583.0005994,341
1686016583.0128798,341
1686016583.0245137,341
1686016583.0417135,342
1686016583.0538635,341
1686016583.0698316,336
1686016583.0825202,329
1686016583.0947294,320
1686016583.1105661,313
1686016583.1235876,306
1686016583.135515,300
1686016583.1515102,292
1686016583.1645417,285
1686016583.1765993,280
1686016583.1928687,279
1686016583.2055192,278
1686016583.217515,278
1686016583.2339084,276
1686016583.2465174,276
1686016583.2619853,277
1686016583.2750444,280
1686016583.2871747,283
1686016583.3033469,284
1686016583.315994,285
1686016583.3280694,286
1686016583.3439732,290
1686016583.357045,294
1686016583.3689935,297
1686016583.3849833,299
1686016583.3979716,300
1686016583.4139874,303
1686016583.4259734,307
1686016583.4390392,311
1686016583.454977,313
1686016583.4670434,312
1686016583.4799156,311
1686016583.4959145,311
1686016583.5082414,313
1686016583.5208685,315
1686016583.537002,314
1686016583.5488524,311
1686016583.5614395,309
1686016583.5780032,310
1686016583.590143,312
1686016583.6068828,314
1686016583.6190755,314
1686016583.630878,314
1686016583.646955,313
1686016583.6594017,315
1686016583.6724544,317
1686016583.6884058,317
1686016583.7004528,317
1686016583.713408,315
1686016583.7297506,314
1686016583.741454,315
1686016583.7577164,316
1686016583.7704115,318
1686016583.7823896,318
1686016583.7990913,318
1686016583.811442,323
1686016583.8234746,331
1686016583.840158,338
1686016583.8522503,344
1686016583.864019,348
1686016583.8812397,353
1686016583.8939276,359
1686016583.9092536,368
1686016583.9219322,375
1686016583.9339263,379
1686016583.9509404,381
1686016583.963005,383
1686016583.975183,385
1686016583.991993,389
1686016584.0040076,390
1686016584.0162199,389
1686016584.032996,386
1686016584.0450058,385
1686016584.05693,385
1686016584.0732653,384
1686016584.0861495,382
1686016584.1019852,379
1686016584.1139293,374
1686016584.1269982,369
1686016584.1429935,367
1686016584.1552024,366
1686016584.1679213,360
1686016584.183927,355
1686016584.1962042,349
1686016584.2089276,345
1686016584.224932,342
1686016584.236992,340
1686016584.2529879,335
1686016584.266004,330
1686016584.2779624,325
1686016584.2949283,324
1686016584.3070118,323
1686016584.3190086,322
1686016584.3359497,318
1686016584.3482156,314
1686016584.360252,312
1686016584.3769891,311
1686016584.3889341,313
1686016584.4013405,311
1686016584.4178686,309
1686016584.4298215,305
1686016584.445823,304
1686016584.4588416,304
1686016584.4708214,305
1686016584.4868777,304
1686016584.4998338,301
1686016584.512129,297
1686016584.52811,297
1686016584.5400906,298
1686016584.5528963,298
1686016584.5688863,296
1686016584.5810635,292
1686016584.597732,287
1686016584.6095028,283
1686016584.6225069,279
1686016584.638503,273
1686016584.6505232,264
1686016584.6635053,255
1686016584.6795642,248
1686016584.6925673,242
1686016584.7043424,239
1686016584.7202342,237
1686016584.7332892,235
1686016584.7485952,234
1686016584.7612405,234
1686016584.7742934,237
1686016584.790235,240
1686016584.8022356,242
1686016584.8153472,243
1686016584.8313503,245
1686016584.8442783,249
1686016584.856019,254
1686016584.8716776,259
1686016584.8846798,262
1686016584.8966212,264
1686016584.9126215,267
1686016584.925683,272
1686016584.9419107,277
1686016584.9536803,283
1686016584.966051,287
1686016584.9829895,289
1686016584.995076,292
1686016585.0070982,297
1686016585.024067,302
1686016585.036124,305
1686016585.0483103,306
1686016585.0649903,307
1686016585.0769932,310
1686016585.0929852,313
1686016585.1057606,316
1686016585.1179829,316
1686016585.1339135,315
1686016585.146948,314
1686016585.1589608,315
1686016585.1751587,317
1686016585.18709,318
1686016585.1995327,317
1686016585.2165365,315
1686016585.2285712,314
1686016585.2405345,314
1686016585.2572613,316
1686016585.2692893,317
1686016585.2852836,315
1686016585.2984936,312
1686016585.3105721,310
1686016585.3265178,310
1686016585.3397377,310
1686016585.351596,309
1686016585.3675008,307
1686016585.3795779,305
1686016585.3924937,305
1686016585.408832,307
1686016585.420494,309
1686016585.437345,309
1686016585.4495575,309
1686016585.462083,309
1686016585.4781709,310
1686016585.490415,314
1686016585.503164,316
1686016585.5190942,316
1686016585.5315523,316
1686016585.5437212,316
1686016585.560588,317
1686016585.572693,320
1686016585.5886166,321
1686016585.6006744,320
1686016585.6137002,318
1686016585.6301985,318
1686016585.6426177,319
1686016585.6546757,321
1686016585.6709623,321
1686016585.6836662,319
1686016585.6956828,318
1686016585.7116768,318
1686016585.7243097,319
1686016585.7363682,319
1686016585.7523534,319
1686016585.7654328,317
1686016585.7816672,316
1686016585.7934136,316
1686016585.8054245,318
1686016585.8223603,319
1686016585.8346596,318
1686016585.8474274,316
1686016585.8637855,315
1686016585.8758411,316
1686016585.8878515,318
1686016585.904112,319
1686016585.9178166,318
1686016585.9327912,316
1686016585.9451513,316
1686016585.957804,317
1686016585.9740353,318
1686016585.9867241,319
1686016585.9987113,317
1686016586.0147243,315
1686016586.0270772,316
1686016586.0397143,317
1686016586.05607,319
1686016586.0680366,318
1686016586.0840046,317
1686016586.0967817,316
1686016586.1089985,317
1686016586.1257198,318
1686016586.1379511,319
1686016586.1498137,318
1686016586.166713,317
1686016586.1789424,316
1686016586.1910691,317
1686016586.2077935,318
1686016586.219726,319
1686016586.2317252,318
1686016586.2487903,316
1686016586.260721,316
1686016586.2774653,317
1686016586.289512,319
1686016586.3015711,319
1686016586.3184376,317
1686016586.3305182,316
1686016586.3427746,316
1686016586.3594654,318
1686016586.3713298,319
1686016586.3833852,319
1686016586.4001436,317
1686016586.4125385,316
1686016586.4284961,316
1686016586.4412186,318
1686016586.4531462,319
1686016586.4697354,317
1686016586.4819052,316
1686016586.494117,315
1686016586.5104632,316
1686016586.52295,318
1686016586.5349562,318
1686016586.5516787,317
1686016586.563651,315
1686016586.5766976,315
1686016586.5926287,317
1686016586.6046276,319
1686016586.620682,318
1686016586.6336453,317
1686016586.6457508,315
1686016586.6616988,316
1686016586.6746507,318
1686016586.6866286,319
1686016586.7029996,318
1686016586.7156963,316
1686016586.7278888,315
1686016586.7441454,316
1686016586.756214,318
1686016586.7719862,320
1686016586.784819,319
1686016586.7971182,318
1686016586.8138716,317
1686016586.8260229,319
1686016586.8388038,320
1686016586.8548229,321
1686016586.867066,320
1686016586.8792655,318
1686016586.8955266,318
1686016586.9081855,320
1686016586.9232442,321
1686016586.9365284,321
1686016586.9491858,319
1686016586.9652114,318
1686016586.9775343,318
1686016586.9892561,320
1686016587.0061815,321
1686016587.0182412,320
1686016587.031203,318
1686016587.0475612,318
1686016587.059241,319
1686016587.0718312,320
1686016587.08804,321
1686016587.100773,320
1686016587.1167743,318
1686016587.1287289,318
1686016587.141714,319
1686016587.1577365,320
1686016587.1694756,320
1686016587.182417,319
1686016587.1984875,317
1686016587.2108877,317
1686016587.223476,319
1686016587.239426,320
1686016587.2514145,320
1686016587.2677507,318
1686016587.280685,317
1686016587.2926846,318
1686016587.3087447,319
1686016587.3215585,321
1686016587.3336844,319
1686016587.3496838,317
1686016587.3627558,316
1686016587.3746963,317
1686016587.3906896,318
1686016587.403319,319
1686016587.4200637,317
1686016587.4319866,315
1686016587.4443069,315
1686016587.4610043,316
1686016587.4727843,318
1686016587.485292,319
1686016587.5018518,317
1686016587.5148728,316
1686016587.526502,316
1686016587.542588,318
1686016587.554822,320
1686016587.567302,320
1686016587.583499,318
1686016587.5957696,317
1686016587.6115453,317
1686016587.6244845,319
1686016587.6365542,320
1686016587.6535532,319
1686016587.665739,317
1686016587.6780784,316
1686016587.6950674,317
1686016587.7061043,319
1686016587.7186332,319
1686016587.7352152,318
1686016587.7469807,316
1686016587.7629673,316
1686016587.7764142,317
1686016587.7886477,319
1686016587.8052077,319
1686016587.817134,317
1686016587.8291311,316
1686016587.8451962,316
1686016587.8582532,318
1686016587.8702974,319
1686016587.8872125,319
1686016587.899363,317
1686016587.9108505,316
1686016587.9279482,317
1686016587.939528,318
1686016587.9565425,319
1686016587.968453,318
1686016587.980463,317
1686016587.996955,316
1686016588.0099084,317
1686016588.0222273,318
1686016588.0385473,319
1686016588.0505943,317
1686016588.0626578,316
1686016588.079331,315
1686016588.091733,317
1686016588.1077404,319
1686016588.119784,319
1686016588.1327293,317
1686016588.1487265,316
1686016588.160735,316
1686016588.1727407,318
1686016588.1899436,319
1686016588.2017934,319
1686016588.2147255,317
1686016588.2307262,316
1686016588.242926,316
1686016588.2587888,318
1686016588.2715087,319
1686016588.2841432,318
1686016588.3001444,316
1686016588.3126743,316
1686016588.3246713,317
1686016588.3417654,318
1686016588.3540468,319
1686016588.3658404,318
1686016588.3819313,316
1686016588.3948846,316
1686016588.4071093,318
1686016588.4231575,319
1686016588.4351623,319
1686016588.4521503,318
1686016588.4642813,316
1686016588.4766614,316
1686016588.492509,318
1686016588.5050952,319
1686016588.5178587,318
1686016588.5341444,316
1686016588.5464144,315
1686016588.558738,316
1686016588.5743933,318
1686016588.5874076,319
1686016588.6030822,317
1686016588.6156917,315
1686016588.6285071,315
1686016588.6444883,316
1686016588.656806,317
1686016588.6691077,318
1686016588.685905,316
1686016588.6972725,315
1686016588.7100863,314
1686016588.7257862,316
1686016588.7396855,318
1686016588.7507365,318
1686016588.7677383,316
1686016588.780021,315
1686016588.7957497,316
1686016588.8085542,319
1686016588.8210053,321
1686016588.8374088,321
1686016588.8494174,322
1686016588.8620076,324
1686016588.87819,329
1686016588.890233,335
1686016588.9028656,339
1686016588.9192305,342
1686016588.9310648,342
1686016588.9473104,342
1686016588.9602222,343
1686016588.972718,343
1686016588.9879665,341
1686016589.0011036,337
1686016589.0135965,332
1686016589.029639,329
1686016589.0421226,327
1686016589.0541668,325
1686016589.0700731,321
1686016589.0823152,316
1686016589.0983462,311
1686016589.1112854,310
1686016589.1233072,310
1686016589.140287,310
1686016589.1522965,308
1686016589.1644287,305
1686016589.1812904,304
1686016589.1932855,305
1686016589.20535,306
1686016589.2213426,307
1686016589.2342913,306
1686016589.2463489,305
1686016589.2629807,304
1686016589.2744727,306
1686016589.291471,308
1686016589.3035264,308
1686016589.31547,307
1686016589.3328767,305
1686016589.3446221,306
1686016589.3572807,308
1686016589.373937,309
1686016589.3862352,310
1686016589.3979912,308
1686016589.4140623,308
1686016589.4267905,308
1686016589.4435036,310
1686016589.455358,312
1686016589.4681175,312
1686016589.4840727,310
1686016589.4967775,310
1686016589.5090184,311
1686016589.5248382,312
1686016589.5371659,313
1686016589.5498967,312
1686016589.5660558,310
1686016589.578741,310
1686016589.591179,311
1686016589.6068308,313
1686016589.6194048,313
1686016589.6357772,312
1686016589.648775,311
1686016589.6603384,311
1686016589.6767495,312
1686016589.6889565,314
1686016589.7014954,314
1686016589.71772,312
1686016589.7297728,311
1686016589.7427528,311
1686016589.758454,313
1686016589.7701936,314
1686016589.787064,313
1686016589.7990956,311
1686016589.8122287,311
1686016589.8280215,312
1686016589.840624,314
1686016589.8526118,315
1686016589.869301,314
1686016589.8816018,312
1686016589.8941894,312
1686016589.9102724,313
1686016589.9223228,315
1686016589.9392138,316
1686016589.9511802,314
1686016589.963329,313
1686016589.9796438,313
1686016589.9920952,315
1686016590.004447,316
1686016590.0200796,316
1686016590.0330577,314
1686016590.0454364,314
1686016590.0614634,314
1686016590.0737395,316
1686016590.0860143,317
1686016590.102982,316
1686016590.1152377,314
1686016590.1313574,313
1686016590.1443217,315
1686016590.1573153,317
1686016590.172325,317
1686016590.184756,316
1686016590.1969204,314
1686016590.212903,314
1686016590.2252934,315
1686016590.238081,316
1686016590.2538962,316
1686016590.266817,315
1686016590.282986,313
1686016590.2954633,314
1686016590.3073485,316
1686016590.3239188,317
1686016590.3359082,316
1686016590.3485744,315
1686016590.3644946,314
1686016590.3771515,314
1686016590.389124,316
1686016590.4054992,317
1686016590.4181824,316
1686016590.4339564,314
1686016590.4468608,314
1686016590.4592407,315
1686016590.475271,317
1686016590.488007,317
1686016590.4997284,316
1686016590.5164196,314
1686016590.5290542,314
1686016590.5411096,315
1686016590.557336,317
1686016590.5708337,317
1686016590.5816302,315
1686016590.5977895,314
1686016590.6107981,314
1686016590.6272714,316
1686016590.6387434,317
1686016590.651684,317
1686016590.6676826,315
1686016590.6794455,314
1686016590.692882,315
1686016590.7089267,317
1686016590.72093,318
1686016590.73375,316
1686016590.7499309,314
1686016590.7617934,314
1686016590.778201,315
1686016590.790658,317
1686016590.803198,317
1686016590.8192549,315
1686016590.8314857,314
1686016590.8438568,313
1686016590.8600216,315
1686016590.8729923,316
1686016590.8850484,316
1686016590.901492,314
1686016590.9138112,313
1686016590.9298859,313
1686016590.9420168,315
1686016590.9550014,317
1686016590.9712,316
1686016590.983272,314
1686016590.9956703,313
1686016591.0121372,315
1686016591.0246801,317
1686016591.0366757,317
1686016591.0527492,316
1686016591.065213,315
1686016591.0784717,314
1686016591.0937798,315
1686016591.1059883,317
1686016591.1225972,317
1686016591.1347938,316
1686016591.1470025,314
1686016591.162998,314
1686016591.1757817,316
1686016591.1881428,317
1686016591.2048514,317
1686016591.2169316,315
1686016591.2284317,314
1686016591.2454336,315
1686016591.2585027,317
1686016591.2734416,318
1686016591.2864146,317
1686016591.298415,315
1686016591.3144088,314
1686016591.3274765,315
1686016591.33989,317
1686016591.3564374,318
1686016591.3680618,317
1686016591.3808148,315
1686016591.3963902,314
1686016591.4094183,316
1686016591.4214873,317
1686016591.4381943,318
1686016591.4501054,316
1686016591.4659472,314
1686016591.4788857,314
1686016591.4913144,316
1686016591.507506,317
1686016591.5201962,316
1686016591.53275,314
1686016591.5485575,313
1686016591.560352,313
1686016591.5732427,315
1686016591.5898511,317
1686016591.6019323,316
1686016591.6175683,314
1686016591.6298096,313
1686016591.642187,314
1686016591.6588252,316
1686016591.6707685,317
1686016591.6839924,315
1686016591.7003524,313
1686016591.7119799,313
1686016591.724696,314
1686016591.7414787,316
1686016591.7534895,316
1686016591.7694888,315
1686016591.7818573,313
1686016591.7944088,313
1686016591.8103173,315
1686016591.8229713,317
1686016591.835336,316
1686016591.8513436,315
1686016591.8632836,314
1686016591.876229,315
1686016591.8926728,317
1686016591.9050317,318
1686016591.9170105,317
1686016591.9330342,315
1686016591.9455137,314
1686016591.9623723,315
1686016591.974581,317
1686016591.9866116,317
1686016592.0033202,316
1686016592.0149672,314
1686016592.0280046,314
1686016592.0442922,315
1686016592.0567324,317
1686016592.0688584,317
1686016592.0852349,315
1686016592.0970535,314
1686016592.1135724,313
1686016592.1261067,315
1686016592.1380937,317
1686016592.155384,316
1686016592.1664238,314
1686016592.179467,313
1686016592.195105,313
1686016592.2082345,315
1686016592.2202528,316
1686016592.2370076,315
1686016592.2486882,313
1686016592.2649245,313
1686016592.2771034,314
1686016592.2900517,316
1686016592.3060431,316
1686016592.3184373,315
1686016592.331115,313
1686016592.3476825,313
1686016592.3599286,315
1686016592.371937,316
1686016592.388196,316
1686016592.4000952,315
1686016592.4127734,313
1686016592.4291031,313
1686016592.441806,315
1686016592.4572656,316
1686016592.4702213,316
1686016592.4823728,314
1686016592.4980502,313
1686016592.511218,313
1686016592.5234375,315
1686016592.5398598,316
1686016592.5521705,315
1686016592.563838,313
1686016592.5807245,313
1686016592.5926769,314
1686016592.6087365,316
1686016592.6214144,317
1686016592.6331863,315
1686016592.6498206,313
1686016592.6620524,313
1686016592.6750038,314
1686016592.6913774,316
1686016592.7039275,316
1686016592.7159498,314
1686016592.7320316,312
1686016592.744845,313
1686016592.7568092,315
1686016592.772493,316
1686016592.7854857,316
1686016592.8010845,314
1686016592.8136086,313
1686016592.8266137,313
1686016592.843192,315
1686016592.855718,316
1686016592.8675694,315
1686016592.8838074,313
1686016592.8960235,312
1686016592.9084368,313
1686016592.9248269,315
1686016592.936259,316
1686016592.953113,314
1686016592.9650867,313
1686016592.9780622,313
1686016592.9944654,315
1686016593.006776,317
1686016593.0190485,317
1686016593.0350602,315
1686016593.0478737,314
1686016593.0599196,315
1686016593.0757942,317
1686016593.0890229,318
1686016593.1041498,317
1686016593.1169686,316
1686016593.128955,315
1686016593.1454735,316
1686016593.1584513,317
1686016593.1707773,318
1686016593.1871326,317
1686016593.1995046,315
1686016593.211135,314
1686016593.227866,316
1686016593.2402675,318
1686016593.2520623,318
1686016593.2691648,316
1686016593.2811062,315
1686016593.2968576,315
1686016593.3096106,317
1686016593.3213823,318
1686016593.3378518,318
1686016593.3508565,316
1686016593.3628507,315
1686016593.3793292,315
1686016593.3917918,317
1686016593.4033926,319
1686016593.4203386,318
1686016593.4327652,316
1686016593.448511,315
1686016593.4610572,316
1686016593.473952,318
1686016593.4900868,318
1686016593.5016868,317
1686016593.5146995,315
1686016593.5303361,314
1686016593.5436254,315
1686016593.5558753,317
1686016593.5716138,317
1686016593.5843384,316
1686016593.6008985,314
1686016593.6130452,314
1686016593.625223,316
1686016593.6411967,317
1686016593.653821,317
1686016593.6658201,315
1686016593.6828883,314
1686016593.694187,315
1686016593.7072415,316
1686016593.723427,317
1686016593.7359066,317
1686016593.7481482,315
1686016593.7642403,314
1686016593.7764425,315
1686016593.7925317,316
1686016593.8055003,317
1686016593.8178,316
1686016593.8337338,314
1686016593.8464522,314
1686016593.8587062,315
1686016593.874513,317
1686016593.8874469,317
1686016593.8994896,315
1686016593.9158387,314
1686016593.927983,314
1686016593.9440982,315
1686016593.957044,317
1686016593.968957,317
1686016593.984965,315
1686016593.9980226,314
1686016594.0098283,314
1686016594.0258512,316
1686016594.0392978,317
1686016594.051481,316
1686016594.0675492,314
1686016594.0794237,313
1686016594.092415,314
1686016594.1085,316
1686016594.1207745,317
1686016594.1370668,315
1686016594.1493745,313
1686016594.1610708,313
1686016594.1779778,314
1686016594.1897728,316
1686016594.2028487,316
1686016594.2193725,314
1686016594.2308629,313
1686016594.243408,312
1686016594.260087,314
1686016594.2719276,315
1686016594.2879417,315
1686016594.3010464,313
1686016594.313367,312
1686016594.3300483,312
1686016594.3420439,314
1686016594.354559,314
1686016594.370213,313
1686016594.3831286,311
1686016594.3950627,310
1686016594.4110425,311
1686016594.4240413,313
1686016594.4402153,314
1686016594.4523764,312
1686016594.4650447,310
1686016594.48106,311
1686016594.493375,313
1686016594.5052807,315
1686016594.5220466,317
1686016594.534369,317
1686016594.5471232,318
1686016594.5631263,320
1686016594.5753822,324
1686016594.5880435,328
1686016594.6043327,330
1686016594.6163871,332
1686016594.6326456,333
1686016594.6444442,336
1686016594.6575587,338
1686016594.672973,339
1686016594.6860418,336
1686016594.6989596,330
1686016594.7143319,322
1686016594.7270443,315
1686016594.738968,308
1686016594.7548552,299
1686016594.7679367,290
1686016594.784132,282
1686016594.7967474,277
1686016594.808431,276
1686016594.8254552,276
1686016594.8377883,276
1686016594.849724,275
1686016594.866396,275
1686016594.8786957,277
1686016594.8907177,281
1686016594.9067848,284
1686016594.9192924,287
1686016594.9310617,287
1686016594.948065,290
1686016594.9602094,293
1686016594.977049,297
1686016594.9890566,300
1686016595.0013783,302
1686016595.017234,302
1686016595.0302155,303
1686016595.0424843,306
1686016595.0582793,309
1686016595.0712855,309
1686016595.0832686,308
1686016595.099211,306
1686016595.1122208,308
1686016595.1282315,309
1686016595.1405818,311
1686016595.1532128,310
1686016595.1692653,309
1686016595.181206,308
1686016595.1934004,306
1686016595.2101443,306
1686016595.2224846,307
1686016595.2351496,306
1686016595.2512245,303
1686016595.2637203,303
1686016595.2791476,302
1686016595.2922225,304
1686016595.304145,305
1686016595.3204813,305
1686016595.33316,304
1686016595.3451283,307
1686016595.3618758,312
1686016595.3741353,318
1686016595.387081,323
1686016595.4028282,328
1686016595.4147735,333
1686016595.4274957,340
1686016595.4434803,348
1686016595.455484,355
1686016595.4715397,361
1686016595.484465,365
1686016595.4964707,368
1686016595.513524,372
1686016595.5254307,378
1686016595.53769,382
1686016595.5543582,383
1686016595.566526,384
1686016595.5787017,383
1686016595.595104,386
1686016595.6074903,388
1686016595.6240764,389
1686016595.6360016,387
1686016595.648324,384
1686016595.6650667,382
1686016595.677238,382
1686016595.689829,381
1686016595.7057765,378
1686016595.7180808,374
1686016595.7297595,369
1686016595.7468543,366
1686016595.7591178,365
1686016595.7712047,364
1686016595.7875733,361
1686016595.8000073,356
1686016595.8157797,351
1686016595.828748,349
1686016595.8408046,347
1686016595.8567936,345
1686016595.8697386,340
1686016595.8819952,334
1686016595.8977935,330
1686016595.9109027,328
1686016595.92303,327
1686016595.9389522,325
1686016595.9510138,322
1686016595.9670198,319
1686016595.9809518,316
1686016595.9922676,317
1686016596.008959,316
1686016596.0209568,315
1686016596.0332613,312
1686016596.0499475,310
1686016596.0619535,309
1686016596.074267,309
1686016596.0910275,310
1686016596.103125,309
1686016596.1189508,307
1686016596.1320274,305
1686016596.1434963,305
1686016596.160445,306
1686016596.1726975,306
1686016596.1849527,303
1686016596.201371,299
1686016596.2136605,295
1686016596.226402,289
1686016596.2423804,284
1686016596.2543955,281
1686016596.2671833,277
1686016596.283161,274
1686016596.2955067,274
1686016596.311534,277
1686016596.3245308,279
1686016596.3364713,282
1686016596.3530207,283
1686016596.3652625,285
1686016596.3774948,289
1686016596.3942666,294
1686016596.4063787,300
1686016596.4184,304
1686016596.4348617,307
1686016596.4473617,310
1686016596.4633715,314
1686016596.4756184,320
1686016596.4883735,324
1686016596.5043125,325
1686016596.516361,325
1686016596.5293038,325
1686016596.5456288,326
1686016596.5576596,329
1686016596.5703728,328
1686016596.586301,325
1686016596.5988524,322
1686016596.610847,319
1686016596.6267917,318
1686016596.639767,316
1686016596.6560547,311
1686016596.6688435,302
1686016596.6808197,292
1686016596.6973097,285
1686016596.7093127,279
1686016596.7214038,273
1686016596.7376695,265
1686016596.7503603,258
1686016596.7633193,252
1686016596.7783005,251
1686016596.7913795,252
1686016596.807685,252
1686016596.8200102,253
1686016596.8323958,254
1686016596.8483696,255
1686016596.8610446,260
1686016596.87304,265
1686016596.8895593,268
1686016596.902542,270
1686016596.913616,271
1686016596.9306614,273
1686016596.943131,278
1686016596.9589875,282
1686016596.9712749,285
1686016596.9839818,286
1686016597.0000908,288
1686016597.0122118,292
1686016597.0249872,299
1686016597.0411494,306
1686016597.0533044,311
1686016597.0650463,314
1686016597.0820794,317
1686016597.0945528,320
1686016597.1066153,323
1686016597.123032,324
1686016597.13551,324
1686016597.1514978,321
1686016597.16382,320
1686016597.1764882,320
1686016597.1925266,321
1686016597.2044897,320
1686016597.217517,318
1686016597.233452,316
1686016597.2458692,316
1686016597.258219,317
1686016597.2740273,319
1686016597.2869968,319
1686016597.3026373,315
1686016597.3151484,312
1686016597.327295,312
1686016597.3442845,311
1686016597.3562865,310
1686016597.3694828,307
1686016597.385233,304
1686016597.3972962,302
1686016597.4092507,301
1686016597.426246,303
1686016597.4382207,304
1686016597.4502308,303
1686016597.467228,302
1686016597.4794374,302
1686016597.495227,304
1686016597.508069,306
1686016597.520317,308
1686016597.5360577,307
1686016597.549072,306
1686016597.5610533,307
1686016597.5770686,309
1686016597.590117,312
1686016597.602056,313
1686016597.6183853,312
1686016597.6311176,311
1686016597.6470528,313
1686016597.6590762,316
1686016597.6721256,318
1686016597.6880558,317
1686016597.700666,316
1686016597.7128162,317
1686016597.7296078,318
1686016597.741752,321
1686016597.753686,322
1686016597.7700155,322
1686016597.7826633,320
1686016597.7988493,320
1686016597.810743,322
1686016597.8236704,324
1686016597.8396657,324
1686016597.851988,322
1686016597.8640485,320
1686016597.8806643,320
1686016597.8931308,321
1686016597.90473,322
1686016597.9217303,322
1686016597.9339638,320
1686016597.945677,318
1686016597.9627597,319
1686016597.9750085,321
1686016597.990724,321
1686016598.0032494,319
1686016598.0159197,316
1686016598.0324223,315
1686016598.0443645,316
1686016598.056942,318
1686016598.0731788,318
1686016598.084955,317
1686016598.097944,316
1686016598.1144075,316
1686016598.1268632,317
1686016598.142873,319
1686016598.1549945,319
1686016598.166875,317
1686016598.1838663,315
1686016598.1961484,315
1686016598.2084422,317
1686016598.2249515,318
1686016598.2369456,318
1686016598.2495058,316
1686016598.2654335,315
1686016598.278054,316
1686016598.2904754,318
1686016598.306716,319
1686016598.3184705,318
1686016598.3354766,317
1686016598.3474672,317
1686016598.3594046,318
1686016598.3764272,320
1686016598.388775,321
1686016598.400409,319
1686016598.417267,317
1686016598.429496,317
1686016598.4415255,319
1686016598.4581883,320
1686016598.470537,321
1686016598.4861624,319
1686016598.4994295,318
1686016598.5108786,318
1686016598.5288184,319
1686016598.539815,321
1686016598.5521324,320
1686016598.5689628,319
1686016598.5809677,318
1686016598.5934312,318
1686016598.6098711,320
1686016598.6221974,322
1686016598.6384754,320
1686016598.6501653,319
1686016598.663204,318
1686016598.6791434,319
1686016598.6911998,321
1686016598.7042117,322
1686016598.7201447,320
1686016598.732485,319
1686016598.7451499,319
1686016598.7621691,320
1686016598.7731445,322
1686016598.7862134,322
1686016598.8021436,320
1686016598.8141563,319
1686016598.8309608,319
1686016598.842916,320
1686016598.8549497,322
1686016598.871965,321
1686016598.8838947,319
1686016598.8965816,318
1686016598.9127882,319
1686016598.9254344,321
1686016598.937261,322
1686016598.9536762,321
1686016598.965682,318
1686016598.9827254,318
1686016598.9947207,319
1686016599.0064144,321
1686016599.0233543,321
1686016599.0356789,320
1686016599.0477312,318
1686016599.0644333,318
1686016599.0763607,319
1686016599.0887313,321
1686016599.1053522,321
1686016599.1176374,319
1686016599.1297183,317
1686016599.1463532,317
1686016599.1583736,318
1686016599.1745684,319
1686016599.187371,318
1686016599.1996143,316
1686016599.2152967,314
1686016599.2283204,315
1686016599.2408378,316
1686016599.2567127,317
1686016599.2686985,316
1686016599.281242,314
1686016599.2979734,313
1686016599.310398,315
1686016599.326371,316
1686016599.3386588,317
1686016599.3512442,315
1686016599.3678622,313
1686016599.3802662,313
1686016599.392013,315
1686016599.408595,316
1686016599.4201086,316
1686016599.4330695,315
1686016599.450164,313
1686016599.4617834,314
1686016599.4779212,316
1686016599.490624,317
1686016599.5030649,317
1686016599.518951,315
1686016599.5310087,315
1686016599.5429509,316
1686016599.5594032,318
1686016599.572427,319
1686016599.5845456,318
1686016599.600488,316
1686016599.6130252,316
1686016599.6251578,317
1686016599.6421304,319
1686016599.6539426,320
1686016599.67051,319
1686016599.682443,317
1686016599.6944935,317
1686016599.7110813,318
1686016599.7236154,320
1686016599.7361338,320
1686016599.7521396,318
1686016599.7647145,317
1686016599.7770941,317
1686016599.7931294,318
1686016599.8060758,319
1686016599.8216958,319
1686016599.833746,317
1686016599.8467586,316
1686016599.8629243,316
1686016599.8750727,318
1686016599.8878102,319
1686016599.903921,318
1686016599.9163935,316
1686016599.9289556,316
1686016599.9446132,317
1686016599.9574528,319
1686016599.973976,319
1686016599.9863935,317
1686016599.9979725,316
1686016600.014959,315
1686016600.0264883,317
1686016600.0391407,318
1686016600.0558007,317
1686016600.0679078,315
1686016600.0803025,314
1686016600.096308,313
1686016600.1090562,315
1686016600.1216924,316
1686016600.1371334,315
1686016600.1502066,312
1686016600.1657908,310
1686016600.178749,311
1686016600.1907725,312
1686016600.2071168,312
1686016600.2188022,310
1686016600.2318418,308
1686016600.2474377,306
1686016600.2604709,307
1686016600.2724085,308
1686016600.288327,308
1686016600.3012605,306
1686016600.3181007,304
1686016600.3299994,303
1686016600.3420722,305
1686016600.3590457,306
1686016600.370895,306
1686016600.3834221,305
1686016600.4000628,304
1686016600.4115832,305
1686016600.4245076,308
1686016600.4405062,312
1686016600.4525223,313
1686016600.468733,313
1686016600.481506,314
1686016600.493509,316
1686016600.509506,319
1686016600.5225167,320
1686016600.5345693,319
1686016600.5509152,316
1686016600.5635066,314
1686016600.5755427,313
1686016600.5915666,313
1686016600.604265,310
1686016600.6166275,306
1686016600.6329992,301
1686016600.6454644,299
1686016600.660897,298
1686016600.6741173,297
1686016600.6866257,295
1686016600.7027652,292
1686016600.7148232,290
1686016600.727349,290
1686016600.744033,291
1686016600.7562437,292
1686016600.7682903,291
1686016600.7841108,290
1686016600.7975302,289
1686016600.8130677,291
1686016600.8259916,294
1686016600.8381915,295
1686016600.854355,295
1686016600.86698,294
1686016600.8787546,295
1686016600.8945339,297
1686016600.907546,300
1686016600.9201891,301
1686016600.9363146,300
1686016600.9489088,300
1686016600.9610496,301
1686016600.9772425,304
1686016600.98917,306
1686016601.0059009,306
1686016601.0185268,305
1686016601.0300062,305
1686016601.0471983,307
1686016601.059104,310
1686016601.0715437,312
1686016601.087674,313
1686016601.100069,312
1686016601.11217,312
1686016601.1290476,314
1686016601.1411633,317
1686016601.1569142,319
1686016601.170142,319
1686016601.1818438,318
1686016601.198503,318
1686016601.2103937,320
1686016601.223193,322
1686016601.2394357,323
1686016601.2515967,322
1686016601.263759,321
1686016601.280419,321
1686016601.2925792,324
1686016601.3083816,326
1686016601.3206382,327
1686016601.3336582,325
1686016601.3500187,325
1686016601.3621197,326
1686016601.3741164,328
1686016601.3911707,330
1686016601.4032884,329
1686016601.4153655,328
1686016601.4313715,328
1686016601.4438517,330
1686016601.4561577,332
1686016601.4731011,333
1686016601.4848151,332
1686016601.501828,331
1686016601.513662,331
1686016601.525447,333
1686016601.542214,334
1686016601.555119,334
1686016601.5670886,332
1686016601.583103,330
1686016601.5951557,330
1686016601.6071522,331
1686016601.6246943,332
1686016601.635991,331
1686016601.6524897,329
1686016601.6653404,327
1686016601.677243,327
1686016601.6934521,328
1686016601.706054,329
1686016601.718111,328
1686016601.7341948,325
1686016601.7472928,324
1686016601.7596135,325
1686016601.7754843,326
1686016601.7881227,326
1686016601.8016887,325
1686016601.8167388,322
1686016601.8287613,322
1686016601.8458295,322
1686016601.857266,324
1686016601.8702219,323
1686016601.886198,321
1686016601.899076,320
1686016601.9115648,319
1686016601.9269676,320
1686016601.9390612,321
1686016601.9522443,320
1686016601.9683533,318
1686016601.9805498,317
1686016601.9973042,317
1686016602.0096557,318
1686016602.021718,319
1686016602.038191,318
1686016602.0504417,316
1686016602.062916,314
1686016602.0792158,315
1686016602.0912638,317
1686016602.102865,318
1686016602.120238,316
1686016602.13184,314
1686016602.148087,314
1686016602.160867,315
1686016602.172973,317
1686016602.189696,316
1686016602.2019844,314
1686016602.214592,312
1686016602.230001,312
1686016602.2422962,314
1686016602.2549837,316
1686016602.2716463,315
1686016602.283816,314
1686016602.29569,313
1686016602.3128269,313
1686016602.3249674,315
1686016602.3405702,317
1686016602.3534756,316
1686016602.365772,314
1686016602.382093,313
1686016602.394628,314
1686016602.4063382,316
1686016602.4228873,317
1686016602.4349408,316
1686016602.4477918,314
1686016602.464152,314
1686016602.4766164,316
1686016602.4920375,318
1686016602.504942,317
1686016602.5170186,316
1686016602.5340068,314
1686016602.5453432,314
1686016602.5582798,317
1686016602.5741806,318
1686016602.5871067,318
1686016602.599184,316
1686016602.615029,315
1686016602.628092,316
1686016602.639638,318
1686016602.656093,319
1686016602.6686032,318
1686016602.6852596,316
1686016602.697574,316
1686016602.7091548,317
1686016602.7261546,318
1686016602.7383995,320
1686016602.7510283,318
1686016602.7671294,317
1686016602.779502,316
1686016602.791174,317
1686016602.8078227,319
1686016602.8198936,319
1686016602.8365662,318
1686016602.8492022,317
1686016602.8611972,317
1686016602.878059,319
1686016602.8902352,320
1686016602.9022222,320
1686016602.918358,319
1686016602.9303415,318
1686016602.9433036,319
1686016602.9598546,321
1686016602.9722486,322
1686016602.9876044,321
1686016603.0005462,320
1686016603.0128512,319
1686016603.0293562,320
1686016603.041458,321
1686016603.0538893,322
1686016603.069932,320
1686016603.0828564,318
1686016603.0949152,318
1686016603.1111813,319
1686016603.1232204,321
1686016603.1350336,320
1686016603.1521344,319
1686016603.1645672,318
1686016603.1810174,318
1686016603.1928277,319
1686016603.205451,320
1686016603.2210388,319
1686016603.2334888,318
1686016603.2465706,317
1686016603.2621846,318
1686016603.2751262,319
1686016603.2866573,320
1686016603.3031206,318
1686016603.3160622,316
1686016603.3321993,316
1686016603.3449862,316
1686016603.3566391,318
1686016603.3735616,318
1686016603.385737,316
1686016603.3982058,314
1686016603.414159,313
1686016603.4262073,314
1686016603.438847,316
1686016603.4551349,315
1686016603.4671311,313
1686016603.484132,311
1686016603.4961545,311
1686016603.5081422,312
1686016603.5242944,313
1686016603.5372436,312
1686016603.5491612,310
1686016603.5658007,308
1686016603.5777707,309
1686016603.5903075,310
1686016603.6069338,310
1686016603.6189408,308
1686016603.6314256,306
1686016603.647916,305
1686016603.6601653,306
1686016603.6763706,307
1686016603.6888652,307
1686016603.7009408,306
1686016603.7173667,304
1686016603.729886,304
1686016603.7418923,306
1686016603.758282,307
1686016603.7709572,307
1686016603.7831874,305
1686016603.7986794,304
1686016603.811892,304
1686016603.8282008,305
1686016603.8402119,306
1686016603.8527849,306
1686016603.8690503,304
1686016603.8809521,304
1686016603.8938262,305
1686016603.910148,307
1686016603.9219859,308
1686016603.9343762,307
1686016603.9512897,305
1686016603.9623992,305
1686016603.9793653,307
1686016603.9914322,309
1686016604.0040226,309
1686016604.020202,308
1686016604.0324864,307
1686016604.0452402,308
1686016604.0611653,310
1686016604.0738938,312
1686016604.0859241,312
1686016604.102742,311
1686016604.1149206,310
1686016604.1268532,311
1686016604.1440046,313
1686016604.155051,314
1686016604.1713026,314
1686016604.184309,313
1686016604.1965451,312
1686016604.2135413,314
1686016604.224782,316
1686016604.236829,317
1686016604.2538264,317
1686016604.2662768,316
1686016604.2779145,316
1686016604.2947738,317
1686016604.3071487,319
1686016604.3228118,320
1686016604.336527,319
1686016604.3481598,318
1686016604.3640912,319
1686016604.3770454,321
1686016604.388409,323
1686016604.4052806,323
1686016604.4175794,323
1686016604.4309275,322
1686016604.4459252,323
1686016604.4585574,325
1686016604.4712343,327
1686016604.4874399,328
1686016604.4997835,327
1686016604.5156765,326
1686016604.5281699,328
1686016604.5409548,330
1686016604.5564992,331
1686016604.5688121,330
1686016604.5813668,328
1686016604.5978656,328
1686016604.6100955,329
1686016604.6220853,330
1686016604.638731,330
1686016604.6510708,328
1686016604.6671493,326
1686016604.6798716,326
1686016604.6923773,327
1686016604.7087395,328
1686016604.7209373,328
1686016604.733245,326
1686016604.749551,324
1686016604.7619052,324
1686016604.7733774,326
1686016604.7903645,326
1686016604.803163,326
1686016604.819273,323
1686016604.8315177,322
1686016604.8440585,323
1686016604.860176,324
1686016604.8721402,324
1686016604.8850262,323
1686016604.9011612,320
1686016604.9130905,319
1686016604.9252427,319
1686016604.9421482,320
1686016604.9544256,320
1686016604.9665728,319
1686016604.983232,318
1686016604.9953234,318
1686016605.0108993,320
1686016605.0241828,322
1686016605.0363371,322
1686016605.0523818,321
1686016605.0641558,320
1686016605.077202,321
1686016605.094086,323
1686016605.1058962,325
1686016605.1178296,324
1686016605.1345892,323
1686016605.1465735,322
1686016605.1629047,323
1686016605.1752083,324
1686016605.1880527,325
1686016605.204206,324
1686016605.21655,323
1686016605.229013,323
1686016605.245062,324
1686016605.257448,325
1686016605.270036,325
1686016605.286181,323
1686016605.2983234,322
1686016605.3109488,321
1686016605.3265738,323
1686016605.3395789,324
1686016605.3555083,323
1686016605.3677435,321
1686016605.3804388,320
1686016605.3964498,320
1686016605.4088204,322
1686016605.4215016,322
1686016605.4376342,321
1686016605.4496632,320
1686016605.4623065,319
1686016605.4786136,319
1686016605.4903662,321
1686016605.507295,321
1686016605.5192995,320
1686016605.5319355,319
1686016605.5482268,318
1686016605.559996,319
1686016605.5729446,321
1686016605.5892735,321
1686016605.601254,320
1686016605.6139643,319
1686016605.6300561,319
1686016605.6423726,321
1686016605.6583996,322
1686016605.6712816,322
1686016605.683588,320
1686016605.6993861,319
1686016605.7120798,319
1686016605.7242594,320
1686016605.7403252,321
1686016605.7526877,320
1686016605.7653134,318
1686016605.7816198,317
1686016605.7936597,317
1686016605.8063064,319
1686016605.8223593,319
1686016605.8346813,318
1686016605.8512998,316
1686016605.8635817,315
1686016605.8756201,316
1686016605.8923247,317
1686016605.9043229,317
1686016605.9166198,316
1686016605.933329,314
1686016605.9463267,314
1686016605.9576614,315
1686016605.9743173,316
1686016605.9864829,317
1686016606.0023084,316
1686016606.0153203,314
1686016606.0275872,316
1686016606.0436544,318
1686016606.0555942,320
1686016606.0683637,320
1686016606.0841784,319
1686016606.0973208,320
1686016606.1091022,322
1686016606.1252334,326
1686016606.1381018,328
1686016606.1501067,328
1686016606.1667187,328
1686016606.178672,329
1686016606.1946716,332
1686016606.2076943,335
1686016606.2196922,335
1686016606.235769,334
1686016606.2486963,332
1686016606.2608867,331
1686016606.2772803,331
1686016606.289684,331
1686016606.3018713,330
1686016606.3176694,327
1686016606.330688,325
1686016606.346826,325
1686016606.3587391,326
1686016606.371673,326
1686016606.3876917,325
1686016606.3999865,323
1686016606.412054,322
1686016606.4288428,323
1686016606.4407415,325
1686016606.4526672,326
1686016606.4696796,325
1686016606.4816868,326
1686016606.497758,328
1686016606.5106864,331
1686016606.5227244,334
1686016606.539266,334
1686016606.5521288,333
1686016606.56419,328
1686016606.5802772,323
1686016606.59244,317
1686016606.6044004,311
1686016606.6211486,304
1686016606.633198,294
1686016606.6451247,288
1686016606.6626785,284
1686016606.6746128,283
1686016606.6909006,281
1686016606.703596,280
1686016606.7156155,278
1686016606.7316275,279
1686016606.7446709,283
1686016606.7566218,289
1686016606.7726142,294
1686016606.784982,297
1686016606.7970517,299
1686016606.813787,302
1686016606.8260717,306
1686016606.8418634,308
1686016606.8549562,309
1686016606.8672407,308
1686016606.8832169,307
1686016606.8963463,308
1686016606.9082787,310
1686016606.9242406,312
1686016606.9362144,311
1686016606.9492362,311
1686016606.964687,309
1686016606.9774451,310
1686016606.989166,311
1686016607.0067382,309
1686016607.0186849,306
1686016607.0349953,302
1686016607.0471501,301
1686016607.0598752,302
1686016607.0758157,302
1686016607.0878668,302
1686016607.1008208,300
1686016607.1168065,300
1686016607.1288052,301
1686016607.1414459,304
1686016607.1575353,310
1686016607.1702049,316
1686016607.1862113,324
1686016607.1985612,332
1686016607.2112253,342
1686016607.227219,353
1686016607.2394176,362
1686016607.2522185,369
1686016607.2685273,375
1686016607.2809,378
1686016607.2929044,383
1686016607.3095026,387
1686016607.3219628,390
1686016607.3375063,390
1686016607.3504503,387
1686016607.362454,386
1686016607.3791773,385
1686016607.3911557,384
1686016607.403833,381
1686016607.4201808,374
1686016607.4322479,368
1686016607.444161,363
1686016607.4611804,360
1686016607.4733315,357
1686016607.4851658,352
1686016607.5011742,346
1686016607.514158,340
1686016607.530475,337
1686016607.5421555,335
1686016607.5552866,332
1686016607.5711558,328
1686016607.584181,324
1686016607.5961802,321
1686016607.6124694,321
1686016607.6243782,318
1686016607.6369445,318
1686016607.653242,313
1686016607.66599,311
1686016607.6819465,307
1686016607.6949275,307
1686016607.7069237,308
1686016607.7229447,308
1686016607.7354944,304
1686016607.747509,301
1686016607.7640693,300
1686016607.7760391,300
1686016607.7882102,302
1686016607.8050518,300
1686016607.817258,298
1686016607.829114,297
1686016607.8460543,296
1686016607.858046,297
1686016607.874365,296
1686016607.8868363,293
1686016607.8988495,287
1686016607.915835,280
1686016607.928142,275
1686016607.940151,269
1686016607.9561355,262
1686016607.9690382,255
1686016607.981157,248
1686016607.9971442,242
1686016608.0098286,240
1686016608.0253558,238
1686016608.0380895,236
1686016608.0503435,234
1686016608.0670452,233
1686016608.0790813,235
1686016608.0913088,239
1686016608.1080542,245
1686016608.120106,248
1686016608.132211,251
1686016608.1490495,254
1686016608.1610258,259
1686016608.177349,267
1686016608.1900246,275
1686016608.2020416,283
1686016608.2183528,289
1686016608.231036,297
1686016608.2433143,305
1686016608.2598608,312
1686016608.271848,317
1686016608.2843075,317
1686016608.301283,316
1686016608.3126242,316
1686016608.325283,318
1686016608.3412921,319
1686016608.3533297,319
1686016608.3692698,317
1686016608.382286,314
1686016608.3945897,314
1686016608.4112806,314
1686016608.4235723,315
1686016608.4356816,314
1686016608.4521956,312
1686016608.4643912,309
1686016608.4761755,308
1686016608.493189,309
1686016608.5061755,307
1686016608.521951,304
1686016608.533494,299
1686016608.5465221,296
1686016608.5628188,295
1686016608.5745547,295
1686016608.5865455,294
1686016608.6035516,293
1686016608.6165564,291
1686016608.628589,290
1686016608.6448817,292
1686016608.656856,295
1686016608.6689234,296
1686016608.6858578,296
1686016608.6978867,296
1686016608.7138803,296
1686016608.7262213,299
1686016608.7388718,302
1686016608.755468,303
1686016608.7674668,302
1686016608.779863,303
1686016608.795822,305
1686016608.8084545,308
1686016608.8207405,310
1686016608.837471,311
1686016608.8494492,311
1686016608.8654666,311
1686016608.877824,313
1686016608.8904696,316
1686016608.9064746,318
1686016608.9192364,317
1686016608.9315705,316
1686016608.9475415,316
1686016608.9592237,318
1686016608.9723253,320
1686016608.9891016,320
1686016609.000281,319
1686016609.0173128,317
1686016609.029541,317
1686016609.041224,319
1686016609.0582788,320
1686016609.0702991,320
1686016609.082595,318
1686016609.0992267,317
1686016609.1115582,318
1686016609.123509,320
1686016609.13994,320
1686016609.1522517,319
1686016609.164919,317
1686016609.1809494,316
1686016609.193234,317
1686016609.2099707,319
1686016609.22192,320
1686016609.23392,319
1686016609.2509727,317
1686016609.2630923,317
1686016609.27494,319
1686016609.2919555,320
1686016609.3039644,320
1686016609.3162732,319
1686016609.3329425,317
1686016609.3451543,318
1686016609.3608868,320
1686016609.3738434,321
1686016609.3858273,321
1686016609.4024446,319
1686016609.4152136,318
1686016609.4269302,319
1686016609.4431574,321
1686016609.4558883,322
1686016609.4678416,322
1686016609.484146,320
1686016609.4968889,320
1686016609.5088215,321
1686016609.524831,323
1686016609.5369012,324
1686016609.5538232,322
1686016609.5658286,321
1686016609.578153,320
1686016609.5948496,322
1686016609.6071563,324
1686016609.6198409,324
1686016609.6358483,322
1686016609.6483183,321
1686016609.6598945,321
1686016609.676839,322
1686016609.6890512,324
1686016609.7051518,323
1686016609.7178748,322
1686016609.7299004,320
1686016609.7464,321
1686016609.7584128,323
1686016609.7710912,324
1686016609.787412,323
1686016609.7998354,321
1686016609.8121068,320
1686016609.8287473,321
1686016609.8401449,323
1686016609.856077,323
1686016609.869104,322
1686016609.8813357,320
1686016609.8980827,319
1686016609.9102504,321
1686016609.9223993,322
1686016609.9392307,322
1686016609.9512556,320
1686016609.9632132,318
1686016609.979219,318
1686016609.9922812,320
1686016610.0044796,321
1686016610.020214,320
1686016610.0332355,318
1686016610.049537,316
1686016610.0615308,317
1686016610.0742369,319
1686016610.0902228,320
1686016610.1022782,320
1686016610.115246,318
1686016610.1312287,317
1686016610.143875,319
1686016610.1560411,320
1686016610.17189,320
1686016610.1848466,319
1686016610.200842,317
1686016610.2128654,317
1686016610.2258456,318
1686016610.2414775,319
1686016610.2546406,319
1686016610.266591,317
1686016610.2827625,316
1686016610.295485,316
1686016610.3074613,318
1686016610.3237393,319
1686016610.33627,318
1686016610.3482223,316
1686016610.3649142,314
1686016610.3769383,315
1686016610.3932166,316
1686016610.4058986,318
1686016610.4179037,317
1686016610.433957,315
1686016610.4468904,315
1686016610.4589171,316
1686016610.4750304,318
1686016610.4878883,319
1686016610.4998949,318
1686016610.5162497,316
1686016610.5288603,316
1686016610.545254,317
1686016610.5571797,319
1686016610.5699375,318
1686016610.586005,317
1686016610.5979204,315
1686016610.6108766,315
1686016610.6272352,316
1686016610.639096,318
1686016610.6514285,317
1686016610.6681526,315
1686016610.6800992,314
1686016610.696081,314
1686016610.709141,316
1686016610.7210999,317
1686016610.7370827,316
1686016610.7499428,314
1686016610.7622352,313
1686016610.7788715,314
1686016610.791232,316
1686016610.8031535,317
1686016610.8198533,315
1686016610.8321402,313
1686016610.844205,313
1686016610.8607233,314
1686016610.872597,316
1686016610.888985,316
1686016610.901138,314
1686016610.9134784,313
1686016610.9301853,313
1686016610.9427109,315
1686016610.954766,316
1686016610.9707534,316
1686016610.982805,314
1686016610.995969,313
1686016611.0117135,314
1686016611.024395,316
1686016611.0405204,317
1686016611.0528567,316
1686016611.0653396,314
1686016611.0810285,313
1686016611.094269,315
1686016611.1062484,316
1686016611.1228573,316
1686016611.134787,315
1686016611.1469693,313
1686016611.163194,313
1686016611.175811,314
1686016611.1923518,316
1686016611.2042797,316
1686016611.2162905,314
1686016611.2333028,312
1686016611.2454994,313
1686016611.257999,315
1686016611.2742739,316
1686016611.286262,316
1686016611.2990541,314
1686016611.315013,313
1686016611.3270028,314
1686016611.339016,316
1686016611.3559947,317
1686016611.3680687,316
1686016611.3840082,314
1686016611.3970153,314
1686016611.4090614,315
1686016611.4251978,317
1686016611.4379997,317
1686016611.450247,316
1686016611.4663863,314
1686016611.478861,314
1686016611.49145,315
1686016611.5072508,317
1686016611.519625,317
1686016611.5356252,315
1686016611.548771,314
1686016611.5611162,315
1686016611.5765731,317
1686016611.5896983,318
1686016611.6016085,318
1686016611.6177418,316
1686016611.6307466,315
1686016611.6431994,316
1686016611.6593835,319
1686016611.671493,320
1686016611.6841671,320
1686016611.699788,319
1686016611.7124343,321
1686016611.7288327,324
1686016611.7412143,329
1686016611.753389,334
1686016611.7700052,336
1686016611.782247,338
1686016611.7942936,341
1686016611.8102963,344
1686016611.8228443,346
1686016611.8351872,343
1686016611.8514335,338
1686016611.8633792,332
1686016611.880079,327
1686016611.8925564,323
1686016611.9047918,316
1686016611.921347,310
1686016611.934012,305
1686016611.9463344,301
1686016611.9618077,301
1686016611.9747934,301
1686016611.986462,302
1686016612.0034788,301
1686016612.0156798,299
1686016612.0322366,299
1686016612.0435452,300
1686016612.056558,303
1686016612.0727534,303
1686016612.0854106,302
1686016612.0977516,301
1686016612.1148298,301
1686016612.1258721,303
1686016612.1386497,305
1686016612.1545124,305
1686016612.167254,304
1686016612.1790156,303
1686016612.196154,304
1686016612.2074118,306
1686016612.2245004,308
1686016612.2364304,308
1686016612.2484865,307
1686016612.26535,306
1686016612.2776828,308
1686016612.2897038,312
1686016612.305667,315
1686016612.3182445,316
1686016612.330232,317
1686016612.3471336,320
1686016612.3591719,326
1686016612.3753684,335
1686016612.3883305,342
1686016612.400653,348
1686016612.4170468,353
1686016612.4292917,358
1686016612.4414568,363
1686016612.4576054,366
1686016612.4696379,365
1686016612.482852,357
1686016612.4984105,350
1686016612.5113614,344
1686016612.5235643,339
1686016612.5400987,334
1686016612.551499,328
1686016612.568496,320
1686016612.5812154,314
1686016612.592839,310
1686016612.6087627,309
1686016612.6217747,307
1686016612.6337626,303
1686016612.6497667,299
1686016612.6627705,297
1686016612.6753068,296
1686016612.690956,296
1686016612.7029405,295
1686016612.7201247,293
1686016612.7322643,290
1686016612.7451723,289
1686016612.7609866,289
1686016612.773323,289
1686016612.785682,287
1686016612.801599,283
1686016612.8158262,281
1686016612.8265877,280
1686016612.8425639,280
1686016612.8552697,280
1686016612.8710377,279
1686016612.8836484,278
1686016612.8962064,278
1686016612.9122765,282
1686016612.9250412,285
1686016612.9371254,288
1686016612.953788,290
1686016612.9661655,291
1686016612.978226,293
1686016612.9948366,297
1686016613.0068896,302
1686016613.0190034,305
1686016613.0351243,306
1686016613.048019,308
1686016613.0641787,311
1686016613.076065,315
1686016613.0886438,318
1686016613.1052258,319
1686016613.116915,319
1686016613.1292353,319
1686016613.1459746,321
1686016613.1582015,324
1686016613.1700044,327
1686016613.187146,327
1686016613.1992671,325
1686016613.2149072,325
1686016613.227762,326
1686016613.2403498,328
1686016613.2570164,328
1686016613.2690306,327
1686016613.2812533,325
1686016613.2970827,324
1686016613.3101194,325
1686016613.3221042,326
1686016613.3388813,326
1686016613.3509386,325
1686016613.3629975,323
1686016613.3795495,323
1686016613.3916829,324
1686016613.408191,325
1686016613.4201887,325
1686016613.4330933,323
1686016613.4489076,322
1686016613.460949,322
1686016613.4736295,323
1686016613.4902544,324
1686016613.5023887,323
1686016613.5139592,322
1686016613.5311787,321
1686016613.5429916,322
1686016613.5590653,323
1686016613.5719912,324
1686016613.58423,323
1686016613.6006162,321
1686016613.6128669,321
1686016613.625029,322
1686016613.6416218,323
1686016613.6541421,323
1686016613.6662502,321
1686016613.6822913,319
1686016613.695125,319
1686016613.7112734,320
1686016613.7230418,322
1686016613.7360404,321
1686016613.7523043,319
1686016613.7642105,318
1686016613.7766922,318
1686016613.7932537,319
1686016613.8050604,320
1686016613.8190556,319
1686016613.8340585,317
1686016613.8465319,317
1686016613.858226,318
1686016613.8752165,319
1686016613.8872328,320
1686016613.9033852,319
1686016613.9162176,317
1686016613.928469,317
1686016613.9446108,318
1686016613.9566507,319
1686016613.9693775,319
1686016613.9853828,317
1686016613.9974742,315
1686016614.0101945,314
1686016614.0268457,316
1686016614.0387323,317
1686016614.0546784,317
1686016614.0676844,315
1686016614.0802188,313
1686016614.0963366,312
1686016614.10835,314
1686016614.12034,314
1686016614.137533,313
1686016614.1491718,311
1686016614.1612573,310
1686016614.1781895,311
1686016614.1908274,314
1686016614.2024558,315
1686016614.2187016,314
1686016614.2316895,313
1686016614.2474625,312
1686016614.260374,314
1686016614.2722967,316
1686016614.2883594,316
1686016614.3003683,315
1686016614.313289,314
1686016614.329291,314
1686016614.3423204,316
1686016614.3542943,317
1686016614.3703573,317
1686016614.3823538,315
1686016614.3992972,314
1686016614.411531,315
1686016614.4238331,316
1686016614.4400768,318
1686016614.4526236,316
1686016614.4646664,315
1686016614.4813514,314
1686016614.493022,315
1686016614.5059423,317
1686016614.5219376,317
1686016614.5340905,316
1686016614.5508494,314
1686016614.5628092,314
1686016614.575188,316
1686016614.592135,317
1686016614.6054718,318
1686016614.6160586,316
1686016614.6331048,315
1686016614.6451173,315
1686016614.6575577,317
1686016614.6732945,318
1686016614.686022,318
1686016614.6982803,316
1686016614.7143092,315
1686016614.7276568,316
1686016614.7431014,317
1686016614.7562287,318
1686016614.7682726,318
1686016614.784287,316
1686016614.7965515,315
1686016614.809245,317
1686016614.8252337,319
1686016614.8372982,319
1686016614.8499596,318
1686016614.8656268,316
1686016614.8787282,316
1686016614.894227,317
1686016614.9067996,319
1686016614.9192421,319
1686016614.9358926,317
1686016614.9473996,316
1686016614.9604735,316
1686016614.9767926,318
1686016614.9886796,319
1686016615.0010486,319
1686016615.0172017,317
1686016615.03009,316
1686016615.0459366,316
1686016615.0591993,318
1686016615.0712273,319
1686016615.0874512,318
1686016615.1000485,316
1686016615.1122386,316
1686016615.128558,317
1686016615.1406033,319
1686016615.1533144,319
1686016615.1692996,318
1686016615.1817317,316
1686016615.1937766,316
1686016615.2104638,317
1686016615.2229095,319
1686016615.2389717,319
1686016615.251391,318
1686016615.2642071,316
1686016615.279728,316
1686016615.2928064,318
1686016615.3041487,319
1686016615.320323,319
1686016615.3332946,317
1686016615.3458555,316
1686016615.3612835,316
1686016615.3740158,318
1686016615.3907936,319
1686016615.4034312,318
1686016615.4154382,316
1686016615.4315622,315
1686016615.4441473,316
1686016615.456047,317
1686016615.4727628,317
1686016615.484408,316
1686016615.4972727,314
1686016615.513667,313
1686016615.5255346,314
1686016615.541351,316
1686016615.5543141,316
1686016615.5668902,314
1686016615.5825212,313
1686016615.5953662,313
1686016615.6079,315
1686016615.6240554,316
1686016615.6363459,316
1686016615.6484869,314
1686016615.664761,313
1686016615.677418,314
1686016615.6896336,316
1686016615.7055864,317
1686016615.718245,316
1686016615.7339754,314
1686016615.746738,313
1686016615.7588625,314
1686016615.7762337,315
1686016615.7872787,315
1686016615.8003507,314
1686016615.816821,312
1686016615.8281894,311
1686016615.841183,313
1686016615.8570845,314
1686016615.869916,314
1686016615.8850474,312
1686016615.8986976,311
1686016615.9106853,311
1686016615.9270232,313
1686016615.9393406,315
1686016615.9517393,314
1686016615.9678078,313
1686016615.9805455,312
1686016615.9921722,312
1686016616.0092373,314
1686016616.0212815,314
1686016616.0333693,313
1686016616.0493698,311
1686016616.061514,311
1686016616.0782776,312
1686016616.09092,314
1686016616.1033,315
1686016616.1193445,314
1686016616.1320524,312
1686016616.1442065,312
1686016616.160918,314
1686016616.1722643,316
1686016616.1852841,315
1686016616.2012885,314
1686016616.2131002,312
1686016616.2301085,312
1686016616.2428544,314
1686016616.2550764,316
1686016616.2712178,315
1686016616.2832093,313
1686016616.2952635,312
1686016616.3116348,312
1686016616.324554,314
1686016616.3362172,315
1686016616.3532813,314
1686016616.3652544,312
1686016616.381029,312
1686016616.3934746,313
1686016616.406473,315
1686016616.422678,315
1686016616.4354734,315
1686016616.4472892,313
1686016616.4640212,313
1686016616.4760725,314
1686016616.487795,316
1686016616.5046709,316
1686016616.5162194,315
1686016616.529448,313
1686016616.54564,314
1686016616.5572193,315
1686016616.5742717,317
1686016616.5861318,316
1686016616.5984714,314
1686016616.615798,313
1686016616.627792,313
1686016616.6394758,315
1686016616.656193,316
1686016616.6681724,315
1686016616.681034,314
1686016616.697047,313
1686016616.7095625,314
1686016616.7258506,316
1686016616.7382874,316
1686016616.7502522,315
1686016616.7662628,313
1686016616.7791743,313
1686016616.791184,315
1686016616.807491,316
1686016616.820333,316
1686016616.8322585,315
1686016616.8482304,313
1686016616.860761,313
1686016616.8728135,315
1686016616.8898659,316
1686016616.901294,316
1686016616.9183605,314
1686016616.9306128,313
1686016616.9421427,314
1686016616.9596093,316
1686016616.9716153,317
1686016616.9836512,316
1686016616.999664,314
1686016617.01283,313
1686016617.0242782,314
1686016617.0412846,316
1686016617.0532832,317
1686016617.0696363,316
1686016617.082288,314
1686016617.0942867,313
1686016617.1102672,315
1686016617.1232927,317
1686016617.1355512,316
1686016617.1522708,315
1686016617.1643422,313
1686016617.1764328,314
1686016617.1923623,315
1686016617.2053657,317
1686016617.2214465,316
1686016617.2334087,315
1686016617.246347,314
1686016617.262364,315
1686016617.274694,317
1686016617.2864165,318
1686016617.3033676,317
1686016617.3154082,315
1686016617.327408,314
1686016617.344613,315
1686016617.356403,317
1686016617.369128,317
1686016617.3851194,316
1686016617.3974578,314
1686016617.4131892,314
1686016617.4261189,316
1686016617.438455,318
1686016617.4551463,318
1686016617.4671457,316
1686016617.4791179,315
1686016617.4951837,315
1686016617.5081353,317
1686016617.5201766,318
1686016617.536573,318
1686016617.548633,316
1686016617.5651555,315
1686016617.5770774,316
1686016617.5901086,318
1686016617.6064484,319
1686016617.6183937,318
1686016617.6310866,316
1686016617.6473556,315
1686016617.6593974,317
1686016617.6718822,318
1686016617.6882968,318
1686016617.7001202,317
1686016617.7160664,315
1686016617.7293289,315
1686016617.7417355,316
1686016617.7576146,318
1686016617.769664,318
1686016617.7826269,316
1686016617.7986135,315
1686016617.8109217,315
1686016617.8236928,317
1686016617.8399668,318
1686016617.8516202,317
1686016617.8639848,316
1686016617.8809829,315
1686016617.892982,315
1686016617.9089782,317
1686016617.9220047,318
1686016617.9340491,317
1686016617.9500237,314
1686016617.9630039,314
1686016617.975107,314
1686016617.9907382,316
1686016618.003826,316
1686016618.0153813,315
1686016618.0323799,313
1686016618.044442,313
1686016618.061107,315
1686016618.0733964,317
1686016618.085423,317
1686016618.1013892,316
1686016618.1144023,316
1686016618.1265664,317
1686016618.142675,321
1686016618.155382,323
1686016618.1669059,325
1686016618.1841516,326
1686016618.1965601,329
1686016618.208566,334
1686016618.22463,339
1686016618.2366269,342
1686016618.2536623,341
1686016618.2660751,337
1686016618.2776535,331
1686016618.2941484,326
1686016618.3067694,321
1686016618.3188894,314
1686016618.3355668,306
1686016618.347584,298
1686016618.3595695,294
1686016618.376579,292
1686016618.388667,293
1686016618.4045112,293
1686016618.4175105,292
1686016618.429646,292
1686016618.4460254,294
1686016618.458018,298
1686016618.4704044,302
1686016618.4870763,303
1686016618.4996588,303
1686016618.5110488,304
1686016618.5280821,306
1686016618.540437,309
1686016618.5566297,311
1686016618.5685546,310
1686016618.5805519,308
1686016618.5975769,310
1686016618.609628,312
1686016618.6215568,315
1686016618.638642,316
1686016618.650558,315
1686016618.6631806,314
1686016618.679189,314
1686016618.6915946,315
1686016618.70428,316
1686016618.720447,316
1686016618.7322361,314
1686016618.749242,312
1686016618.761434,314
1686016618.7735467,315
1686016618.7902925,316
1686016618.8022323,315
1686016618.8143568,313
1686016618.8313317,312
1686016618.8434434,313
1686016618.8553233,316
1686016618.8722577,317
1686016618.8842547,317
1686016618.9002337,316
1686016618.9132571,317
1686016618.9252563,319
1686016618.9415436,323
1686016618.954257,325
1686016618.9663074,325
1686016618.9822526,326
1686016618.9946065,330
1686016619.0073183,335
1686016619.023829,342
1686016619.0352309,347
1686016619.0512528,352
1686016619.0644379,358
1686016619.0763876,366
1686016619.0932174,375
1686016619.1054623,383
1686016619.1174889,387
1686016619.1341567,390
1686016619.1464489,391
1686016619.1591446,394
1686016619.175157,397
1686016619.187199,398
1686016619.1991374,396
1686016619.216118,393
1686016619.2283418,390
1686016619.2441194,389
1686016619.2571204,388
1686016619.269279,384
1686016619.2851152,379
1686016619.2981653,372
1686016619.31018,366
1686016619.3260317,362
1686016619.3390346,359
1686016619.351008,352
1686016619.3674235,345
1686016619.3797426,339
1686016619.3954883,334
1686016619.4084272,333
1686016619.4204974,330
1686016619.4374464,325
1686016619.4496052,321
1686016619.46197,317
1686016619.4779172,316
1686016619.4902394,317
1686016619.5029206,315
1686016619.5191154,312
1686016619.5309181,309
1686016619.5439417,307
1686016619.5601532,307
1686016619.5725765,307
1686016619.5885782,305
1686016619.6009285,302
1686016619.613613,298
1686016619.629604,295
1686016619.6415854,291
1686016619.6549425,285
1686016619.6706011,276
1686016619.6828902,264
1686016619.69464,255
1686016619.71172,247
1686016619.7239316,243
1686016619.7396433,240
1686016619.7525787,236
1686016619.7648866,232
1686016619.7809637,230
1686016619.7936573,233
1686016619.8055875,237
1686016619.8226025,240
1686016619.8346004,242
1686016619.8466835,245
1686016619.862579,250
1686016619.875238,257
1686016619.8916085,265
1686016619.9043026,272
1686016619.9162426,278
1686016619.9325416,285
1686016619.9452388,295
1686016619.9572735,302
1686016619.9740634,308
1686016619.9863327,312
1686016619.998102,312
1686016620.0140364,312
1686016620.0270524,314
1686016620.0390358,315
1686016620.0550318,317
1686016620.0681984,316
1686016620.0842502,313
1686016620.0962403,312
1686016620.1092024,313
1686016620.1254475,313
1686016620.137497,314
1686016620.1501975,311
1686016620.1662958,309
1686016620.178657,306
1686016620.190685,306
1686016620.2073154,305
1686016620.2196498,302
1686016620.2358239,297
1686016620.2480047,292
1686016620.26011,290
1686016620.2770202,290
1686016620.2890213,291
1686016620.301286,291
1686016620.3181427,289
1686016620.3302734,289
1686016620.3421352,291
1686016620.3588276,295
1686016620.3708978,297
1686016620.3835542,298
1686016620.399925,298
1686016620.411918,299
1686016620.4281354,302
1686016620.440553,305
1686016620.452865,307
1686016620.469836,308
1686016620.4813197,307
1686016620.4933026,308
1686016620.510392,311
1686016620.5225236,314
1686016620.5343032,314
1686016620.5513024,313
1686016620.5633786,312
1686016620.57943,312
1686016620.592441,315
1686016620.6049736,316
1686016620.6203709,316
1686016620.6333947,314
1686016620.6454926,313
1686016620.6617062,314
1686016620.6740935,316
1686016620.6867156,317
1686016620.702641,317
1686016620.714704,315
1686016620.7313972,314
1686016620.7438445,316
1686016620.75578,318
1686016620.7724934,318
1686016620.7852395,318
1686016620.7965388,316
1686016620.813491,316
1686016620.8254738,318
1686016620.8382776,319
1686016620.8545535,319
1686016620.8669083,317
1686016620.8789606,315
1686016620.894891,315
1686016620.9068878,317
1686016620.9241118,318
1686016620.9364605,318
1686016620.948893,316
1686016620.9648829,314
1686016620.9772544,315
1686016620.9890692,317
1686016621.0062487,317
1686016621.018098,316
1686016621.0301242,314
1686016621.046414,313
1686016621.0593681,314
1686016621.0753639,315
1686016621.0874147,315
1686016621.1003726,314
1686016621.116346,312
1686016621.1286626,312
1686016621.1413682,314
1686016621.1577084,316
1686016621.1696765,316
1686016621.1823583,315
1686016621.1983628,314
1686016621.2113729,314
1686016621.2266712,316
1686016621.239353,317
1686016621.2519605,317
1686016621.2682195,314
1686016621.2802734,313
1686016621.292254,314
1686016621.3092952,315
1686016621.3213499,316
1686016621.3333278,315
1686016621.3492794,313
1686016621.3622928,312
1686016621.3746686,313
1686016621.3909879,316
1686016621.4036758,316
1686016621.41967,314
1686016621.431859,313
1686016621.4446988,312
1686016621.4608905,314
1686016621.472727,315
1686016621.485023,315
1686016621.5016897,313
1686016621.5137289,311
1686016621.5263329,310
1686016621.5426886,312
1686016621.5546641,313
1686016621.5703032,312
1686016621.5832956,309
1686016621.5952332,308
1686016621.6122632,308
1686016621.6248937,310
1686016621.636231,311
1686016621.6532567,309
1686016621.6654725,307
1686016621.6782515,307
1686016621.6942413,308
1686016621.7062516,309
1686016621.718621,309
1686016621.7352564,308
1686016621.7472486,306
1686016621.7634215,306
1686016621.776051,307
1686016621.7889822,309
1686016621.8041618,308
1686016621.817055,307
1686016621.8292298,305
1686016621.8449738,305
1686016621.858154,307
1686016621.869911,309
1686016621.8859217,308
1686016621.8989391,306
1686016621.9149418,305
1686016621.9269657,307
1686016621.9399478,309
1686016621.956183,310
1686016621.9681845,309
1686016621.9805133,308
1686016621.9968238,307
1686016622.0094676,309
1686016622.0214674,311
1686016622.0384498,312
1686016622.0505216,310
1686016622.0660946,309
1686016622.0789099,309
1686016622.0909493,311
1686016622.1078942,313
1686016622.1199062,313
1686016622.1329079,311
1686016622.1489236,310
1686016622.1609745,311
1686016622.1729546,313
1686016622.1899185,314
1686016622.2019122,314
1686016622.213932,313
1686016622.2309153,312
1686016622.2429104,314
1686016622.2588947,316
1686016622.2719202,317
1686016622.2839744,316
1686016622.2999022,315
1686016622.311956,315
1686016622.3249779,317
1686016622.341214,319
1686016622.353916,320
1686016622.3659813,319
1686016622.3818898,318
1686016622.394497,318
1686016622.4103506,320
1686016622.4231899,322
1686016622.4354906,322
1686016622.4514785,321
1686016622.463922,320
1686016622.4765813,321
1686016622.492641,323
1686016622.505135,324
1686016622.5173557,323
1686016622.5333102,321
1686016622.545308,321
1686016622.5618584,322
1686016622.5749915,324
1686016622.5871885,325
1686016622.6031876,324
1686016622.6152546,322
1686016622.628239,322
1686016622.643996,324
1686016622.6561105,326
1686016622.6691947,326
1686016622.6850972,324
1686016622.6972404,323
1686016622.7092867,323
1686016622.7263043,325
1686016622.738286,327
1686016622.7551506,326
1686016622.7670705,325
1686016622.779093,323
1686016622.7952898,324
1686016622.8081598,326
1686016622.8203208,327
1686016622.836982,326
1686016622.849011,324
1686016622.8609846,323
1686016622.8779268,324
1686016622.8895998,326
1686016622.9055748,327
1686016622.9185839,325
1686016622.9311664,323
1686016622.946591,323
1686016622.9596312,324
1686016622.9716399,326
1686016622.9883194,325
1686016623.000311,324
1686016623.012553,322
1686016623.0290785,322
1686016623.04187,324
1686016623.0537636,325
1686016623.0701654,325
1686016623.082325,323
1686016623.0989149,322
1686016623.111215,322
1686016623.1232202,324
1686016623.1397643,325
1686016623.152127,324
1686016623.164448,322
1686016623.180805,321
1686016623.193879,322
1686016623.205227,324
1686016623.222194,324
1686016623.2344139,323
1686016623.2504299,321
1686016623.2627392,320
1686016623.2750883,322
1686016623.2912052,323
1686016623.3031383,324
1686016623.3160174,322
1686016623.3323517,321
1686016623.3450112,322
1686016623.3568504,324
1686016623.3729193,326
1686016623.3852777,326
1686016623.4011126,325
1686016623.4143267,325
1686016623.427024,327
1686016623.4433184,330
1686016623.4551458,332
1686016623.4679286,332
1686016623.4840322,331
1686016623.4956892,332
1686016623.5086527,333
1686016623.5241406,335
1686016623.5372381,336
1686016623.549336,332
1686016623.5652514,329
1686016623.5779793,326
1686016623.5946348,325
1686016623.6063204,323
1686016623.6192539,321
1686016623.635803,318
1686016623.6478438,315
1686016623.661255,314
1686016623.6766634,314
1686016623.6886928,315
1686016623.7007535,313
1686016623.7172852,312
1686016623.7299461,310
1686016623.7460256,310
1686016623.7586455,312
1686016623.7704449,313
1686016623.7866817,313
1686016623.7991414,311
1686016623.8121707,310
1686016623.827678,312
1686016623.8404334,315
1686016623.8522964,316
1686016623.8685138,315
1686016623.8805585,315
1686016623.8967009,316
1686016623.9097261,320
1686016623.922261,323
1686016623.9386744,325
1686016623.95066,325
1686016623.9626606,324
1686016623.97972,327
1686016623.9921217,330
1686016624.0034323,332
1686016624.0205915,332
1686016624.0321925,331
1686016624.0451744,329
1686016624.0610373,330
1686016624.0731282,330
1686016624.089417,328
1686016624.1023722,325
1686016624.1145859,321
1686016624.1311913,318
1686016624.143187,317
1686016624.1552005,316
1686016624.1721969,315
1686016624.1842496,312
1686016624.1959896,310
1686016624.2129889,308
1686016624.2258253,309
1686016624.241108,310
1686016624.254286,309
1686016624.2664196,307
1686016624.2829523,304
1686016624.295391,305
1686016624.307286,305
1686016624.3242967,307
1686016624.3363323,306
1686016624.3482492,305
1686016624.3640926,305
1686016624.3770845,311
1686016624.3887331,320
1686016624.405623,329
1686016624.4176795,337
1686016624.4332578,343
1686016624.4469035,350
1686016624.4594333,358
1686016624.4744494,366
1686016624.4872966,371
1686016624.5000525,374
1686016624.5160968,377
1686016624.5283504,380
1686016624.5402496,383
1686016624.5572014,385
1686016624.5693479,383
1686016624.5854487,379
1686016624.5981195,374
1686016624.6103086,370
1686016624.626684,365
1686016624.6390684,360
1686016624.6511114,352
1686016624.6679482,342
1686016624.6796453,333
1686016624.6922562,326
1686016624.7082782,319
1686016624.7209826,312
1686016624.7365384,304
1686016624.7494678,296
1686016624.7621796,290
1686016624.7785802,288
1686016624.790503,286
1686016624.8039782,283
1686016624.8202634,280
1686016624.8308835,276
1686016624.8438656,274
1686016624.86025,276
1686016624.872305,278
1686016624.8848772,279
1686016624.9012337,278
1686016624.9132748,278
1686016624.9291828,281
1686016624.9415858,284
1686016624.9545605,286
1686016624.9707735,286
1686016624.9831922,284
1686016624.9952364,283
1686016625.011693,283
1686016625.0241838,285
1686016625.0363452,285
1686016625.052343,283
1686016625.0652242,280
1686016625.0808675,281
1686016625.0941215,283
1686016625.106143,285
1686016625.121912,286
1686016625.1356926,285
1686016625.1470723,286
1686016625.1639028,287
1686016625.1749835,290
1686016625.187716,293
1686016625.204372,295
1686016625.2162704,294
1686016625.2282422,293
1686016625.2453108,295
1686016625.257632,299
1686016625.2731843,300
1686016625.2861714,300
1686016625.2987487,299
1686016625.3150976,299
1686016625.3270013,301
1686016625.3390625,303
1686016625.3560977,304
1686016625.3681762,303
1686016625.379704,302
1686016625.3967092,302
1686016625.4092464,304
1686016625.4255583,305
1686016625.4374056,306
1686016625.4502876,304
1686016625.4664018,303
1686016625.4781597,303
1686016625.4911797,305
1686016625.50735,306
1686016625.5198185,306
1686016625.5321398,304
1686016625.548101,303
1686016625.5601375,304
1686016625.5761719,306
1686016625.5886843,308
1686016625.6016223,307
1686016625.6176379,305
1686016625.629779,305
1686016625.6426182,307
1686016625.6586313,309
1686016625.6706288,309
1686016625.6830153,308
1686016625.700017,306
1686016625.7119796,307
1686016625.7240214,308
1686016625.7409675,310
1686016625.7526617,310
1686016625.7690723,308
1686016625.7813907,308
1686016625.7933056,308
1686016625.8103526,309
1686016625.8224664,310
1686016625.835056,308
1686016625.8514812,306
1686016625.8635294,305
1686016625.8761504,305
1686016625.892254,306
1686016625.9047644,305
1686016625.9211829,303
1686016625.9330516,301
1686016625.9456036,299
1686016625.9615946,300
1686016625.973684,302
1686016625.9867408,303
1686016626.0029104,303
1686016626.0149531,303
1686016626.0278358,304
1686016626.0438287,306
1686016626.0558898,309
1686016626.07288,309
1686016626.0848935,308
1686016626.0968196,307
1686016626.113141,307
1686016626.125202,310
1686016626.1381335,311
1686016626.1542192,311
1686016626.1662807,309
1686016626.1791542,308
1686016626.1951523,308
1686016626.2072296,308
1686016626.2206597,308
1686016626.2358758,306
1686016626.2488103,306
1686016626.2652185,306
1686016626.2767413,307
1686016626.2892385,310
1686016626.3059306,311
1686016626.3184242,310
1686016626.3304715,308
1686016626.3465285,309
1686016626.3594677,311
1686016626.3719044,312
1686016626.3881724,312
1686016626.4002247,310
1686016626.4158192,309
1686016626.428821,309
1686016626.4406497,310
1686016626.4577374,310
1686016626.4702804,308
1686016626.4820952,304
1686016626.4988813,302
1686016626.5105152,303
1686016626.5230157,304
1686016626.539434,305
1686016626.552114,304
1686016626.564143,302
1686016626.579847,302
1686016626.5931795,303
1686016626.6092806,305
1686016626.6215541,306
1686016626.634049,304
1686016626.6500907,302
1686016626.6618142,303
1686016626.6742957,304
1686016626.6911736,305
1686016626.702953,305
1686016626.7159638,303
1686016626.7313566,301
1686016626.7442906,302
1686016626.7602506,303
1686016626.7730021,304
1686016626.785008,304
1686016626.801815,302
1686016626.8142378,302
1686016626.8264525,303
1686016626.8427136,304
1686016626.8551283,305
1686016626.8667424,304
1686016626.8837852,303
1686016626.895658,303
1686016626.912145,305
1686016626.9248602,307
1686016626.9367104,308
1686016626.9526067,307
1686016626.965914,307
1686016626.9776986,308
1686016626.9937418,310
1686016627.0057395,312
1686016627.0190177,313
1686016627.0351934,312
1686016627.0473566,311
1686016627.0592875,313
1686016627.0762389,315
1686016627.0882876,317
1686016627.1042583,317
1686016627.1169095,316
1686016627.1289375,316
1686016627.1458917,318
1686016627.1579442,321
1686016627.1714287,322
1686016627.1861858,322
1686016627.1992345,321
1686016627.2112792,321
1686016627.2273042,323
1686016627.240009,325
1686016627.2563,326
1686016627.2679646,324
1686016627.2809858,323
1686016627.2971892,323
1686016627.3092456,326
1686016627.3218951,327
1686016627.3381393,328
1686016627.3508334,327
1686016627.3622243,326
1686016627.3787837,327
1686016627.391241,330
1686016627.4032538,332
1686016627.4202442,332
1686016627.4321923,331
1686016627.44849,331
1686016627.4607458,333
1686016627.473095,335
1686016627.4891365,336
1686016627.5016692,335
1686016627.5141268,334
1686016627.530841,334
1686016627.5423384,336
1686016627.5550683,337
1686016627.5719738,337
1686016627.584237,336
1686016627.6003184,335
1686016627.6123135,336
1686016627.6248996,337
1686016627.6408894,338
1686016627.6538413,338
1686016627.6661987,336
1686016627.6821747,335
1686016627.6943367,335
1686016627.7066374,335
1686016627.7231333,336
1686016627.7351942,335
1686016627.7518728,333
1686016627.7643516,332
1686016627.7761679,333
1686016627.7921653,334
1686016627.8052442,335
1686016627.8175092,333
1686016627.8340838,331
1686016627.8460798,331
1686016627.858078,332
1686016627.8749514,333
1686016627.8869424,333
1686016627.8994272,331
1686016627.9159772,329
1686016627.9276004,329
1686016627.9435792,330
1686016627.9561632,332
1686016627.968813,331
1686016627.9845908,328
1686016627.9979165,327
1686016628.010005,327
1686016628.0262349,329
1686016628.038278,329
1686016628.0508573,328
1686016628.0665345,325
1686016628.0798554,324
1686016628.0950875,325
1686016628.1081374,326
1686016628.1206634,326
1686016628.13629,324
1686016628.1492274,322
1686016628.1611595,321
1686016628.1779184,322
1686016628.1899664,323
1686016628.2022052,322
1686016628.2188141,320
1686016628.2311385,318
1686016628.2474017,318
1686016628.2592218,320
1686016628.2722368,321
1686016628.2887912,320
1686016628.300366,318
1686016628.3137221,316
1686016628.3296385,317
1686016628.3416815,319
1686016628.3538368,319
1686016628.3704367,318
1686016628.382994,316
1686016628.3944514,315
1686016628.4110897,317
1686016628.4238505,318
1686016628.439886,318
1686016628.452221,317
1686016628.4642262,315
1686016628.480794,315
1686016628.4931607,317
1686016628.5048761,318
1686016628.5218084,318
1686016628.5342495,316
1686016628.545998,314
1686016628.5629938,314
1686016628.5749967,316
1686016628.5910637,317
1686016628.6039715,316
1686016628.61592,314
1686016628.6319137,313
1686016628.644909,314
1686016628.6569564,316
1686016628.6729133,317
1686016628.685905,316
1686016628.69787,314
1686016628.7138734,313
1686016628.7258737,315
1686016628.73888,317
1686016628.7548883,317
1686016628.7675958,316
1686016628.7839406,314
1686016628.7959592,314
1686016628.808665,315
1686016628.8250012,317
1686016628.8371415,317
1686016628.8498473,315
1686016628.8658545,314
1686016628.8782632,315
1686016628.8901885,317
1686016628.9069233,318
1686016628.9188576,317
1686016628.9351745,315
1686016628.9478648,315
1686016628.9598732,316
1686016628.9763336,317
1686016628.9884055,319
1686016629.0003972,317
1686016629.0176182,316
1686016629.0298827,316
1686016629.0418031,317
1686016629.057882,319
1686016629.0708194,319
1686016629.0870461,317
1686016629.098927,316
1686016629.111991,316
1686016629.127935,317
1686016629.1399455,319
1686016629.1527312,319
1686016629.1690004,317
1686016629.180986,315
1686016629.1929796,316
1686016629.2100565,318
1686016629.222255,320
1686016629.234241,319
1686016629.2502372,317
1686016629.2632446,316
1686016629.279296,317
1686016629.291261,319
1686016629.304311,319
1686016629.3207085,317
1686016629.332811,315
1686016629.3454432,314
1686016629.3622596,315
1686016629.3733754,316
1686016629.3864129,316
1686016629.4026952,315
1686016629.4146688,314
1686016629.430353,317
1686016629.4433584,320
1686016629.456413,324
1686016629.4724078,325
1686016629.4844341,323
1686016629.4966147,322
1686016629.5123982,322
1686016629.5253603,322
1686016629.5374117,321
1686016629.5535238,318
1686016629.5664346,313
1686016629.5784128,310
1686016629.5947325,310
1686016629.6073437,312
1686016629.6233633,312
1686016629.6356225,311
1686016629.6484048,309
1686016629.6643682,309
1686016629.6763985,311
1686016629.6894166,314
1686016629.7054048,314
1686016629.7182086,314
1686016629.7301202,312
1686016629.74646,314
1686016629.758121,317
1686016629.7751384,318
1686016629.7877884,319
1686016629.7997582,318
1686016629.816054,316
1686016629.828119,318
1686016629.8408453,321
1686016629.8571088,323
1686016629.8691204,324
1686016629.8818045,324
1686016629.898296,325
1686016629.9104314,326
1686016629.9267716,328
1686016629.9387312,328
1686016629.9513607,325
1686016629.9677663,321
1686016629.9800143,320
1686016629.9916983,320
1686016630.0088804,322
1686016630.0210254,322
1686016630.0330493,321
1686016630.0496855,321
1686016630.0616798,321
1686016630.0737522,322
1686016630.090695,322
1686016630.1027381,319
1686016630.118744,316
1686016630.131739,313
1686016630.144041,311
1686016630.1597404,311
1686016630.1727474,309
1686016630.1848536,306
1686016630.2009983,301
1686016630.213701,300
1686016630.2257807,301
1686016630.2419195,304
1686016630.254517,305
1686016630.270706,305
1686016630.283353,304
1686016630.2953503,306
1686016630.3116975,310
1686016630.3240805,315
1686016630.3363075,318
1686016630.352272,318
1686016630.365083,319
1686016630.3770258,320
1686016630.3940785,324
1686016630.4060209,326
1686016630.4220243,326
1686016630.434303,325
1686016630.4470646,324
1686016630.4630158,325
1686016630.4752243,328
1686016630.4880738,330
1686016630.5040863,330
1686016630.516439,330
1686016630.5289717,332
1686016630.5452304,335
1686016630.5578995,340
1686016630.5699177,343
1686016630.5862174,345
1686016630.5979643,347
1686016630.6139047,352
1686016630.6269617,358
1686016630.6399257,363
1686016630.655968,367
1686016630.6681614,367
1686016630.680235,367
1686016630.6968987,367
1686016630.7090833,369
1686016630.7209744,369
1686016630.7379346,367
1686016630.7499235,364
1686016630.7659805,360
1686016630.7789915,359
1686016630.7909412,357
1686016630.807157,353
1686016630.8200955,348
1686016630.8321576,341
1686016630.8483303,335
1686016630.8602216,331
1686016630.8731625,326
1686016630.8890834,319
1686016630.9017391,308
1686016630.9140947,297
1686016630.9301538,287
1686016630.942105,279
1686016630.9591627,272
1686016630.9712143,266
1686016630.9831,260
1686016631.0001583,256
1686016631.0121052,254
1686016631.024243,255
1686016631.0411005,258
1686016631.0531752,259
1686016631.0654292,259
1686016631.0814383,261
1686016631.094094,265
1686016631.1100924,270
1686016631.122155,273
1686016631.1351116,275
1686016631.1511543,276
1686016631.16323,278
1686016631.1762197,282
1686016631.191703,285
1686016631.2046702,286
1686016631.2166822,285
1686016631.2330062,284
1686016631.2457044,286
1686016631.2616293,290
1686016631.2737322,296
1686016631.2867315,301
1686016631.303142,305
1686016631.3151855,310
1686016631.327846,318
1686016631.3442473,326
1686016631.3562992,332
1686016631.3683968,334
1686016631.3845415,334
1686016631.3972874,334
1686016631.4092138,335
1686016631.4251907,336
1686016631.4382617,336
1686016631.4541733,332
1686016631.4665027,329
1686016631.479166,325
1686016631.4952486,323
1686016631.5072024,322
1686016631.520262,317
1686016631.5363667,311
1686016631.5482194,305
1686016631.5612626,301
1686016631.5771997,300
1686016631.589518,300
1686016631.605202,298
1686016631.6180499,296
1686016631.6301577,295
1686016631.6471605,295
1686016631.65916,298
1686016631.6712303,300
1686016631.6882124,300
1686016631.700254,299
1686016631.7124085,300
1686016631.7291684,302
1686016631.7412226,306
1686016631.7532706,307
1686016631.770168,307
1686016631.7821653,307
1686016631.7985127,308
1686016631.8104823,311
1686016631.8232274,314
1686016631.8393476,314
1686016631.8512108,313
1686016631.8641512,312
1686016631.880217,312
1686016631.892966,315
1686016631.905212,316
1686016631.9212134,316
1686016631.933215,314
1686016631.9492128,313
1686016631.9625635,314
1686016631.9744408,316
1686016631.991172,316
1686016632.0033202,314
1686016632.0153315,309
1686016632.0320854,306
1686016632.0443015,306
1686016632.0560308,307
1686016632.0730999,307
1686016632.085542,306
1686016632.1010337,305
1686016632.1140766,305
1686016632.1261733,307
1686016632.1420946,309
1686016632.1550992,310
1686016632.167211,309
1686016632.1833894,309
1686016632.1960988,310
1686016632.2082956,313
1686016632.2244847,315
1686016632.2369912,315
1686016632.2489917,313
1686016632.2653005,313
1686016632.2769966,314
1686016632.2940469,316
1686016632.3063598,317
1686016632.319019,317
1686016632.3350003,315
1686016632.3472533,314
1686016632.360069,315
1686016632.3760676,317
1686016632.3880696,318
1686016632.4004729,316
1686016632.416962,314
1686016632.4290936,314
1686016632.445423,316
1686016632.4581094,318
1686016632.4701114,318
1686016632.4864163,316
1686016632.4991093,314
1686016632.5111947,314
1686016632.5270944,315
1686016632.5401583,316
1686016632.5522356,315
1686016632.5683897,313
1686016632.5810935,311
1686016632.593654,312
1686016632.6095164,313
1686016632.6218605,314
1686016632.6378307,312
1686016632.6505861,310
1686016632.6627557,309
1686016632.678827,310
1686016632.6918492,312
1686016632.7035372,312
1686016632.7205877,310
1686016632.7324991,308
1686016632.744503,308
1686016632.760502,309
1686016632.7735019,310
1686016632.7897868,310
1686016632.8014994,308
1686016632.8147187,306
1686016632.8307798,306
1686016632.842781,308
1686016632.8548713,309
1686016632.8717809,308
1686016632.883779,307
1686016632.8960428,305
1686016632.9128346,306
1686016632.924835,308
1686016632.9408326,309
1686016632.9528356,308
1686016632.9658353,306
1686016632.9818342,305
1686016632.9947064,306
1686016633.0068357,307
1686016633.022835,306
1686016633.034833,303
1686016633.0475752,301
1686016633.064208,300
1686016633.07621,302
1686016633.088206,304
1686016633.1052027,304
1686016633.1172016,303
1686016633.133208,303
1686016633.1452026,304
1686016633.1582093,306
1686016633.1741986,308
1686016633.1863134,308
1686016633.1994598,307
1686016633.215339,306
1686016633.2282805,308
1686016633.240426,311
1686016633.2566774,313
1686016633.2687006,313
1686016633.2846806,311
1686016633.2977517,312
1686016633.3094203,313
1686016633.3259764,316
1686016633.3382957,317
1686016633.3510516,315
1686016633.3671596,314
1686016633.378976,315
1686016633.3920505,317
1686016633.4081824,319
1686016633.4199703,320
1686016633.432469,319
1686016633.4487796,318
1686016633.4617827,319
1686016633.4777398,321
1686016633.4897413,323
1686016633.50278,322
1686016633.518779,321
1686016633.530958,320
1686016633.54361,321
1686016633.5596278,323
1686016633.5723045,324
1686016633.5836592,323
1686016633.6006048,321
1686016633.6126573,321
1686016633.628927,323
1686016633.641611,325
1686016633.6536539,325
1686016633.6706624,323
1686016633.6826742,321
1686016633.6949341,321
1686016633.7114449,323
1686016633.7236328,325
1686016633.7362936,325
1686016633.7523403,324
1686016633.76428,323
1686016633.7806103,323
1686016633.7933483,325
1686016633.8052833,326
1686016633.8216712,324
1686016633.8344839,322
1686016633.8464026,321
1686016633.8626652,323
1686016633.875361,325
1686016633.8872993,326
1686016633.9036446,324
1686016633.9162858,323
1686016633.928295,322
1686016633.9451492,323
1686016633.956906,326
1686016633.9731934,326
1686016633.9853313,324
1686016633.9981508,323
1686016634.0149603,323
1686016634.0262544,326
1686016634.0389032,328
1686016634.0550146,329
1686016634.0679114,327
1686016634.0795746,326
1686016634.0964332,327
1686016634.1085074,329
1686016634.1245537,330
1686016634.1372793,329
1686016634.1500633,326
1686016634.1659977,325
1686016634.1785872,325
1686016634.1906123,326
1686016634.207234,327
1686016634.2191575,325
1686016634.2313578,323
1686016634.2478538,322
1686016634.2596784,324
1686016634.2762237,325
1686016634.2887108,324
1686016634.3012762,322
1686016634.317527,321
1686016634.329258,321
1686016634.3422213,322
1686016634.358729,324
1686016634.37106,323
1686016634.383498,321
1686016634.3997276,320
1686016634.4117334,320
1686016634.4237351,322
1686016634.4417374,323
1686016634.4527402,322
1686016634.4687586,320
1686016634.480725,319
1686016634.4937327,320
1686016634.5097384,322
1686016634.5217288,323
1686016634.5337253,321
1686016634.5507362,319
1686016634.5631695,319
1686016634.5747786,320
1686016634.5917363,321
1686016634.604182,321
1686016634.6199667,320
1686016634.6328998,318
1686016634.6449034,318
1686016634.6615398,319
1686016634.673953,320
1686016634.6861842,320
1686016634.702707,318
1686016634.7147527,316
1686016634.7266486,317
1686016634.7431786,319
1686016634.7554421,320
1686016634.7680564,319
1686016634.7840827,317
1686016634.7970934,316
1686016634.8127768,317
1686016634.8254733,319
1686016634.8377094,319
1686016634.8541594,318
1686016634.8661993,318
1686016634.8788636,318
1686016634.89517,321
1686016634.9071786,323
1686016634.919372,324
1686016634.9360266,323
1686016634.9480093,321
1686016634.9641428,321
1686016634.9772267,323
1686016634.9886005,324
1686016635.0057244,322
1686016635.0173266,320
1686016635.0301695,317
1686016635.0462775,317
1686016635.0581796,319
1686016635.0712426,319
1686016635.0877123,318
1686016635.0994685,316
1686016635.115865,315
1686016635.1279302,316
1686016635.1405747,318
1686016635.1568012,318
1686016635.1698282,316
1686016635.1821175,314
1686016635.1983798,313
1686016635.210395,315
1686016635.222837,316
1686016635.23843,316
1686016635.2513785,314
1686016635.263379,312
1686016635.2802908,313
1686016635.2924693,315
1686016635.3089943,316
1686016635.3212051,316
1686016635.3333845,314
1686016635.3492413,313
1686016635.361321,313
1686016635.373653,315
1686016635.3903074,316
1686016635.4023285,315
1686016635.415276,312
1686016635.4312515,311
1686016635.443201,313
1686016635.4603982,314
1686016635.4718885,315
1686016635.4849434,313
1686016635.5009549,311
1686016635.5140626,311
1686016635.5255203,312
1686016635.5420318,312
1686016635.5547535,311
1686016635.5669534,308
1686016635.582701,306
1686016635.595502,306
1686016635.6073546,308
1686016635.6241913,309
1686016635.6362975,309
1686016635.653115,308
1686016635.6652098,307
1686016635.6774282,308
1686016635.6936343,310
1686016635.7062829,312
1686016635.7180629,311
1686016635.73467,309
1686016635.7475688,309
1686016635.7593307,311
1686016635.7759478,313
1686016635.787872,313
1686016635.804126,312
1686016635.8161762,311
1686016635.829168,311
1686016635.8454714,313
1686016635.8574915,315
1686016635.8700318,315
1686016635.886344,313
1686016635.8983915,311
1686016635.9111707,312
1686016635.9265842,313
1686016635.9395955,315
1686016635.95558,314
1686016635.9684744,312
1686016635.9802883,310
1686016635.9968026,311
1686016636.0091476,313
1686016636.0211422,314
1686016636.037752,312
1686016636.050171,310
1686016636.0622969,309
1686016636.0783515,310
1686016636.090301,311
1686016636.1034226,311
1686016636.1194146,310
1686016636.1320026,309
1686016636.1482973,309
1686016636.1603236,312
1686016636.1731913,314
1686016636.1893635,314
1686016636.2008243,313
1686016636.213582,312
1686016636.2297268,312
1686016636.2423058,313
1686016636.2541723,314
1686016636.2711911,313
1686016636.2831738,310
1686016636.2999873,309
1686016636.3121617,310
1686016636.3242335,311
1686016636.3409364,312
1686016636.3532355,311
1686016636.3656893,309
1686016636.381834,308
1686016636.394245,310
1686016636.4064524,312
1686016636.4229817,312
1686016636.4352283,311
1686016636.4503813,309
1686016636.4633777,309
1686016636.4761424,311
1686016636.4918814,313
1686016636.504177,313
1686016636.5170326,311
1686016636.5333655,310
1686016636.5457428,310
1686016636.5578053,312
1686016636.574396,313
1686016636.5869887,313
1686016636.59864,311
1686016636.614627,309
1686016636.6272888,310
1686016636.6438541,312
1686016636.65614,313
1686016636.6689088,312
1686016636.6853256,310
1686016636.697344,310
1686016636.709295,312
1686016636.7262282,313
1686016636.7382085,314
1686016636.7507298,312
1686016636.7663553,310
1686016636.7795925,311
1686016636.794955,313
1686016636.8075538,314
1686016636.8202653,314
1686016636.8362405,312
1686016636.8482518,311
1686016636.8613532,312
1686016636.8774755,314
1686016636.8898757,315
1686016636.9018922,315
1686016636.9185572,313
1686016636.9307907,312
1686016636.942285,313
1686016636.9592886,315
1686016636.9717495,316
1686016636.9879503,315
1686016636.9999073,314
1686016637.0125592,313
1686016637.0290391,315
1686016637.0413208,317
1686016637.0539017,317
1686016637.0698614,316
1686016637.0824986,314
1686016637.0945477,315
1686016637.1105525,316
1686016637.123719,318
1686016637.1392078,318
1686016637.1522171,316
1686016637.164227,315
1686016637.1802232,315
1686016637.1931677,317
1686016637.2052233,318
1686016637.2211938,317
1686016637.2338245,315
1686016637.24628,315
1686016637.2619276,316
1686016637.2747033,318
1686016637.2902548,318
1686016637.3032503,317
1686016637.3159986,316
1686016637.3321905,316
1686016637.3443973,318
1686016637.3564112,319
1686016637.3726861,319
1686016637.3854198,318
1686016637.3974652,316
1686016637.4139898,316
1686016637.4264112,318
1686016637.4382055,319
1686016637.455214,319
1686016637.467375,317
1686016637.483281,316
1686016637.4952822,317
1686016637.5082495,319
1686016637.5242908,320
1686016637.5364382,319
1686016637.5488596,317
1686016637.5658863,316
1686016637.5778327,317
1686016637.589877,319
1686016637.6058853,320
1686016637.6191435,318
1686016637.6342306,316
1686016637.6471088,316
1686016637.6593316,318
1686016637.6762452,320
1686016637.6882403,320
1686016637.7002587,318
1686016637.7169363,317
1686016637.7289739,317
1686016637.741913,319
1686016637.7578251,321
1686016637.770331,320
1686016637.7860684,319
1686016637.799091,318
1686016637.8116305,318
1686016637.8270297,320
1686016637.8399544,321
1686016637.852416,320
1686016637.8684585,318
1686016637.8812394,318
1686016637.8933196,319
1686016637.9096556,320
1686016637.9217741,321
1686016637.93423,320
1686016637.9502618,318
1686016637.9629445,318
1686016637.9789472,320
1686016637.9918463,321
1686016638.0033858,321
1686016638.0200486,319
1686016638.0323722,317
1686016638.0444152,317
1686016638.0613196,319
1686016638.073479,320
1686016638.086065,320
1686016638.1017926,318
1686016638.1145563,317
1686016638.131095,317
1686016638.1429393,319
1686016638.1549509,320
1686016638.171602,319
1686016638.1841176,317
1686016638.1963193,316
1686016638.2123199,318
1686016638.22519,319
1686016638.237537,320
1686016638.2535057,318
1686016638.2661853,317
1686016638.2783444,316
1686016638.2938623,318
1686016638.3068247,319
1686016638.3232336,319
1686016638.335554,318
1686016638.3472326,316
1686016638.3642411,317
1686016638.3762834,319
1686016638.3889227,319
1686016638.4049082,319
1686016638.4175427,317
1686016638.4292402,316
1686016638.4461832,316
1686016638.4585638,318
1686016638.474446,319
1686016638.4864335,317
1686016638.4994867,315
1686016638.516178,315
1686016638.5280466,317
1686016638.540333,318
1686016638.5566645,318
1686016638.569096,317
1686016638.580807,315
1686016638.5977895,315
1686016638.609347,317
1686016638.6253548,318
1686016638.638458,318
1686016638.6512926,316
1686016638.6673567,314
1686016638.679639,315
1686016638.6921344,317
1686016638.708311,318
1686016638.7203548,317
1686016638.7329783,315
1686016638.748743,314
1686016638.7609162,315
1686016638.773845,317
1686016638.7902415,318
1686016638.8022895,317
1686016638.8188574,315
1686016638.8306823,314
1686016638.8436205,316
1686016638.859849,317
1686016638.871897,317
1686016638.8841286,316
1686016638.900822,314
1686016638.91318,315
1686016638.9251392,317
1686016638.9412098,318
1686016638.9542038,318
1686016638.970231,316
1686016638.9822733,315
1686016638.995222,315
1686016639.0115032,317
1686016639.023632,319
1686016639.0358715,319
1686016639.0522683,318
1686016639.064444,316
1686016639.0765462,317
1686016639.0932024,319
1686016639.1053033,319
1686016639.1173534,318
1686016639.1344876,316
1686016639.1469078,315
1686016639.1631603,316
1686016639.1752715,318
1686016639.1878026,317
1686016639.2041838,315
1686016639.2158964,314
1686016639.2279718,314
1686016639.2449198,315
1686016639.2569113,317
1686016639.2689102,316
1686016639.2860653,315
1686016639.2976725,313
1686016639.3139536,313
1686016639.3268178,315
1686016639.3388314,316
1686016639.3555562,315
1686016639.3678846,314
1686016639.379836,312
1686016639.3958614,314
1686016639.4088268,315
1686016639.4208188,316
1686016639.4372256,315
1686016639.4498324,313
1686016639.4658146,312
1686016639.4778147,314
1686016639.4901898,316
1686016639.5067804,316
1686016639.5187812,314
1686016639.5307453,312
1686016639.547792,313
1686016639.5598574,315
1686016639.5727293,316
1686016639.588797,316
1686016639.6007771,315
1686016639.6127727,313
1686016639.6300776,313
1686016639.6423054,316
1686016639.658223,316
1686016639.6706932,316
1686016639.6827028,314
1686016639.6986523,313
1686016639.7116945,314
1686016639.7236526,316
1686016639.739819,317
1686016639.7528393,315
1686016639.7655907,313
1686016639.781098,313
1686016639.7937777,315
1686016639.8102176,316
1686016639.8221529,316
1686016639.8342013,315
1686016639.8503034,313
1686016639.8628042,313
1686016639.8750288,315
1686016639.8920507,317
1686016639.9045947,317
1686016639.9162686,315
1686016639.9325395,313
1686016639.9447305,314
1686016639.9619555,316
1686016639.974268,317
1686016639.986261,316
1686016640.0022564,314
1686016640.0142255,313
1686016640.0272746,314
1686016640.0438797,316
1686016640.0560925,316
1686016640.0682218,315
1686016640.0842724,313
1686016640.0962903,312
1686016640.1087983,314
1686016640.124811,316
1686016640.1378295,316
1686016640.1538117,314
1686016640.1661677,312
1686016640.178167,312
1686016640.1951237,314
1686016640.2071106,315
1686016640.2191145,315
1686016640.2355497,313
1686016640.248347,312
1686016640.2610357,313
1686016640.27703,315
1686016640.289036,316
1686016640.3050365,315
1686016640.3180404,313
1686016640.3301284,313
1686016640.3460283,314
1686016640.3590343,316
1686016640.3710454,317
1686016640.387514,315
1686016640.3995643,313
1686016640.4118242,313
1686016640.4285114,315
1686016640.4408689,316
1686016640.4525092,316
1686016640.4695034,314
1686016640.4815135,313
1686016640.4975638,313
1686016640.5105753,315
1686016640.5228503,316
1686016640.5391674,316
1686016640.5511677,314
1686016640.563178,313
1686016640.5806997,313
1686016640.592004,315
1686016640.6039975,316
1686016640.6210775,315
1686016640.6330693,313
1686016640.650041,312
1686016640.6613455,314
1686016640.6745517,316
1686016640.6904407,316
1686016640.7031522,315
1686016640.7152147,313
1686016640.731157,313
1686016640.7436457,315
1686016640.7565813,316
1686016640.7724996,316
1686016640.7848244,314
1686016640.8005087,313
1686016640.8135786,313
1686016640.8256931,315
1686016640.841997,316
1686016640.8546352,316
1686016640.8670826,315
1686016640.882499,315
1686016640.8955903,317
1686016640.907765,320
1686016640.9235203,321
1686016640.9364638,321
1686016640.9485085,320
1686016640.9645078,320
1686016640.9775224,321
1686016640.9934459,324
1686016641.0055068,324
1686016641.0184476,324
1686016641.0348363,322
1686016641.0467443,323
1686016641.0596278,325
1686016641.0757809,328
1686016641.0877585,329
1686016641.1004434,327
1686016641.1165037,325
1686016641.1288166,323
1686016641.1445081,321
1686016641.1574404,318
1686016641.1694882,313
1686016641.1865168,308
1686016641.1985385,304
1686016641.210538,303
1686016641.2275155,304
1686016641.239721,304
1686016641.251661,303
1686016641.2686572,302
1686016641.2797196,302
1686016641.2967255,305
1686016641.3093429,309
1686016641.320678,311
1686016641.33759,312
1686016641.3500104,314
1686016641.3618944,318
1686016641.378533,324
1686016641.3911905,328
1686016641.4035223,330
1686016641.4195743,330
1686016641.4323087,330
1686016641.4438558,331
1686016641.4607234,332
1686016641.4724076,332
1686016641.4894183,329
1686016641.5014102,324
1686016641.513632,318
1686016641.5304408,316
1686016641.5428426,315
1686016641.554637,313
1686016641.571373,311
1686016641.583591,309
1686016641.5963228,308
1686016641.6123748,310
1686016641.6243775,313
1686016641.639914,313
1686016641.6528635,312
1686016641.6649375,311
1686016641.6818688,312
1686016641.6940525,316
1686016641.7063375,319
1686016641.722382,321
1686016641.7353306,322
1686016641.7473943,325
1686016641.7636838,330
1686016641.7753885,337
1686016641.788321,343
1686016641.8043928,347
1686016641.8165126,351
1686016641.8333263,355
1686016641.8460634,362
1686016641.8576972,371
1686016641.8746877,378
1686016641.8867414,381
1686016641.8986287,382
1686016641.9149354,384
1686016641.9276965,386
1686016641.9398913,388
1686016641.9562511,387
1686016641.968691,383
1686016641.9846382,379
1686016641.9966195,376
1686016642.0092773,373
1686016642.025207,369
1686016642.0381093,363
1686016642.0498366,356
1686016642.0670614,346
1686016642.0786948,338
1686016642.0907538,329
1686016642.107785,318
1686016642.1200097,304
1686016642.1357555,289
1686016642.14902,276
1686016642.1607106,267
1686016642.1777525,262
1686016642.1897178,257
1686016642.201692,251
1686016642.2187672,247
1686016642.2308013,246
1686016642.2432334,247
1686016642.259528,250
1686016642.2714427,252
1686016642.284451,252
1686016642.3004718,254
1686016642.312465,257
1686016642.3284504,261
1686016642.341516,266
1686016642.3535864,269
1686016642.3701105,270
1686016642.382458,272
1686016642.3944604,274
1686016642.4107277,278
1686016642.4234533,282
1686016642.4354475,283
1686016642.4515154,283
1686016642.4635098,285
1686016642.480469,289
1686016642.4921288,293
1686016642.5051236,297
1686016642.5211825,301
1686016642.5343363,305
1686016642.5461888,315
1686016642.5624495,326
1686016642.5744524,336
1686016642.587116,341
1686016642.6031785,343
1686016642.6154058,344
1686016642.6281772,344
1686016642.644837,346
1686016642.6564043,346
1686016642.6734056,342
1686016642.6854546,336
1686016642.6976542,330
1686016642.7137668,325
1686016642.726468,322
1686016642.738645,317
1686016642.7547965,312
1686016642.7673864,306
1686016642.7798123,301
1686016642.7954547,300
1686016642.8084395,299
1686016642.824455,298
1686016642.836437,295
1686016642.848677,293
1686016642.8657222,293
1686016642.8781166,295
1686016642.8901036,297
1686016642.9066393,297
1686016642.918589,295
1686016642.9305937,293
1686016642.9476438,292
1686016642.9597208,294
1686016642.97557,296
1686016642.9885864,296
1686016643.0005744,295
1686016643.0166352,295
1686016643.0296519,297
1686016643.0417705,300
1686016643.0575755,302
1686016643.0706346,302
1686016643.0826328,301
1686016643.098579,301
1686016643.1115744,303
1686016643.1236343,306
1686016643.1405773,307
1686016643.152519,307
1686016643.1679168,306
1686016643.1807806,306
1686016643.1935067,308
1686016643.209468,310
1686016643.2214425,311
1686016643.234425,310
1686016643.2504978,309
1686016643.2625034,309
1686016643.2754138,311
1686016643.291498,313
1686016643.3034883,313
1686016643.3204963,311
1686016643.3324819,310
1686016643.3451216,311
1686016643.3611789,313
1686016643.3730164,314
1686016643.3859828,313
1686016643.4022365,311
1686016643.4142847,310
1686016643.4270232,311
1686016643.4430308,313
1686016643.455429,313
1686016643.467249,311
1686016643.4837122,309
1686016643.4961643,309
1686016643.5124857,310
1686016643.5252247,311
1686016643.537284,311
1686016643.5546207,308
1686016643.565767,307
1686016643.5785887,306
1686016643.5950198,308
1686016643.607106,308
1686016643.6191053,307
1686016643.6351051,305
1686016643.6481726,303
1686016643.6640005,303
1686016643.6763482,305
1686016643.6886532,306
1686016643.7052684,304
1686016643.7170432,302
1686016643.730041,301
1686016643.7461267,301
1686016643.7583718,303
1686016643.7710528,303
1686016643.7871099,301
1686016643.7990417,299
1686016643.815338,298
1686016643.8281057,300
1686016643.8403566,301
1686016643.8570414,300
1686016643.8691103,298
1686016643.8811104,297
1686016643.8971019,297
1686016643.9100971,298
1686016643.9220421,299
1686016643.9391084,299
1686016643.9508462,297
1686016643.9628859,296
1686016643.97989,298
1686016643.9919121,300
1686016644.0079334,302
1686016644.0208466,301
1686016644.032914,299
1686016644.0498378,299
1686016644.0608838,301
1686016644.0738492,303
1686016644.0901635,304
1686016644.1018903,304
1686016644.1148498,302
1686016644.1308928,303
1686016644.1428275,305
1686016644.1598852,307
1686016644.1724439,308
1686016644.1844122,306
1686016644.2003832,305
1686016644.2134523,306
1686016644.22538,309
1686016644.241376,311
1686016644.2542481,311
1686016644.2672012,309
1686016644.2832105,309
1686016644.29521,310
1686016644.3114412,313
1686016644.3232448,314
1686016644.3362482,314
1686016644.3521888,313
1686016644.3641932,313
1686016644.377252,316
1686016644.3932867,319
1686016644.4055235,320
1686016644.418205,319
1686016644.4345212,318
1686016644.4462502,319
1686016644.458189,322
1686016644.4751923,324
1686016644.4875412,325
1686016644.5035753,324
1686016644.5162525,323
1686016644.5282762,324
1686016644.544564,327
1686016644.557322,329
1686016644.569418,329
1686016644.5855901,327
1686016644.5984263,327
1686016644.6104476,328
1686016644.6262522,330
1686016644.639192,331
1686016644.6551852,330
1686016644.66782,329
1686016644.679886,328
1686016644.6968412,330
1686016644.708837,332
1686016644.7211795,332
1686016644.7368364,331
1686016644.749828,329
1686016644.7618377,329
1686016644.7781637,331
1686016644.7898774,333
1686016644.802834,333
1686016644.8192415,331
1686016644.8312786,330
1686016644.8474743,330
1686016644.8603976,332
1686016644.8723667,333
1686016644.8891218,333
1686016644.9012606,331
1686016644.9133668,330
1686016644.930059,331
1686016644.9421265,333
1686016644.9541621,334
1686016644.9701707,332
1686016644.9832668,330
1686016644.9991696,329
1686016645.011456,330
1686016645.0242434,332
1686016645.0408158,331
1686016645.0524359,330
1686016645.0653117,328
1686016645.0814903,327
1686016645.093289,329
1686016645.106362,330
1686016645.1223922,329
1686016645.1343596,327
1686016645.1502948,325
1686016645.1633525,325
1686016645.175288,327
1686016645.191287,328
1686016645.2042844,327
1686016645.2163565,324
1686016645.2326627,323
1686016645.2453694,324
1686016645.25754,325
1686016645.2732937,325
1686016645.286291,324
1686016645.2986584,322
1686016645.3146107,321
1686016645.3273666,322
1686016645.3433073,324
1686016645.3557868,324
1686016645.3683026,322
1686016645.3842828,320
1686016645.3966002,320
1686016645.4093542,322
1686016645.4253154,323
1686016645.4372904,323
1686016645.450289,321
1686016645.4664066,320
1686016645.4783802,321
1686016645.4943883,322
1686016645.5075889,324
1686016645.5197823,323
1686016645.5359147,321
1686016645.548091,320
1686016645.560953,320
1686016645.57715,322
1686016645.5891092,323
1686016645.601752,321
1686016645.617416,319
1686016645.6305714,319
1686016645.642261,320
1686016645.6586435,321
1686016645.6714218,321
1686016645.6870437,319
1686016645.7002175,317
1686016645.7121224,317
1686016645.7288277,319
1686016645.7409132,320
1686016645.7530594,320
1686016645.7699587,318
1686016645.7813585,317
1686016645.7939794,317
1686016645.8108559,319
1686016645.8224952,320
1686016645.8384979,319
1686016645.851704,317
1686016645.8638346,316
1686016645.8802497,317
1686016645.892246,319
1686016645.9050643,319
1686016645.9211924,318
1686016645.9335873,316
1686016645.9457822,316
1686016645.962247,317
1686016645.9741712,318
1686016645.990244,318
1686016646.00317,316
1686016646.0151715,315
1686016646.0312293,315
1686016646.0432384,317
1686016646.0561688,318
1686016646.0722408,318
1686016646.0842361,316
1686016646.0971668,315
1686016646.1131825,315
1686016646.1261709,317
1686016646.1381767,318
1686016646.1542382,317
1686016646.1662314,315
1686016646.1821713,314
1686016646.1951776,315
1686016646.2077987,317
1686016646.2241595,318
1686016646.2366838,316
1686016646.248691,315
1686016646.2655036,314
1686016646.2774959,316
1686016646.2892475,317
1686016646.305238,317
1686016646.3176668,315
1686016646.3347428,314
1686016646.347083,314
1686016646.3595643,315
1686016646.3759184,316
1686016646.3880987,316
1686016646.4003165,314
1686016646.4166942,313
1686016646.4292457,316
1686016646.4413307,320
1686016646.4578562,323
1686016646.4700823,324
1686016646.4860952,324
1686016646.4984658,325
1686016646.5105996,327
1686016646.5272825,330
1686016646.539289,330
1686016646.5513244,329
1686016646.5683498,326
1686016646.5803955,325
1686016646.5923898,326
1686016646.609771,327
1686016646.6215541,326
1686016646.6333287,324
1686016646.6499085,322
1686016646.6627526,322
1686016646.6789734,323
1686016646.6912487,324
1686016646.7031763,322
1686016646.7202115,319
1686016646.7318952,317
1686016646.7440035,316
1686016646.7607436,317
1686016646.7728012,317
1686016646.7846584,315
1686016646.8013642,312
1686016646.8137662,311
1686016646.829421,312
1686016646.8429773,313
1686016646.8543077,313
1686016646.8710592,311
1686016646.8831258,310
1686016646.8961794,310
1686016646.9120293,313
1686016646.9248853,316
1686016646.9372394,317
1686016646.952892,316
1686016646.9658227,315
1686016646.9778152,315
1686016646.9943123,316
1686016647.0063136,316
1686016647.022318,314
1686016647.0344481,311
1686016647.0478034,309
1686016647.063868,310
1686016647.0758722,312
1686016647.0877984,313
1686016647.1044457,311
1686016647.1173768,309
1686016647.1294415,308
1686016647.145904,309
1686016647.1580327,310
1686016647.173845,310
1686016647.1868079,309
1686016647.198709,307
1686016647.2153673,307
1686016647.2276702,309
1686016647.2400763,311
1686016647.256394,311
1686016647.2684255,310
1686016647.2812328,309
1686016647.2973638,310
1686016647.309376,312
1686016647.3253624,314
1686016647.338028,314
1686016647.3505118,312
1686016647.366396,311
1686016647.3801446,312
1686016647.3922355,314
1686016647.4085069,315
1686016647.4201922,315
1686016647.4324567,313
1686016647.4484396,312
1686016647.4612463,314
1686016647.4731052,316
1686016647.4892852,316
1686016647.5016372,315
1686016647.5184307,313
1686016647.5304198,313
1686016647.543043,315
1686016647.559327,317
1686016647.572102,317
1686016647.584276,315
1686016647.600097,313
1686016647.6130996,314
1686016647.6251595,315
1686016647.6414292,317
1686016647.653964,316
1686016647.6700737,314
1686016647.6824222,313
1686016647.6942337,314
1686016647.7108746,316
1686016647.7234845,318
1686016647.7358348,316
1686016647.7520192,314
1686016647.7640588,314
1686016647.775936,315
1686016647.7928674,317
1686016647.805212,317
1686016647.8168411,316
1686016647.83331,314
1686016647.8463507,314
1686016647.8622286,316
1686016647.874287,317
1686016647.88681,317
1686016647.9038541,315
1686016647.915958,314
1686016647.9281359,314
1686016647.9443166,316
1686016647.9562733,317
1686016647.9687197,316
1686016647.985368,314
1686016647.9973567,313
1686016648.0141628,314
1686016648.0259764,316
1686016648.038349,316
1686016648.0554378,315
1686016648.067638,313
1686016648.079961,312
1686016648.0960093,313
1686016648.108423,316
1686016648.1206074,316
1686016648.1369283,314
1686016648.1489265,312
1686016648.1653209,312
1686016648.178365,314
1686016648.190321,316
1686016648.2069414,316
1686016648.2189293,314
1686016648.2311506,313
1686016648.247804,313
1686016648.2596843,316
1686016648.2714095,317
1686016648.2883925,316
1686016648.3007555,314
1686016648.3131764,313
1686016648.329779,314
1686016648.3417983,316
1686016648.3581758,317
1686016648.3703005,316
1686016648.3824239,314
1686016648.3989437,314
1686016648.411302,315
1686016648.42351,317
1686016648.4402099,317
1686016648.4524674,316
1686016648.464293,314
1686016648.480246,314
1686016648.4932222,316
1686016648.5099273,317
1686016648.5221272,317
1686016648.5347648,315
1686016648.5507474,314
1686016648.5629895,314
1686016648.575347,316
1686016648.5919619,317
1686016648.6033418,316
1686016648.6157627,314
1686016648.6323042,314
1686016648.6443362,315
1686016648.6573846,316
1686016648.672804,317
1686016648.685808,316
1686016648.7014282,313
1686016648.7141566,313
1686016648.7267451,315
1686016648.7429116,316
1686016648.7557194,316
1686016648.767591,315
1686016648.7841852,313
1686016648.7964106,313
1686016648.8084066,315
1686016648.8247073,316
1686016648.8374953,316
1686016648.853765,314
1686016648.865753,312
1686016648.878286,313
1686016648.8953662,315
1686016648.9069004,317
1686016648.9195757,316
1686016648.9358835,314
1686016648.9475875,313
1686016648.9594944,314
1686016648.9763908,316
1686016648.9891155,317
1686016649.0046647,316
1686016649.0177407,314
1686016649.0297441,314
1686016649.0456126,315
1686016649.0588832,317
1686016649.0708475,317
1686016649.0873206,316
1686016649.0992699,314
1686016649.1121275,314
1686016649.128226,316
1686016649.1408055,318
1686016649.1527777,317
1686016649.1690369,315
1686016649.1809428,314
1686016649.1974099,315
1686016649.210401,317
1686016649.222822,318
1686016649.239611,317
1686016649.251177,315
1686016649.2638578,314
1686016649.2791376,315
1686016649.292092,317
1686016649.3044086,318
1686016649.3209505,316
1686016649.3328722,314
1686016649.348382,314
1686016649.3613236,316
1686016649.3741841,318
1686016649.3903832,318
1686016649.4023757,316
1686016649.414581,314
1686016649.4314425,314
1686016649.4447188,316
1686016649.4554727,317
1686016649.4723241,317
1686016649.484388,315
1686016649.5013704,314
1686016649.5134547,314
1686016649.5258055,316
1686016649.5419755,317
1686016649.5543003,316
1686016649.566453,313
1686016649.5834537,313
1686016649.59449,314
1686016649.6074278,316
1686016649.6237938,317
1686016649.6360357,315
1686016649.6480978,314
1686016649.6641681,313
1686016649.6766963,315
1686016649.6934872,317
1686016649.7053835,317
1686016649.7176683,315
1686016649.7337887,314
1686016649.746473,314
1686016649.7591107,315
1686016649.7755866,316
1686016649.7873785,316
1686016649.8002589,314
1686016649.8163304,313
1686016649.8283687,314
1686016649.845239,316
1686016649.8571782,317
1686016649.869196,316
1686016649.885311,314
1686016649.8982446,314
1686016649.9108026,315
1686016649.9270282,317
1686016649.9390697,317
1686016649.9508703,316
1686016649.9673781,314
1686016649.980174,314
1686016649.9923878,316
1686016650.008608,318
1686016650.0211184,318
1686016650.0373235,316
1686016650.049973,315
1686016650.061311,315
1686016650.078557,317
1686016650.091033,318
1686016650.103324,317
1686016650.1194568,315
1686016650.1315851,314
1686016650.1432679,315
1686016650.160295,317
1686016650.172959,318
1686016650.1891239,316
1686016650.201262,314
1686016650.213385,314
1686016650.2304416,315
1686016650.2421708,317
1686016650.253862,317
1686016650.2707798,316
1686016650.2828412,314
1686016650.295781,313
1686016650.3122222,315
1686016650.3241358,316
1686016650.3403726,316
1686016650.35254,314
1686016650.3645842,312
1686016650.3814974,312
1686016650.3938453,314
1686016650.4060395,315
1686016650.4222178,314
1686016650.4348752,312
1686016650.447405,310
1686016650.4632156,311
1686016650.47535,313
1686016650.4875734,313
1686016650.504249,312
1686016650.5162606,310
1686016650.5331488,309
1686016650.545426,310
1686016650.5573864,312
1686016650.5739694,312
1686016650.586295,310
1686016650.5988133,308
1686016650.61482,308
1686016650.6268096,309
1686016650.6395752,311
1686016650.6561368,311
1686016650.6679394,309
1686016650.6839652,307
1686016650.6961844,307
1686016650.7093067,308
1686016650.725802,309
1686016650.7380726,309
1686016650.7501526,306
1686016650.7662208,305
1686016650.7789001,306
1686016650.7903745,308
1686016650.8073695,309
1686016650.8194425,308
1686016650.8362002,305
1686016650.848147,305
1686016650.8603454,306
1686016650.8772464,309
1686016650.889856,309
1686016650.9018567,308
1686016650.9181638,306
1686016650.9302042,306
1686016650.9426293,308
1686016650.959279,310
1686016650.971285,310
1686016650.9833474,308
1686016651.000135,307
1686016651.0119133,308
1686016651.0285113,310
1686016651.0400789,311
1686016651.0530684,311
1686016651.0690665,309
1686016651.082016,308
1686016651.093999,309
1686016651.1100578,312
1686016651.1220632,313
1686016651.1349993,312
1686016651.1514227,310
1686016651.1638837,310
1686016651.179868,312
1686016651.1919026,314
1686016651.204533,315
1686016651.2206593,313
1686016651.2327282,312
1686016651.245482,312
1686016651.261589,314
1686016651.2737556,316
1686016651.2867963,316
1686016651.3024144,314
1686016651.315059,313
1686016651.3310678,314
1686016651.344029,316
1686016651.3562593,317
1686016651.3727107,317
1686016651.384986,315
1686016651.3974285,314
1686016651.4137237,315
1686016651.4260623,318
1686016651.4381235,318
1686016651.4541085,317
1686016651.4661968,316
1686016651.4786422,315
1686016651.495909,317
1686016651.508427,319
1686016651.5239713,319
1686016651.536355,318
1686016651.5491722,316
1686016651.5649142,316
1686016651.5772834,318
1686016651.589967,320
1686016651.606084,319
1686016651.618521,318
1686016651.6306546,317
1686016651.647153,317
1686016651.6594255,319
1686016651.6749973,320
1686016651.6878595,320
1686016651.7004957,317
1686016651.71682,317
1686016651.7295172,317
1686016651.7416594,319
1686016651.757489,320
1686016651.7698228,319
1686016651.782274,318
1686016651.7989366,317
1686016651.8109357,319
1686016651.8229332,320
1686016651.8399937,320
1686016651.8519409,319
1686016651.8679988,318
1686016651.880266,318
1686016651.8929398,320
1686016651.909943,321
1686016651.9212704,321
1686016651.9339442,319
1686016651.9501548,318
1686016651.962565,319
1686016651.9752793,321
1686016651.9914236,322
1686016652.0034869,321
1686016652.019732,320
1686016652.032419,319
1686016652.0444267,320
1686016652.0604968,322
1686016652.0731137,323
1686016652.0853233,322
1686016652.1011257,320
1686016652.1141229,319
1686016652.126116,321
1686016652.1424465,322
1686016652.1551137,323
1686016652.171111,321
1686016652.1838286,319
1686016652.196136,319
1686016652.2121358,320
1686016652.2241364,322
1686016652.236201,321
1686016652.2529585,319
1686016652.2656379,318
1686016652.2779796,318
1686016652.2940292,320
1686016652.3060265,321
1686016652.3189719,320
1686016652.3351505,319
1686016652.3469648,319
1686016652.3640296,322
1686016652.3759665,326
1686016652.3880413,329
1686016652.4050357,329
1686016652.417138,329
1686016652.4295182,329
1686016652.4449897,331
1686016652.458116,334
1686016652.470288,334
1686016652.4870307,333
1686016652.4989738,332
1686016652.5152943,332
1686016652.5273037,335
1686016652.5404403,337
1686016652.55643,337
1686016652.5687764,337
1686016652.580523,336
1686016652.5969708,336
1686016652.6098917,338
1686016652.621923,339
1686016652.6378927,338
1686016652.6502368,336
1686016652.6628911,335
1686016652.678898,335
1686016652.690948,336
1686016652.7079387,336
1686016652.719892,334
1686016652.7318869,331
1686016652.7491517,329
1686016652.7611792,328
1686016652.7728925,325
1686016652.7899144,320
1686016652.8018932,312
1686016652.8142369,305
1686016652.830895,300
1686016652.8428893,299
1686016652.858952,297
1686016652.871973,296
1686016652.884102,293
1686016652.9001102,292
1686016652.9121094,293
1686016652.9251063,296
1686016652.9410975,298
1686016652.9530993,299
1686016652.9661174,299
1686016652.9820979,300
1686016652.9943652,303
1686016653.0110912,307
1686016653.0230505,309
1686016653.0350447,309
1686016653.052053,309
1686016653.0650635,310
1686016653.0764182,313
1686016653.0929663,315
1686016653.105234,316
1686016653.1173074,315
1686016653.1340423,314
1686016653.1459997,314
1686016653.1580093,316
1686016653.175058,318
1686016653.1870172,318
1686016653.203022,316
1686016653.2160616,314
1686016653.228006,314
1686016653.2440712,315
1686016653.2566845,316
1686016653.2690372,314
1686016653.2855992,311
1686016653.2976727,311
1686016653.309654,312
1686016653.3266566,315
1686016653.3385897,316
1686016653.3546064,317
1686016653.3676162,318
1686016653.379589,320
1686016653.3956563,321
1686016653.4079688,323
1686016653.4209547,324
1686016653.4369235,322
1686016653.4486046,323
1686016653.4619367,325
1686016653.4781811,329
1686016653.490179,334
1686016653.506139,337
1686016653.5190735,340
1686016653.5308287,343
1686016653.546883,348
1686016653.559835,354
1686016653.571847,360
1686016653.5885687,363
1686016653.6008735,366
1686016653.612632,368
1686016653.6295612,371
1686016653.6415572,374
1686016653.6536229,376
1686016653.6705608,375
1686016653.6828942,374
1686016653.6985795,372
1686016653.7115612,373
1686016653.7236583,372
1686016653.7396317,371
1686016653.752118,368
1686016653.7647479,364
1686016653.7808743,363
1686016653.7925804,362
1686016653.8055599,362
1686016653.8218756,360
1686016653.833936,356
1686016653.8495622,352
1686016653.8625596,351
1686016653.8746264,351
1686016653.891556,349
1686016653.9038756,345
1686016653.915949,339
1686016653.9325597,334
1686016653.9446054,331
1686016653.9565613,328
1686016653.9736426,323
1686016653.9852042,315
1686016653.9981968,306
1686016654.0145907,296
1686016654.0262096,288
1686016654.0432546,279
1686016654.0552115,269
1686016654.0675075,257
1686016654.0842345,247
1686016654.0961976,240
1686016654.108513,236
1686016654.125198,234
1686016654.1371944,232
1686016654.1492069,230
1686016654.1661978,230
1686016654.1781945,234
1686016654.194197,238
1686016654.2071953,243
1686016654.2192535,246
1686016654.2352583,247
1686016654.248197,249
1686016654.260246,253
1686016654.2762623,257
1686016654.2886913,260
1686016654.3013155,262
1686016654.3173146,264
1686016654.329316,267
1686016654.3453856,273
1686016654.3585308,280
1686016654.3703258,286
1686016654.3873296,290
1686016654.4000666,294
1686016654.411323,300
1686016654.428341,307
1686016654.4406946,313
1686016654.4523916,316
1686016654.4693246,316
1686016654.4816575,317
1686016654.4938111,319
1686016654.5097418,322
1686016654.521795,323
1686016654.538685,321
1686016654.551333,319
1686016654.5633087,318
1686016654.5794976,319
1686016654.592135,320
1686016654.6041172,318
1686016654.6204462,315
1686016654.633179,311
1686016654.6451242,309
1686016654.6611207,310
1686016654.6741838,310
1686016654.6902316,308
1686016654.701977,305
1686016654.7150924,301
1686016654.731517,301
1686016654.7432566,302
1686016654.7561338,303
1686016654.7731085,302
1686016654.784133,300
1686016654.796918,299
1686016654.8129065,299
1686016654.8259306,302
1686016654.8379817,303
1686016654.8541753,303
1686016654.866915,302
1686016654.8829255,302
1686016654.894908,304
1686016654.9072,307
1686016654.9239175,308
1686016654.9361107,307
1686016654.9479313,306
1686016654.9649189,306
1686016654.9771507,308
1686016654.9889781,310
1686016655.0059125,310
1686016655.0179794,308
1686016655.0342512,305
1686016655.0469081,304
1686016655.058906,305
1686016655.0752418,305
1686016655.0879774,305
1686016655.0999348,303
1686016655.1159086,303
1686016655.1286857,304
1686016655.1409452,306
1686016655.1569881,308
1686016655.1689239,308
1686016655.1859097,306
1686016655.1979415,307
1686016655.2109132,309
1686016655.2269204,311
1686016655.239203,313
1686016655.2512507,311
1686016655.2679698,310
1686016655.280131,311
1686016655.2919111,313
1686016655.3089142,315
1686016655.3209078,316
1686016655.3332334,314
1686016655.3499186,313
1686016655.3619092,313
1686016655.3779368,316
1686016655.390938,317
1686016655.4023542,316
1686016655.419476,314
1686016655.431346,313
1686016655.4436734,314
1686016655.4603431,316
1686016655.4727342,318
1686016655.4850264,317
1686016655.5016525,315
1686016655.513347,315
1686016655.5290291,316
1686016655.5420258,318
1686016655.554355,318
1686016655.5710244,317
1686016655.5830245,315
1686016655.595541,315
1686016655.6119661,316
1686016655.6238687,318
1686016655.6365492,317
1686016655.652872,315
1686016655.6654732,314
1686016655.6774683,314
1686016655.693549,316
1686016655.7058406,317
1686016655.722469,317
1686016655.7347205,315
1686016655.747088,314
1686016655.7633767,315
1686016655.775408,317
1686016655.787719,318
1686016655.8046129,316
1686016655.8166971,314
1686016655.8293939,314
1686016655.8453107,315
1686016655.8573213,316
1686016655.873326,316
1686016655.8864214,315
1686016655.8985052,313
1686016655.9151876,312
1686016655.92717,314
1686016655.9394915,316
1686016655.9561863,315
1686016655.968184,313
1686016655.980512,311
1686016655.9965339,311
1686016656.0092204,314
1686016656.0256088,315
1686016656.037278,314
1686016656.050231,312
1686016656.0665143,311
1686016656.07828,312
1686016656.0912197,314
1686016656.1072216,314
1686016656.1192765,313
1686016656.1322138,311
1686016656.148532,310
1686016656.1602123,312
1686016656.1732213,314
1686016656.1891026,315
1686016656.2017334,314
1686016656.2180357,313
1686016656.2297876,314
1686016656.2427373,316
1686016656.2587202,317
1686016656.2710476,317
1686016656.283759,314
1686016656.2997243,313
1686016656.3117237,313
1686016656.324725,314
1686016656.3407228,316
1686016656.3531,315
1686016656.368724,313
1686016656.3817232,312
1686016656.3940773,313
1686016656.4100866,316
1686016656.423148,317
1686016656.4351258,316
1686016656.451405,314
1686016656.463395,314
1686016656.4760761,315
1686016656.4924119,317
1686016656.504427,317
1686016656.5202186,316
1686016656.5340889,315
1686016656.5451539,315
1686016656.5620685,317
1686016656.5750535,319
1686016656.5863721,319
1686016656.6030452,317
1686016656.6150556,316
1686016656.6271117,317
1686016656.6440446,319
1686016656.6560466,321
1686016656.6690502,319
1686016656.6850595,318
1686016656.6970437,317
1686016656.7130542,318
1686016656.7260482,320
1686016656.7380407,321
1686016656.7540407,320
1686016656.7671163,318
1686016656.7792015,318
1686016656.7955256,319
1686016656.8080556,321
1686016656.8200536,321
1686016656.8363764,319
1686016656.8490646,318
1686016656.8650486,318
1686016656.8771102,320
1686016656.890063,322
1686016656.9059992,322
1686016656.9187393,320
1686016656.9307137,319
1686016656.9466848,319
1686016656.9597406,321
1686016656.9717457,322
1686016656.9877346,322
1686016657.0001516,320
1686016657.0124288,319
1686016657.0288718,320
1686016657.041589,322
1686016657.0575871,323
1686016657.0703053,321
1686016657.081849,320
1686016657.0986614,319
1686016657.1107044,321
1686016657.1242917,323
1686016657.1394958,323
1686016657.1522167,321
1686016657.1644392,319
1686016657.180435,320
1686016657.1924853,322
1686016657.208922,323
1686016657.2212121,323
1686016657.2338438,321
1686016657.2499473,320
1686016657.2617779,321
1686016657.274794,322
1686016657.290805,323
1686016657.3038585,322
1686016657.3160498,319
1686016657.33222,318
1686016657.344054,319
1686016657.3599832,321
1686016657.3731024,321
1686016657.385572,320
1686016657.4019134,318
1686016657.4141295,318
1686016657.4259782,319
1686016657.442761,321
1686016657.4550965,321
1686016657.4670842,320
1686016657.483506,318
1686016657.4956193,318
1686016657.5083125,320
1686016657.5250123,322
1686016657.5372472,321
1686016657.5533473,318
1686016657.5653417,317
1686016657.5775723,317
1686016657.59355,319
1686016657.6065726,320
1686016657.6185875,319
1686016657.6347659,317
1686016657.647571,317
1686016657.6595728,318
1686016657.6755776,319
1686016657.6885736,320
1686016657.7045715,319
1686016657.716643,317
1686016657.7286332,317
1686016657.745571,318
1686016657.757643,320
1686016657.7696402,320
1686016657.7862494,319
1686016657.799247,317
1686016657.811218,317
1686016657.827185,319
1686016657.8403335,320
1686016657.852086,320
1686016657.8690693,318
1686016657.880909,317
1686016657.897541,317
1686016657.909875,319
1686016657.9220166,320
1686016657.939288,319
1686016657.9505637,317
1686016657.963014,317
1686016657.9795115,317
1686016657.9917245,319
1686016658.0039008,320
1686016658.0204828,318
1686016658.0324707,316
1686016658.0492907,316
1686016658.0609426,318
1686016658.0732684,319
1686016658.0899968,319
1686016658.1019952,318
1686016658.1140213,317
1686016658.1308155,317
1686016658.1424408,319
1686016658.1555588,320
1686016658.171495,319
1686016658.1835995,317
1686016658.2008104,315
1686016658.212935,316
1686016658.2249427,319
1686016658.2409449,319
1686016658.2539985,318
1686016658.2660964,316
1686016658.2825596,316
1686016658.2947235,317
1686016658.3070633,319
1686016658.323044,319
1686016658.3353238,317
1686016658.3478756,315
1686016658.3643894,315
1686016658.3766503,317
1686016658.3927162,318
1686016658.4054017,318
1686016658.4173794,316
1686016658.4335845,315
1686016658.4463482,315
1686016658.4584546,317
1686016658.474911,318
1686016658.4869678,318
1686016658.4994607,316
1686016658.5161095,315
1686016658.5281417,316
1686016658.5444636,317
1686016658.5564487,319
1686016658.569196,318
1686016658.5858235,316
1686016658.598119,315
1686016658.6100342,316
1686016658.625666,318
1686016658.6387832,319
1686016658.6505334,317
1686016658.6675596,315
1686016658.6797967,315
1686016658.6961756,316
1686016658.708506,318
1686016658.720461,318
1686016658.7381487,316
1686016658.7494333,314
1686016658.761476,314
1686016658.7774892,315
1686016658.7903404,317
1686016658.8022816,316
1686016658.8183286,313
1686016658.8315995,312
1686016658.8432865,312
1686016658.859561,314
1686016658.8719158,315
1686016658.888211,314
1686016658.9011235,311
1686016658.9132364,310
1686016658.9294112,311
1686016658.9418592,313
1686016658.9535239,313
1686016658.9702213,311
1686016658.9828663,309
1686016658.994503,309
1686016659.0113456,311
1686016659.0236251,312
1686016659.0402412,312
1686016659.0524096,310
1686016659.0644138,308
1686016659.080935,308
1686016659.0932908,310
1686016659.105878,312
1686016659.1218498,311
1686016659.1344242,309
1686016659.1464725,308
1686016659.1633532,308
1686016659.175073,311
1686016659.19176,312
1686016659.2038112,311
1686016659.2165544,308
1686016659.2324402,308
1686016659.2447414,309
1686016659.2571802,312
1686016659.2732396,312
1686016659.285247,311
1686016659.2981946,310
1686016659.3149273,310
1686016659.3264143,312
1686016659.3384728,314
1686016659.355886,314
1686016659.3681755,313
1686016659.3841789,311
1686016659.396407,312
1686016659.408408,315
1686016659.4252846,317
1686016659.437307,317
1686016659.449667,315
1686016659.4659615,315
1686016659.4784844,316
1686016659.4903777,319
1686016659.506433,321
1686016659.5188088,321
1686016659.5354354,319
1686016659.5481737,319
1686016659.5598495,321
1686016659.5768335,324
1686016659.5892403,325
1686016659.601004,324
1686016659.6174383,323
1686016659.6294382,324
1686016659.6424365,327
1686016659.6584437,329
1686016659.6705036,330
1686016659.6833377,328
1686016659.699323,327
1686016659.711366,327
1686016659.7283661,330
1686016659.7406023,331
1686016659.7522497,330
1686016659.7688544,328
1686016659.781216,327
1686016659.7938886,327
1686016659.8101904,329
1686016659.8227515,329
1686016659.8344443,327
1686016659.851253,325
1686016659.8633344,323
1686016659.8797538,324
1686016659.8921535,325
1686016659.904545,325
1686016659.921092,323
1686016659.9331193,320
1686016659.9454236,320
1686016659.9616807,321
1686016659.9742408,322
1686016659.9860268,322
1686016660.0029354,320
1686016660.0142193,318
1686016660.031423,318
1686016660.0434904,320
1686016660.0560253,321
1686016660.0719798,320
1686016660.0839384,318
1686016660.0971246,317
1686016660.1132524,318
1686016660.1264756,321
1686016660.1379278,323
1686016660.1543078,323
1686016660.1664207,321
1686016660.1788857,321
1686016660.1951876,322
1686016660.2074149,324
1686016660.223524,324
1686016660.2355633,323
1686016660.2485156,321
1686016660.2653239,320
1686016660.2770221,321
1686016660.289369,322
1686016660.3054836,321
1686016660.317777,319
1686016660.3305619,317
1686016660.346786,317
1686016660.3584747,319
1686016660.37459,320
1686016660.3880365,319
1686016660.400042,317
1686016660.4165015,315
1686016660.4288292,316
1686016660.4416142,317
1686016660.4571228,318
1686016660.4692113,316
1686016660.482207,313
1686016660.498383,311
1686016660.510219,312
1686016660.522908,313
1686016660.5388923,313
1686016660.5514872,311
1686016660.5679834,309
1686016660.5805776,308
1686016660.5925045,309
1686016660.6089113,310
1686016660.621281,310
1686016660.6332276,308
1686016660.6500857,305
1686016660.6620219,305
1686016660.6743326,307
1686016660.690919,308
1686016660.7024932,307
1686016660.7194817,304
1686016660.7319918,303
1686016660.7440848,304
1686016660.7601278,305
1686016660.7721426,306
1686016660.7851305,304
1686016660.80113,303
1686016660.8131359,303
1686016660.8261366,305
1686016660.842133,308
1686016660.8542092,309
1686016660.8702188,309
1686016660.883193,308
1686016660.895264,309
1686016660.911741,311
1686016660.9251912,314
1686016660.9358554,314
1686016660.953183,313
1686016660.9646964,311
1686016660.9767141,311
1686016660.993854,313
1686016661.0060494,314
1686016661.018708,313
1686016661.0346992,311
1686016661.0467591,309
1686016661.062759,308
1686016661.0756989,309
1686016661.0876942,308
1686016661.104736,306
1686016661.116696,303
1686016661.128693,302
1686016661.144768,302
1686016661.1576378,304
1686016661.169178,304
1686016661.1861396,303
1686016661.1981668,302
1686016661.2141554,302
1686016661.2272847,306
1686016661.2396035,309
1686016661.2560966,309
1686016661.268096,309
1686016661.2809339,309
1686016661.2970874,310
1686016661.309333,313
1686016661.32183,314
1686016661.3381574,314
1686016661.3504112,313
1686016661.3625264,313
1686016661.3784423,314
1686016661.3914218,317
1686016661.407321,317
1686016661.419285,315
1686016661.4322731,313
1686016661.4483922,313
1686016661.4605358,314
1686016661.4732442,316
1686016661.489467,316
1686016661.5014591,314
1686016661.5142481,312
1686016661.5305662,312
1686016661.5421748,314
1686016661.558531,315
1686016661.5713723,315
1686016661.58377,314
1686016661.6002347,312
1686016661.6116674,313
1686016661.6239116,315
1686016661.6410248,316
1686016661.6530766,316
1686016661.6653073,314
1686016661.68179,314
1686016661.694113,315
1686016661.710797,317
1686016661.7224662,319
1686016661.735196,318
1686016661.7512875,316
1686016661.7640395,316
1686016661.7760844,317
1686016661.792078,319
1686016661.8051949,320
1686016661.8172035,319
1686016661.833575,317
1686016661.8452747,318
1686016661.857826,320
1686016661.8743758,322
1686016661.8863735,322
1686016661.9030726,321
1686016661.9151633,319
1686016661.9277208,320
1686016661.9440494,322
1686016661.9560344,323
1686016661.9681003,321
1686016661.985238,318
1686016661.9969957,316
1686016662.0094602,316
1686016662.0256252,316
1686016662.038553,315
1686016662.0544667,312
1686016662.0667367,310
1686016662.0794294,308
1686016662.0959384,309
1686016662.1074393,310
1686016662.1201358,310
1686016662.136721,309
1686016662.1487246,308
1686016662.161104,308
1686016662.1774383,311
1686016662.189906,313
1686016662.2058322,314
1686016662.2186747,313
1686016662.2301567,312
1686016662.2472162,314
1686016662.2590244,317
1686016662.2721188,318
1686016662.288256,318
1686016662.3003109,316
1686016662.3127599,316
1686016662.3284466,317
1686016662.3414593,320
1686016662.3538718,321
1686016662.3709517,320
1686016662.3824654,318
1686016662.3978572,318
1686016662.411365,320
1686016662.4234097,322
1686016662.4405034,323
1686016662.4518378,321
1686016662.464511,319
1686016662.4804375,320
1686016662.4924998,322
1686016662.5053432,323
1686016662.5214732,323
1686016662.5341787,321
1686016662.5504215,320
1686016662.5625877,320
1686016662.5751505,322
1686016662.5905578,323
1686016662.603523,323
1686016662.6155162,321
1686016662.632321,319
1686016662.6447084,321
1686016662.6565025,323
1686016662.6727045,323
1686016662.6853132,322
1686016662.6972022,320
1686016662.7134993,319
1686016662.7266698,321
1686016662.7421489,323
1686016662.75535,323
1686016662.7670238,321
1686016662.7841194,320
1686016662.7961235,320
1686016662.8083994,322
1686016662.8244205,324
1686016662.8362844,323
1686016662.8486345,321
1686016662.8656363,320
1686016662.8780339,321
1686016662.8936973,323
1686016662.906449,324
1686016662.9182518,323
1686016662.9354455,321
1686016662.9472702,320
1686016662.9592488,321
1686016662.976337,323
1686016662.9883866,325
1686016663.0011992,324
1686016663.0168903,322
1686016663.0288434,322
1686016663.0455215,323
1686016663.0581317,325
1686016663.0702865,325
1686016663.087121,323
1686016663.0985513,321
1686016663.1115146,321
1686016663.1279573,323
1686016663.1400006,325
1686016663.152483,324
1686016663.1689382,322
1686016663.1811104,320
1686016663.193365,321
1686016663.2094815,322
1686016663.2214413,323
1686016663.2384398,323
1686016663.2500947,320
1686016663.2631383,319
1686016663.279252,320
1686016663.2915287,322
1686016663.3041348,323
1686016663.3198087,322
1686016663.332829,320
1686016663.3449016,320
1686016663.360828,321
1686016663.3738267,324
1686016663.389825,324
1686016663.401832,323
1686016663.4148324,322
1686016663.4309125,322
1686016663.4428985,325
1686016663.4548252,326
1686016663.472044,326
1686016663.4840865,325
1686016663.4958882,323
1686016663.5128977,324
1686016663.5245695,326
1686016663.5375755,327
1686016663.5535767,326
1686016663.5655706,324
1686016663.5826547,323
1686016663.594815,323
1686016663.60657,325
1686016663.6235785,325
1686016663.6356792,323
1686016663.6479154,321
1686016663.6645992,320
1686016663.676718,321
1686016663.6896045,322
1686016663.7045984,322
1686016663.7176034,320
1686016663.733771,318
1686016663.7466676,318
1686016663.7585988,319
1686016663.7753248,320
1686016663.7876039,320
1686016663.7995956,318
1686016663.8159587,316
1686016663.8277292,316
1686016663.840838,318
1686016663.8566666,319
1686016663.8687463,318
1686016663.8855987,315
1686016663.898181,314
1686016663.9101465,314
1686016663.9265296,316
1686016663.9390364,317
1686016663.9510462,315
1686016663.9674919,313
1686016663.9794202,312
1686016663.9914277,313
1686016664.0084162,314
1686016664.0204344,315
1686016664.0327046,313
1686016664.0494697,311
1686016664.061488,311
1686016664.0781596,313
1686016664.090163,315
1686016664.1027124,316
1686016664.1187809,316
1686016664.1312847,316
1686016664.143557,318
1686016664.1602135,322
1686016664.1726544,324
1686016664.1841612,325
1686016664.2011602,326
1686016664.2131572,328
1686016664.2291594,332
1686016664.2421582,337
1686016664.254245,341
1686016664.270638,343
1686016664.2829072,344
1686016664.2950988,347
1686016664.3107617,352
1686016664.3237731,357
1686016664.3358371,359
1686016664.3526723,359
1686016664.364776,359
1686016664.3811312,361
1686016664.393776,363
1686016664.4060555,364
1686016664.4227786,362
1686016664.4347794,359
1686016664.4467785,357
1686016664.4627907,355
1686016664.4757764,355
1686016664.4877722,354
1686016664.5036237,349
1686016664.5161245,344
1686016664.5282362,338
1686016664.545161,335
1686016664.5571706,332
1686016664.572931,327
1686016664.5861363,322
1686016664.5982172,317
1686016664.6149323,313
1686016664.6269457,312
1686016664.6389737,311
1686016664.6552708,309
1686016664.6679924,305
1686016664.6804152,301
1686016664.696431,300
1686016664.7084143,301
1686016664.7244744,301
1686016664.7374132,300
1686016664.7494922,297
1686016664.7664132,294
1686016664.7784915,292
1686016664.7906828,293
1686016664.8064768,292
1686016664.81916,291
1686016664.8314602,288
1686016664.848179,287
1686016664.860123,288
1686016664.8725283,289
1686016664.8891344,291
1686016664.9011421,291
1686016664.9171274,292
1686016664.930215,294
1686016664.9422884,299
1686016664.9585505,305
1686016664.9712136,309
1686016664.983226,312
1686016664.999539,315
1686016665.0122254,320
1686016665.0237882,327
1686016665.0407903,333
1686016665.0528066,336
1686016665.069109,337
1686016665.080877,337
1686016665.0938795,339
1686016665.1101024,341
1686016665.122794,341
1686016665.1348839,338
1686016665.1513455,333
1686016665.162841,328
1686016665.175821,325
1686016665.1921835,321
1686016665.2047982,314
1686016665.2208652,304
1686016665.2329493,292
1686016665.2458072,283
1686016665.261837,276
1686016665.2739003,271
1686016665.285843,264
1686016665.3029566,258
1686016665.3149724,252
1686016665.3270278,250
1686016665.343027,251
1686016665.3559554,251
1686016665.3680186,252
1686016665.384957,251
1686016665.3970163,252
1686016665.4132683,255
1686016665.4258792,259
1686016665.4378757,263
1686016665.4542003,264
1686016665.4668574,265
1686016665.478856,267
1686016665.4948547,271
1686016665.506914,275
1686016665.51971,278
1686016665.5357444,279
1686016665.5487473,280
1686016665.5647528,282
1686016665.5768144,286
1686016665.5897467,290
1686016665.6057456,292
1686016665.6178052,292
1686016665.6301153,292
1686016665.6468222,293
1686016665.6587489,297
1686016665.670816,300
1686016665.687745,299
1686016665.6998098,297
1686016665.7128012,295
1686016665.7284904,294
1686016665.7412622,295
1686016665.757177,296
1686016665.7697604,295
1686016665.78218,294
1686016665.7986498,296
1686016665.8106477,299
1686016665.8230567,304
1686016665.8391252,307
1686016665.851073,308
1686016665.8640578,310
1686016665.8800519,313
1686016665.8923957,319
1686016665.9091291,325
1686016665.9211278,331
1686016665.9333875,333
1686016665.949219,334
1686016665.9621258,335
1686016665.9743462,337
1686016665.9910548,337
1686016666.003057,333
1686016666.015384,326
1686016666.0320594,316
1686016666.0440729,311
1686016666.0603845,309
1686016666.0721185,311
1686016666.0850673,312
1686016666.1010687,316
1686016666.1133351,321
1686016666.1260595,328
1686016666.1423383,335
1686016666.1550636,340
1686016666.1670609,341
1686016666.1830583,340
1686016666.195391,340
1686016666.2080593,341
1686016666.2241497,342
1686016666.2371557,341
1686016666.2531579,338
1686016666.2651553,335
1686016666.2771509,334
1686016666.2941551,335
1686016666.30623,335
1686016666.3182132,333
1686016666.3351538,329
1686016666.3472993,327
1686016666.3597355,327
1686016666.3758683,328
1686016666.3878605,329
1686016666.4041345,327
1686016666.4167936,324
1686016666.4291182,322
1686016666.445322,321
1686016666.457834,321
1686016666.46988,319
1686016666.4861226,313
1686016666.4987965,306
1686016666.510794,299
1686016666.526872,295
1686016666.5398054,291
1686016666.555796,287
1686016666.5681267,282
1686016666.5805712,279
1686016666.596789,278
1686016666.6096976,281
1686016666.621692,283
1686016666.6377714,284
1686016666.6499977,283
1686016666.6626928,284
1686016666.6791728,288
1686016666.6915822,293
1686016666.7035813,296
1686016666.7195969,297
1686016666.7315717,297
1686016666.7485607,299
1686016666.7609115,302
1686016666.7728412,305
1686016666.7895627,307
1686016666.8018456,307
1686016666.813564,306
1686016666.8298552,307
1686016666.8428743,309
1686016666.854792,312
1686016666.870874,312
1686016666.8837945,311
1686016666.899802,310
1686016666.9118657,311
1686016666.9249244,313
1686016666.941075,315
1686016666.95352,315
1686016666.9655344,313
1686016666.9818673,312
1686016666.9945292,313
1686016667.0065846,316
1686016667.0225325,317
1686016667.035533,316
1686016667.0475943,314
1686016667.0640073,314
1686016667.0761724,316
1686016667.0923936,318
1686016667.105189,318
1686016667.1171043,317
1686016667.133785,315
1686016667.1460946,315
1686016667.158226,317
1686016667.174656,319
1686016667.1870253,319
1686016667.199012,318
1686016667.2150753,316
1686016667.2280097,317
1686016667.244166,319
1686016667.2570217,320
1686016667.2687259,320
1686016667.2853866,318
1686016667.2973845,317
1686016667.3099222,318
1686016667.3263805,320
1686016667.3379023,320
1686016667.3503377,319
1686016667.3670242,317
1686016667.3793142,316
1686016667.3950896,317
1686016667.408025,319
1686016667.4200244,320
1686016667.4360266,318
1686016667.4491007,317
1686016667.46121,316
1686016667.4773998,318
1686016667.4901614,320
1686016667.5020447,320
1686016667.5183437,318
1686016667.531041,316
1686016667.5430222,317
1686016667.5593507,319
1686016667.5720255,320
1686016667.5880206,319
1686016667.6000783,317
1686016667.6130486,316
1686016667.6290236,317
1686016667.641344,319
1686016667.6536345,320
1686016667.670098,319
1686016667.6820183,317
1686016667.6940205,316
1686016667.7110174,318
1686016667.723081,319
1686016667.7397897,320
1686016667.7518654,318
1686016667.7641587,317
1686016667.7807758,316
1686016667.7930255,318
1686016667.804836,319
1686016667.8217847,319
1686016667.8336518,317
1686016667.84603,316
1686016667.8626683,316
1686016667.8746507,318
1686016667.8867106,320
1686016667.9037275,319
1686016667.915951,317
1686016667.932435,316
1686016667.9447167,317
1686016667.9567869,319
1686016667.9734366,320
1686016667.985432,319
1686016667.9974463,317
1686016668.0134974,316
1686016668.026709,317
1686016668.0387368,319
1686016668.0552406,319
1686016668.0677383,318
1686016668.0838244,316
1686016668.096539,316
1686016668.108226,317
1686016668.124739,318
1686016668.137331,318
1686016668.149338,316
1686016668.1653378,314
1686016668.1777005,315
1686016668.1904116,317
1686016668.2064,318
1686016668.2183897,317
1686016668.2345672,315
1686016668.247637,314
1686016668.2596338,315
1686016668.2765656,317
1686016668.288644,318
1686016668.300767,317
1686016668.317454,315
1686016668.3294713,314
1686016668.3414528,315
1686016668.3575199,317
1686016668.3704493,318
1686016668.382512,316
1686016668.399455,314
1686016668.4114501,314
1686016668.427781,316
1686016668.440463,317
1686016668.4523191,317
1686016668.4689865,315
1686016668.4811726,314
1686016668.4930928,314
1686016668.5091572,316
1686016668.522078,317
1686016668.5341885,316
1686016668.5501924,314
1686016668.563203,314
1686016668.5794592,314
1686016668.5915062,317
1686016668.6037233,317
1686016668.6197069,316
1686016668.6328924,314
1686016668.6451118,313
1686016668.6613004,315
1686016668.6733334,317
1686016668.6860044,317
1686016668.7020652,315
1686016668.7146256,314
1686016668.7307618,314
1686016668.7433553,316
1686016668.755518,317
1686016668.7721994,317
1686016668.7842548,315
1686016668.7964633,314
1686016668.8125248,314
1686016668.8251932,316
1686016668.8376498,317
1686016668.853647,317
1686016668.865644,315
1686016668.8786395,313
1686016668.894576,314
1686016668.907203,317
1686016668.9236,318
1686016668.936054,316
1686016668.947992,314
1686016668.9644492,314
1686016668.9766319,315
1686016668.98853,317
1686016669.0047686,317
1686016669.017619,316
1686016669.0300074,314
1686016669.0463367,314
1686016669.058497,315
1686016669.0742698,317
1686016669.0875537,317
1686016669.0999372,315
1686016669.1159308,313
1686016669.129325,314
1686016669.1407454,316
1686016669.1562922,317
1686016669.169292,316
1686016669.181295,314
1686016669.1972935,313
1686016669.210298,313
1686016669.2222948,315
1686016669.2386873,316
1686016669.2506907,315
1686016669.2669985,312
1686016669.27968,312
1686016669.291743,313
1686016669.3077424,315
1686016669.3206482,315
1686016669.3331347,313
1686016669.3488128,312
1686016669.36176,313
1686016669.3737588,315
1686016669.3904986,318
1686016669.4024978,318
1686016669.4184473,316
1686016669.431049,315
1686016669.4431956,314
1686016669.4593472,316
1686016669.4723876,317
1686016669.4845283,315
1686016669.50103,313
1686016669.513068,311
1686016669.5254877,312
1686016669.5414832,314
1686016669.5544682,315
1686016669.5701802,314
1686016669.5828385,312
1686016669.5954998,311
1686016669.611848,312
1686016669.6237385,315
1686016669.636084,315
1686016669.6521485,313
1686016669.6650076,312
1686016669.6770017,311
1686016669.6934838,313
1686016669.7054825,315
1686016669.7181387,315
1686016669.7342176,313
1686016669.7466266,311
1686016669.763282,312
1686016669.7749076,314
1686016669.7876747,315
1686016669.804185,315
1686016669.816213,313
1686016669.8282695,312
1686016669.844554,313
1686016669.8576462,316
1686016669.8696089,317
1686016669.8855083,316
1686016669.898424,314
1686016669.9146144,313
1686016669.9266102,315
1686016669.939189,317
1686016669.9558353,317
1686016669.9680269,316
1686016669.980313,314
1686016669.9969118,314
1686016670.0089629,316
1686016670.0211682,318
1686016670.037186,318
1686016670.0501688,316
1686016670.0656161,314
1686016670.0784602,315
1686016670.090841,317
1686016670.1074438,319
1686016670.1194413,318
1686016670.1320932,316
1686016670.1482499,315
1686016670.160522,316
1686016670.1720555,318
1686016670.189141,319
1686016670.2005804,318
1686016670.213488,316
1686016670.2302444,316
1686016670.2424245,317
1686016670.2582881,320
1686016670.2712207,320
1686016670.2830248,318
1686016670.2997224,317
1686016670.3117,317
1686016670.3244126,319
1686016670.3409636,320
1686016670.3521333,320
1686016670.365279,318
1686016670.3816109,316
1686016670.3940177,317
1686016670.4102669,319
1686016670.4228508,320
1686016670.4343004,319
1686016670.4512308,317
1686016670.4633055,316
1686016670.4756963,317
1686016670.4916472,319
1686016670.5041094,320
1686016670.5169344,318
1686016670.5329485,316
1686016670.5456073,316
1686016670.5621178,317
1686016670.5737908,319
1686016670.586495,319
1686016670.6024942,318
1686016670.6151416,316
1686016670.6273186,316
1686016670.6436474,318
1686016670.6561766,319
1686016670.668279,319
1686016670.6843035,317
1686016670.6972435,316
1686016670.7092586,316
1686016670.72491,318
1686016670.7375226,319
1686016670.75428,319
1686016670.766578,317
1686016670.7785792,316
1686016670.7954237,317
1686016670.807664,319
1686016670.8200686,320
1686016670.8356032,318
1686016670.8485186,317
1686016670.8603399,316
1686016670.8765843,318
1686016670.889589,320
1686016670.9062562,320
1686016670.9178615,318
1686016670.930539,317
1686016670.946842,317
1686016670.95874,319
1686016670.9708447,320
1686016670.987794,320
1686016670.9997966,318
1686016671.0121932,317
1686016671.0290685,317
1686016671.0404701,319
1686016671.053024,320
1686016671.0692022,319
1686016671.0819783,317
1686016671.097623,316
1686016671.1106973,317
1686016671.123137,319
1686016671.1393442,320
1686016671.1513863,318
1686016671.1640303,316
1686016671.180202,315
1686016671.192202,317
1686016671.2051036,319
1686016671.2212625,319
1686016671.233585,317
1686016671.2505932,315
1686016671.2622561,315
1686016671.274425,317
1686016671.2909985,318
1686016671.303082,318
1686016671.315412,315
1686016671.3317225,314
1686016671.3441544,314
1686016671.3565004,315
1686016671.372785,317
1686016671.3846533,316
1686016671.4008253,314
1686016671.4139419,313
1686016671.4257233,314
1686016671.4422393,315
1686016671.4542942,316
1686016671.4669952,315
1686016671.4834921,313
1686016671.4959555,312
1686016671.5082843,314
1686016671.5243056,316
1686016671.5362794,316
1686016671.5484936,314
1686016671.5649343,312
1686016671.5771077,313
1686016671.5936081,314
1686016671.606225,316
1686016671.6182299,316
1686016671.635592,314
1686016671.6472723,313
1686016671.6597762,313
1686016671.6759334,315
1686016671.6883757,317
1686016671.7013838,316
1686016671.7168076,314
1686016671.7292213,313
1686016671.7445965,314
1686016671.7580643,316
1686016671.7699437,317
1686016671.7859948,316
1686016671.7994208,314
1686016671.8112164,314
1686016671.8272738,315
1686016671.8394217,317
1686016671.851674,318
1686016671.8681908,316
1686016671.8799603,314
1686016671.8930385,314
1686016671.9093144,316
1686016671.9215083,318
1686016671.9373288,317
1686016671.9504914,316
1686016671.9626193,314
1686016671.9790187,315
1686016671.9914043,317
1686016672.0035155,318
1686016672.0192206,317
1686016672.0322149,315
1686016672.0444083,314
1686016672.0604818,315
1686016672.0724754,317
1686016672.0892196,318
1686016672.1014876,317
1686016672.114115,315
1686016672.1307514,315
1686016672.142907,316
1686016672.1552205,318
1686016672.171425,318
1686016672.1834695,316
1686016672.1955125,315
1686016672.2124603,314
1686016672.2243214,316
1686016672.2412844,318
1686016672.2536457,318
1686016672.2652361,316
1686016672.2822487,314
1686016672.2943585,315
1686016672.3066397,317
1686016672.3224347,318
1686016672.33502,318
1686016672.3482234,315
1686016672.3635345,314
1686016672.376443,316
1686016672.3888488,317
1686016672.405014,318
1686016672.4167957,317
1686016672.433523,315
1686016672.4455276,314
1686016672.4585662,316
1686016672.4747047,317
1686016672.4868257,317
1686016672.4992425,315
1686016672.5147943,313
1686016672.5280905,313
1686016672.540113,315
1686016672.5565631,316
1686016672.56886,316
1686016672.5854306,313
1686016672.5974033,312
1686016672.6093993,312
1686016672.625927,314
1686016672.6384103,315
1686016672.6504042,314
1686016672.6672018,311
1686016672.6795228,310
1686016672.6914802,311
1686016672.7075315,313
1686016672.7197819,314
1686016672.7365327,313
1686016672.7487605,311
1686016672.760633,310
1686016672.7774572,312
1686016672.790296,314
1686016672.801679,314
1686016672.8179028,312
1686016672.8309412,310
1686016672.8430305,310
1686016672.8599572,312
1686016672.8718865,314
1686016672.8835802,313
1686016672.900803,311
1686016672.9128613,310
1686016672.9285052,310
1686016672.9409187,313
1686016672.9537408,314
1686016672.970435,313
1686016672.982811,311
1686016672.9948678,310
1686016673.0110168,311
1686016673.0228534,313
1686016673.0355556,314
1686016673.051792,312
1686016673.0644586,310
1686016673.0798523,310
1686016673.09319,312
1686016673.1052258,314
1686016673.1211154,314
1686016673.1341064,312
1686016673.1464243,310
1686016673.162821,310
1686016673.1752043,312
1686016673.1875634,314
1686016673.2038503,313
1686016673.2158487,311
1686016673.2318532,310
1686016673.2449338,311
1686016673.2567647,313
1686016673.272695,314
1686016673.2853682,314
1686016673.297714,312
1686016673.314374,311
1686016673.3267934,313
1686016673.338776,315
1686016673.3546073,316
1686016673.3673844,315
1686016673.3799117,313
1686016673.3955479,313
1686016673.4090621,315
1686016673.4251475,316
1686016673.4372017,317
1686016673.4495928,315
1686016673.4657855,314
1686016673.4782434,314
1686016673.49026,316
1686016673.5067825,318
1686016673.51911,318
1686016673.5312738,315
1686016673.547563,314
1686016673.5596972,315
1686016673.5754743,317
1686016673.5881467,318
1686016673.6005807,317
1686016673.617253,315
1686016673.6296556,314
1686016673.6424,315
1686016673.6582415,317
1686016673.6697838,318
1686016673.6827805,316
1686016673.6987166,314
1686016673.711589,313
1686016673.723584,315
1686016673.7397811,317
1686016673.7525167,317
1686016673.768485,315
1686016673.7810998,313
1686016673.7935636,313
1686016673.8095007,314
1686016673.8221486,316
1686016673.8341935,315
1686016673.850315,313
1686016673.862792,312
1686016673.8753276,313
1686016673.891855,315
1686016673.9035308,316
1686016673.9195485,315
1686016673.9330356,313
1686016673.9447453,312
1686016673.9607043,313
1686016673.9739227,316
1686016673.985971,317
1686016674.0024314,315
1686016674.0147936,313
1686016674.0271914,313
1686016674.0434613,315
1686016674.0558035,317
1686016674.0722048,317
1686016674.0838196,315
1686016674.095833,314
1686016674.1130357,314
1686016674.1247401,316
1686016674.137221,318
1686016674.1541789,318
1686016674.1657279,316
1686016674.177799,315
1686016674.194816,316
1686016674.2068295,318
1686016674.2190747,319
1686016674.2353733,318
1686016674.2479339,316
1686016674.2643921,315
1686016674.2759814,316
1686016674.2891648,318
1686016674.3054929,319
1686016674.3172534,317
1686016674.3295252,315
1686016674.3457763,315
1686016674.3589458,316
1686016674.3707862,318
1686016674.3868394,318
1686016674.3999968,317
1686016674.4156914,315
1686016674.4281676,315
1686016674.4401834,317
1686016674.4571884,319
1686016674.4692328,318
1686016674.4812753,317
1686016674.498071,315
1686016674.5109322,316
1686016674.5218346,319
1686016674.538903,320
1686016674.5510256,319
1686016674.563434,317
1686016674.5797567,316
1686016674.5920842,317
1686016674.6079025,319
1686016674.6210995,320
1686016674.633144,319
1686016674.6498377,317
1686016674.6615477,316
1686016674.6734931,318
1686016674.690462,320
1686016674.7028728,320
1686016674.71512,318
1686016674.731164,317
1686016674.7437885,317
1686016674.7597702,319
1686016674.7723455,320
1686016674.784547,320
1686016674.800879,318
1686016674.8131845,317
1686016674.824853,317
1686016674.8422945,320
1686016674.8544865,321
1686016674.866455,320
1686016674.8823617,318
1686016674.895307,317
1686016674.9116664,318
1686016674.923667,321
1686016674.936305,321
1686016674.952665,320
1686016674.9653206,318
1686016674.9773817,318
1686016674.993547,319
1686016675.0053089,321
1686016675.0183666,321
1686016675.034323,319
1686016675.046318,317
1686016675.0593777,317
1686016675.0753055,319
1686016675.0873234,321
1686016675.1043088,320
1686016675.1164372,318
1686016675.1286323,317
1686016675.1452672,317
1686016675.1569297,320
1686016675.1698148,321
1686016675.1861434,320
1686016675.1981354,318
1686016675.2108786,317
1686016675.2268095,319
1686016675.239153,320
1686016675.2548897,321
1686016675.2678106,319
1686016675.2798734,317
1686016675.2968812,317
1686016675.3088894,319
1686016675.3208215,320
1686016675.3378778,320
1686016675.3495595,318
1686016675.3622582,316
1686016675.378252,316
1686016675.3912737,318
1686016675.4063113,320
1686016675.419313,319
1686016675.4315948,317
1686016675.4480453,315
1686016675.460643,317
1686016675.47232,318
1686016675.4894211,319
1686016675.5014346,318
1686016675.5139675,316
1686016675.5304267,315
1686016675.542381,318
1686016675.5543811,321
1686016675.5711646,323
1686016675.583343,325
1686016675.599359,326
1686016675.6123433,330
1686016675.6243417,334
1686016675.6403499,338
1686016675.6529188,343
1686016675.6649199,346
1686016675.68098,350
1686016675.6939573,356
1686016675.7059803,363
1686016675.7219782,368
1686016675.7349231,370
1686016675.75103,370
1686016675.7630305,370
1686016675.775975,371
1686016675.7924168,373
1686016675.8039699,373
1686016675.8170452,371
1686016675.8325708,367
1686016675.8454897,365
1686016675.8570611,362
1686016675.8736315,361
1686016675.8865185,358
1686016675.8985014,353
1686016675.9145305,347
1686016675.9275558,343
1686016675.94386,341
1686016675.9555235,340
1686016675.9685764,337
1686016675.9844494,332
1686016675.9967673,327
1686016676.009528,325
1686016676.0257175,324
1686016676.0374672,323
1686016676.0504029,320
1686016676.066166,316
1686016676.0791485,312
1686016676.0952485,311
1686016676.107147,310
1686016676.120056,309
1686016676.1361163,305
1686016676.1485372,302
1686016676.1602108,299
1686016676.1772318,298
1686016676.189328,299
1686016676.2018487,298
1686016676.2179065,296
1686016676.230197,293
1686016676.2458467,292
1686016676.2588634,294
1686016676.2719233,297
1686016676.2879076,297
1686016676.300398,295
1686016676.3125243,294
1686016676.3288488,295
1686016676.3410482,299
1686016676.3532608,301
1686016676.3698728,302
1686016676.3823698,301
1686016676.3943655,301
1686016676.4104242,305
1686016676.4225006,310
1686016676.4394233,314
1686016676.4516377,318
1686016676.463868,320
1686016676.4805162,324
1686016676.4925637,330
1686016676.5048714,337
1686016676.5215824,341
1686016676.533569,342
1686016676.545515,343
1686016676.5618823,345
1686016676.5740554,347
1686016676.5899878,351
1686016676.6032114,351
1686016676.6155787,348
1686016676.6316655,344
1686016676.6434555,342
1686016676.656579,341
1686016676.672805,339
1686016676.6845038,335
1686016676.697563,329
1686016676.7137897,323
1686016676.7259097,319
1686016676.7385738,316
1686016676.7544074,311
1686016676.766696,302
1686016676.7834275,292
1686016676.7956972,283
1686016676.8074837,277
1686016676.824476,272
1686016676.8366091,266
1686016676.848744,260
1686016676.865136,254
1686016676.8771944,250
1686016676.8901703,250
1686016676.906058,251
1686016676.918751,251
1686016676.9351099,249
1686016676.9468086,249
1686016676.9597485,251
1686016676.9758887,255
1686016676.9881184,259
1686016676.9998188,261
1686016677.0168035,261
1686016677.028966,263
1686016677.0416515,267
1686016677.0579107,272
1686016677.0701604,276
1686016677.0861502,278
1686016677.09885,279
1686016677.1111448,282
1686016677.1271837,285
1686016677.1398704,290
1686016677.1518543,292
1686016677.1687553,292
1686016677.1804056,290
1686016677.1933572,289
1686016677.209162,291
1686016677.2211466,293
1686016677.2340822,294
1686016677.2500925,293
1686016677.2621465,293
1686016677.2782993,295
1686016677.2913482,299
1686016677.3038585,303
1686016677.320421,305
1686016677.3324144,306
1686016677.3446045,306
1686016677.3608918,310
1686016677.3729482,314
1686016677.3856826,317
1686016677.4016762,317
1686016677.4139838,317
1686016677.4301963,317
1686016677.4426453,320
1686016677.455319,323
1686016677.4712434,324
1686016677.4833028,323
1686016677.4963086,322
1686016677.5122445,322
1686016677.524397,326
1686016677.5373197,329
1686016677.553337,329
1686016677.5659833,324
1686016677.5780604,320
1686016677.5942283,317
1686016677.606004,316
1686016677.622954,313
1686016677.6353393,313
1686016677.647018,313
1686016677.6640153,314
1686016677.6760168,319
1686016677.6880152,326
1686016677.7050195,332
1686016677.7173877,335
1686016677.7290776,337
1686016677.7460794,340
1686016677.7580197,343
1686016677.7740183,346
1686016677.7870262,346
1686016677.7990894,344
1686016677.815023,340
1686016677.8280933,338
1686016677.8396032,339
1686016677.8566954,339
1686016677.8686953,337
1686016677.8808546,333
1686016677.8970065,330
1686016677.910008,329
1686016677.9260046,329
1686016677.938073,330
1686016677.951082,328
1686016677.9674194,325
1686016677.979489,323
1686016677.99162,322
1686016678.008152,322
1686016678.0198398,320
1686016678.0328414,315
1686016678.0489035,308
1686016678.0609083,302
1686016678.0739071,298
1686016678.0898428,295
1686016678.10241,292
1686016678.118866,288
1686016678.131077,284
1686016678.1432018,281
1686016678.15987,281
1686016678.1719463,282
1686016678.1843648,283
1686016678.1999316,282
1686016678.2129407,282
1686016678.2249253,284
1686016678.2411199,288
1686016678.254132,291
1686016678.269358,293
1686016678.2823706,293
1686016678.295341,294
1686016678.3113263,297
1686016678.3234239,301
1686016678.3356192,304
1686016678.3521202,304
1686016678.3640015,303
1686016678.3760602,304
1686016678.3930838,306
1686016678.4049954,309
1686016678.421062,311
1686016678.4340718,310
1686016678.4460096,309
1686016678.4620626,309
1686016678.4752262,311
1686016678.4870503,313
1686016678.503924,313
1686016678.5157642,312
1686016678.5277631,311
1686016678.5447717,311
1686016678.5567658,313
1686016678.569201,315
1686016678.5858831,315
1686016678.597822,313
1686016678.6141706,312
1686016678.6258361,314
1686016678.638895,316
1686016678.655435,318
1686016678.6672347,317
1686016678.679483,315
1686016678.6961691,314
1686016678.709173,316
1686016678.7204747,319
1686016678.7371652,319
1686016678.7491653,318
1686016678.7652345,316
1686016678.7782433,316
1686016678.7901719,318
1686016678.806232,320
1686016678.8192506,320
1686016678.831254,318
1686016678.847541,317
1686016678.8602335,317
1686016678.8721693,319
1686016678.8882308,321
1686016678.901235,321
1686016678.9131696,318
1686016678.9291682,317
1686016678.9422374,318
1686016678.9583075,320
1686016678.9701717,321
1686016678.982167,320
1686016678.9992301,318
1686016679.011501,317
1686016679.0241704,319
1686016679.0401776,321
1686016679.0525398,321
1686016679.064203,320
1686016679.0812516,317
1686016679.0932488,317
1686016679.1092446,319
1686016679.1222646,321
1686016679.1348386,321
1686016679.1516178,319
1686016679.1628554,317
1686016679.1756883,317
1686016679.1918237,319
1686016679.2036781,320
1686016679.215634,319
1686016679.2326775,317
1686016679.244966,315
1686016679.2608075,316
1686016679.2738814,318
1686016679.285839,319
1686016679.3019292,317
1686016679.3143814,315
1686016679.3265114,314
1686016679.3435454,316
1686016679.3555086,318
1686016679.3680325,318
1686016679.3839898,317
1686016679.3960001,315
1686016679.409042,315
1686016679.4250386,316
1686016679.4370332,318
1686016679.4534278,318
1686016679.4654849,316
1686016679.478495,315
1686016679.4946039,315
1686016679.507545,318
1686016679.5195305,319
1686016679.535546,318
1686016679.5477812,316
1686016679.56055,314
1686016679.57647,315
1686016679.5884771,318
1686016679.60447,319
1686016679.6180553,318
1686016679.6295338,315
1686016679.6474595,315
1686016679.658739,316
1686016679.6705587,318
1686016679.6874614,319
1686016679.6994288,318
1686016679.7114303,315
1686016679.7284636,315
1686016679.740299,317
1686016679.757051,318
1686016679.7692938,318
1686016679.7813349,316
1686016679.797375,315
1686016679.810308,315
1686016679.822502,317
1686016679.8386579,319
1686016679.8513763,318
1686016679.8636608,316
1686016679.8799834,315
1686016679.8916578,316
1686016679.904657,318
1686016679.9206548,319
1686016679.932722,317
1686016679.9486792,315
1686016679.9617255,314
1686016679.9741762,316
1686016679.9901853,318
1686016680.0024948,318
1686016680.0151699,317
1686016680.031182,315
1686016680.0431774,315
1686016680.0561738,317
1686016680.0719347,319
1686016680.0848777,319
1686016680.1008646,317
1686016680.1128128,315
1686016680.1258106,316
1686016680.1419246,318
1686016680.1541772,320
1686016680.1669238,319
1686016680.1831434,316
1686016680.1951926,315
1686016680.2078733,316
1686016680.223935,318
1686016680.2358482,319
1686016680.2478638,318
1686016680.2647827,316
1686016680.277126,315
1686016680.2932684,317
1686016680.3065438,319
1686016680.3181603,319
1686016680.3345888,318
1686016680.346635,316
1686016680.3591561,316
1686016680.375512,318
1686016680.3875442,319
1686016680.3999648,320
1686016680.4158413,318
1686016680.4288204,316
1686016680.4444091,316
1686016680.4576285,318
1686016680.4702988,319
1686016680.4862278,319
1686016680.4982593,316
1686016680.5102994,315
1686016680.526316,316
1686016680.5394473,318
1686016680.5518663,319
1686016680.5680923,318
1686016680.580616,316
1686016680.5963407,315
1686016680.608482,317
1686016680.621517,319
1686016680.6373074,319
1686016680.6499853,318
1686016680.662291,316
1686016680.6786957,316
1686016680.6908076,318
1686016680.7024667,320
1686016680.719475,320
1686016680.7328696,318
1686016680.7443972,317
1686016680.7599175,317
1686016680.7728577,319
1686016680.7888625,320
1686016680.8008833,320
1686016680.81293,317
1686016680.829922,316
1686016680.8419297,317
1686016680.8538702,319
1686016680.8709202,320
1686016680.8829272,319
1686016680.8948643,316
1686016680.912123,315
1686016680.9239244,316
1686016680.9399114,318
1686016680.9528773,319
1686016680.9648714,317
1686016680.980863,315
1686016680.9939117,314
1686016681.0059233,316
1686016681.0215771,318
1686016681.0346675,318
1686016681.0467834,316
1686016681.062699,315
1686016681.0758045,315
1686016681.0877023,317
1686016681.1036985,319
1686016681.1166954,319
1686016681.1327014,317
1686016681.144455,315
1686016681.1577022,316
1686016681.1739953,318
1686016681.1853695,320
1686016681.1984372,319
1686016681.214473,318
1686016681.2273424,318
1686016681.2393377,321
1686016681.2556727,326
1686016681.2673357,329
1686016681.284357,332
1686016681.2964795,334
1686016681.308449,338
1686016681.3253417,342
1686016681.3372936,347
1686016681.3492832,347
1686016681.3662791,344
1686016681.3782923,340
1686016681.3904767,337
1686016681.4074829,334
1686016681.41963,330
1686016681.4359565,324
1686016681.447956,317
1686016681.4599605,312
1686016681.4769292,310
1686016681.4889834,311
1686016681.5009863,310
1686016681.5179617,308
1686016681.5299263,306
1686016681.5422451,304
1686016681.558248,305
1686016681.571215,307
1686016681.583214,307
1686016681.599213,305
1686016681.6123865,303
1686016681.628404,303
1686016681.6403291,305
1686016681.6523538,307
1686016681.669309,308
1686016681.6813493,306
1686016681.6933513,305
1686016681.7103298,305
1686016681.722747,308
1686016681.7347412,310
1686016681.7509656,310
1686016681.7639093,308
1686016681.7801135,308
1686016681.7922974,309
1686016681.8045802,311
1686016681.820474,313
1686016681.8334837,312
1686016681.8457546,310
1686016681.8621287,309
1686016681.8743732,311
1686016681.8865547,313
1686016681.9032884,314
1686016681.915681,312
1686016681.93091,311
1686016681.9444146,310
1686016681.9564264,312
1686016681.972742,314
1686016681.9849076,314
1686016681.9969473,312
1686016682.0139186,311
1686016682.025998,311
1686016682.038563,314
1686016682.0544188,316
1686016682.0670428,315
1686016682.0788205,313
1686016682.096072,312
1686016682.1080637,313
1686016682.1240904,315
1686016682.1370354,317
1686016682.1486497,316
1686016682.1654491,314
1686016682.177793,313
1686016682.189283,314
1686016682.2058551,317
1686016682.2185757,317
1686016682.2304208,316
1686016682.2472348,314
1686016682.2592757,313
1686016682.2752802,315
1686016682.287828,317
1686016682.3001723,317
1686016682.3168626,315
1686016682.3290844,313
1686016682.3416824,314
1686016682.3579385,316
1686016682.3702328,317
1686016682.3820128,317
1686016682.3987138,314
1686016682.4107351,313
1686016682.423528,314
1686016682.4401526,316
1686016682.4513903,317
1686016682.468759,316
1686016682.480867,314
1686016682.4932492,313
1686016682.5095644,314
1686016682.5214355,317
1686016682.5335329,317
1686016682.549872,316
1686016682.562639,314
1686016682.574902,313
1686016682.5909526,315
1686016682.6036952,317
1686016682.619626,317
1686016682.6322906,315
1686016682.643783,313
1686016682.6604748,313
1686016682.6733935,315
1686016682.6854405,317
1686016682.701644,316
1686016682.714489,314
1686016682.7259595,313
1686016682.7426481,314
1686016682.7550726,316
1686016682.771224,317
1686016682.7832942,317
1686016682.795777,314
1686016682.8119423,314
1686016682.8250058,315
1686016682.8370585,317
1686016682.8534884,318
1686016682.8655124,316
1686016682.877889,314
1686016682.8956835,314
1686016682.9069514,316
1686016682.918889,318
1686016682.935447,318
1686016682.9477005,316
1686016682.963692,314
1686016682.9760563,314
1686016682.9884236,316
1686016683.0045228,318
1686016683.0173292,317
1686016683.02974,315
1686016683.0460947,314
1686016683.058086,315
1686016683.070171,317
1686016683.0871544,318
1686016683.098862,318
1686016683.1149583,315
1686016683.1279461,315
1686016683.139945,316
1686016683.1569147,318
1686016683.1692019,318
1686016683.181087,317
1686016683.1977015,315
1686016683.2094672,314
1686016683.2215128,316
1686016683.2387185,318
1686016683.2507772,318
1686016683.2666154,315
1686016683.279258,314
1686016683.291618,314
1686016683.307892,316
1686016683.3199136,318
1686016683.3325074,317
1686016683.3489575,315
1686016683.361255,314
1686016683.3729649,315
1686016683.3896246,317
1686016683.402427,318
1686016683.4139783,317
1686016683.4309723,315
1686016683.442906,314
1686016683.4598968,315
1686016683.4719944,317
1686016683.48424,318
1686016683.5006955,316
1686016683.512602,314
1686016683.5247488,314
1686016683.5416093,316
1686016683.5533712,318
1686016683.5655873,318
1686016683.5826755,316
1686016683.5949512,314
1686016683.6110804,314
1686016683.6230116,316
1686016683.6360552,318
1686016683.6519485,317
1686016683.6647122,315
1686016683.676453,313
1686016683.693189,314
1686016683.7056732,317
1686016683.7172499,318
1686016683.7342143,317
1686016683.7462757,315
1686016683.7622697,314
1686016683.774834,315
1686016683.7868278,317
1686016683.8038974,317
1686016683.8160179,316
1686016683.8282604,313
1686016683.8460984,313
1686016683.8570137,315
1686016683.869361,316
1686016683.8850043,316
1686016683.8972056,314
1686016683.910209,312
1686016683.926063,313
1686016683.938729,315
1686016683.9553766,317
1686016683.9671957,316
1686016683.979712,314
1686016683.9962819,313
1686016684.008281,314
1686016684.020294,316
1686016684.037345,317
1686016684.0495136,316
1686016684.0612948,314
1686016684.0782826,313
1686016684.0904956,314
1686016684.1062915,316
1686016684.1192894,317
1686016684.1312804,315
1686016684.1473427,313
1686016684.1592808,313
1686016684.1722896,314
1686016684.188354,316
1686016684.200342,316
1686016684.213194,314
1686016684.2293413,312
1686016684.2414517,313
1686016684.2543466,315
1686016684.2703366,316
1686016684.2828882,316
1686016684.2993383,314
1686016684.3115766,313
1686016684.3235567,313
1686016684.3403447,315
1686016684.35233,316
1686016684.3643348,315
1686016684.380391,313
1686016684.3933349,312
1686016684.4053962,313
1686016684.4223857,316
1686016684.4343975,316
1686016684.4500833,315
1686016684.4630797,313
1686016684.4750798,312
1686016684.4910893,314
1686016684.504085,316
1686016684.516073,316
1686016684.5320868,313
1686016684.545077,312
1686016684.557384,312
1686016684.5737052,314
1686016684.5857024,316
1686016684.601704,315
1686016684.6147068,314
1686016684.6267045,312
1686016684.6427054,313
1686016684.6557066,315
1686016684.6677084,317
1686016684.683712,316
1686016684.695704,314
1686016684.7087016,313
1686016684.7247097,314
1686016684.7377079,316
1686016684.7497058,317
1686016684.765838,315
1686016684.7778263,313
1686016684.7948267,313
1686016684.8068268,315
1686016684.8187509,317
1686016684.8356972,317
1686016684.8476844,315
1686016684.859749,313
1686016684.8766851,313
1686016684.8887458,316
1686016684.9007447,317
1686016684.917834,317
1686016684.929745,315
1686016684.9456973,314
1686016684.9586859,314
1686016684.9707491,317
1686016684.9866993,318
1686016684.999899,317
1686016685.01169,314
1686016685.0277004,314
1686016685.0406861,315
1686016685.0527408,317
1686016685.0686853,318
1686016685.0817063,316
1686016685.0976965,314
1686016685.109704,314
1686016685.122688,316
1686016685.1386862,318
1686016685.150681,318
1686016685.1627522,315
1686016685.1796873,314
1686016685.1916995,314
1686016685.2037034,316
1686016685.2201207,317
1686016685.2331796,317
1686016685.2451215,314
1686016685.2612598,313
1686016685.2741418,314
1686016685.2904267,316
1686016685.303136,318
1686016685.314386,317
1686016685.3313792,315
1686016685.3433163,314
1686016685.3553257,315
1686016685.3723726,318
1686016685.38438,318
1686016685.3973172,317
1686016685.4133108,314
1686016685.425288,314
1686016685.441241,316
1686016685.4542453,318
1686016685.466226,318
1686016685.4832683,316
1686016685.4952242,314
1686016685.507237,314
1686016685.523236,317
1686016685.5362835,318
1686016685.548285,317
1686016685.5642276,316
1686016685.5772288,314
1686016685.589225,315
1686016685.6052864,317
1686016685.61824,319
1686016685.6338615,317
1686016685.647289,315
1686016685.6588557,314
1686016685.6755154,316
1686016685.6873443,318
1686016685.6995804,319
1686016685.7165103,317
1686016685.7284684,315
1686016685.7411194,315
1686016685.7571266,317
1686016685.769145,318
1686016685.7856984,318
1686016685.7989037,317
1686016685.8110623,315
1686016685.827387,315
1686016685.8394368,318
1686016685.851715,319
1686016685.8676987,319
1686016685.879686,316
1686016685.8929777,315
1686016685.9090738,315
1686016685.920922,318
1686016685.9378738,319
1686016685.9501166,317
1686016685.9619577,315
1686016685.9790099,314
1686016685.9911323,316
1686016686.0027854,318
1686016686.0198514,318
1686016686.0320752,317
1686016686.0436072,315
1686016686.0601792,314
1686016686.0729344,316
1686016686.0851114,318
1686016686.1013327,318
1686016686.1142743,317
1686016686.1303322,315
1686016686.1425958,315
1686016686.1549385,317
1686016686.171238,318
1686016686.183589,318
1686016686.1956675,316
1686016686.2116523,314
1686016686.2239244,315
1686016686.2367113,317
1686016686.2529466,318
1686016686.2650425,317
1686016686.2819536,315
1686016686.2939787,314
1686016686.3065746,315
1686016686.3224277,318
1686016686.3349366,318
1686016686.3469431,317
1686016686.363904,315
1686016686.3762062,314
1686016686.3876665,316
1686016686.4046712,318
1686016686.4169436,318
1686016686.4322443,316
1686016686.4451969,314
1686016686.4575505,315
1686016686.4741826,317
1686016686.4861832,318
1686016686.4985394,318
1686016686.5150576,315
1686016686.5273087,314
1686016686.5397255,315
1686016686.5557787,317
1686016686.5677805,318
1686016686.5807936,317
1686016686.5967326,315
1686016686.6087415,314
1686016686.62503,315
1686016686.6380596,317
1686016686.6502523,317
1686016686.6670127,316
1686016686.6790116,314
1686016686.6910315,314
1686016686.7070794,316
1686016686.7200158,318
1686016686.732089,318
1686016686.7480276,316
1686016686.7602873,314
1686016686.776836,315
1686016686.7898197,317
1686016686.8018196,318
1686016686.8178887,317
1686016686.8308358,315
1686016686.8428984,314
1686016686.8594475,315
1686016686.8714728,317
1686016686.883363,318
1686016686.900521,318
1686016686.9124303,316
1686016686.9247906,315
1686016686.940752,316
1686016686.952692,319
1686016686.9698396,320
1686016686.9817982,319
1686016686.9943616,317
1686016687.0107067,318
1686016687.023003,320
1686016687.0357196,323
1686016687.05176,324
1686016687.0640025,323
1686016687.075706,323
1686016687.092711,324
1686016687.1047034,328
1686016687.1206887,331
1686016687.133687,333
1686016687.145745,333
1686016687.1617386,334
1686016687.1746857,338
1686016687.1867359,344
1686016687.203399,348
1686016687.2155604,351
1686016687.2275443,352
1686016687.2436872,355
1686016687.256493,359
1686016687.2724922,364
1686016687.2845325,366
1686016687.2974935,366
1686016687.313497,365
1686016687.325893,365
1686016687.3379204,365
1686016687.3549047,367
1686016687.3669605,366
1686016687.378901,362
1686016687.3959596,358
1686016687.4079,356
1686016687.420294,355
1686016687.4363503,354
1686016687.4482977,350
1686016687.465294,345
1686016687.4773016,342
1686016687.4902942,340
1686016687.5062928,340
1686016687.5185523,338
1686016687.531026,335
1686016687.5465455,331
1686016687.55955,328
1686016687.571546,327
1686016687.588549,327
1686016687.6005483,324
1686016687.6165495,319
1686016687.6285493,314
1686016687.6415486,311
1686016687.6575477,310
1686016687.6695418,309
1686016687.682547,306
1686016687.6985428,303
1686016687.7105515,299
1686016687.7225487,298
1686016687.739548,299
1686016687.7515461,300
1686016687.7676003,299
1686016687.780565,297
1686016687.7925432,295
1686016687.8085995,295
1686016687.8217306,298
1686016687.833601,299
1686016687.8505478,297
1686016687.8625486,295
1686016687.8746104,294
1686016687.8905606,295
1686016687.9035938,297
1686016687.9157784,298
1686016687.931822,296
1686016687.943821,294
1686016687.9608052,294
1686016687.9728067,295
1686016687.984822,298
1686016688.001806,298
1686016688.013804,297
1686016688.0264535,297
1686016688.0434868,300
1686016688.0554724,305
1686016688.0675504,309
1686016688.0835996,312
1686016688.0957205,314
1686016688.1117213,317
1686016688.124249,321
1686016688.1372309,327
1686016688.1532462,333
1686016688.1651804,335
1686016688.1781864,335
1686016688.1941948,337
1686016688.2064466,340
1686016688.2184646,343
1686016688.2355351,343
1686016688.2477021,341
1686016688.2595263,338
1686016688.2764924,336
1686016688.288527,337
1686016688.3045185,336
1686016688.3171816,333
1686016688.329504,328
1686016688.3461843,324
1686016688.3582525,320
1686016688.3704984,319
1686016688.3861961,316
1686016688.399187,310
1686016688.4115884,302
1686016688.4281974,294
1686016688.4402652,287
1686016688.4562438,281
1686016688.4685056,274
1686016688.4812524,266
1686016688.4978406,258
1686016688.5097816,253
1686016688.5219452,253
1686016688.537962,253
1686016688.5509493,252
1686016688.563093,251
1686016688.5790198,249
1686016688.591951,250
1686016688.6040106,253
1686016688.620266,256
1686016688.632974,258
1686016688.649201,258
1686016688.6611314,259
1686016688.673566,262
1686016688.6902053,266
1686016688.7023556,270
1686016688.7147276,272
1686016688.7304451,273
1686016688.7433972,274
1686016688.7554388,277
1686016688.7723787,281
1686016688.7844446,283
1686016688.8007257,282
1686016688.8126824,280
1686016688.825403,279
1686016688.8416364,282
1686016688.8536656,285
1686016688.866335,287
1686016688.8825316,288
1686016688.8943226,289
1686016688.9073403,292
1686016688.9233818,298
1686016688.9356506,303
1686016688.9513943,306
1686016688.9643219,308
1686016688.9763436,311
1686016688.9933217,315
1686016689.0053866,320
1686016689.0173242,322
1686016689.0338848,320
1686016689.046689,313
1686016689.0586073,306
1686016689.0746808,302
1686016689.0876741,302
1686016689.0996087,301
1686016689.1156764,298
1686016689.1279173,296
1686016689.1444073,298
1686016689.1568499,303
1686016689.169199,309
1686016689.185982,316
1686016689.19787,319
1686016689.2098804,323
1686016689.2261457,327
1686016689.2391405,332
1686016689.2516248,337
1686016689.2673984,339
1686016689.280098,340
1686016689.2961452,339
1686016689.3080788,342
1686016689.321097,344
1686016689.3374562,346
1686016689.3491433,345
1686016689.3621407,341
1686016689.378151,338
1686016689.390135,337
1686016689.402078,338
1686016689.4191382,337
1686016689.431429,335
1686016689.4477737,333
1686016689.459425,333
1686016689.4724238,335
1686016689.4884782,338
1686016689.500772,338
1686016689.513498,336
1686016689.5294516,334
1686016689.5424309,334
1686016689.5544891,336
1686016689.5706327,337
1686016689.583418,336
1686016689.595871,333
1686016689.6117463,331
1686016689.6235857,330
1686016689.6395915,331
1686016689.652664,331
1686016689.6650622,329
1686016689.681077,326
1686016689.6930685,324
1686016689.705379,323
1686016689.722957,324
1686016689.734277,323
1686016689.7469468,318
1686016689.7630024,313
1686016689.7750237,310
1686016689.7909462,309
1686016689.8040006,310
1686016689.8160055,309
1686016689.833156,306
1686016689.8447158,303
1686016689.857417,301
1686016689.873982,301
1686016689.8860395,302
1686016689.8979642,301
1686016689.9150016,298
1686016689.9269211,296
1686016689.9389799,296
1686016689.955975,299
1686016689.9679153,301
1686016689.9835782,301
1686016689.996572,300
1686016690.0092268,300
1686016690.02523,302
1686016690.0372887,305
1686016690.0492237,308
1686016690.0663214,308
1686016690.0782537,307
1686016690.0912535,308
1686016690.107311,311
1686016690.1195116,314
1686016690.1358569,316
1686016690.1482444,316
1686016690.1603303,314
1686016690.1763296,315
1686016690.1894019,317
1686016690.20133,320
1686016690.2176852,321
1686016690.2300735,320
1686016690.2421002,319
1686016690.258096,319
1686016690.2710776,322
1686016690.2874181,323
1686016690.2994235,322
1686016690.3120918,320
1686016690.3285148,318
1686016690.340821,319
1686016690.3530402,320
1686016690.3691268,321
1686016690.3818133,320
1686016690.3938217,317
1686016690.4101312,317
1686016690.42282,318
1686016690.4348526,320
1686016690.4515676,320
1686016690.463566,318
1686016690.4795702,315
1686016690.4925227,315
1686016690.5046535,316
1686016690.5208304,318
1686016690.5328782,318
1686016690.5455413,316
1686016690.5618834,315
1686016690.574545,316
1686016690.5865989,318
1686016690.6024885,319
1686016690.614749,319
1686016690.6305344,317
1686016690.6437578,316
1686016690.6557484,317
1686016690.6725283,319
1686016690.6854768,319
1686016690.6969047,318
1686016690.7134354,316
1686016690.7250848,315
1686016690.7383716,316
1686016690.7541215,319
1686016690.7660618,319
1686016690.7821214,317
1686016690.7950628,315
1686016690.8074014,314
1686016690.8240633,316
1686016690.836064,318
1686016690.8483887,318
1686016690.86514,316
1686016690.8772585,314
1686016690.8891234,315
1686016690.9061341,317
1686016690.9180794,318
1686016690.9301183,317
1686016690.9471903,315
1686016690.959223,313
1686016690.975185,314
1686016690.9881818,316
1686016691.0002007,317
1686016691.0161998,316
1686016691.0284262,313
1686016691.0407987,313
1686016691.05748,314
1686016691.0698297,316
1686016691.0821404,316
1686016691.0990236,315
1686016691.1107204,313
1686016691.126422,313
1686016691.1394472,315
1686016691.151195,317
1686016691.1683195,317
1686016691.180382,315
1686016691.1923277,313
1686016691.208661,314
1686016691.221119,316
1686016691.234377,317
1686016691.2503815,317
1686016691.2623014,315
1686016691.2743034,314
1686016691.2903326,315
1686016691.3033652,317
1686016691.3196616,318
1686016691.331306,317
1686016691.3437262,315
1686016691.3608246,314
1686016691.3728063,316
1686016691.3847191,318
1686016691.4017136,319
1686016691.4132566,317
1686016691.4256287,316
1686016691.4426856,315
1686016691.4546025,317
1686016691.4706874,319
1686016691.4836252,319
1686016691.4956155,317
1686016691.5116684,315
1686016691.523669,316
1686016691.536729,318
1686016691.552742,319
1686016691.5656095,318
1686016691.5776024,316
1686016691.5936816,315
1686016691.6059868,316
1686016691.6216087,318
1686016691.6348567,319
1686016691.647189,317
1686016691.6638045,315
1686016691.6761413,315
1686016691.687848,316
1686016691.7045965,319
1686016691.7167664,319
1686016691.7291243,317
1686016691.7451859,315
1686016691.7581847,315
1686016691.7701845,317
1686016691.7861788,319
1686016691.7982771,319
1686016691.8152063,317
1686016691.82783,315
1686016691.8410428,316
1686016691.856134,318
1686016691.8688173,319
1686016691.8798916,318
1686016691.897255,316
1686016691.9092677,314
1686016691.9217036,315
1686016691.9382477,317
1686016691.9500294,318
1686016691.9662874,317
1686016691.979278,315
1686016691.9910858,314
1686016692.006957,316
1686016692.0200279,318
1686016692.0322554,318
1686016692.0486913,316
1686016692.060686,315
1686016692.0727966,314
1686016692.0893066,316
1686016692.102179,318
1686016692.1173854,318
1686016692.1307158,316
1686016692.1422384,314
1686016692.1589735,314
1686016692.1719253,317
1686016692.1839483,318
1686016692.1999807,317
1686016692.212518,315
1686016692.2248478,314
1686016692.2408817,315
1686016692.2536407,318
1686016692.2656348,319
1686016692.282283,317
1686016692.2943127,315
1686016692.3103738,314
1686016692.3233283,316
1686016692.3355699,318
1686016692.3516498,318
1686016692.3637185,317
1686016692.3757184,315
1686016692.3927088,315
1686016692.4047203,317
1686016692.4166486,319
1686016692.4338303,318
1686016692.445895,316
1686016692.461899,314
1686016692.4738383,315
1686016692.4868894,317
1686016692.5030022,318
1686016692.5154183,318
1686016692.5278296,315
1686016692.5440576,314
1686016692.5559971,315
1686016692.5685823,317
1686016692.5851457,318
1686016692.5977356,317
1686016692.6094284,315
1686016692.6257806,314
1686016692.638834,315
1686016692.654101,317
1686016692.6667666,317
1686016692.67976,316
1686016692.6961534,314
1686016692.7082834,313
1686016692.720375,315
1686016692.7372642,317
1686016692.7492278,317
1686016692.760711,315
1686016692.7776244,313
1686016692.7903023,314
1686016692.8063092,316
1686016692.8183033,317
1686016692.830368,317
1686016692.8473067,314
1686016692.8599055,313
1686016692.8721778,314
1686016692.8884346,317
1686016692.90048,317
1686016692.9128497,316
1686016692.9290285,314
1686016692.9414976,314
1686016692.9574902,317
1686016692.9701397,320
1686016692.982026,322
1686016692.9990256,322
1686016693.011023,322
1686016693.0232737,324
1686016693.0397446,327
1686016693.0517938,329
1686016693.0648189,329
1686016693.0800555,326
1686016693.0928366,324
1686016693.1047938,322
1686016693.1221516,323
1686016693.13357,323
1686016693.1502643,320
1686016693.1627948,316
1686016693.1745162,314
1686016693.191165,314
1686016693.2037086,315
1686016693.21575,315
1686016693.2320712,313
1686016693.2447464,311
1686016693.256741,310
1686016693.2728422,312
1686016693.2857327,314
1686016693.301325,314
1686016693.3143263,312
1686016693.3264005,311
1686016693.3431277,311
1686016693.3551242,313
1686016693.3678172,315
1686016693.3841429,315
1686016693.3962154,313
1686016693.4083374,312
1686016693.425051,312
1686016693.4372563,315
1686016693.4529867,317
1686016693.4661922,316
1686016693.4782765,314
1686016693.494576,313
1686016693.506578,314
1686016693.5190773,316
1686016693.5351067,318
1686016693.5481017,316
1686016693.5600348,314
1686016693.5764644,314
1686016693.5890682,315
1686016693.6008425,317
1686016693.6170435,318
1686016693.629789,317
1686016693.6456082,314
1686016693.6582572,314
1686016693.6700091,316
1686016693.6867423,318
1686016693.699797,319
1686016693.7112944,317
1686016693.728168,315
1686016693.7396426,316
1686016693.7518213,318
1686016693.7686882,319
1686016693.7807992,319
1686016693.7974932,317
1686016693.810063,316
1686016693.8220031,317
1686016693.8387458,319
1686016693.850792,320
1686016693.8627563,319
1686016693.8800445,316
1686016693.8913157,315
1686016693.9039586,317
1686016693.9207385,318
1686016693.9327905,318
1686016693.9491265,317
1686016693.9609735,314
1686016693.9735725,314
1686016693.9895756,316
1686016694.0017738,318
1686016694.0147486,318
1686016694.0312445,315
1686016694.04304,314
1686016694.0557528,314
1686016694.0718277,316
1686016694.0843625,317
1686016694.0967088,317
1686016694.1126976,314
1686016694.1247773,313
1686016694.1418295,314
1686016694.1538205,317
1686016694.1662817,318
1686016694.182709,316
1686016694.1949458,314
1686016694.2069895,313
1686016694.2238283,315
1686016694.2360828,317
1686016694.2482922,317
1686016694.2638714,315
1686016694.277101,314
1686016694.2925043,314
1686016694.3062282,316
1686016694.3171446,317
1686016694.3336835,317
1686016694.3456812,315
1686016694.3588207,313
1686016694.3748453,314
1686016694.3871448,316
1686016694.3990753,318
1686016694.4157584,317
1686016694.4278538,314
1686016694.4408681,313
1686016694.4567852,314
1686016694.4690485,317
1686016694.4850516,317
1686016694.498006,316
1686016694.510363,313
1686016694.5267255,313
1686016694.5389223,314
1686016694.5521924,316
1686016694.567802,316
1686016694.5800405,314
1686016694.5919547,312
1686016694.6082995,312
1686016694.621225,314
1686016694.636825,316
1686016694.648869,316
1686016694.6618598,314
1686016694.6775234,312
1686016694.6906106,312
1686016694.7029884,315
1686016694.7192624,316
1686016694.7313433,316
1686016694.744037,313
1686016694.7600553,312
1686016694.7728298,314
1686016694.7881286,316
1686016694.8011959,317
1686016694.8127787,316
1686016694.8301244,314
1686016694.842202,313
1686016694.854049,315
1686016694.870784,317
1686016694.883022,317
1686016694.8954265,316
1686016694.9118915,314
1686016694.9239278,314
1686016694.9359806,316
1686016694.9528358,318
1686016694.9645107,317
1686016694.9805257,315
1686016694.9939659,314
1686016695.0054626,314
1686016695.022108,316
1686016695.0352397,318
1686016695.0466683,317
1686016695.0631685,315
1686016695.0757995,314
1686016695.088175,315
1686016695.1037834,317
1686016695.1167808,318
1686016695.132447,317
1686016695.1452005,315
1686016695.1570935,314
1686016695.1741076,316
1686016695.185789,318
1686016695.1985319,318
1686016695.2151923,316
1686016695.2271793,314
1686016695.2389753,314
1686016695.2557943,316
1686016695.2679963,318
1686016695.2843552,317
1686016695.2969291,315
1686016695.3094199,313
1686016695.3257606,314
1686016695.337378,316
1686016695.3499289,317
1686016695.3660183,316
1686016695.378759,314
1686016695.390826,313
1686016695.4075406,314
1686016695.4195364,317
1686016695.431173,317
1686016695.4481447,316
1686016695.4601893,313
1686016695.4760556,313
1686016695.488864,315
1686016695.5015578,317
1686016695.517083,317
1686016695.530161,315
1686016695.5426843,313
1686016695.5589726,313
1686016695.5712378,315
1686016695.5834184,317
1686016695.6000674,317
1686016695.61212,315
1686016695.6286857,313
1686016695.6406088,314
1686016695.653174,316
1686016695.6689947,317
1686016695.6820724,316
1686016695.6941245,314
1686016695.710859,313
1686016695.722784,314
1686016695.735235,316
1686016695.7514367,317
1686016695.7631135,316
1686016695.775581,313
1686016695.7920575,313
1686016695.8040342,314
1686016695.820274,317
1686016695.8340516,317
1686016695.8455946,315
1686016695.8612263,313
1686016695.8737884,313
1686016695.8858466,315
1686016695.9025717,316
1686016695.915161,316
1686016695.9272466,314
1686016695.9436247,312
1686016695.9563322,313
1686016695.97162,315
1686016695.9846797,316
1686016695.9966788,315
1686016696.0136116,313
1686016696.026244,312
1686016696.038117,313
1686016696.0543587,315
1686016696.0663977,317
1686016696.0788834,315
1686016696.095381,313
1686016696.1075578,313
1686016696.123752,315
1686016696.135747,317
1686016696.1486285,317
1686016696.1652503,316
1686016696.1774876,314
1686016696.1894655,314
1686016696.206151,316
1686016696.2184396,318
1686016696.2307703,317
1686016696.2470136,315
1686016696.2590077,314
1686016696.2711358,314
1686016696.2880766,316
1686016696.3002973,317
1686016696.316823,316
1686016696.328494,314
1686016696.3411584,313
1686016696.358137,314
1686016696.3701317,317
1686016696.3821943,317
1686016696.398844,316
1686016696.410401,314
1686016696.4232457,313
1686016696.4393618,315
1686016696.4516535,317
1686016696.467839,317
1686016696.4806278,315
1686016696.493106,313
1686016696.5087745,313
1686016696.5208406,314
1686016696.5338056,316
1686016696.550045,316
1686016696.5623543,313
1686016696.5744035,312
1686016696.5911484,312
1686016696.6026356,315
1686016696.6193638,316
1686016696.6320007,315
1686016696.6440027,313
1686016696.6609674,312
1686016696.6725569,313
1686016696.6846862,316
1686016696.7013206,316
1686016696.714079,315
1686016696.7265358,313
1686016696.7428539,313
1686016696.75465,315
1686016696.7672498,317
1686016696.783847,317
1686016696.7959275,315
1686016696.811939,313
1686016696.8239841,313
1686016696.8362308,315
1686016696.8530774,317
1686016696.865073,316
1686016696.8779798,314
1686016696.894154,313
1686016696.9056933,314
1686016696.9180481,316
1686016696.9352264,318
1686016696.947145,317
1686016696.9635394,315
1686016696.9760265,314
1686016696.9879174,315
1686016697.005078,318
1686016697.0168898,319
1686016697.0292788,317
1686016697.0453625,315
1686016697.057754,314
1686016697.0702853,316
1686016697.0863297,318
1686016697.0983953,318
1686016697.1148722,316
1686016697.12721,314
1686016697.139272,314
1686016697.1557326,316
1686016697.1679347,317
1686016697.1808844,317
1686016697.1969714,314
1686016697.2090302,313
1686016697.2210705,313
1686016697.2377067,316
1686016697.2503545,317
1686016697.2630308,316
1686016697.2784686,314
1686016697.2912564,313
1686016697.3078187,314
1686016697.3198078,316
1686016697.3323863,317
1686016697.3488736,315
1686016697.3609262,314
1686016697.3730636,313
1686016697.3890698,315
1686016697.4021492,317
1686016697.4144306,317
1686016697.4300275,315
1686016697.443243,313
1686016697.4593906,313
1686016697.4718623,316
1686016697.484086,317
1686016697.5000756,317
1686016697.5125039,314
1686016697.5250287,313
1686016697.5409722,313
1686016697.5528274,316
1686016697.5661523,317
1686016697.5820274,316
1686016697.594032,314
1686016697.6070287,313
1686016697.6226704,314
1686016697.6351457,317
1686016697.6511412,317
1686016697.6640823,316
1686016697.6761625,314
1686016697.6931226,314
1686016697.704613,316
1686016697.71761,318
1686016697.732973,317
1686016697.7462482,316
1686016697.7580342,313
1686016697.774816,313
1686016697.7872434,316
1686016697.8034346,317
1686016697.8157215,316
1686016697.8279698,314
1686016697.843698,312
1686016697.8565888,313
1686016697.869251,315
1686016697.8853016,317
1686016697.897929,316
1686016697.9098587,314
1686016697.9256282,313
1686016697.9387307,314
1686016697.9545007,317
1686016697.967101,318
1686016697.9794233,316
1686016697.9961536,314
1686016698.0080802,314
1686016698.0201337,316
1686016698.0366416,318
1686016698.049917,318
1686016698.0615122,316
1686016698.0782495,314
1686016698.0902395,314
1686016698.1022298,316
1686016698.1182935,318
1686016698.13123,317
1686016698.1475327,315
1686016698.1596875,314
1686016698.171733,314
1686016698.1877878,316
1686016698.2009308,318
1686016698.2128906,316
1686016698.2297292,314
1686016698.2412221,313
1686016698.254067,314
1686016698.2701597,316
1686016698.2827845,317
1686016698.2989829,316
1686016698.311161,313
1686016698.3228433,313
1686016698.3398006,315
1686016698.3521798,317
1686016698.3641582,316
1686016698.3808043,315
1686016698.3938084,313
1686016698.4047825,313
1686016698.4217923,316
1686016698.4338515,317
1686016698.4461632,317
1686016698.4627948,314
1686016698.4750547,313
1686016698.490813,313
1686016698.5038028,316
1686016698.5163136,317
1686016698.5318487,315
1686016698.5447993,313
1686016698.5569322,313
1686016698.5727897,314
1686016698.5858061,316
1686016698.5977945,317
1686016698.6136386,316
1686016698.6266375,314
1686016698.6429532,314
1686016698.654649,316
1686016698.6676462,318
1686016698.683688,318
1686016698.6962602,317
1686016698.708191,315
1686016698.7252135,316
1686016698.737187,319
1686016698.7491891,321
1686016698.765443,321
1686016698.7780113,320
1686016698.7937448,319
1686016698.806752,320
1686016698.8190417,323
1686016698.8348613,324
1686016698.847796,323
1686016698.859797,321
1686016698.8768082,322
1686016698.8887978,324
1686016698.900799,328
1686016698.9178061,332
1686016698.9298165,332
1686016698.9419687,331
1686016698.9585357,333
1686016698.9708085,338
1686016698.9868069,345
1686016698.9988084,350
1686016699.0117893,353
1686016699.0278053,354
1686016699.0398164,357
1686016699.052863,361
1686016699.069792,364
1686016699.0807905,364
1686016699.0937867,361
1686016699.110005,359
1686016699.1221435,358
1686016699.1378078,358
1686016699.1511517,357
1686016699.162855,353
1686016699.1798,349
1686016699.1917934,345
1686016699.2038572,343
1686016699.2208004,343
1686016699.232827,341
1686016699.2451541,337
1686016699.2617924,332
1686016699.2737951,329
1686016699.2898703,328
1686016699.302787,328
1686016699.3147888,326
1686016699.3308063,321
1686016699.3431413,318
1686016699.3555453,316
1686016699.3721995,317
1686016699.3842227,316
1686016699.3964431,314
1686016699.4131496,310
1686016699.4253345,307
1686016699.4378197,307
1686016699.4541368,308
1686016699.4661267,308
1686016699.4821248,305
1686016699.4951506,302
1686016699.5071507,300
1686016699.5234516,302
1686016699.536134,303
1686016699.5481403,304
1686016699.5641809,305
1686016699.5765133,304
1686016699.5887938,307
1686016699.6056545,311
1686016699.6175654,316
1686016699.6335716,320
1686016699.6465716,323
1686016699.6585765,324
1686016699.6752012,329
1686016699.6871617,333
1686016699.6994066,337
1686016699.716177,337
1686016699.7281718,335
1686016699.7401528,334
1686016699.7570388,334
1686016699.7688525,335
1686016699.7858846,334
1686016699.7977915,330
1686016699.8100884,325
1686016699.8267753,320
1686016699.8387911,317
1686016699.8510847,314
1686016699.8677778,307
1686016699.8802788,298
1686016699.8922527,288
1686016699.908737,279
1686016699.9207418,273
1686016699.932791,267
1686016699.9498484,261
1686016699.961782,255
1686016699.9778478,251
1686016699.9898357,250
1686016700.002778,252
1686016700.018845,254
1686016700.0311797,254
1686016700.0438032,254
1686016700.060021,255
1686016700.0729995,258
1686016700.0840287,263
1686016700.101086,267
1686016700.1129968,268
1686016700.1290588,267
1686016700.1420395,267
1686016700.154007,270
1686016700.171018,273
1686016700.1830502,275
1686016700.1956098,275
1686016700.2112105,276
1686016700.2240114,278
1686016700.2360058,283
1686016700.2520673,287
1686016700.2649956,290
1686016700.2769806,290
1686016700.2937703,291
1686016700.3057745,293
1686016700.3217635,298
1686016700.3347523,301
1686016700.346771,301
1686016700.363391,300
1686016700.3754919,301
1686016700.3883867,303
1686016700.4043667,306
1686016700.416391,309
1686016700.428671,309
1686016700.445437,307
1686016700.4573846,308
1686016700.473681,310
1686016700.486428,312
1686016700.498372,313
1686016700.5146854,312
1686016700.5273838,310
1686016700.5393903,311
1686016700.5555232,314
1686016700.5683088,317
1686016700.579577,318
1686016700.5967028,317
1686016700.6088753,316
1686016700.6245496,315
1686016700.6375542,316
1686016700.6498656,316
1686016700.6670325,314
1686016700.6784382,311
1686016700.6905375,309
1686016700.7074575,308
1686016700.7194574,307
1686016700.7314427,305
1686016700.7484474,301
1686016700.7604582,296
1686016700.7724328,293
1686016700.7894413,294
1686016700.8015158,298
1686016700.817748,299
1686016700.8294997,301
1686016700.84257,304
1686016700.859013,308
1686016700.8710217,315
1686016700.8832693,320
1686016700.8999932,322
1686016700.912269,321
1686016700.924045,321
1686016700.9410508,322
1686016700.952997,324
1686016700.9689925,324
1686016700.9820445,322
1686016700.994025,318
1686016701.0100403,315
1686016701.022307,315
1686016701.0349953,316
1686016701.0510578,315
1686016701.0638988,312
1686016701.0758488,309
1686016701.0921764,307
1686016701.1042147,308
1686016701.11691,311
1686016701.132786,311
1686016701.1458502,310
1686016701.1616473,308
1686016701.1742337,309
1686016701.1859195,310
1686016701.2029028,311
1686016701.2151444,308
1686016701.2272155,303
1686016701.243924,297
1686016701.2559159,293
1686016701.2682204,292
1686016701.2849228,291
1686016701.2969165,289
1686016701.3129692,287
1686016701.3259034,287
1686016701.3379183,289
1686016701.353896,293
1686016701.3669245,296
1686016701.378975,297
1686016701.395219,297
1686016701.4079714,299
1686016701.4199016,303
1686016701.4358978,307
1686016701.448955,310
1686016701.464942,310
1686016701.4769611,310
1686016701.4892583,313
1686016701.5059142,316
1686016701.5181174,320
1686016701.5299187,321
1686016701.546963,321
1686016701.559909,320
1686016701.5712385,322
1686016701.587914,326
1686016701.6001856,328
1686016701.6119645,328
1686016701.6289265,326
1686016701.6409132,326
1686016701.6571891,327
1686016701.6695511,330
1686016701.682123,331
1686016701.698816,330
1686016701.7108335,328
1686016701.7230794,327
1686016701.7391744,328
1686016701.751815,330
1686016701.764439,329
1686016701.780839,327
1686016701.7928245,326
1686016701.8088279,326
1686016701.8208275,328
1686016701.8338392,330
1686016701.8498316,330
1686016701.8618722,328
1686016701.8748426,327
1686016701.8918183,327
1686016701.9028823,330
1686016701.9158835,331
1686016701.9319441,330
1686016701.9443693,328
1686016701.9561539,327
1686016701.9728868,329
1686016701.984815,331
1686016702.0018334,331
1686016702.0138466,330
1686016702.026142,328
1686016702.0418358,328
1686016702.0548346,330
1686016702.0671341,332
1686016702.083155,332
1686016702.095827,330
1686016702.1078396,328
1686016702.1248436,328
1686016702.136815,330
1686016702.152825,331
1686016702.1648104,331
1686016702.1778152,329
1686016702.1941378,327
1686016702.205815,328
1686016702.2188258,329
1686016702.234897,330
1686016702.2471132,329
1686016702.2592125,326
1686016702.2762148,325
1686016702.2882304,326
1686016702.3045163,328
1686016702.3172216,329
1686016702.3292239,327
1686016702.3455164,324
1686016702.3572106,324
1686016702.3702242,325
1686016702.3867888,327
1686016702.3986332,326
1686016702.4111693,325
1686016702.4278696,323
1686016702.4398127,323
1686016702.4525065,324
1686016702.468271,326
1686016702.4806347,325
1686016702.4972818,322
1686016702.5092614,321
1686016702.5215833,321
1686016702.5382597,323
1686016702.5505545,324
1686016702.5627067,323
1686016702.5792723,320
1686016702.591363,319
1686016702.6032581,320
1686016702.6202567,322
1686016702.6322746,322
1686016702.6482594,320
1686016702.6612792,318
1686016702.6732595,318
1686016702.689577,319
1686016702.7012613,321
1686016702.7142987,321
1686016702.7309668,319
1686016702.742956,318
1686016702.7554097,318
1686016702.7719274,320
1686016702.7841494,321
1686016702.7959213,320
1686016702.8122053,318
1686016702.8248627,317
1686016702.8414323,317
1686016702.8534925,320
1686016702.8654327,321
1686016702.8824298,319
1686016702.8954291,317
1686016702.9064279,316
1686016702.9224072,317
1686016702.9357398,319
1686016702.947907,320
1686016702.9634154,318
1686016702.976431,316
1686016702.9927227,316
1686016703.0054216,317
1686016703.0174086,319
1686016703.03348,319
1686016703.0458314,317
1686016703.058479,315
1686016703.0744472,315
1686016703.0864108,317
1686016703.099434,319
1686016703.1155179,318
1686016703.1274128,316
1686016703.1435506,314
1686016703.156463,315
1686016703.1684165,317
1686016703.1854348,318
1686016703.1974144,317
1686016703.210427,314
1686016703.2264218,314
1686016703.2385843,315
1686016703.2507277,318
1686016703.2674172,318
1686016703.2794938,316
1686016703.2917001,315
1686016703.3076544,315
1686016703.3204513,316
1686016703.336499,318
1686016703.3491397,318
1686016703.3611648,316
1686016703.3774436,315
1686016703.3902173,315
1686016703.4021456,317
1686016703.418519,318
1686016703.4311988,318
1686016703.4429393,315
1686016703.4598732,314
1686016703.4716165,315
1686016703.4879794,317
1686016703.5006251,318
1686016703.5132225,317
1686016703.528859,315
1686016703.5410457,314
1686016703.554166,316
1686016703.5705223,318
1686016703.583655,318
1686016703.594778,316
1686016703.6106265,314
1686016703.6236403,314
1686016703.6396408,316
1686016703.6519363,318
1686016703.6646292,318
1686016703.68063,316
1686016703.6927624,314
1686016703.7057824,314
1686016703.7216587,316
1686016703.7351816,317
1686016703.746724,316
1686016703.7620413,314
1686016703.774961,313
1686016703.7874682,314
1686016703.8031986,316
1686016703.8159704,317
1686016703.8317564,316
1686016703.8448765,314
1686016703.8569548,313
1686016703.8734643,315
1686016703.8848996,317
1686016703.8979008,318
1686016703.9139547,316
1686016703.9269016,314
1686016703.9389603,314
1686016703.9549572,316
1686016703.9678912,318
1686016703.9838889,317
1686016703.995889,315
1686016704.0079465,313
1686016704.024925,314
1686016704.0368834,316
1686016704.0489502,317
1686016704.0648725,317
1686016704.0780275,314
1686016704.0899487,313
1686016704.1063366,314
1686016704.1190262,316
1686016704.135131,317
1686016704.1474075,316
1686016704.1600354,314
1686016704.1762989,314
1686016704.189165,316
1686016704.2012095,318
1686016704.2171776,318
1686016704.2300956,316
1686016704.2420368,314
1686016704.2585797,314
1686016704.2705717,316
1686016704.283246,318
1686016704.3000174,318
1686016704.3117936,316
1686016704.3281696,314
1686016704.3404357,315
1686016704.3521514,317
1686016704.3685434,318
1686016704.3813722,318
1686016704.3935285,316
1686016704.410096,316
1686016704.4227798,318
1686016704.4338214,322
1686016704.451059,325
1686016704.4633088,326
1686016704.4793408,327
1686016704.491268,329
1686016704.5037887,334
1686016704.5207925,338
1686016704.533132,340
1686016704.5451665,339
1686016704.5614688,336
1686016704.5741806,335
1686016704.5861003,335
1686016704.6024177,334
1686016704.6140819,330
1686016704.62739,325
1686016704.6431828,320
1686016704.6551726,318
1686016704.6717043,318
1686016704.6841748,317
1686016704.696632,314
1686016704.7129672,311
1686016704.7250414,309
1686016704.7373908,309
1686016704.753662,311
1686016704.7663064,311
1686016704.7781458,309
1686016704.7950869,307
1686016704.8071501,306
1686016704.8240156,308
1686016704.8359966,310
1686016704.8477478,310
1686016704.8642294,308
1686016704.8764052,306
1686016704.8885028,307
1686016704.9054623,309
1686016704.9174283,311
1686016704.9302373,311
1686016704.9464872,309
1686016704.9587655,308
1686016704.97548,309
1686016704.9873006,312
1686016704.9999812,313
1686016705.016246,313
1686016705.0288107,311
1686016705.0405886,310
1686016705.0573199,312
1686016705.0691392,314
1686016705.0811827,315
1686016705.0974743,313
1686016705.110506,311
1686016705.1224394,311
1686016705.1384993,313
1686016705.1512659,315
1686016705.1674578,315
1686016705.1795065,314
1686016705.1923401,312
1686016705.208569,313
1686016705.2208722,315
1686016705.2333302,317
1686016705.2503142,317
1686016705.2616398,315
1686016705.2744758,313
1686016705.2901604,314
1686016705.3031237,317
1686016705.3192515,318
1686016705.3311372,318
1686016705.3439155,316
1686016705.3595603,315
1686016705.3718643,317
1686016705.384452,319
1686016705.400908,320
1686016705.4139025,319
1686016705.4259002,317
1686016705.442115,316
1686016705.454158,319
1686016705.466169,320
1686016705.4831343,320
1686016705.4954495,319
1686016705.5115077,317
1686016705.5241868,318
1686016705.5366106,320
1686016705.5528133,321
1686016705.5651193,320
1686016705.5770338,318
1686016705.5940454,317
1686016705.6060867,318
1686016705.6185877,320
1686016705.6342204,321
1686016705.6466196,320
1686016705.6629684,317
1686016705.6763988,317
1686016705.6873593,318
1686016705.7043617,320
1686016705.7163517,320
1686016705.7289302,319
1686016705.7450573,316
1686016705.7572913,316
1686016705.7703366,318
1686016705.78631,319
1686016705.7981544,319
1686016705.8150046,317
1686016705.8272476,316
1686016705.8395255,316
1686016705.8553762,318
1686016705.868326,319
1686016705.8807204,319
1686016705.8968,316
1686016705.9092894,315
1686016705.9213276,316
1686016705.9376814,318
1686016705.949543,319
1686016705.9624336,317
1686016705.9783518,315
1686016705.9911923,314
1686016706.006647,316
1686016706.019374,318
1686016706.0321665,318
1686016706.048181,316
1686016706.0609663,315
1686016706.0731614,314
1686016706.088633,316
1686016706.101338,318
1686016706.1133425,318
1686016706.1304028,316
1686016706.1427402,314
1686016706.1591854,315
1686016706.1710591,317
1686016706.1827493,318
1686016706.1993282,317
1686016706.2123327,316
1686016706.224672,314
1686016706.2402048,315
1686016706.2531054,317
1686016706.2648783,318
1686016706.282095,317
1686016706.2941499,316
1686016706.3093393,316
1686016706.3231018,318
1686016706.335096,321
1686016706.3509712,322
1686016706.3635356,321
1686016706.3760867,319
1686016706.3921654,319
1686016706.4050252,321
1686016706.4171178,323
1686016706.4331193,322
1686016706.4457045,320
1686016706.458442,318
1686016706.4749157,318
1686016706.4863605,320
1686016706.5031517,321
1686016706.5154302,320
1686016706.527633,317
1686016706.5438135,316
1686016706.5558724,317
1686016706.568109,318
1686016706.5850835,319
1686016706.5972428,317
1686016706.6098099,315
1686016706.6261961,314
1686016706.638109,315
1686016706.6541595,317
1686016706.6670723,318
1686016706.6790614,315
1686016706.6956964,313
1686016706.7072232,313
1686016706.7201571,315
1686016706.736484,317
1686016706.7490678,316
1686016706.7609103,314
1686016706.776937,313
1686016706.7889633,313
1686016706.805614,316
1686016706.8180249,317
1686016706.830147,316
1686016706.8471894,314
1686016706.8590713,313
1686016706.871074,314
1686016706.8882306,317
1686016706.9002295,318
1686016706.9136827,316
1686016706.9289153,314
1686016706.9409053,314
1686016706.9529653,315
1686016706.970012,317
1686016706.982279,318
1686016706.9982066,316
1686016707.0108151,315
1686016707.0232224,315
1686016707.03951,317
1686016707.0511098,319
1686016707.064234,319
1686016707.0808437,316
1686016707.0929012,315
1686016707.1048908,315
1686016707.1213744,317
1686016707.1334844,319
1686016707.1492815,317
1686016707.1621635,315
1686016707.1742349,313
1686016707.1908138,314
1686016707.203375,316
1686016707.216225,316
1686016707.2321193,315
1686016707.2443607,312
1686016707.2568653,312
1686016707.2727907,313
1686016707.2848668,315
1686016707.2971594,315
1686016707.3139503,313
1686016707.3262756,311
1686016707.3425083,311
1686016707.3547537,313
1686016707.3670154,315
1686016707.3830874,314
1686016707.395145,313
1686016707.4084783,311
1686016707.4243796,312
1686016707.4369507,314
1686016707.4490314,316
1686016707.4653726,314
1686016707.4773188,312
1686016707.4938867,311
1686016707.5069485,313
1686016707.518449,315
1686016707.5351903,315
1686016707.5476255,314
1686016707.560078,311
1686016707.5761306,311
1686016707.588399,313
1686016707.6010575,314
1686016707.6170478,314
1686016707.6290405,312
1686016707.6460776,311
1686016707.6582458,311
1686016707.6701763,313
1686016707.6867054,314
1686016707.6986222,314
1686016707.7106333,312
1686016707.7269883,311
1686016707.7399292,311
1686016707.7522514,314
1686016707.7686722,315
1686016707.7810273,314
1686016707.793079,311
1686016707.8093061,311
1686016707.8220787,312
1686016707.8382754,314
1686016707.8509102,315
1686016707.8631508,313
1686016707.8787637,311
1686016707.8919206,311
1686016707.9041352,313
1686016707.9201581,314
1686016707.9326398,314
1686016707.9446368,312
1686016707.961108,311
1686016707.973675,311
1686016707.9892504,313
1686016708.0021439,314
1686016708.0137575,314
1686016708.0299728,312
1686016708.0429769,311
1686016708.0553787,312
1686016708.0710888,314
1686016708.083645,315
1686016708.0963316,314
1686016708.1127176,312
1686016708.1252413,311
1686016708.1410775,313
1686016708.1539671,315
1686016708.1651847,316
1686016708.181911,314
1686016708.1945739,313
1686016708.2072518,312
1686016708.2234402,314
1686016708.235132,317
1686016708.2478347,317
1686016708.2642653,315
1686016708.2763045,313
1686016708.2881126,313
1686016708.3051934,315
1686016708.317304,317
1686016708.333453,316
1686016708.3462284,314
1686016708.358187,312
1686016708.3747833,313
1686016708.3872523,315
1686016708.3994484,316
1686016708.4156535,315
1686016708.4280791,312
1686016708.4401243,311
1686016708.4561915,313
1686016708.4691834,315
1686016708.485021,316
1686016708.498021,314
1686016708.509233,312
1686016708.5262964,312
1686016708.538149,314
1686016708.5512965,316
1686016708.567581,316
1686016708.5791528,314
1686016708.591825,313
1686016708.608347,313
1686016708.6208076,316
1686016708.632256,317
1686016708.6489544,317
1686016708.6620083,314
1686016708.6775653,313
1686016708.689903,315
1686016708.702274,317
1686016708.719111,318
1686016708.7310944,317
1686016708.7434669,314
1686016708.7595055,313
1686016708.7719035,315
1686016708.784516,317
1686016708.8007655,318
1686016708.8132532,316
1686016708.8289583,314
1686016708.8409805,314
1686016708.854162,316
1686016708.870532,317
1686016708.882747,317
1686016708.894767,315
1686016708.9111965,313
1686016708.923755,314
1686016708.9362295,317
1686016708.9523888,319
1686016708.964562,318
1686016708.9816017,316
1686016708.9928849,315
1686016709.0048642,316
1686016709.0223184,318
1686016709.0342867,318
1686016709.0462763,317
1686016709.0631564,314
1686016709.0753248,313
1686016709.0873964,315
1686016709.1034758,317
1686016709.1155179,317
1686016709.1285155,315
1686016709.1450584,313
1686016709.1564565,313
1686016709.1735444,315
1686016709.1860344,317
1686016709.1977568,317
1686016709.2143476,315
1686016709.2268825,313
1686016709.2392886,314
1686016709.2562375,316
1686016709.2676578,317
1686016709.2800734,317
1686016709.2957528,314
1686016709.3083687,313
1686016709.324836,314
1686016709.3373156,317
1686016709.3496046,317
1686016709.365672,316
1686016709.3781867,314
1686016709.390277,313
1686016709.4064193,315
1686016709.418954,317
1686016709.4311273,317
1686016709.4472682,316
1686016709.4603338,314
1686016709.4768372,314
1686016709.488491,316
1686016709.5009027,318
1686016709.5176065,318
1686016709.5299,315
1686016709.5422006,314
1686016709.5578535,314
1686016709.5709834,316
1686016709.5825193,317
1686016709.5996244,316
1686016709.6119294,314
1686016709.6236093,313
1686016709.6396348,314
1686016709.6526945,316
1686016709.6686103,317
1686016709.681362,315
1686016709.6937075,313
1686016709.7099736,312
1686016709.7216475,314
1686016709.7346692,316
1686016709.7507102,316
1686016709.762662,314
1686016709.7756975,312
1686016709.7916641,312
1686016709.8039746,315
1686016709.8206608,316
1686016709.8327081,316
1686016709.8450077,314
1686016709.8616452,312
1686016709.873719,313
1686016709.8859956,315
1686016709.9026694,316
1686016709.914708,315
1686016709.9267542,313
1686016709.9437294,312
1686016709.9556572,314
1686016709.9676456,317
1686016709.9843426,318
1686016709.9967158,317
1686016710.0123682,314
1686016710.025449,315
1686016710.0374343,317
1686016710.0543756,319
1686016710.0663872,320
1686016710.0786731,318
1686016710.0954049,318
1686016710.1074388,318
1686016710.1194298,321
1686016710.1355276,322
1686016710.1483846,322
1686016710.1639967,320
1686016710.1767297,319
1686016710.189381,319
1686016710.2054398,321
1686016710.217731,322
1686016710.2304087,321
1686016710.246385,318
1686016710.258726,317
1686016710.2713954,318
1686016710.2875106,320
1686016710.299851,321
1686016710.3159068,319
1686016710.3283687,317
1686016710.3403656,317
1686016710.3573709,319
1686016710.3693726,320
1686016710.3813717,320
1686016710.3983924,318
1686016710.4103787,316
1686016710.4223697,317
1686016710.4393885,319
1686016710.4514396,322
1686016710.4636416,323
1686016710.4803824,322
1686016710.4924457,322
1686016710.5083873,325
1686016710.5213757,329
1686016710.5334396,335
1686016710.5496683,338
1686016710.5614336,341
1686016710.5744486,345
1686016710.5906825,350
1686016710.6030357,355
1686016710.6146762,358
1686016710.6316948,358
1686016710.6436896,357
1686016710.660093,356
1686016710.6721954,357
1686016710.6848936,358
1686016710.7006166,356
1686016710.7136137,352
1686016710.7259681,348
1686016710.7419944,346
1686016710.754694,346
1686016710.7666295,345
1686016710.7826166,341
1686016710.7952666,336
1686016710.8113117,332
1686016710.824228,330
1686016710.8362036,329
1686016710.852869,327
1686016710.8648446,324
1686016710.8769152,319
1686016710.8938658,316
1686016710.9063962,316
1686016710.9180422,316
1686016710.9348068,315
1686016710.9467568,312
1686016710.959613,308
1686016710.975751,307
1686016710.9877295,308
1686016711.0040796,309
1686016711.0163782,310
1686016711.0290947,308
1686016711.045067,305
1686016711.0573866,305
1686016711.0700922,308
1686016711.0861018,309
1686016711.0984821,309
1686016711.1110644,306
1686016711.1272197,305
1686016711.1395829,307
1686016711.1554008,310
1686016711.1680732,313
1686016711.180127,314
1686016711.1971006,314
1686016711.2091577,317
1686016711.221333,322
1686016711.2380898,328
1686016711.250139,332
1686016711.2623537,333
1686016711.2790244,334
1686016711.290619,336
1686016711.3034654,341
1686016711.3194568,345
1686016711.331455,345
1686016711.3484604,344
1686016711.360442,343
1686016711.372505,344
1686016711.3894625,346
1686016711.4015074,345
1686016711.4135065,340
1686016711.4304426,333
1686016711.4434566,325
1686016711.4546964,318
1686016711.4705167,311
1686016711.4835355,301
1686016711.4996183,289
1686016711.5124805,276
1686016711.5245461,265
1686016711.5404587,259
1686016711.552461,254
1686016711.5654705,250
1686016711.5815227,245
1686016711.5944834,241
1686016711.60648,240
1686016711.6228275,244
1686016711.634498,247
1686016711.6505444,249
1686016711.663751,250
1686016711.67584,251
1686016711.692705,254
1686016711.7047763,259
1686016711.7164598,264
1686016711.7334814,266
1686016711.7454824,267
1686016711.7577364,269
1686016711.7745416,272
1686016711.7865152,275
1686016711.7988524,277
1686016711.81548,277
1686016711.8275373,277
1686016711.8434775,278
1686016711.8564816,282
1686016711.8684704,286
1686016711.8844638,290
1686016711.896702,290
1686016711.9097142,290
1686016711.9256566,293
1686016711.9376366,298
1686016711.950656,302
1686016711.9666395,305
1686016711.979449,306
1686016711.9946916,310
1686016712.007721,317
1686016712.0196915,324
1686016712.0366542,329
1686016712.0486922,333
1686016712.0612075,333
1686016712.0767016,333
1686016712.0896547,335
1686016712.1017756,337
1686016712.1186275,336
1686016712.130761,331
1686016712.1468205,322
1686016712.1588993,317
1686016712.1717608,315
1686016712.1877642,316
1686016712.1998222,317
1686016712.2127833,316
1686016712.2287612,317
1686016712.2417676,320
1686016712.2537878,326
1686016712.2698882,330
1686016712.2820785,333
1686016712.294638,333
1686016712.3107393,334
1686016712.3227262,336
1686016712.3397565,338
1686016712.3517559,340
1686016712.3641775,339
1686016712.3806763,336
1686016712.392586,335
1686016712.4049149,336
1686016712.421071,337
1686016712.434173,338
1686016712.446214,337
1686016712.4624822,335
1686016712.4743228,335
1686016712.4903605,337
1686016712.5033507,339
1686016712.5151436,339
1686016712.5321655,337
1686016712.5441642,335
1686016712.556867,335
1686016712.5728047,337
1686016712.585175,339
1686016712.5978088,339
1686016712.614017,337
1686016712.626108,335
1686016712.63872,335
1686016712.6550388,337
1686016712.6674435,336
1686016712.683441,333
1686016712.6957016,328
1686016712.7084403,323
1686016712.7244563,321
1686016712.736437,319
1686016712.7494645,315
1686016712.7656403,309
1686016712.7780893,304
1686016712.7901444,301
1686016712.8061352,301
1686016712.819095,301
1686016712.8350875,301
1686016712.8471465,298
1686016712.8590946,296
1686016712.8761747,296
1686016712.888094,298
1686016712.9002562,299
1686016712.9171028,298
1686016712.929403,295
1686016712.9414022,294
1686016712.9581592,294
1686016712.970098,296
1686016712.986417,297
1686016712.999166,296
1686016713.0110817,293
1686016713.0271018,291
1686016713.0401464,291
1686016713.0522327,291
1686016713.0681987,290
1686016713.0811405,289
1686016713.0936685,288
1686016713.10957,288
1686016713.122152,291
1686016713.1340306,294
1686016713.1500244,296
1686016713.1630764,296
1686016713.1790912,296
1686016713.1913211,298
1686016713.2030423,301
1686016713.2201176,304
1686016713.2320461,305
1686016713.2450519,304
1686016713.2610471,304
1686016713.273367,306
1686016713.2860527,309
1686016713.302096,311
1686016713.3140364,312
1686016713.3300328,310
1686016713.3430297,310
1686016713.3560977,312
1686016713.3720255,315
1686016713.384028,316
1686016713.3961015,315
1686016713.4121974,313
1686016713.4250515,313
1686016713.4370258,315
1686016713.453347,317
1686016713.4660563,317
1686016713.4780257,315
1686016713.4946108,314
1686016713.5070255,315
1686016713.522694,317
1686016713.535691,319
1686016713.5476747,319
1686016713.5642498,318
1686016713.5766518,317
1686016713.588895,318
1686016713.6050458,321
1686016713.6171763,323
1686016713.6299734,322
1686016713.646265,321
1686016713.657974,321
1686016713.6747682,323
1686016713.6871169,326
1686016713.699171,327
1686016713.7152135,326
1686016713.727599,325
1686016713.7406802,324
1686016713.756657,326
1686016713.7696657,328
1686016713.7806504,327
1686016713.7976708,326
1686016713.8096774,324
1686016713.8220258,324
1686016713.838848,326
1686016713.8511496,328
1686016713.866991,327
1686016713.8796167,326
1686016713.891679,324
1686016713.907973,325
1686016713.920691,328
1686016713.9329023,329
1686016713.949005,328
1686016713.9616148,326
1686016713.973692,326
1686016713.9896224,328
1686016714.0026152,330
1686016714.019002,330
1686016714.0309293,328
1686016714.043639,326
1686016714.0596168,326
1686016714.0716138,328
1686016714.0846078,330
1686016714.1009588,329
1686016714.1133378,327
1686016714.124614,325
1686016714.1417482,325
1686016714.1537602,328
1686016714.1696212,329
1686016714.182637,329
1686016714.194945,326
1686016714.2111807,325
1686016714.2238579,325
1686016714.2358527,327
1686016714.2518544,327
1686016714.2648585,325
1686016714.2769356,323
1686016714.2929568,323
1686016714.3052642,323
1686016714.317965,325
1686016714.334254,325
1686016714.346012,323
1686016714.3629642,320
1686016714.3750088,320
1686016714.3870058,321
1686016714.4035058,322
1686016714.4157555,321
1686016714.4288013,319
1686016714.4454474,318
1686016714.4574432,318
1686016714.4694557,320
1686016714.4857922,321
1686016714.497764,320
1686016714.514442,318
1686016714.5267992,316
1686016714.5388234,317
1686016714.5554473,319
1686016714.5675037,320
1686016714.579527,318
1686016714.5964475,315
1686016714.6084626,315
1686016714.620452,316
1686016714.6374605,317
1686016714.6494865,317
1686016714.6655061,315
1686016714.6784549,313
1686016714.6904554,312
1686016714.7065783,314
1686016714.7195134,315
1686016714.7314665,314
1686016714.7474604,311
1686016714.7604675,309
1686016714.7724643,310
1686016714.788455,312
1686016714.8006253,313
1686016714.813643,312
1686016714.829842,309
1686016714.8416908,309
1686016714.8576853,310
1686016714.8709805,312
1686016714.8826902,313
1686016714.8996973,312
1686016714.9116247,309
1686016714.9238005,309
1686016714.9396853,310
1686016714.9527037,312
1686016714.9643574,312
1686016714.9813492,311
1686016714.9939902,309
1686016715.0094378,310
1686016715.0221605,312
1686016715.034991,314
1686016715.0511591,313
1686016715.062902,312
1686016715.0749416,311
1686016715.0920427,311
1686016715.1037533,314
1686016715.1167538,315
1686016715.133153,314
1686016715.1451452,312
1686016715.157216,311
1686016715.1732047,312
1686016715.186232,315
1686016715.2018292,315
1686016715.2147563,314
1686016715.2271278,311
1686016715.2437556,311
1686016715.2564113,312
1686016715.2680435,314
1686016715.2842972,314
1686016715.2970479,312
1686016715.3093588,310
1686016715.325816,310
1686016715.3380766,311
1686016715.353444,312
1686016715.3662522,311
1686016715.3779671,309
1686016715.3949661,307
1686016715.4074707,308
1686016715.419774,310
1686016715.435977,311
1686016715.4481585,311
1686016715.4599712,309
1686016715.4769704,309
1686016715.489647,311
1686016715.5050433,313
1686016715.5179768,314
1686016715.529967,312
1686016715.5459712,310
1686016715.5589762,310
1686016715.5709682,312
1686016715.5870428,314
1686016715.599978,313
1686016715.6119673,311
1686016715.628037,309
1686016715.6410427,310
1686016715.6531863,312
1686016715.6689758,313
1686016715.6809654,313
1686016715.6982312,311
1686016715.7099738,309
1686016715.7219822,310
1686016715.7389214,312
1686016715.7514188,313
1686016715.7638495,312
1686016715.7799625,310
1686016715.7921042,309
1686016715.804655,311
1686016715.820954,313
1686016715.8333645,313
1686016715.850077,311
1686016715.8620772,309
1686016715.8739672,309
1686016715.8910398,311
1686016715.9025583,313
1686016715.9150407,313
1686016715.9332626,311
1686016715.9440687,309
1686016715.9561148,309
1686016715.9728522,312
1686016715.984889,313
1686016716.0008507,313
1686016716.0129118,311
1686016716.0256598,311
1686016716.0422776,312
1686016716.054505,315
1686016716.0671508,317
1686016716.082895,317
1686016716.0957422,317
1686016716.1074572,318
1686016716.1238573,321
1686016716.1369672,325
1686016716.1480906,327
1686016716.1652188,326
1686016716.1772933,324
1686016716.1939287,324
1686016716.2059774,325
1686016716.2179976,326
1686016716.2339973,323
1686016716.2470002,318
1686016716.2594469,313
1686016716.2763186,311
1686016716.287679,311
1686016716.3002784,311
1686016716.3166156,308
1686016716.3282115,305
1686016716.3450077,303
1686016716.3578775,304
1686016716.3697436,306
1686016716.3859441,307
1686016716.3988695,306
1686016716.4115083,304
1686016716.427274,303
1686016716.4392743,305
1686016716.4517987,308
1686016716.4681642,308
1686016716.4801605,307
1686016716.4919896,306
1686016716.5089633,306
1686016716.5209901,308
1686016716.5381813,310
1686016716.550219,311
1686016716.5626738,309
1686016716.578253,308
1686016716.5907588,309
1686016716.602756,311
1686016716.6198847,313
1686016716.631896,313
1686016716.6438777,310
1686016716.6603456,309
1686016716.672519,311
1686016716.6894493,313
1686016716.7009292,314
1686016716.7139668,313
1686016716.7303216,310
1686016716.7420173,310
1686016716.7552314,312
1686016716.771393,314
1686016716.7839417,314
1686016716.7960734,313
1686016716.8121338,311
1686016716.8244185,311
1686016716.8407896,313
1686016716.85318,315
1686016716.865862,315
1686016716.8813632,313
1686016716.8940244,312
1686016716.9061706,313
1686016716.9232059,315
1686016716.9353502,317
1686016716.9480052,316
1686016716.9633443,314
1686016716.976245,313
1686016716.9881854,315
1686016717.005049,317
1686016717.0162616,318
1686016717.0336914,317
1686016717.0457668,315
1686016717.0579717,315
1686016717.0742667,316
1686016717.0866814,319
1686016717.0988486,319
1686016717.1154358,317
1686016717.1269212,315
1686016717.1399953,315
1686016717.1564293,317
1686016717.1688995,319
1686016717.1847663,319
1686016717.1974483,317
1686016717.2099917,315
1686016717.2253306,316
1686016717.2379787,318
1686016717.2507994,319
1686016717.267022,318
1686016717.2790234,316
1686016717.2910821,315
1686016717.3085833,316
1686016717.3203695,319
1686016717.3361778,319
1686016717.3488698,317
1686016717.3606954,315
1686016717.3778038,314
1686016717.38977,316
1686016717.4018126,317
1686016717.4182649,317
1686016717.4302795,315
1686016717.4430108,313
1686016717.4595716,313
1686016717.4716322,315
1686016717.4841526,317
1686016717.5001135,316
1686016717.512106,314
1686016717.5289958,313
1686016717.5414205,314
1686016717.5536406,316
1686016717.570254,317
1686016717.582428,316
1686016717.5945299,314
1686016717.6110392,313
1686016717.6234615,315
1686016717.6357148,317
1686016717.651642,318
1686016717.6636438,317
1686016717.6808352,315
1686016717.692839,315
1686016717.70536,316
1686016717.7212582,318
1686016717.734285,319
1686016717.7463808,317
1686016717.7625492,315
1686016717.7751355,315
1686016717.7870731,317
1686016717.8030064,319
1686016717.8156655,318
1686016717.8276646,316
1686016717.8446743,315
1686016717.856459,315
1686016717.8728585,317
1686016717.8849142,319
1686016717.8976965,317
1686016717.9141858,315
1686016717.9269066,314
1686016717.9379675,315
1686016717.9549472,317
1686016717.9673302,317
1686016717.979241,315
1686016717.9959471,313
1686016718.007936,313
1686016718.0249643,314
1686016718.036433,317
1686016718.049237,316
1686016718.0655677,314
1686016718.078097,312
1686016718.0902243,312
1686016718.1059859,314
1686016718.1191905,315
1686016718.1311727,314
1686016718.1478267,312
1686016718.1597936,310
1686016718.1760738,311
1686016718.1888168,313
1686016718.1999254,315
1686016718.2172384,313
1686016718.229295,311
1686016718.2416792,311
1686016718.258075,313
1686016718.2706597,315
1686016718.282181,316
1686016718.299147,314
1686016718.3109138,312
1686016718.3234463,312
1686016718.3402977,314
1686016718.3522806,317
1686016718.369018,317
1686016718.3806515,315
1686016718.3926637,313
1686016718.4093015,314
1686016718.4226992,317
1686016718.4342828,318
1686016718.4508543,318
1686016718.46298,316
1686016718.4746351,315
1686016718.4916337,316
1686016718.5034678,318
1686016718.5197413,319
1686016718.5329647,318
1686016718.5443115,316
1686016718.561005,316
1686016718.5732,317
1686016718.585793,319
1686016718.602265,320
1686016718.6144993,318
1686016718.6265454,316
1686016718.6427338,316
1686016718.6565025,318
1686016718.670669,320
1686016718.684174,320
1686016718.6963594,318
1686016718.7128215,316
1686016718.724926,317
1686016718.7373118,319
1686016718.7538624,321
1686016718.7659636,320
1686016718.7782903,318
1686016718.7941983,316
1686016718.806567,317
1686016718.819214,320
1686016718.835676,321
1686016718.8473692,320
1686016718.8636253,318
1686016718.8765693,317
1686016718.888161,319
1686016718.9053128,321
1686016718.9172258,321
1686016718.930112,320
1686016718.945761,318
1686016718.9577723,318
1686016718.9702394,320
1686016718.98719,321
1686016718.9996612,321
1686016719.0155885,319
1686016719.027585,318
1686016719.0401843,318
1686016719.0566347,320
1686016719.0691988,321
1686016719.0810592,320
1686016719.097315,318
1686016719.110275,317
1686016719.1223483,318
1686016719.1385975,320
1686016719.150594,321
1686016719.1633751,319
1686016719.1795833,317
1686016719.191987,317
1686016719.2080917,318
1686016719.2201676,320
1686016719.2330422,321
1686016719.2490575,319
1686016719.261297,317
1686016719.2737114,317
1686016719.290325,318
1686016719.3029008,320
1686016719.3148937,320
1686016719.3309255,317
1686016719.3432856,316
1686016719.3592193,316
1686016719.3722095,319
1686016719.384182,320
1686016719.400255,319
1686016719.4131885,316
1686016719.4248612,315
1686016719.4420614,316
1686016719.4538832,319
1686016719.4664564,319
1686016719.4827437,318
1686016719.4947538,316
1686016719.511211,315
1686016719.5235064,316
1686016719.5358305,318
1686016719.552452,318
1686016719.5644817,316
1686016719.577018,314
1686016719.5930157,314
1686016719.6056983,316
1686016719.61816,318
1686016719.6341126,318
1686016719.6462827,316
1686016719.659091,314
1686016719.67546,315
1686016719.687747,317
1686016719.7033002,318
1686016719.715886,317
1686016719.72871,315
1686016719.744357,314
1686016719.7572331,315
1686016719.769421,317
1686016719.7861161,317
1686016719.7976599,316
1686016719.8105335,314
1686016719.826542,313
1686016719.8392553,315
1686016719.8550167,317
1686016719.867467,317
1686016719.8804579,315
1686016719.8964775,313
1686016719.908278,313
1686016719.9211829,316
1686016719.9372644,317
1686016719.9499404,317
1686016719.962074,315
1686016719.9783697,313
1686016719.991211,314
1686016720.0032058,316
1686016720.0193682,317
1686016720.0322218,316
1686016720.0473223,314
1686016720.059926,313
1686016720.072246,314
1686016720.0889578,317
1686016720.100956,317
1686016720.1131625,316
1686016720.12945,313
1686016720.1414402,313
1686016720.1547441,315
1686016720.1709552,317
1686016720.1830475,317
1686016720.1998017,315
1686016720.2112648,313
1686016720.2235284,313
1686016720.2404795,315
1686016720.2522905,317
1686016720.2652931,317
1686016720.2820334,315
1686016720.2937353,314
1686016720.3061237,315
1686016720.3221047,317
1686016720.3343728,319
1686016720.351159,318
1686016720.3629935,316
1686016720.3756263,315
1686016720.3916545,316
1686016720.4043734,319
1686016720.4167054,319
1686016720.4332047,318
1686016720.4452097,316
1686016720.4583876,315
1686016720.473366,317
1686016720.4862857,319
1686016720.4983237,319
1686016720.514884,317
1686016720.526927,315
1686016720.5435877,316
1686016720.5559494,318
1686016720.5679505,319
1686016720.5848215,319
1686016720.5969675,317
1686016720.608968,315
1686016720.6248417,316
1686016720.638062,318
1686016720.6499856,320
1686016720.6662009,319
1686016720.6783483,317
1686016720.6949596,316
1686016720.7075837,317
1686016720.7192986,320
1686016720.736227,320
1686016720.7477345,318
1686016720.7607768,316
1686016720.7766294,316
1686016720.7888737,318
1686016720.8019884,319
1686016720.8188212,319
1686016720.829851,317
1686016720.846942,315
1686016720.8582807,316
1686016720.871401,318
1686016720.8872883,319
1686016720.900186,319
1686016720.9123058,316
1686016720.927985,315
1686016720.9411557,316
1686016720.9530609,318
1686016720.9694526,320
1686016720.9817994,318
1686016720.994018,316
1686016721.010629,315
1686016721.0223327,316
1686016721.0392334,319
1686016721.0514839,319
1686016721.0641325,317
1686016721.0802526,315
1686016721.0922904,315
1686016721.1050706,316
1686016721.1210358,318
1686016721.1330285,318
1686016721.145597,316
1686016721.1623132,314
1686016721.1742578,314
1686016721.1902432,316
1686016721.2033167,318
1686016721.2152507,317
1686016721.231453,315
1686016721.243773,314
1686016721.2564678,314
1686016721.2727125,316
1686016721.2856126,317
1686016721.2968972,316
1686016721.3137374,313
1686016721.3253913,313
1686016721.3382034,314
1686016721.3545063,316
1686016721.366257,317
1686016721.3832,315
1686016721.3951993,313
1686016721.407562,312
1686016721.42426,314
1686016721.4362836,316
1686016721.4483213,315
1686016721.4652112,313
1686016721.4775157,311
1686016721.4894638,312
1686016721.5062537,314
1686016721.5182016,315
1686016721.534246,315
1686016721.547206,313
1686016721.5591996,311
1686016721.5755868,312
1686016721.588207,315
1686016721.60037,316
1686016721.6163008,315
1686016721.6289763,312
1686016721.6406598,312
1686016721.6577299,313
1686016721.6696932,316
1686016721.685674,316
1686016721.6987221,315
1686016721.710675,312
1686016721.727173,312
1686016721.7391765,315
1686016721.7512233,317
1686016721.7681804,317
1686016721.780475,315
1686016721.7921765,313
1686016721.8091753,313
1686016721.821597,316
1686016721.83345,317
1686016721.850173,317
1686016721.8621793,315
1686016721.8785617,314
1686016721.8912613,316
1686016721.9034562,318
1686016721.9195406,319
1686016721.932193,318
1686016721.9442039,316
1686016721.9602642,315
1686016721.9732,316
1686016721.9853532,318
1686016722.0015862,319
1686016722.014279,317
1686016722.030025,315
1686016722.0419824,314
1686016722.0549858,316
1686016722.071028,318
1686016722.083288,318
1686016722.0960424,316
1686016722.1122868,315
1686016722.1240463,316
1686016722.1365504,319
1686016722.1531825,320
1686016722.165201,320
1686016722.181184,319
1686016722.194189,319
1686016722.206239,321
1686016722.2222502,325
1686016722.2352378,328
1686016722.2471747,330
1686016722.2634912,332
1686016722.276176,336
1686016722.2883525,341
1686016722.3049095,347
1686016722.3168917,354
1686016722.328842,357
1686016722.3454783,361
1686016722.3575,364
1686016722.374451,369
1686016722.3865042,372
1686016722.3994524,373
1686016722.4154334,370
1686016722.4277925,368
1686016722.439354,367
1686016722.456161,368
1686016722.4689517,367
1686016722.4809906,364
1686016722.497173,359
1686016722.5091171,355
1686016722.5260804,353
1686016722.538299,353
1686016722.5506663,351
1686016722.5662963,346
1686016722.5793731,341
1686016722.5913558,337
1686016722.6073177,336
1686016722.6203196,335
1686016722.6324282,332
1686016722.649318,327
1686016722.661055,322
1686016722.6735435,319
1686016722.6898396,318
1686016722.7015536,317
1686016722.7184842,313
1686016722.7308338,308
1686016722.7424905,303
1686016722.759476,302
1686016722.7714765,302
1686016722.7838223,301
1686016722.8004737,299
1686016722.8128016,295
1686016722.8246691,293
1686016722.8414638,293
1686016722.8535068,294
1686016722.8697958,295
1686016722.8824644,293
1686016722.8945103,291
1686016722.910768,290
1686016722.9235117,293
1686016722.9358282,296
1686016722.9514616,297
1686016722.9645054,297
1686016722.9765153,296
1686016722.9924984,298
1686016723.005456,302
1686016723.0215216,306
1686016723.0337656,308
1686016723.0454433,308
1686016723.0626032,309
1686016723.0745173,313
1686016723.0865078,318
1686016723.1034632,323
1686016723.115794,325
1686016723.1275084,325
1686016723.1440973,328
1686016723.1568732,332
1686016723.1688228,336
1686016723.1850655,339
1686016723.1978853,339
1686016723.213877,337
1686016723.225865,336
1686016723.2388372,338
1686016723.2548306,339
1686016723.2668338,337
1686016723.2797902,332
1686016723.2957807,326
1686016723.3077722,323
1686016723.320765,322
1686016723.336771,321
1686016723.3488274,316
1686016723.3647788,309
1686016723.3777814,302
1686016723.3897834,296
1686016723.4058251,292
1686016723.4187725,287
1686016723.4308233,280
1686016723.4467857,272
1686016723.4597611,266
1686016723.4718041,264
1686016723.4878857,263
1686016723.5008376,261
1686016723.5127714,258
1686016723.5291271,254
1686016723.541831,252
1686016723.5580072,253
1686016723.5697849,255
1686016723.582849,255
1686016723.59929,253
1686016723.6112978,252
1686016723.6234128,252
1686016723.640075,256
1686016723.6523778,259
1686016723.6643531,259
1686016723.6804106,258
1686016723.69342,258
1686016723.709491,261
1686016723.7215006,265
1686016723.7343767,268
1686016723.750422,270
1686016723.7623742,270
1686016723.7753837,272
1686016723.7915087,277
1686016723.803506,282
1686016723.8163745,286
1686016723.8325062,288
1686016723.8443289,289
1686016723.861206,292
1686016723.8734066,297
1686016723.8860142,304
1686016723.9026244,308
1686016723.9142206,313
1686016723.9269097,316
1686016723.943118,321
1686016723.9549649,328
1686016723.9671333,333
1686016723.9839103,335
1686016723.9966128,335
1686016724.0085573,336
1686016724.0247114,340
1686016724.0374343,344
1686016724.053258,345
1686016724.0659468,344
1686016724.0779374,341
1686016724.0944583,339
1686016724.1068342,340
1686016724.1191144,341
1686016724.135242,340
1686016724.1482916,338
1686016724.160392,333
1686016724.1766024,329
1686016724.1883948,328
1686016724.2053459,324
1686016724.2173235,322
1686016724.2303946,318
1686016724.2463253,314
1686016724.2583997,315
1686016724.270655,319
1686016724.2873976,323
1686016724.299544,325
1686016724.311322,326
1686016724.3284059,328
1686016724.3403862,332
1686016724.3523948,337
1686016724.3693235,340
1686016724.3813436,340
1686016724.397325,339
1686016724.410394,339
1686016724.4223838,340
1686016724.438289,342
1686016724.4512253,342
1686016724.4633152,339
1686016724.4791563,337
1686016724.4912612,336
1686016724.5043418,338
1686016724.520454,339
1686016724.5321136,339
1686016724.5491188,336
1686016724.5616896,335
1686016724.5731232,335
1686016724.5901303,337
1686016724.6024315,339
1686016724.615189,338
1686016724.6314237,335
1686016724.6436117,333
1686016724.6554642,333
1686016724.6714618,333
1686016724.6847632,333
1686016724.700476,330
1686016724.712464,325
1686016724.7254825,321
1686016724.741792,319
1686016724.753527,318
1686016724.766471,314
1686016724.7827792,308
1686016724.7948232,302
1686016724.8075383,298
1686016724.8236306,299
1686016724.8361707,301
1686016724.847962,301
1686016724.8646624,300
1686016724.8764014,300
1686016724.8935022,300
1686016724.9057481,303
1686016724.9177449,305
1686016724.934136,305
1686016724.9461486,304
1686016724.9594293,304
1686016724.9755528,306
1686016724.987558,310
1686016724.999475,312
1686016725.0165186,312
1686016725.0288372,310
1686016725.0445025,310
1686016725.0565145,312
1686016725.0695784,315
1686016725.0857828,315
1686016725.098436,314
1686016725.1104496,312
1686016725.1264415,312
1686016725.1387827,314
1686016725.1517777,316
1686016725.168155,316
1686016725.1797557,315
1686016725.1924493,314
1686016725.2084198,315
1686016725.2204416,318
1686016725.2370148,320
1686016725.249982,320
1686016725.2619793,319
1686016725.2787006,318
1686016725.291268,320
1686016725.303315,322
1686016725.3193157,323
1686016725.331239,323
1686016725.3441658,321
1686016725.3599901,321
1686016725.3719897,323
1686016725.3888495,325
1686016725.4007459,326
1686016725.4136863,324
1686016725.4297512,323
1686016725.4417486,323
1686016725.4547598,325
1686016725.470714,327
1686016725.483711,326
1686016725.4957476,324
1686016725.511581,323
1686016725.5235813,324
1686016725.539579,326
1686016725.5528414,328
1686016725.5655072,327
1686016725.5816748,324
1686016725.5933762,323
1686016725.6063063,324
1686016725.6223898,326
1686016725.6342921,327
1686016725.64725,326
1686016725.6633916,324
1686016725.6752865,324
1686016725.6876066,326
1686016725.7043946,328
1686016725.7165,328
1686016725.7321608,326
1686016725.7452645,324
1686016725.757487,324
1686016725.7741797,326
1686016725.7861745,327
1686016725.7985845,327
1686016725.815239,324
1686016725.8272603,322
1686016725.8392425,322
1686016725.8561864,324
1686016725.868271,326
1686016725.8844213,325
1686016725.8972137,322
1686016725.909272,321
1686016725.9255207,322
1686016725.9371963,325
1686016725.950221,326
1686016725.9662776,325
1686016725.9784894,324
1686016725.991232,324
1686016726.0072875,327
1686016726.0194278,329
1686016726.0322895,330
1686016726.0482917,328
1686016726.0612247,327
1686016726.077245,327
1686016726.0892253,330
1686016726.101554,332
1686016726.118298,332
1686016726.130249,331
1686016726.1421952,330
1686016726.1593053,331
1686016726.171514,334
1686016726.1835432,336
1686016726.199443,336
1686016726.2124627,335
1686016726.2284362,334
1686016726.2406213,336
1686016726.2526898,339
1686016726.2696385,341
1686016726.2817473,341
1686016726.2937653,339
1686016726.3109524,340
1686016726.32286,343
1686016726.3347695,346
1686016726.351704,347
1686016726.3636253,347
1686016726.3797586,346
1686016726.392695,347
1686016726.404746,350
1686016726.4206924,352
1686016726.4336312,353
1686016726.4456513,351
1686016726.4616313,351
1686016726.4746428,352
1686016726.486688,354
1686016726.5026264,356
1686016726.514711,355
1686016726.527643,352
1686016726.5436478,352
1686016726.556685,353
1686016726.5727882,355
1686016726.5848262,356
1686016726.5973618,355
1686016726.613992,353
1686016726.6256611,353
1686016726.6378918,355
1686016726.654256,357
1686016726.6664612,357
1686016726.6792428,356
1686016726.6957512,354
1686016726.7072973,354
1686016726.7233593,356
1686016726.7362957,357
1686016726.7483492,357
1686016726.7653766,354
1686016726.7775073,353
1686016726.7896485,353
1686016726.8059838,356
1686016726.8180614,356
1686016726.8308756,354
1686016726.8468306,351
1686016726.8588839,349
1686016726.871213,349
1686016726.8883483,350
1686016726.900438,349
1686016726.9162066,346
1686016726.9290843,343
1686016726.9418051,342
1686016726.9576337,342
1686016726.9696908,343
1686016726.9816294,342
1686016726.9984715,340
1686016727.0106628,337
1686016727.0229907,336
1686016727.0399964,338
1686016727.0520165,338
1686016727.06799,337
1686016727.0800502,334
1686016727.0930092,332
1686016727.10899,332
1686016727.1210093,334
1686016727.1330543,334
1686016727.1499887,331
1686016727.1620007,329
1686016727.1739986,327
1686016727.1909897,328
1686016727.2029974,329
1686016727.2149942,328
1686016727.2319884,325
1686016727.2442427,321
1686016727.2602017,321
1686016727.2725482,322
1686016727.2856667,322
1686016727.302121,321
1686016727.3141966,319
1686016727.325871,316
1686016727.3430157,316
1686016727.354498,317
1686016727.3670661,318
1686016727.3835795,317
1686016727.395565,314
1686016727.4123795,312
1686016727.4246907,312
1686016727.436601,314
1686016727.453305,314
1686016727.465249,313
1686016727.4777112,310
1686016727.494433,309
1686016727.5065343,310
1686016727.5190895,311
1686016727.5356164,311
1686016727.5471413,308
1686016727.5631416,306
1686016727.5761476,305
1686016727.588206,306
1686016727.6045268,308
1686016727.61686,306
1686016727.6289248,303
1686016727.6460657,301
1686016727.6580594,300
1686016727.670334,302
1686016727.6864588,303
1686016727.6992006,302
1686016727.7113957,300
1686016727.7280762,299
1686016727.7393756,300
1686016727.7564757,303
1686016727.7682312,304
1686016727.7811859,303
1686016727.7974408,301
1686016727.8099947,301
1686016727.8220413,303
1686016727.8383248,305
1686016727.850357,306
1686016727.8621085,304
1686016727.8791661,302
1686016727.8912804,302
1686016727.9081755,305
1686016727.9202292,307
1686016727.9325724,307
1686016727.9492428,306
1686016727.961242,305
1686016727.9734032,306
1686016727.9898221,308
1686016728.0021064,309
1686016728.0140724,307
1686016728.0308924,304
1686016728.0424263,301
1686016728.058473,300
1686016728.0714135,300
1686016728.0837808,300
1686016728.1002986,297
1686016728.1128685,294
1686016728.1251574,293
1686016728.141404,294
1686016728.1540444,297
1686016728.1661987,297
1686016728.1823328,295
1686016728.1943257,293
1686016728.2065296,294
1686016728.2232845,296
1686016728.2350924,298
1686016728.252225,298
1686016728.2644339,296
1686016728.2761834,295
1686016728.2926078,296
1686016728.3046029,299
1686016728.3178303,300
1686016728.3332558,299
1686016728.346745,297
1686016728.3578048,296
1686016728.3751585,298
1686016728.3872046,300
1686016728.4036744,301
1686016728.4152043,300
1686016728.4275975,298
1686016728.44399,297
1686016728.4569414,299
1686016728.4691298,302
1686016728.4858267,302
1686016728.4981055,300
1686016728.51002,298
1686016728.5263436,298
1686016728.538959,300
1686016728.555028,302
1686016728.5667717,301
1686016728.579823,299
1686016728.5961878,298
1686016728.6083128,298
1686016728.6202087,301
1686016728.6372848,302
1686016728.6493652,301
1686016728.661708,298
1686016728.6778831,297
1686016728.6898944,298
1686016728.70219,301
1686016728.7191617,301
1686016728.7313275,300
1686016728.7476811,297
1686016728.7600732,297
1686016728.772057,299
1686016728.7883067,301
1686016728.800234,301
1686016728.8132923,299
1686016728.8298714,298
1686016728.8416092,298
1686016728.8543558,300
1686016728.870567,302
1686016728.882272,301
1686016728.8984146,299
1686016728.9115655,298
1686016728.9232743,299
1686016728.9400413,301
1686016728.9524477,302
1686016728.9650247,301
1686016728.9810793,299
1686016728.993068,299
1686016729.005758,300
1686016729.0220616,303
1686016729.0343964,303
1686016729.0463638,302
1686016729.0626159,300
1686016729.074685,300
1686016729.0916195,302
1686016729.1037014,305
1686016729.1160152,305
1686016729.1328156,303
1686016729.1451037,302
1686016729.157166,302
1686016729.1738396,304
1686016729.1859167,306
1686016729.198133,306
1686016729.214743,304
1686016729.226761,302
1686016729.2431672,303
1686016729.2552657,305
1686016729.2678504,307
1686016729.2842512,305
1686016729.296131,303
1686016729.3084712,302
1686016729.3249204,303
1686016729.33715,305
1686016729.3492393,306
1686016729.365458,304
1686016729.3784606,302
1686016729.395071,302
1686016729.407137,304
1686016729.4191058,307
1686016729.4359314,307
1686016729.4482057,305
1686016729.4602427,304
1686016729.4770195,304
1686016729.4889367,307
1686016729.5009294,308
1686016729.5169995,308
1686016729.5299184,305
1686016729.5423458,304
1686016729.5583713,305
1686016729.571141,308
1686016729.5871472,309
1686016729.599083,307
1686016729.6110823,305
1686016729.6282592,304
1686016729.6401613,306
1686016729.65379,308
1686016729.6691597,309
1686016729.6822457,307
1686016729.693362,305
1686016729.7102509,305
1686016729.7226171,307
1686016729.7384868,309
1686016729.7504463,309
1686016729.7632785,307
1686016729.779695,305
1686016729.79216,306
1686016729.804472,308
1686016729.8209455,310
1686016729.8324716,309
1686016729.845995,307
1686016729.862022,305
1686016729.8740406,307
1686016729.886123,309
1686016729.902358,310
1686016729.914314,309
1686016729.931093,306
1686016729.9435358,306
1686016729.9558933,307
1686016729.9717708,310
1686016729.984414,310
1686016729.9966223,308
1686016730.0133173,306
1686016730.0252101,306
1686016730.0376287,308
1686016730.053661,310
1686016730.0666292,310
1686016730.0827842,308
1686016730.094776,307
1686016730.1072905,307
1686016730.1236382,310
1686016730.1361964,311
1686016730.148175,310
1686016730.1648188,308
1686016730.1768138,307
1686016730.1890373,308
1686016730.2057362,310
1686016730.2181804,311
1686016730.2336776,309
1686016730.246975,307
1686016730.258237,306
1686016730.2753353,308
1686016730.2872503,310
1686016730.2993252,310
1686016730.3164442,308
1686016730.3289459,306
1686016730.3408551,306
1686016730.357007,308
1686016730.3694515,309
1686016730.3812764,309
1686016730.3980925,306
1686016730.4107492,305
1686016730.4272552,305
1686016730.4392877,308
1686016730.4511883,309
1686016730.4672375,308
1686016730.4801188,305
1686016730.4931657,304
1686016730.509113,305
1686016730.5213642,307
1686016730.5334516,308
1686016730.5493782,306
1686016730.562145,304
1686016730.578532,303
1686016730.590547,305
1686016730.6028905,307
1686016730.619773,307
1686016730.6315753,305
1686016730.644092,303
1686016730.6602197,303
1686016730.6725385,306
1686016730.684541,307
1686016730.7013578,307
1686016730.7133613,305
1686016730.7296233,303
1686016730.7421174,304
1686016730.754275,306
1686016730.7705092,307
1686016730.7833536,306
1686016730.7958453,304
1686016730.8120778,302
1686016730.824437,303
1686016730.8364358,306
1686016730.8536189,306
1686016730.8646307,305
1686016730.8775647,303
1686016730.8941827,302
1686016730.9061549,304
1686016730.922325,306
1686016730.934307,306
1686016730.946715,304
1686016730.9634273,302
1686016730.9751682,303
1686016730.9880698,305
1686016731.0043857,307
1686016731.0164242,307
1686016731.0283048,304
1686016731.0453076,303
1686016731.057606,304
1686016731.0741467,306
1686016731.0862722,308
1686016731.098279,307
1686016731.11432,305
1686016731.1270726,304
1686016731.1394784,305
1686016731.1556656,308
1686016731.168246,308
1686016731.1801472,307
1686016731.1963,305
1686016731.20933,304
1686016731.2212873,306
1686016731.2379162,309
1686016731.2496605,309
1686016731.2668922,307
1686016731.2790031,306
1686016731.2912328,306
1686016731.3075252,308
1686016731.3201969,310
1686016731.3322709,310
1686016731.348543,308
1686016731.3611002,307
1686016731.3722978,309
1686016731.389128,311
1686016731.4020238,313
1686016731.417281,312
1686016731.430406,310
1686016731.4420927,309
1686016731.4591897,311
1686016731.4713528,313
1686016731.4837115,314
1686016731.4997537,313
1686016731.5124323,311
1686016731.5242176,311
1686016731.5407908,313
1686016731.553469,315
1686016731.5693576,315
1686016731.5820274,313
1686016731.5941133,311
1686016731.611289,311
1686016731.6230392,314
1686016731.6354914,316
1686016731.651632,316
1686016731.6642358,313
1686016731.6761506,312
1686016731.6928709,313
1686016731.7049382,316
1686016731.7171335,317
1686016731.7338357,316
1686016731.7451484,313
1686016731.7621489,313
1686016731.774565,314
1686016731.7872856,317
1686016731.803337,317
1686016731.8152473,316
1686016731.827296,314
1686016731.8442442,313
1686016731.856297,315
1686016731.8685434,318
1686016731.8852963,318
1686016731.8975291,316
1686016731.9140182,314
1686016731.9262488,315
1686016731.937921,318
1686016731.954369,319
1686016731.9664059,319
1686016731.9791646,317
1686016731.9958777,316
1686016732.008082,317
1686016732.0198925,320
1686016732.0365925,322
1686016732.048938,321
1686016732.0649645,319
1686016732.0778234,319
1686016732.0900679,320
1686016732.1062222,323
1686016732.1184692,324
1686016732.1310647,323
1686016732.1472843,321
1686016732.1598146,322
1686016732.171353,324
1686016732.1882792,327
1686016732.2002866,327
1686016732.2130427,326
1686016732.2290218,324
1686016732.2421324,325
1686016732.257735,328
1686016732.2699606,330
1686016732.2820127,330
1686016732.299058,327
1686016732.3109078,327
1686016732.3232372,328
1686016732.3393226,331
1686016732.3520234,332
1686016732.3641827,331
1686016732.380283,329
1686016732.3930469,328
1686016732.4095242,330
1686016732.4211254,332
1686016732.43414,332
1686016732.4505224,331
1686016732.4626594,328
1686016732.475177,328
1686016732.492439,330
1686016732.5034413,332
1686016732.5154371,332
1686016732.5321887,330
1686016732.5441453,328
1686016732.556702,329
1686016732.5731666,331
1686016732.5851684,333
1686016732.6012106,333
1686016732.614293,330
1686016732.6261861,329
1686016732.642277,330
1686016732.6551402,332
1686016732.6674361,333
1686016732.6838102,331
1686016732.6958523,328
1686016732.7079275,326
1686016732.7249124,327
1686016732.7362442,328
1686016732.7528818,328
1686016732.765978,325
1686016732.7779908,322
1686016732.7939076,321
1686016732.8059752,322
1686016732.818916,323
1686016732.834914,322
1686016732.8469305,319
1686016732.8596966,316
1686016732.8759491,316
1686016732.8887393,318
1686016732.904679,318
1686016732.9168174,317
1686016732.9296827,314
1686016732.9466796,312
1686016732.958052,313
1686016732.9700463,315
1686016732.9861114,315
1686016732.999129,313
1686016733.011367,310
1686016733.0276234,309
1686016733.040132,310
1686016733.0520563,312
1686016733.0682628,312
1686016733.0812597,310
1686016733.097322,307
1686016733.1092594,307
1686016733.1212597,309
1686016733.1383176,310
1686016733.1506763,310
1686016733.1624856,307
1686016733.1793444,304
1686016733.191348,305
1686016733.204083,306
1686016733.2200005,307
1686016733.2319973,306
1686016733.2480683,303
1686016733.2615345,302
1686016733.2735386,303
1686016733.2898693,305
1686016733.301808,306
1686016733.3142214,304
1686016733.3308988,302
1686016733.3431156,301
1686016733.355311,303
1686016733.371352,305
1686016733.3842921,305
1686016733.3963141,303
1686016733.4122972,301
1686016733.4253185,302
1686016733.4413056,304
1686016733.4537446,307
1686016733.4666893,306
1686016733.482225,304
1686016733.4938307,303
1686016733.5069256,304
1686016733.5231578,306
1686016733.5358765,308
1686016733.547911,308
1686016733.5644798,305
1686016733.5764587,305
1686016733.5923972,306
1686016733.6054683,309
1686016733.617532,310
1686016733.6333983,308
1686016733.646333,307
1686016733.6587121,308
1686016733.6749873,311
1686016733.686957,315
1686016733.699688,318
1686016733.7156324,318
1686016733.7277067,320
1686016733.744017,323
1686016733.7562912,330
1686016733.7693079,336
1686016733.7852974,339
1686016733.7976217,341
1686016733.8103876,342
1686016733.8265371,347
1686016733.8382945,352
1686016733.8513014,354
1686016733.8679597,354
1686016733.8799658,353
1686016733.8920398,351
1686016733.9082189,352
1686016733.9199526,353
1686016733.937098,353
1686016733.948953,349
1686016733.9611561,344
1686016733.9781046,341
1686016733.9903,340
1686016734.0020888,340
1686016734.0191019,337
1686016734.0311887,332
1686016734.0431504,328
1686016734.059493,325
1686016734.0724475,325
1686016734.0884893,325
1686016734.1004395,322
1686016734.1129897,317
1686016734.1291504,313
1686016734.141218,312
1686016734.1542249,312
1686016734.1706858,311
1686016734.1832588,308
1686016734.1951964,304
1686016734.2107642,301
1686016734.223147,301
1686016734.2361856,301
1686016734.2525427,300
1686016734.2645628,297
1686016734.2806258,293
1686016734.2936234,291
1686016734.305619,291
1686016734.3222334,292
1686016734.3347652,292
1686016734.3469074,290
1686016734.3628824,288
1686016734.375634,289
1686016734.387559,293
1686016734.403864,295
1686016734.4160333,296
1686016734.4325867,295
1686016734.4448276,294
1686016734.456848,296
1686016734.4736328,299
1686016734.4856339,302
1686016734.4979339,302
1686016734.514859,301
1686016734.5270808,301
1686016734.5392523,304
1686016734.555589,308
1686016734.5672333,311
1686016734.58356,312
1686016734.5962985,313
1686016734.608229,317
1686016734.6252534,322
1686016734.6375074,326
1686016734.6495059,330
1686016734.665696,330
1686016734.678688,331
1686016734.69053,335
1686016734.7072804,339
1686016734.7192879,342
1686016734.7312603,342
1686016734.748269,341
1686016734.7604382,339
1686016734.776795,339
1686016734.78844,340
1686016734.8014839,338
1686016734.8174455,334
1686016734.829514,329
1686016734.842518,324
1686016734.8579159,322
1686016734.8709576,322
1686016734.8828764,319
1686016734.8989453,312
1686016734.911879,306
1686016734.9282038,301
1686016734.9399457,299
1686016734.9529362,297
1686016734.968874,292
1686016734.9818814,286
1686016734.9939446,279
1686016735.0099866,274
1686016735.0221822,271
1686016735.0348823,267
1686016735.0509684,262
1686016735.0632098,257
1686016735.0793455,254
1686016735.092341,253
1686016735.1043081,254
1686016735.120999,254
1686016735.1330605,252
1686016735.1458268,249
1686016735.1617846,248
1686016735.1737814,250
1686016735.1857839,254
1686016735.2022824,255
1686016735.214609,255
1686016735.2273493,254
1686016735.24329,256
1686016735.2552867,260
1686016735.2725022,264
1686016735.2842374,266
1686016735.296734,266
1686016735.3132925,266
1686016735.325584,269
1686016735.3376231,273
1686016735.3542943,278
1686016735.366595,279
1686016735.3789542,279
1686016735.3949661,281
1686016735.407657,284
1686016735.423638,289
1686016735.4355974,293
1686016735.4486442,294
1686016735.4646397,294
1686016735.4776525,298
1686016735.4896517,303
1686016735.5059462,310
1686016735.5178049,316
1686016735.5297508,318
1686016735.5467718,319
1686016735.5586903,321
1686016735.5710654,325
1686016735.5877085,327
1686016735.5996945,327
1686016735.6156878,325
1686016735.6286848,322
1686016735.641096,321
1686016735.656687,322
1686016735.6697438,321
1686016735.6817026,316
1686016735.6980927,308
1686016735.7106988,301
1686016735.7228143,300
1686016735.738687,303
1686016735.7516863,303
1686016735.7668133,304
1686016735.779881,304
1686016735.7918797,308
1686016735.808801,315
1686016735.821235,322
1686016735.8328662,328
1686016735.8497677,331
1686016735.8622818,334
1686016735.8737767,338
1686016735.8907673,344
1686016735.902907,350
1686016735.9187822,353
1686016735.9318278,353
1686016735.944035,353
1686016735.9600143,355
1686016735.9721894,359
1686016735.9850647,360
1686016736.001043,359
1686016736.0133798,355
1686016736.0260532,352
1686016736.0423453,352
1686016736.0541086,352
1686016736.0670543,351
1686016736.083122,348
1686016736.0950563,344
1686016736.1120653,341
1686016736.124257,341
1686016736.1365423,342
1686016736.1529775,340
1686016736.1652222,337
1686016736.1775856,333
1686016736.1935763,332
1686016736.2062793,333
1686016736.2182271,334
1686016736.2342057,332
1686016736.24731,328
1686016736.2632565,325
1686016736.275597,323
1686016736.2882345,324
1686016736.3042738,322
1686016736.3162496,317
1686016736.3293006,310
1686016736.3453622,303
1686016736.3575478,298
1686016736.370229,295
1686016736.386266,292
1686016736.398299,286
1686016736.4113247,280
1686016736.427295,276
1686016736.4393678,276
1686016736.4557464,278
1686016736.467658,279
1686016736.4806752,278
1686016736.4970047,277
1686016736.508984,278
1686016736.521717,282
1686016736.5376518,285
1686016736.5497696,287
1686016736.5627213,287
1686016736.5787244,287
1686016736.5906525,290
1686016736.6066697,294
1686016736.619954,298
1686016736.631923,298
1686016736.6478653,298
1686016736.660904,298
1686016736.6728814,301
1686016736.6890683,305
1686016736.7018714,307
1686016736.713858,307
1686016736.7299993,306
1686016736.7427578,306
1686016736.7544882,309
1686016736.771526,312
1686016736.783429,313
1686016736.7994294,311
1686016736.8125186,309
1686016736.8246267,310
1686016736.8410153,312
1686016736.8534968,314
1686016736.8657844,314
1686016736.8814433,312
1686016736.8945584,310
1686016736.9065204,311
1686016736.9234266,313
1686016736.9355037,315
1686016736.9514322,314
1686016736.9639285,312
1686016736.976215,311
1686016736.9924016,312
1686016737.005478,314
1686016737.0172005,316
1686016737.0330758,314
1686016737.0453863,312
1686016737.0581496,311
1686016737.0740757,313
1686016737.0863912,316
1686016737.1020727,316
1686016737.1150715,314
1686016737.1270912,312
1686016737.1441395,312
1686016737.1563873,314
1686016737.168963,316
1686016737.18579,315
1686016737.197668,313
1686016737.2096624,311
1686016737.2256093,312
1686016737.2386096,314
1686016737.2505949,315
1686016737.266926,314
1686016737.278934,312
1686016737.2955942,310
1686016737.3080266,312
1686016737.3195949,314
1686016737.3365934,314
1686016737.3488827,313
1686016737.3609672,310
1686016737.3776782,309
1686016737.3895733,311
1686016737.40224,313
1686016737.418258,314
1686016737.4302363,312
1686016737.4472747,309
1686016737.459188,309
1686016737.4717846,311
1686016737.4878469,313
1686016737.5008118,313
1686016737.5132184,310
1686016737.528785,309
1686016737.541453,310
1686016737.5533986,312
1686016737.5694253,314
1686016737.582429,313
1686016737.5984993,311
1686016737.611431,310
1686016737.623492,311
1686016737.6394398,314
1686016737.651446,315
1686016737.664437,314
1686016737.6807384,311
1686016737.692751,311
1686016737.7052789,313
1686016737.7214909,315
1686016737.7342086,316
1686016737.7462182,314
1686016737.7622156,312
1686016737.7744012,312
1686016737.7903311,314
1686016737.8037004,316
1686016737.8153238,316
1686016737.8315797,314
1686016737.8445783,312
1686016737.8564043,313
1686016737.87311,315
1686016737.8857718,317
1686016737.897769,316
1686016737.913755,314
1686016737.9258227,313
1686016737.9428253,315
1686016737.9551685,318
1686016737.9669254,319
1686016737.983971,318
1686016737.9960227,316
1686016738.0079682,316
1686016738.024009,318
1686016738.036955,321
1686016738.0490067,321
1686016738.0651903,319
1686016738.078068,318
1686016738.0900297,318
1686016738.1060843,320
1686016738.1190825,323
1686016738.1350055,322
1686016738.147619,320
1686016738.1602318,319
1686016738.1764016,320
1686016738.1889198,323
1686016738.200975,325
1686016738.2175078,324
1686016738.2292354,321
1686016738.2421083,321
1686016738.2580745,322
1686016738.2701387,325
1686016738.2871296,325
1686016738.2987387,324
1686016738.3117747,322
1686016738.3275928,321
1686016738.340397,324
1686016738.3526146,326
1686016738.368599,326
1686016738.381317,324
1686016738.3934417,322
1686016738.4098117,322
1686016738.4221532,324
1686016738.4373145,326
1686016738.4504578,326
1686016738.462265,323
1686016738.4792664,322
1686016738.491763,323
1686016738.5040505,325
1686016738.5203385,326
1686016738.5328357,325
1686016738.5442078,323
1686016738.5612013,321
1686016738.5732722,323
1686016738.5861452,325
1686016738.6022809,326
1686016738.6142604,324
1686016738.6302624,322
1686016738.6432607,322
1686016738.6553142,324
1686016738.671623,326
1686016738.68369,326
1686016738.695633,324
1686016738.712624,322
1686016738.7252123,322
1686016738.7366912,324
1686016738.7536297,326
1686016738.7656276,326
1686016738.7815332,323
1686016738.7949772,322
1686016738.8064802,322
1686016738.8234725,325
1686016738.835486,326
1686016738.8481226,325
1686016738.8643837,322
1686016738.8760939,321
1686016738.8890965,323
1686016738.9055014,325
1686016738.917526,326
1686016738.9291413,324
1686016738.9459088,322
1686016738.9585636,321
1686016738.9748535,323
1686016738.987262,325
1686016738.9995046,325
1686016739.0159128,323
1686016739.0281823,321
1686016739.0408485,321
1686016739.0564077,323
1686016739.0691228,325
1686016739.0814128,324
1686016739.097408,321
1686016739.1101344,319
1686016739.1274228,320
1686016739.1389415,323
1686016739.1509426,324
1686016739.1667655,323
1686016739.1799917,322
1686016739.1921408,323
1686016739.2084663,327
1686016739.220688,334
1686016739.2327332,338
1686016739.2492602,340
1686016739.2617757,341
1686016739.2781146,342
1686016739.290493,345
1686016739.3024817,346
1686016739.3190248,344
1686016739.331198,339
1686016739.3435574,332
1686016739.3601308,327
1686016739.3723137,323
1686016739.3843608,320
1686016739.4003558,316
1686016739.4133308,311
1686016739.4248712,307
1686016739.44192,306
1686016739.454085,308
1686016739.4697354,309
1686016739.4825096,308
1686016739.4952536,306
1686016739.511869,305
1686016739.523816,307
1686016739.535861,310
1686016739.5527682,311
1686016739.5651188,310
1686016739.576691,308
1686016739.593159,308
1686016739.6060781,310
1686016739.6215427,312
1686016739.634506,313
1686016739.646501,311
1686016739.6625617,309
1686016739.675367,310
1686016739.687762,313
1686016739.7040496,314
1686016739.7163055,314
1686016739.7284493,312
1686016739.7450588,311
1686016739.7568169,312
1686016739.7728794,314
1686016739.7856607,316
1686016739.7982614,314
1686016739.8141682,312
1686016739.826971,311
1686016739.8393111,313
1686016739.8560278,315
1686016739.8675587,316
1686016739.8799434,314
1686016739.8968365,312
1686016739.909165,312
1686016739.9208,314
1686016739.9378393,316
1686016739.9493575,316
1686016739.9661753,314
1686016739.9787745,312
1686016739.9904144,313
1686016740.0065997,315
1686016740.0195873,317
1686016740.0315828,316
1686016740.04765,313
1686016740.060643,312
1686016740.0726562,313
1686016740.088932,315
1686016740.100907,317
1686016740.11783,315
1686016740.129853,313
1686016740.142862,312
1686016740.1608999,313
1686016740.1708977,316
1686016740.1828482,316
1686016740.1990423,315
1686016740.212225,313
1686016740.2242463,312
1686016740.2408614,314
1686016740.2522984,317
1686016740.2646844,317
1686016740.2809162,315
1686016740.293565,313
1686016740.310202,313
1686016740.322173,316
1686016740.3347893,317
1686016740.3508828,317
1686016740.3639226,314
1686016740.3749824,313
1686016740.392141,313
1686016740.4045687,316
1686016740.4167757,317
1686016740.4332056,316
1686016740.4454515,313
1686016740.4620993,312
1686016740.4739976,314
1686016740.4857965,316
1686016740.5026195,317
1686016740.5152209,315
1686016740.527221,313
1686016740.5439568,312
1686016740.5561438,315
1686016740.5682385,317
1686016740.584862,317
1686016740.5968392,315
1686016740.6128953,313
1686016740.6259553,314
1686016740.638128,316
1686016740.6538072,318
1686016740.6660993,318
1686016740.678415,315
1686016740.6954465,314
1686016740.7074416,315
1686016740.7195106,318
1686016740.7363038,319
1686016740.7485049,318
1686016740.760551,316
1686016740.7772572,315
1686016740.7892299,317
1686016740.805297,319
1686016740.8183012,320
1686016740.8304458,319
1686016740.846632,317
1686016740.8591862,317
1686016740.8714416,319
1686016740.8876908,322
1686016740.900006,322
1686016740.9125035,320
1686016740.9288676,318
1686016740.9403543,319
1686016740.957431,321
1686016740.9690437,324
1686016740.981659,323
1686016740.9983008,321
1686016741.010943,320
1686016741.0229049,322
1686016741.0391176,325
1686016741.0512195,327
1686016741.0636516,326
1686016741.0801842,324
1686016741.0920367,323
1686016741.1044815,325
1686016741.1213098,328
1686016741.1332543,329
1686016741.150107,327
1686016741.1625526,325
1686016741.1745405,326
1686016741.191192,328
1686016741.2032301,332
1686016741.2153666,332
1686016741.231313,330
1686016741.2441454,328
1686016741.2561543,328
1686016741.27284,330
1686016741.2850118,332
1686016741.3015168,330
1686016741.3131664,327
1686016741.32616,325
1686016741.3423824,325
1686016741.3549323,326
1686016741.3669875,325
1686016741.3832734,323
1686016741.3952405,319
1686016741.4082437,316
1686016741.4239173,316
1686016741.4361703,317
1686016741.4530907,316
1686016741.4653156,313
1686016741.476689,309
1686016741.493818,307
1686016741.5062838,307
1686016741.5183482,307
1686016741.535372,306
1686016741.5473077,302
1686016741.55921,299
1686016741.5759218,298
1686016741.5881424,299
1686016741.6002805,300
1686016741.6167552,298
1686016741.6292431,295
1686016741.6449513,293
1686016741.6581044,293
1686016741.6699646,294
1686016741.686218,295
1686016741.698338,294
1686016741.7112145,291
1686016741.7275226,289
1686016741.7399068,291
1686016741.7519145,293
1686016741.7684083,293
1686016741.7805815,292
1686016741.7965302,290
1686016741.8090906,290
1686016741.8214214,292
1686016741.8379648,295
1686016741.8502786,295
1686016741.862477,294
1686016741.8791187,292
1686016741.8911674,293
1686016741.9032438,296
1686016741.9193275,298
1686016741.9318378,298
1686016741.948538,296
1686016741.9612713,294
1686016741.9732723,295
1686016741.9892356,298
1686016742.001916,300
1686016742.0139802,299
1686016742.030145,297
1686016742.0421844,297
1686016742.0551937,299
1686016742.0713098,302
1686016742.0841305,304
1686016742.0958023,303
1686016742.1118023,303
1686016742.1249166,304
1686016742.140488,306
1686016742.153298,309
1686016742.1659448,310
1686016742.181824,308
1686016742.1938336,307
1686016742.2068942,307
1686016742.2231755,309
1686016742.2352672,312
1686016742.24695,311
1686016742.2634723,309
1686016742.2762156,307
1686016742.2921586,308
1686016742.3041945,311
1686016742.3168874,312
1686016742.3329782,311
1686016742.3459928,309
1686016742.3579874,309
1686016742.3741963,311
1686016742.387154,314
1686016742.3991926,315
1686016742.4147432,314
1686016742.4278932,313
1686016742.4402418,314
1686016742.4565027,317
1686016742.4681854,319
1686016742.4851925,320
1686016742.4973028,319
1686016742.5093684,318
1686016742.5260704,319
1686016742.537992,322
1686016742.5514944,325
1686016742.5671754,325
1686016742.5790763,323
1686016742.591862,322
1686016742.608247,323
1686016742.6204307,326
1686016742.6366143,327
1686016742.6489413,326
1686016742.6611838,324
1686016742.6771655,323
1686016742.6901557,325
1686016742.7022045,327
1686016742.7178314,327
1686016742.7307703,326
1686016742.7428274,323
1686016742.7597723,323
1686016742.7718256,325
1686016742.7880025,327
1686016742.8006732,327
1686016742.8126557,324
1686016742.8293092,322
1686016742.8413124,322
1686016742.8538892,325
1686016742.8702586,326
1686016742.882404,326
1686016742.8943067,323
1686016742.9111645,322
1686016742.923453,323
1686016742.9355717,325
1686016742.952253,327
1686016742.964305,326
1686016742.9801993,323
1686016742.9932241,323
1686016743.0060925,324
1686016743.0217571,326
1686016743.0345018,327
1686016743.0463307,325
1686016743.0624857,323
1686016743.074996,323
1686016743.0872786,325
1686016743.1033056,327
1686016743.1159148,326
1686016743.1323023,324
1686016743.1442947,322
1686016743.1563315,322
1686016743.1725125,324
1686016743.1855314,326
1686016743.1978724,325
1686016743.2137165,322
1686016743.2257729,322
1686016743.2382925,323
1686016743.255238,326
1686016743.2672682,327
1686016743.2792592,325
1686016743.295398,322
1686016743.308469,322
1686016743.3243,323
1686016743.3372314,325
1686016743.349222,325
1686016743.3657315,323
1686016743.3787777,320
1686016743.3902426,319
1686016743.4070213,321
1686016743.4190693,323
1686016743.4310608,322
1686016743.447482,319
1686016743.460109,317
1686016743.4754803,317
1686016743.4880404,319
1686016743.5012095,320
1686016743.5168626,318
1686016743.52912,316
1686016743.5414941,314
1686016743.5584989,315
1686016743.5705688,317
1686016743.582689,318
1686016743.5992446,316
1686016743.6112986,314
1686016743.6282065,313
1686016743.6402273,314
1686016743.6525397,316
1686016743.668122,316
1686016743.6811259,314
1686016743.6933753,312
1686016743.7098835,312
1686016743.7225716,314
1686016743.7336676,316
1686016743.751077,316
1686016743.7622912,314
1686016743.7752984,312
1686016743.792043,313
1686016743.8042982,315
1686016743.8203533,316
1686016743.832143,316
1686016743.845152,313
1686016743.8612177,312
1686016743.8732705,313
1686016743.8851964,315
1686016743.902411,316
1686016743.9142344,314
1686016743.9272597,312
1686016743.9431717,312
1686016743.9550924,313
1686016743.971883,316
1686016743.9835944,316
1686016743.9965818,314
1686016744.013251,312
1686016744.0260015,312
1686016744.0377562,314
1686016744.0539753,316
1686016744.06616,316
1686016744.0780833,313
1686016744.0951617,311
1686016744.107238,312
1686016744.123181,315
1686016744.135627,316
1686016744.1481285,315
1686016744.1642864,313
1686016744.1773398,312
1686016744.1893437,314
1686016744.205453,316
1686016744.2178082,317
1686016744.2301557,316
1686016744.2465525,313
1686016744.2580695,313
1686016744.2711813,315
1686016744.2870207,317
1686016744.2990246,318
1686016744.3158574,316
1686016744.3285258,314
1686016744.3404748,315
1686016744.3566966,317
1686016744.3688471,319
1686016744.3816864,319
1686016744.3974605,317
1686016744.410468,315
1686016744.4225025,316
1686016744.4387827,319
1686016744.4504626,320
1686016744.4674706,319
1686016744.4795144,317
1686016744.4921844,316
1686016744.5081775,317
1686016744.5201862,320
1686016744.533241,321
1686016744.549501,320
1686016744.5616367,318
1686016744.5741856,318
1686016744.5901353,319
1686016744.6021655,322
1686016744.6151114,322
1686016744.6311045,321
1686016744.6431794,319
1686016744.6601121,319
1686016744.6722908,322
1686016744.684096,323
1686016744.7007277,323
1686016744.713405,321
1686016744.725733,319
1686016744.7417262,320
1686016744.7537239,322
1686016744.7667904,324
1686016744.782879,323
1686016744.7947273,320
1686016744.8107414,319
1686016744.8240526,320
1686016744.8359976,323
1686016744.8527875,323
1686016744.8657334,321
1686016744.876757,319
1686016744.8930979,318
1686016744.905725,320
1686016744.9177294,322
1686016744.9337907,322
1686016744.9467313,320
1686016744.9630535,318
1686016744.9747436,319
1686016744.9877245,321
1686016745.0040367,323
1686016745.015741,322
1686016745.0287333,320
1686016745.0447447,318
1686016745.0567412,319
1686016745.0697286,322
1686016745.086044,323
1686016745.0977216,322
1686016745.1107972,320
1686016745.126725,319
1686016745.1390476,321
1686016745.155728,324
1686016745.1680632,325
1686016745.1797886,324
1686016745.1962721,322
1686016745.2087374,323
1686016745.2207613,326
1686016745.2377026,329
1686016745.2497177,331
1686016745.2623808,330
1686016745.2783985,330
1686016745.290483,332
1686016745.3074932,336
1686016745.3194914,341
1686016745.3314784,343
1686016745.347499,343
1686016745.3604918,346
1686016745.3726683,351
1686016745.3885458,359
1686016745.401545,365
1686016745.4134803,367
1686016745.4298263,368
1686016745.4424796,370
1686016745.4545777,372
1686016745.4704862,374
1686016745.4834814,373
1686016745.499678,369
1686016745.511684,364
1686016745.5239854,360
1686016745.5409358,358
1686016745.5526457,356
1686016745.5649939,352
1686016745.5816493,345
1686016745.5933387,338
1686016745.606293,334
1686016745.622479,333
1686016745.6342769,331
1686016745.65129,327
1686016745.6632545,322
1686016745.6760137,318
1686016745.6923854,317
1686016745.704421,317
1686016745.7167182,316
1686016745.7324746,313
1686016745.7454214,309
1686016745.7574184,306
1686016745.7736542,306
1686016745.7864814,307
1686016745.8027325,306
1686016745.8148005,303
1686016745.8266084,300
1686016745.843601,299
1686016745.856357,302
1686016745.8685899,304
1686016745.8839583,304
1686016745.8971453,302
1686016745.9092247,300
1686016745.9250998,301
1686016745.9380987,304
1686016745.95024,306
1686016745.9661033,307
1686016745.9791448,305
1686016745.994935,305
1686016746.0076108,308
1686016746.0199308,313
1686016746.0356147,316
1686016746.0486205,318
1686016746.060611,317
1686016746.076975,319
1686016746.0896275,323
1686016746.1016204,330
1686016746.1176376,335
1686016746.1306322,335
1686016746.1466253,336
1686016746.1589475,339
1686016746.171632,342
1686016746.1876395,347
1686016746.1999784,347
1686016746.2116978,345
1686016746.228742,343
1686016746.2408595,343
1686016746.2529552,345
1686016746.269877,345
1686016746.281947,342
1686016746.2936428,338
1686016746.310658,332
1686016746.3229144,332
1686016746.338918,331
1686016746.351848,329
1686016746.3639493,324
1686016746.3807118,319
1686016746.3926811,316
1686016746.4046264,314
1686016746.4206994,312
1686016746.4336429,309
1686016746.4456255,301
1686016746.4617019,292
1686016746.474638,285
1686016746.4906332,280
1686016746.5026925,277
1686016746.5156353,272
1686016746.531626,266
1686016746.543638,261
1686016746.5566916,259
1686016746.5726466,259
1686016746.5849068,259
1686016746.5976315,256
1686016746.6137123,254
1686016746.625688,252
1686016746.6419487,253
1686016746.6546211,256
1686016746.6666417,257
1686016746.6826398,256
1686016746.6949272,254
1686016746.7079244,254
1686016746.7244213,257
1686016746.7368064,260
1686016746.7487936,262
1686016746.764833,262
1686016746.7770686,261
1686016746.7898028,262
1686016746.8059886,266
1686016746.8183384,270
1686016746.8350217,272
1686016746.8472688,273
1686016746.8590014,273
1686016746.8759975,276
1686016746.8889935,281
1686016746.899998,285
1686016746.9170506,286
1686016746.9289832,286
1686016746.9409904,287
1686016746.9579904,290
1686016746.9704564,295
1686016746.9859903,298
1686016746.9992013,300
1686016747.0111864,301
1686016747.0271845,304
1686016747.0391743,310
1686016747.0521936,316
1686016747.068178,319
1686016747.080177,319
1686016747.093244,318
1686016747.1091778,320
1686016747.1214702,323
1686016747.134201,325
1686016747.1502638,326
1686016747.1621835,323
1686016747.178241,322
1686016747.1914706,322
1686016747.2041907,325
1686016747.2205067,325
1686016747.2319355,323
1686016747.2445068,319
1686016747.2610493,316
1686016747.273133,315
1686016747.2850993,314
1686016747.3017511,312
1686016747.3134654,306
1686016747.331119,302
1686016747.3425162,301
1686016747.3554828,306
1686016747.3714983,313
1686016747.383835,320
1686016747.3955133,324
1686016747.4124951,327
1686016747.4244866,333
1686016747.4365027,338
1686016747.4534714,344
1686016747.4654267,345
1686016747.48143,344
1686016747.4944513,343
1686016747.5071318,343
1686016747.523504,344
1686016747.5354424,345
1686016747.5475478,342
1686016747.5633314,338
1686016747.5766013,336
1686016747.5886142,336
1686016747.6046598,338
1686016747.6166017,338
1686016747.629602,336
1686016747.6457508,332
1686016747.657969,331
1686016747.674661,332
1686016747.686582,333
1686016747.6990557,333
1686016747.7160451,330
1686016747.7279892,327
1686016747.7399302,325
1686016747.756629,325
1686016747.7686098,324
1686016747.7806432,321
1686016747.7976227,315
1686016747.80965,310
1686016747.8256133,306
1686016747.8386421,305
1686016747.8502753,301
1686016747.867344,296
1686016747.8793087,290
1686016747.8913808,286
1686016747.907777,285
1686016747.9200997,286
1686016747.9327836,286
1686016747.949103,285
1686016747.9608488,283
1686016747.9727843,282
1686016747.9897811,284
1686016748.0020566,286
1686016748.0181248,286
1686016748.0310698,285
1686016748.0430617,285
1686016748.060061,286
1686016748.0720723,290
1686016748.0840576,293
1686016748.100068,294
1686016748.1130571,293
1686016748.1251185,293
1686016748.1411371,295
1686016748.153405,299
1686016748.1695938,301
1686016748.1825442,301
1686016748.1944277,299
1686016748.2105181,299
1686016748.2234743,302
1686016748.235449,305
1686016748.2518303,307
1686016748.2644722,306
1686016748.2764552,304
1686016748.2925177,304
1686016748.3053372,307
1686016748.3210638,310
1686016748.3340702,311
1686016748.346057,309
1686016748.36243,308
1686016748.375058,309
1686016748.387176,312
1686016748.4033756,314
1686016748.4160628,314
1686016748.4280555,313
1686016748.4440587,312
1686016748.4570577,313
1686016748.4690776,316
1686016748.485382,318
1686016748.4979963,318
1686016748.5138447,316
1686016748.5264573,315
1686016748.5387807,317
1686016748.5554624,320
1686016748.5674627,321
1686016748.5794537,319
1686016748.5957866,317
1686016748.608654,317
1686016748.6205792,319
1686016748.6366477,321
1686016748.649648,321
1686016748.6655884,319
1686016748.6780176,317
1686016748.6906064,318
1686016748.7066636,320
1686016748.7188945,322
1686016748.7306,321
1686016748.7475796,319
1686016748.759645,317
1686016748.7715833,318
1686016748.7885942,320
1686016748.8003793,322
1686016748.8163266,320
1686016748.829636,318
1686016748.8413143,317
1686016748.8583238,319
1686016748.8705044,321
1686016748.8823957,321
1686016748.8993177,320
1686016748.9113142,318
1686016748.923637,317
1686016748.9403267,319
1686016748.952314,321
1686016748.964335,321
1686016748.9813797,319
1686016748.99333,317
1686016749.0093288,317
1686016749.0223339,320
1686016749.0344608,321
1686016749.0509608,321
1686016749.0630307,319
1686016749.0749774,317
1686016749.0920222,318
1686016749.1033459,321
1686016749.1162815,322
1686016749.1323411,320
1686016749.1442819,318
1686016749.1612785,317
1686016749.1735668,319
1686016749.1859992,321
1686016749.2022645,322
1686016749.2143307,320
1686016749.2262738,318
1686016749.243262,318
1686016749.2558694,320
1686016749.267586,322
1686016749.2842693,322
1686016749.2962606,321
1686016749.3084426,319
1686016749.3254485,320
1686016749.3374326,322
1686016749.3535044,324
1686016749.3661213,324
1686016749.3784366,321
1686016749.3944297,320
1686016749.4064286,321
1686016749.4194684,323
1686016749.4354498,325
1686016749.4475763,323
1686016749.4604902,321
1686016749.477051,320
1686016749.4887655,322
1686016749.505435,324
1686016749.5175412,325
1686016749.5307798,323
1686016749.546445,321
1686016749.5587125,321
1686016749.570439,323
1686016749.5868895,325
1686016749.5992174,325
1686016749.6121373,323
1686016749.6281278,321
1686016749.6401286,321
1686016749.6561337,324
1686016749.6691482,325
1686016749.6811326,325
1686016749.6979933,322
1686016749.710485,321
1686016749.7228677,322
1686016749.739178,324
1686016749.7512271,325
1686016749.7631698,324
1686016749.7806976,321
1686016749.7923508,320
1686016749.8042905,322
1686016749.82097,324
1686016749.8331766,325
1686016749.8488576,323
1686016749.8610086,320
1686016749.874254,320
1686016749.8909533,321
1686016749.9029117,323
1686016749.9152513,323
1686016749.9313428,321
1686016749.9432983,320
1686016749.955545,320
1686016749.9722607,323
1686016749.984577,324
1686016750.0004902,323
1686016750.0133283,321
1686016750.025298,320
1686016750.0414212,321
1686016750.0543556,324
1686016750.066237,325
1686016750.0829067,323
1686016750.0954347,320
1686016750.1069198,320
1686016750.123896,322
1686016750.1363397,324
1686016750.1528945,324
1686016750.1640828,322
1686016750.1770785,320
1686016750.1930933,319
1686016750.2055507,322
1686016750.2178981,324
1686016750.2339644,323
1686016750.2469685,321
1686016750.258902,319
1686016750.275695,319
1686016750.2869534,321
1686016750.3000445,322
1686016750.316064,322
1686016750.3280482,319
1686016750.3452756,318
1686016750.3570652,318
1686016750.36911,321
1686016750.3860507,322
1686016750.3980446,321
1686016750.4099817,318
1686016750.4269695,317
1686016750.4391024,319
1686016750.4509873,321
1686016750.4680743,322
1686016750.4802852,320
1686016750.4960177,318
1686016750.5085347,318
1686016750.521191,320
1686016750.5370808,321
1686016750.5500708,321
1686016750.562118,318
1686016750.5785563,316
1686016750.591182,317
1686016750.6028576,319
1686016750.619333,320
1686016750.631181,319
1686016750.6433547,316
1686016750.6601257,314
1686016750.6723707,315
1686016750.6891532,317
1686016750.701458,318
1686016750.7133744,316
1686016750.730111,314
1686016750.7421372,314
1686016750.754187,315
1686016750.771182,318
1686016750.7831383,318
1686016750.7951224,316
1686016750.8117158,315
1686016750.8240032,315
1686016750.8400133,318
1686016750.852883,320
1686016750.8652818,321
1686016750.8812985,319
1686016750.8941443,318
1686016750.9061909,320
1686016750.9237146,324
1686016750.9343128,327
1686016750.9472425,327
1686016750.963421,327
1686016750.9754765,327
1686016750.9916503,330
1686016751.0043535,334
1686016751.0167842,336
1686016751.0331218,335
1686016751.045249,334
1686016751.0577261,334
1686016751.0738392,336
1686016751.086574,339
1686016751.098247,339
1686016751.1144042,337
1686016751.127242,336
1686016751.1396842,337
1686016751.1555693,339
1686016751.1684136,341
1686016751.1843095,340
1686016751.196299,337
1686016751.2088244,332
1686016751.225822,330
1686016751.2382379,329
1686016751.2504487,326
1686016751.2665792,321
1686016751.279078,315
1686016751.2912438,311
1686016751.307647,308
1686016751.3196874,308
1686016751.3361392,306
1686016751.348145,303
1686016751.360375,298
1686016751.376526,296
1686016751.3898637,297
1686016751.4015157,298
1686016751.4183476,297
1686016751.4308462,295
1686016751.4424353,293
1686016751.4592228,293
1686016751.4714017,296
1686016751.4874125,298
1686016751.5003588,299
1686016751.5123868,297
1686016751.5286634,296
1686016751.541014,298
1686016751.5534437,301
1686016751.569357,304
1686016751.5821764,303
1686016751.5946913,301
1686016751.610364,301
1686016751.6230497,303
1686016751.6353137,306
1686016751.6516094,307
1686016751.6640487,306
1686016751.679693,304
1686016751.6922486,304
1686016751.7051487,306
1686016751.721041,309
1686016751.7330596,309
1686016751.7462065,308
1686016751.76166,306
1686016751.7746575,306
1686016751.7869241,309
1686016751.803754,311
1686016751.8153164,311
1686016751.8312674,309
1686016751.8441117,308
1686016751.8567796,309
1686016751.8727968,312
1686016751.885152,314
1686016751.8975708,313
1686016751.913686,311
1686016751.9253511,311
1686016751.9387918,312
1686016751.954549,315
1686016751.9666345,315
1686016751.9791844,314
1686016751.995758,311
1686016752.0080328,311
1686016752.02426,313
1686016752.0362742,315
1686016752.048463,315
1686016752.0648074,313
1686016752.0778782,311
1686016752.0901952,312
1686016752.1063561,314
1686016752.1186943,316
1686016752.1303473,315
1686016752.147648,313
1686016752.1593688,312
1686016752.1751854,313
1686016752.188107,316
1686016752.200292,317
1686016752.2170742,316
1686016752.2292006,314
1686016752.241061,313
1686016752.2574654,314
1686016752.270225,317
1686016752.282439,317
1686016752.2991576,316
1686016752.3114252,313
1686016752.3264184,313
1686016752.3400118,315
1686016752.351576,316
1686016752.3684254,316
1686016752.3810945,314
1686016752.3928375,312
1686016752.4089057,313
1686016752.4208457,315
1686016752.4332905,317
1686016752.45036,317
1686016752.4626148,315
1686016752.4752743,314
1686016752.4915102,315
1686016752.5029008,317
1686016752.5199347,318
1686016752.5324347,317
1686016752.5448244,315
1686016752.5609608,315
1686016752.5732293,317
1686016752.5851357,320
1686016752.6023452,320
1686016752.6138427,319
1686016752.6262507,317
1686016752.6430056,317
1686016752.6549852,319
1686016752.6711972,321
1686016752.6844802,321
1686016752.6959758,319
1686016752.712162,317
1686016752.7243447,318
1686016752.7363398,321
1686016752.753571,322
1686016752.7652779,322
1686016752.7780042,320
1686016752.7942896,319
1686016752.8063674,321
1686016752.8189325,324
1686016752.8353696,325
1686016752.8472571,324
1686016752.86437,322
1686016752.876178,322
1686016752.8885999,323
1686016752.9048855,325
1686016752.9174492,326
1686016752.929362,323
1686016752.9453585,321
1686016752.9583557,320
1686016752.9703608,322
1686016752.986376,324
1686016752.999164,323
1686016753.0149531,321
1686016753.027641,319
1686016753.0407844,319
1686016753.0568495,321
1686016753.0685258,322
1686016753.0812526,321
1686016753.0975382,318
1686016753.1097097,317
1686016753.1217554,318
1686016753.1384873,320
1686016753.1506302,321
1686016753.1666257,320
1686016753.178912,318
1686016753.1913288,317
1686016753.2080467,319
1686016753.2202966,321
1686016753.2323403,321
1686016753.2491093,319
1686016753.2612693,317
1686016753.2732658,317
1686016753.2895026,318
1686016753.3024719,320
1686016753.3142974,319
1686016753.331197,316
1686016753.3432424,314
1686016753.3592448,314
1686016753.3722498,316
1686016753.3837767,317
1686016753.4005454,315
1686016753.4127495,313
1686016753.424763,311
1686016753.4416175,311
1686016753.4537888,313
1686016753.4660258,314
1686016753.4820824,312
1686016753.4947698,309
1686016753.5111203,307
1686016753.5236905,309
1686016753.5354352,310
1686016753.5517979,309
1686016753.5645707,307
1686016753.5763698,305
1686016753.5930333,304
1686016753.605364,306
1686016753.6173804,307
1686016753.6336412,306
1686016753.6456351,304
1686016753.6580045,302
1686016753.6750329,303
1686016753.6873238,306
1686016753.7039657,308
1686016753.715316,307
1686016753.7283835,305
1686016753.7440453,304
1686016753.756982,306
1686016753.7693307,309
1686016753.7854357,311
1686016753.7982326,310
1686016753.8097067,308
1686016753.8268118,308
1686016753.8382967,310
1686016753.8544657,313
1686016753.8674648,314
1686016753.8798046,312
1686016753.8964014,310
1686016753.908394,311
1686016753.9207652,314
1686016753.937311,316
1686016753.9495084,316
1686016753.961681,314
1686016753.9773538,312
1686016753.9898205,313
1686016754.0059235,315
1686016754.0186515,317
1686016754.0313878,316
1686016754.0474503,314
1686016754.0599167,314
1686016754.072359,315
1686016754.0883293,318
1686016754.1011446,319
1686016754.1130226,318
1686016754.129998,316
1686016754.1423364,316
1686016754.1542754,319
1686016754.170945,321
1686016754.18282,322
1686016754.1988678,321
1686016754.2112076,319
1686016754.2233303,320
1686016754.2405581,322
1686016754.2525487,324
1686016754.2645931,324
1686016754.281266,323
1686016754.293387,321
1686016754.3059123,322
1686016754.322212,325
1686016754.3344035,326
1686016754.3503122,326
1686016754.3632572,324
1686016754.3755038,323
1686016754.391358,324
1686016754.404222,327
1686016754.4163184,328
1686016754.432627,326
1686016754.445299,324
1686016754.4576123,323
1686016754.4734135,325
1686016754.4853194,327
1686016754.5024385,326
1686016754.5149302,323
1686016754.5261946,321
1686016754.5431807,320
1686016754.5549452,322
1686016754.5682392,323
1686016754.5849514,322
1686016754.5967522,319
1686016754.6090083,317
1686016754.6251671,318
1686016754.637232,321
1686016754.6494904,322
1686016754.6661453,321
1686016754.678624,318
1686016754.6951163,317
1686016754.7073965,318
1686016754.71941,320
1686016754.7357855,320
1686016754.7474473,318
1686016754.760393,316
1686016754.7763953,316
1686016754.7888966,318
1686016754.801448,320
1686016754.8170419,320
1686016754.8302028,317
1686016754.8461802,315
1686016754.8584402,315
1686016754.871216,317
1686016754.887397,319
1686016754.8993757,317
1686016754.9114408,315
1686016754.928224,313
1686016754.940341,314
1686016754.9524026,316
1686016754.9694319,317
1686016754.9819508,316
1686016754.993114,314
1686016755.0101087,314
1686016755.0225918,315
1686016755.0389879,317
1686016755.0513718,318
1686016755.06337,316
1686016755.080235,314
1686016755.0922384,314
1686016755.1043134,316
1686016755.1206093,318
1686016755.1323352,317
1686016755.1454768,315
1686016755.161338,313
1686016755.1733937,313
1686016755.1904368,315
1686016755.2028136,316
1686016755.215008,315
1686016755.2310505,313
1686016755.2440248,311
1686016755.2555182,312
1686016755.2729118,314
1686016755.2848885,315
1686016755.2971516,313
1686016755.3133645,310
1686016755.3253028,309
1686016755.3413901,310
1686016755.3543813,312
1686016755.3663833,313
1686016755.3828125,311
1686016755.395846,309
1686016755.4075649,308
1686016755.423166,311
1686016755.4360821,313
1686016755.4488678,312
1686016755.4644725,310
1686016755.4773173,308
1686016755.4893253,308
1686016755.5060334,311
1686016755.5175822,312
1686016755.5347922,311
1686016755.5471344,309
1686016755.558826,308
1686016755.5752876,309
1686016755.5876117,311
1686016755.6001034,313
1686016755.6162121,311
1686016755.6284356,309
1686016755.6412466,309
1686016755.657251,310
1686016755.6696668,313
1686016755.6855435,313
1686016755.6983442,311
1686016755.7100096,309
1686016755.7270012,309
1686016755.7386346,311
1686016755.7516742,313
1686016755.768255,313
1686016755.780228,311
1686016755.7923906,309
1686016755.8084488,310
1686016755.8213084,313
1686016755.8339777,314
1686016755.8493724,313
1686016755.8623667,311
1686016755.877884,309
1686016755.8901205,311
1686016755.9030988,313
1686016755.9196897,314
1686016755.9318852,313
1686016755.943751,311
1686016755.9605012,310
1686016755.972378,312
1686016755.9853747,314
1686016756.0013888,314
1686016756.0137033,312
1686016756.0293906,310
1686016756.0423782,311
1686016756.0546772,313
1686016756.0710843,315
1686016756.0833745,315
1686016756.0956235,313
1686016756.111745,311
1686016756.1243744,312
1686016756.1363945,314
1686016756.1533756,316
1686016756.1653774,315
1686016756.1813836,312
1686016756.193391,311
1686016756.2063773,312
1686016756.2224452,314
1686016756.2353,315
1686016756.2472925,313
1686016756.2636476,311
1686016756.2756987,311
1686016756.2883055,313
1686016756.3044178,316
1686016756.3164818,316
1686016756.3294668,314
1686016756.345544,312
1686016756.3574564,312
1686016756.3735216,315
1686016756.386569,317
1686016756.3988721,316
1686016756.4149823,314
1686016756.426925,312
1686016756.4400465,313
1686016756.4564073,315
1686016756.4680457,317
1686016756.4800465,316
1686016756.4971333,313
1686016756.509108,312
1686016756.5254233,314
1686016756.5381272,317
1686016756.5505888,318
1686016756.5663774,317
1686016756.5790908,315
1686016756.591308,315
1686016756.6075792,317
1686016756.6200778,319
1686016756.6320791,319
1686016756.648712,317
1686016756.660657,316
1686016756.6769729,316
1686016756.6898994,318
1686016756.7016523,320
1686016756.7181308,320
1686016756.7305822,318
1686016756.742939,316
1686016756.7589405,317
1686016756.7718177,320
1686016756.7836237,322
1686016756.799791,321
1686016756.8120158,319
1686016756.8248131,318
1686016756.8408203,319
1686016756.853148,322
1686016756.8698852,324
1686016756.8818297,324
1686016756.8938081,325
1686016756.910819,328
1686016756.9230096,334
1686016756.9348207,341
1686016756.9518125,348
1686016756.9639184,353
1686016756.9759634,358
1686016756.9924097,363
1686016757.00441,369
1686016757.0214102,373
1686016757.0334709,374
1686016757.0454276,371
1686016757.0623586,369
1686016757.0747201,369
1686016757.0867004,370
1686016757.1034322,370
1686016757.1153595,367
1686016757.1279533,362
1686016757.1441522,359
1686016757.156261,358
1686016757.1720157,357
1686016757.1849592,354
1686016757.1969512,349
1686016757.2139537,344
1686016757.225693,341
1686016757.2386394,341
1686016757.2547529,340
1686016757.2667115,337
1686016757.2786329,332
1686016757.2956867,328
1686016757.3076303,326
1686016757.3206334,325
1686016757.3366332,324
1686016757.3486962,320
1686016757.3650095,315
1686016757.3776312,311
1686016757.3896997,310
1686016757.4056897,310
1686016757.418714,310
1686016757.431313,307
1686016757.447503,303
1686016757.4596543,301
1686016757.472373,301
1686016757.488376,302
1686016757.5003724,303
1686016757.5167015,299
1686016757.5293767,297
1686016757.5413735,298
1686016757.5573766,301
1686016757.570385,304
1686016757.5834455,306
1686016757.599001,306
1686016757.6112263,308
1686016757.6235847,312
1686016757.6398587,318
1686016757.651931,322
1686016757.6635776,325
1686016757.6805704,326
1686016757.6929333,329
1686016757.7095637,333
1686016757.7216809,338
1686016757.7342138,341
1686016757.7505722,340
1686016757.762649,336
1686016757.774629,334
1686016757.791094,335
1686016757.8036625,335
1686016757.8155813,334
1686016757.8325198,330
1686016757.8445365,325
1686016757.8605168,322
1686016757.8735807,321
1686016757.885597,320
1686016757.9015954,314
1686016757.9145193,307
1686016757.9268274,298
1686016757.9428196,292
1686016757.955021,287
1686016757.967943,280
1686016757.9837925,273
1686016757.9964485,265
1686016758.0084562,260
1686016758.0242357,258
1686016758.036751,258
1686016758.052747,257
1686016758.0656877,254
1686016758.0777483,249
1686016758.094688,247
1686016758.1067688,248
1686016758.118987,250
1686016758.134699,251
1686016758.1476867,250
1686016758.1599913,250
1686016758.1767073,252
1686016758.1886778,257
1686016758.2047555,260
1686016758.2167773,262
1686016758.229774,262
1686016758.246284,263
1686016758.257758,267
1686016758.2707567,272
1686016758.287098,276
1686016758.298681,278
1686016758.3116806,278
1686016758.3279562,280
1686016758.3396804,283
1686016758.3557029,288
1686016758.3690343,291
1686016758.381202,291
1686016758.3977394,292
1686016758.4097648,294
1686016758.4219189,298
1686016758.4379315,303
1686016758.450876,306
1686016758.4630332,307
1686016758.4792082,308
1686016758.4918728,312
1686016758.5038707,317
1686016758.5199354,321
1686016758.5328724,324
1686016758.5490916,324
1686016758.5618703,325
1686016758.5733688,327
1686016758.5900192,331
1686016758.6020186,333
1686016758.6140883,331
1686016758.6308331,327
1686016758.6435037,325
1686016758.6555192,326
1686016758.6715684,327
1686016758.683562,326
1686016758.700501,322
1686016758.712504,317
1686016758.7248764,315
1686016758.7415013,313
1686016758.753849,313
1686016758.7657883,312
1686016758.7825031,309
1686016758.7945716,309
1686016758.8068218,313
1686016758.823501,320
1686016758.835855,327
1686016758.8476808,331
1686016758.8641574,332
1686016758.877091,334
1686016758.8930895,337
1686016758.905159,341
1686016758.9180927,344
1686016758.934169,343
1686016758.9460897,341
1686016758.958411,339
1686016758.9751465,340
1686016758.9870927,342
1686016758.9994078,341
1686016759.0161722,338
1686016759.0280883,335
1686016759.0441103,333
1686016759.0570958,334
1686016759.0692918,334
1686016759.0860977,332
1686016759.0980923,329
1686016759.1105008,326
1686016759.1268468,326
1686016759.138533,327
1686016759.150549,328
1686016759.1675289,326
1686016759.1800394,323
1686016759.1961265,321
1686016759.2080998,321
1686016759.221039,323
1686016759.2374766,324
1686016759.249468,323
1686016759.2617192,320
1686016759.2777333,318
1686016759.2907035,319
1686016759.302819,319
1686016759.3185396,316
1686016759.3314712,309
1686016759.343537,301
1686016759.3594713,295
1686016759.3727531,292
1686016759.3884737,289
1686016759.4014711,285
1686016759.4134715,280
1686016759.4297502,277
1686016759.4418037,277
1686016759.4544697,280
1686016759.4705167,282
1686016759.4834344,283
1686016759.4954345,282
1686016759.5114346,282
1686016759.5237942,285
1686016759.5394995,289
1686016759.5524354,292
1686016759.5645416,292
1686016759.5814362,292
1686016759.5935585,293
1686016759.6054373,297
1686016759.6215117,301
1686016759.6347165,303
1686016759.6470153,303
1686016759.6630125,302
1686016759.675078,303
1686016759.6910143,306
1686016759.7040067,309
1686016759.7160745,310
1686016759.7321217,309
1686016759.7450829,308
1686016759.7573397,309
1686016759.7740092,312
1686016759.786095,315
1686016759.7980044,314
1686016759.815009,312
1686016759.8272474,311
1686016759.8396795,313
1686016759.8556874,316
1686016759.8686807,317
1686016759.8837397,316
1686016759.8966749,314
1686016759.9089642,314
1686016759.9250598,316
1686016759.9376805,319
1686016759.949792,319
1686016759.9657009,317
1686016759.9786747,315
1686016759.9907646,315
1686016760.0073326,317
1686016760.019334,319
1686016760.0358932,319
1686016760.04812,317
1686016760.0613399,316
1686016760.0770364,316
1686016760.088806,319
1686016760.1008117,321
1686016760.1178045,320
1686016760.1298718,318
1686016760.1421914,317
1686016760.1588013,318
1686016760.1712623,321
1686016760.182744,322
1686016760.1997695,320
1686016760.2117429,318
1686016760.2281177,318
1686016760.240242,320
1686016760.252984,323
1686016760.2693188,323
1686016760.2815862,321
1686016760.2932475,319
1686016760.3103442,319
1686016760.3225622,321
1686016760.33525,323
1686016760.3512523,323
1686016760.3635304,320
1686016760.3792443,319
1686016760.3923016,319
1686016760.404284,322
1686016760.4203079,323
1686016760.4332757,322
1686016760.4452784,319
1686016760.4616294,318
1686016760.4742455,320
1686016760.4862459,322
1686016760.5026073,322
1686016760.515246,321
1686016760.52689,318
1686016760.5439959,318
1686016760.5560706,320
1686016760.5719242,322
1686016760.5849307,322
1686016760.5969417,320
1686016760.6132386,317
1686016760.6259255,318
1686016760.6381974,320
1686016760.6543584,322
1686016760.6663575,321
1686016760.6784203,319
1686016760.695358,317
1686016760.7077112,318
1686016760.7234223,320
1686016760.7360904,321
1686016760.7483437,320
1686016760.7650115,318
1686016760.777584,317
1686016760.7893457,318
1686016760.806093,320
1686016760.8181655,321
1686016760.83051,319
1686016760.8464787,316
1686016760.85848,316
1686016760.875548,318
1686016760.8878477,320
1686016760.9004827,319
1686016760.9164832,317
1686016760.928582,315
1686016760.9405785,316
1686016760.9575858,318
1686016760.9696038,320
1686016760.9817128,319
1686016760.9981365,317
1686016761.0104246,315
1686016761.0227456,316
1686016761.0394247,318
1686016761.051439,319
1686016761.0677888,318
1686016761.0805027,316
1686016761.0926487,315
1686016761.1094406,316
1686016761.1211014,319
1686016761.1329718,319
1686016761.1500576,317
1686016761.162248,315
1686016761.1742313,314
1686016761.1909556,316
1686016761.2033691,318
1686016761.2194262,318
1686016761.2317579,316
1686016761.2440138,314
1686016761.2606645,314
1686016761.2729437,316
1686016761.285172,318
1686016761.3017833,317
1686016761.3138175,315
1686016761.326091,313
1686016761.3428302,314
1686016761.3548214,317
1686016761.3711054,318
1686016761.3834724,317
1686016761.3955417,314
1686016761.4118466,314
1686016761.4242377,316
1686016761.436292,318
1686016761.4532735,319
1686016761.4652834,317
1686016761.4773183,314
1686016761.4934742,314
1686016761.50577,316
1686016761.518838,318
1686016761.5345762,318
1686016761.5465143,316
1686016761.5636017,314
1686016761.576262,315
1686016761.5881734,317
1686016761.6039922,318
1686016761.6169891,318
1686016761.629614,315
1686016761.645639,314
1686016761.657547,315
1686016761.6697936,317
1686016761.6857326,318
1686016761.6986668,317
1686016761.7144992,314
1686016761.7272499,314
1686016761.7399342,315
1686016761.7559743,318
1686016761.7679873,318
1686016761.7809174,316
1686016761.7969174,314
1686016761.8092759,314
1686016761.8209157,317
1686016761.8379388,318
1686016761.8499181,318
1686016761.8659277,316
1686016761.8789225,314
1686016761.891196,315
1686016761.9069896,317
1686016761.919921,319
1686016761.931985,318
1686016761.9482043,315
1686016761.9609356,314
1686016761.973194,316
1686016761.9891405,319
1686016762.001919,320
1686016762.0139709,318
1686016762.0302072,316
1686016762.0419886,315
1686016762.0589187,317
1686016762.0712042,320
1686016762.0832174,320
1686016762.1001542,318
1686016762.112204,316
1686016762.1241577,316
1686016762.1407785,318
1686016762.1527772,320
1686016762.165775,319
1686016762.1820014,317
1686016762.1937747,315
1686016762.209824,316
1686016762.222786,319
