timestamps,emg_signal
1686190155.7201755,317
1686190155.7366004,316
1686190155.7490435,316
1686190155.7603836,315
1686190155.7772388,316
1686190155.788976,317
1686190155.8019767,317
1686190155.8186164,316
1686190155.830538,315
1686190155.8471975,315
1686190155.8591995,316
1686190155.871217,317
1686190155.8879242,317
1686190155.900354,316
1686190155.912829,315
1686190155.928257,315
1686190155.9412425,316
1686190155.9531827,317
1686190155.9692345,316
1686190155.9822323,315
1686190155.9985054,314
1686190156.0108676,315
1686190156.0233881,316
1686190156.0397153,317
1686190156.0517712,316
1686190156.0641832,314
1686190156.080627,314
1686190156.0924854,315
1686190156.1051424,316
1686190156.1217616,316
1686190156.133632,315
1686190156.1458614,314
1686190156.16259,314
1686190156.1738951,315
1686190156.1909165,316
1686190156.2036815,316
1686190156.2159722,315
1686190156.2322454,314
1686190156.243656,315
1686190156.2560403,317
1686190156.273099,318
1686190156.2846317,317
1686190156.2976763,315
1686190156.313949,315
1686190156.3262854,316
1686190156.3425949,317
1686190156.3550236,318
1686190156.3673139,316
1686190156.383739,315
1686190156.3957384,315
1686190156.4078066,316
1686190156.423939,317
1686190156.4369924,316
1686190156.4492235,315
1686190156.465215,314
1686190156.4776115,314
1686190156.494217,315
1686190156.5059385,316
1686190156.5179782,315
1686190156.5348923,314
1686190156.5468824,313
1686190156.5599341,313
1686190156.576163,314
1686190156.5886116,315
1686190156.6005857,313
1686190156.6170886,311
1686190156.6290808,311
1686190156.641675,311
1686190156.6577125,312
1686190156.6697764,312
1686190156.686992,311
1686190156.6990016,309
1686190156.7106886,309
1686190156.7282207,310
1686190156.7397795,310
1686190156.7521307,310
1686190156.768142,308
1686190156.781056,307
1686190156.7935452,307
1686190156.8092053,307
1686190156.8214614,308
1686190156.8377478,308
1686190156.850488,306
1686190156.8628323,305
1686190156.8787782,306
1686190156.8912644,307
1686190156.9040372,307
1686190156.920224,306
1686190156.9320915,305
1686190156.9441028,304
1686190156.9612172,305
1686190156.9732556,307
1686190156.9856348,307
1686190157.001985,306
1686190157.014025,305
1686190157.0310452,305
1686190157.0430963,306
1686190157.055292,307
1686190157.0720165,307
1686190157.083862,307
1686190157.0967925,306
1686190157.1127915,307
1686190157.124789,308
1686190157.13685,310
1686190157.1528075,309
1686190157.16588,308
1686190157.1821158,307
1686190157.1944356,308
1686190157.2067258,310
1686190157.2231953,310
1686190157.235448,310
1686190157.2479706,308
1686190157.2635283,308
1686190157.2765355,310
1686190157.2887347,311
1686190157.3048255,312
1686190157.3174088,311
1686190157.3334785,310
1686190157.34552,310
1686190157.3580494,312
1686190157.374933,313
1686190157.3869774,313
1686190157.3996851,312
1686190157.4152498,311
1686190157.4280438,312
1686190157.4398515,314
1686190157.4568524,315
1686190157.4690316,315
1686190157.4810522,313
1686190157.4975245,313
1686190157.5097523,314
1686190157.525855,315
1686190157.5385518,316
1686190157.5510614,315
1686190157.5672748,313
1686190157.579872,313
1686190157.591846,314
1686190157.607559,315
1686190157.620867,315
1686190157.6324205,314
1686190157.6490011,313
1686190157.6611648,314
1686190157.6775165,316
1686190157.690361,317
1686190157.702758,317
1686190157.7190132,316
1686190157.730752,315
1686190157.7430606,316
1686190157.7595778,318
1686190157.7722578,318
1686190157.7840803,318
1686190157.8002212,317
1686190157.8132334,317
1686190157.82522,317
1686190157.8419263,318
1686190157.854028,319
1686190157.8706784,318
1686190157.882592,316
1686190157.894313,316
1686190157.9114013,316
1686190157.9234152,317
1686190157.9350774,317
1686190157.9520955,316
1686190157.9646661,315
1686190157.977042,315
1686190157.993354,316
1686190158.0052469,316
1686190158.0218337,316
1686190158.0341384,314
1686190158.046128,313
1686190158.062646,313
1686190158.0746858,314
1686190158.087544,315
1686190158.103214,314
1686190158.11559,312
1686190158.1280966,312
1686190158.1447256,313
1686190158.1575327,314
1686190158.173053,315
1686190158.1860323,314
1686190158.198084,314
1686190158.2144585,314
1686190158.2270002,315
1686190158.2387905,317
1686190158.2548976,317
1686190158.2673328,317
1686190158.2800045,316
1686190158.2961795,317
1686190158.308796,318
1686190158.3210442,319
1686190158.3376272,320
1686190158.3496735,319
1686190158.3659794,318
1686190158.378015,319
1686190158.3908114,321
1686190158.407069,322
1686190158.4190016,321
1686190158.431551,320
1686190158.4478009,320
1686190158.459858,322
1686190158.4718103,323
1686190158.4881866,324
1686190158.5011861,323
1686190158.517174,322
1686190158.5298822,322
1686190158.542055,323
1686190158.55861,325
1686190158.5702043,325
1686190158.5826697,324
1686190158.5996952,323
1686190158.6120374,323
1686190158.62424,325
1686190158.639743,326
1686190158.6527388,325
1686190158.668806,324
1686190158.6813326,324
1686190158.6938636,325
1686190158.7100096,326
1686190158.7220533,327
1686190158.7346838,326
1686190158.750992,325
1686190158.763044,325
1686190158.775039,326
1686190158.7919476,327
1686190158.8048031,327
1686190158.816101,326
1686190158.832932,325
1686190158.8452544,325
1686190158.8613007,326
1686190158.8739243,328
1686190158.8861785,327
1686190158.9025903,326
1686190158.9147801,325
1686190158.9272854,325
1686190158.9428823,326
1686190158.956032,327
1686190158.9676387,327
1686190158.9837735,325
1686190158.9974647,325
1686190159.0131426,325
1686190159.025659,327
1686190159.0374215,327
1686190159.053554,326
1686190159.066544,325
1686190159.0785432,324
1686190159.0952,325
1686190159.1065753,325
1686190159.1195722,325
1686190159.1358032,322
1686190159.1478121,320
1686190159.161238,320
1686190159.1764712,321
1686190159.189139,322
1686190159.2054894,321
1686190159.217861,320
1686190159.229854,319
1686190159.2458136,319
1686190159.2588258,321
1686190159.2706087,322
1686190159.2871964,321
1686190159.2994578,320
1686190159.3120546,320
1686190159.328508,321
1686190159.340942,323
1686190159.35712,323
1686190159.3697817,323
1686190159.3815155,321
1686190159.3984213,321
1686190159.4107292,322
1686190159.4228787,324
1686190159.4388576,324
1686190159.4516976,323
1686190159.4640012,322
1686190159.4800203,323
1686190159.492678,324
1686190159.5040746,326
1686190159.5205958,326
1686190159.5336099,325
1686190159.5496023,324
1686190159.561469,325
1686190159.5738308,326
1686190159.5911486,326
1686190159.6031494,326
1686190159.6151524,324
1686190159.6312034,324
1686190159.643865,325
1686190159.656116,326
1686190159.6725674,327
1686190159.6845853,326
1686190159.701316,325
1686190159.7134094,325
1686190159.725205,326
1686190159.742226,327
1686190159.754271,327
1686190159.7663274,326
1686190159.7832718,325
1686190159.7954276,325
1686190159.8075728,326
1686190159.8240776,326
1686190159.8366473,326
1686190159.8530595,324
1686190159.8651404,324
1686190159.8774476,324
1686190159.8940344,325
1686190159.9057975,326
1686190159.9185617,325
1686190159.9349298,323
1686190159.946657,323
1686190159.9595912,323
1686190159.9758193,324
1686190159.9878242,324
1686190160.0006778,323
1686190160.0168703,321
1686190160.0288453,322
1686190160.0445235,322
1686190160.0575356,323
1686190160.0695422,323
1686190160.0855598,321
1686190160.0988207,320
1686190160.110579,321
1686190160.1265764,322
1686190160.139107,323
1686190160.150997,323
1686190160.1682222,321
1686190160.1802218,321
1686190160.1970704,321
1686190160.209197,322
1686190160.2208056,323
1686190160.237451,322
1686190160.2500238,321
1686190160.2620668,320
1686190160.2788582,321
1686190160.2913065,323
1686190160.3034194,322
1686190160.3200035,321
1686190160.3320277,320
1686190160.3443377,319
1686190160.3602984,321
1686190160.3729115,322
1686190160.3889894,322
1686190160.401508,321
1686190160.4140334,320
1686190160.429543,320
1686190160.4428802,321
1686190160.4551194,322
1686190160.4710102,321
1686190160.4834723,320
1686190160.4951954,319
1686190160.5121028,320
1686190160.5251627,321
1686190160.5407088,321
1686190160.5530806,321
1686190160.5655992,319
1686190160.5812826,319
1686190160.5941348,320
1686190160.6064143,321
1686190160.6229522,321
1686190160.6353812,320
1686190160.6474211,319
1686190160.6633575,319
1686190160.6760342,320
1686190160.688112,321
1686190160.7044847,321
1686190160.7170148,319
1686190160.733245,319
1686190160.7453573,319
1686190160.7578106,321
1686190160.7744946,322
1686190160.786625,321
1686190160.7988994,320
1686190160.8155165,319
1686190160.8274581,320
1686190160.8399405,321
1686190160.856272,321
1686190160.8683157,320
1686190160.8847857,319
1686190160.8967645,318
1686190160.908815,319
1686190160.9255397,320
1686190160.9379702,320
1686190160.950398,319
1686190160.9667356,317
1686190160.9790552,317
1686190160.9911711,318
1686190161.008176,319
1686190161.0201876,319
1686190161.0361826,317
1686190161.0481904,316
1686190161.0605917,317
1686190161.0771382,318
1686190161.0893319,319
1686190161.101351,318
1686190161.1177907,316
1686190161.1299415,316
1686190161.1426203,317
1686190161.1596131,318
1686190161.171189,319
1686190161.183111,318
1686190161.200816,316
1686190161.2126274,316
1686190161.2284238,318
1686190161.2404907,319
1686190161.2534282,318
1686190161.269466,317
1686190161.281484,316
1686190161.2944226,316
1686190161.3108194,317
1686190161.3228095,318
1686190161.3348782,318
1686190161.351811,316
1686190161.363811,316
1686190161.380534,316
1686190161.3925645,318
1686190161.40537,318
1686190161.4212415,317
1686190161.4339836,316
1686190161.445889,316
1686190161.4618995,316
1686190161.4748023,318
1686190161.4865928,318
1686190161.503312,317
1686190161.5153174,316
1686190161.5275505,316
1686190161.543704,317
1686190161.5569558,318
1686190161.5728035,318
1686190161.584778,317
1686190161.5977902,315
1686190161.6139674,315
1686190161.6257474,317
1686190161.6383448,318
1686190161.654192,317
1686190161.667227,316
1686190161.679759,315
1686190161.6957371,316
1686190161.7081094,317
1686190161.723954,318
1686190161.7363331,317
1686190161.748757,316
1686190161.7656145,316
1686190161.7772992,317
1686190161.7901485,318
1686190161.8069282,319
1686190161.818245,318
1686190161.831124,316
1686190161.847574,316
1686190161.8596056,318
1686190161.8760254,318
1686190161.8880656,318
1686190161.9009097,317
1686190161.91712,316
1686190161.9296823,316
1686190161.9411526,317
1686190161.9576788,317
1686190161.9707203,317
1686190161.9829278,315
1686190161.9991179,315
1686190162.0107145,316
1686190162.0238216,317
1686190162.0396578,318
1686190162.0528662,317
1686190162.0683506,316
1686190162.0803337,316
1686190162.092387,317
1686190162.109588,318
1686190162.1218724,319
1686190162.134039,317
1686190162.1498811,316
1686190162.1628473,316
1686190162.1749232,318
1686190162.1914043,319
1686190162.2039373,319
1686190162.2199862,317
1686190162.232186,316
1686190162.2450256,316
1686190162.2611957,318
1686190162.273199,318
1686190162.285203,317
1686190162.302212,316
1686190162.3142464,315
1686190162.326244,316
1686190162.343235,317
1686190162.3555684,318
1686190162.371664,316
1686190162.3835351,315
1686190162.3959374,315
1686190162.4129438,316
1686190162.4245842,317
1686190162.4371765,317
1686190162.4528906,316
1686190162.465597,315
1686190162.4782984,315
1686190162.4941585,317
1686190162.5070984,317
1686190162.5191002,317
1686190162.5357685,315
1686190162.5478241,314
1686190162.5638273,315
1686190162.57676,316
1686190162.5887563,317
1686190162.6047575,316
1686190162.617439,314
1686190162.6298018,313
1686190162.6461613,314
1686190162.6579697,315
1686190162.6700783,315
1686190162.687015,314
1686190162.6996937,313
1686190162.7153773,313
1686190162.7281075,314
1686190162.7406216,315
1686190162.7565734,315
1686190162.768884,313
1686190162.7809448,312
1686190162.797882,313
1686190162.809883,314
1686190162.8222444,314
1686190162.8383884,313
1686190162.8503897,312
1686190162.8630242,312
1686190162.879928,312
1686190162.8919756,314
1686190162.9079688,314
1686190162.9201188,314
1686190162.932919,313
1686190162.9493346,313
1686190162.9610672,314
1686190162.9740617,315
1686190162.9902337,316
1686190163.0022104,314
1686190163.0149946,314
1686190163.0308177,314
1686190163.0430331,315
1686190163.0599606,316
1686190163.0721238,316
1686190163.0838988,315
1686190163.101613,314
1686190163.113214,314
1686190163.125634,316
1686190163.1419444,317
1686190163.153701,316
1686190163.1665528,315
1686190163.1825974,315
1686190163.1949854,315
1686190163.210671,317
1686190163.2239082,317
1686190163.235648,317
1686190163.2522151,315
1686190163.2647302,315
1686190163.276732,316
1686190163.2935605,318
1686190163.3050985,318
1686190163.3181212,317
1686190163.3344853,316
1686190163.3465993,315
1686190163.3590243,317
1686190163.3748531,318
1686190163.3871348,318
1686190163.4034557,317
1686190163.4162207,316
1686190163.4280338,316
1686190163.4445207,318
1686190163.4570775,318
1686190163.469571,318
1686190163.4852722,316
1686190163.4978647,316
1686190163.5105278,317
1686190163.5269506,318
1686190163.5390038,319
1686190163.5549166,318
1686190163.5678406,317
1686190163.5800617,317
1686190163.5966964,318
1686190163.6083364,319
1686190163.6206746,319
1686190163.6371152,318
1686190163.649171,318
1686190163.6620078,318
1686190163.678893,320
1686190163.6908343,321
1686190163.7027147,320
1686190163.7185895,319
1686190163.7316582,318
1686190163.7476864,319
1686190163.7596736,320
1686190163.7721403,321
1686190163.7890768,320
1686190163.8010778,319
1686190163.8128629,319
1686190163.8292964,319
1686190163.8421452,320
1686190163.8544052,320
1686190163.870725,319
1686190163.8826926,318
1686190163.8989797,318
1686190163.9114294,319
1686190163.9239607,320
1686190163.940327,320
1686190163.9528513,319
1686190163.9648275,318
1686190163.980889,318
1686190163.9939322,320
1686190164.0060332,320
1686190164.0222516,320
1686190164.0349505,319
1686190164.0509467,318
1686190164.0636504,318
1686190164.0756485,319
1686190164.0920339,320
1686190164.1039157,319
1686190164.1159368,318
1686190164.1328576,318
1686190164.1449115,319
1686190164.1574914,321
1686190164.17391,321
1686190164.1861317,320
1686190164.1984837,319
1686190164.2152622,319
1686190164.2271214,320
1686190164.2437453,321
1686190164.2560081,321
1686190164.2677436,320
1686190164.284055,319
1686190164.2970026,319
1686190164.3089874,321
1686190164.3249888,322
1686190164.3369868,321
1686190164.3499892,319
1686190164.3659868,319
1686190164.3779857,319
1686190164.39499,320
1686190164.4069827,321
1686190164.4189882,320
1686190164.4359863,319
1686190164.4479825,319
1686190164.4601078,320
1686190164.4759855,321
1686190164.4890745,321
1686190164.501324,320
1686190164.517632,319
1686190164.5293806,319
1686190164.5419762,321
1686190164.5583012,322
1686190164.5712874,322
1686190164.587587,321
1686190164.599843,320
1686190164.612285,320
1686190164.6282916,321
1686190164.6402962,322
1686190164.6525755,321
1686190164.669539,320
1686190164.6815453,319
1686190164.6935441,319
1686190164.7105467,320
1686190164.7226524,321
1686190164.7386408,320
1686190164.7511384,318
1686190164.7639022,318
1686190164.7801847,319
1686190164.7926993,320
1686190164.8042004,320
1686190164.8203049,319
1686190164.8335693,318
1686190164.8455472,318
1686190164.8613033,320
1686190164.874159,321
1686190164.890957,320
1686190164.902771,319
1686190164.9152036,318
1686190164.9317462,319
1686190164.9437778,320
1686190164.9561374,321
1686190164.9730706,320
1686190164.9844503,319
1686190164.9972079,318
1686190165.0136218,318
1686190165.025715,320
1686190165.0381143,320
1686190165.05408,319
1686190165.0670207,319
1686190165.0829647,318
1686190165.095762,319
1686190165.1075573,320
1686190165.1236298,320
1686190165.1365864,318
1686190165.1479583,317
1686190165.1652045,317
1686190165.1775787,318
1686190165.189085,319
1686190165.2061152,318
1686190165.2178786,316
1686190165.2344756,315
1686190165.2468848,316
1686190165.2596133,317
1686190165.2759852,318
1686190165.28797,317
1686190165.3006353,316
1686190165.3165824,315
1686190165.3289266,316
1686190165.3411553,317
1686190165.357444,317
1686190165.3695202,316
1686190165.3821282,315
1686190165.3985727,315
1686190165.4109364,316
1686190165.4265847,317
1686190165.439989,317
1686190165.4521582,315
1686190165.467905,314
1686190165.480475,315
1686190165.4929235,317
1686190165.5090196,318
1686190165.521086,318
1686190165.5334525,316
1686190165.550026,316
1686190165.5624774,317
1686190165.5783541,318
1686190165.590394,319
1686190165.603264,318
1686190165.6191037,317
1686190165.6318629,316
1686190165.6444008,317
1686190165.6606386,318
1686190165.6726482,318
1686190165.6850605,317
1686190165.7015934,316
1686190165.7138486,317
1686190165.7302144,318
1686190165.742624,319
1686190165.7545927,319
1686190165.771542,318
1686190165.7836485,317
1686190165.7956452,317
1686190165.8123915,318
1686190165.8248453,319
1686190165.8364682,318
1686190165.8531287,317
1686190165.8667283,316
1686190165.8777204,317
1686190165.8937838,318
1686190165.9067597,318
1686190165.9223201,317
1686190165.9350839,316
1686190165.9473708,315
1686190165.9633162,316
1686190165.975414,318
1686190165.9882042,318
1686190166.0047948,317
1686190166.0177217,317
1686190166.0293655,317
1686190166.045289,318
1686190166.0580237,319
1686190166.074464,319
1686190166.086227,318
1686190166.098442,317
1686190166.1154683,317
1686190166.1276562,319
1686190166.139069,320
1686190166.1563044,320
1686190166.1688647,319
1686190166.1807342,318
1686190166.1972194,319
1686190166.2096798,320
1686190166.2256663,320
1686190166.2378576,319
1686190166.2503803,318
1686190166.2667823,318
1686190166.2791426,319
1686190166.29172,320
1686190166.3079104,320
1686190166.3201268,319
1686190166.3321261,318
1686190166.3490634,318
1686190166.361136,319
1686190166.373165,320
1686190166.3898299,319
1686190166.4014904,318
1686190166.4183095,317
1686190166.4306242,317
1686190166.4430172,319
1686190166.4592154,320
1686190166.471526,319
1686190166.4842398,318
1686190166.5007372,317
1686190166.5124073,318
1686190166.524996,319
1686190166.5413291,320
1686190166.553372,319
1686190166.5699208,317
1686190166.5829053,317
1686190166.5937605,318
1686190166.6107564,319
1686190166.6233385,319
1686190166.634928,318
1686190166.6513972,317
1686190166.6643941,317
1686190166.676342,318
1686190166.6929383,319
1686190166.705547,318
1686190166.7169898,316
1686190166.7342122,315
1686190166.7461164,316
1686190166.7627861,317
1686190166.7746296,318
1686190166.7873337,317
1686190166.8035376,316
1686190166.815652,315
1686190166.827885,316
1686190166.843937,317
1686190166.8569806,318
1686190166.8686528,316
1686190166.8847191,315
1686190166.8976681,315
1686190166.9139862,316
1686190166.9258893,318
1686190166.9384522,317
1686190166.9551291,316
1686190166.967021,315
1686190166.97986,315
1686190166.9959757,316
1686190167.0083132,317
1686190167.0204446,316
1686190167.0368915,315
1686190167.0503094,314
1686190167.0644975,315
1686190167.078022,316
1686190167.0897205,317
1686190167.1063633,316
1686190167.118347,315
1686190167.131145,315
1686190167.1468241,315
1686190167.159675,317
1686190167.1720145,317
1686190167.1879082,315
1686190167.2001433,314
1686190167.213159,315
1686190167.22972,316
1686190167.2418985,317
1686190167.257886,316
1686190167.2706175,315
1686190167.2823775,314
1686190167.2986252,315
1686190167.310982,316
1686190167.3236294,316
1686190167.339738,316
1686190167.3525412,314
1686190167.3648005,314
1686190167.3819988,314
1686190167.3925977,316
1686190167.4096928,316
1686190167.421669,315
1686190167.434364,314
1686190167.4499805,314
1686190167.4628508,315
1686190167.4752555,316
1686190167.4909198,316
1686190167.5039349,315
1686190167.5172617,314
1686190167.5325258,314
1686190167.545016,316
1686190167.5571742,317
1686190167.573753,316
1686190167.5858793,315
1686190167.6020117,314
1686190167.6147435,315
1686190167.6266806,316
1686190167.643125,318
1686190167.6553829,317
1686190167.667246,316
1686190167.6837745,315
1686190167.696567,317
1686190167.7089458,318
1686190167.724677,319
1686190167.7373922,318
1686190167.7536893,317
1686190167.7656906,317
1686190167.7782872,318
1686190167.7944276,319
1686190167.8064282,320
1686190167.8184834,318
1686190167.8354352,318
1686190167.8477867,318
1686190167.8594913,319
1686190167.876437,320
1686190167.8884876,319
1686190167.9044974,318
1686190167.9176137,317
1686190167.9296055,318
1686190167.9456604,319
1686190167.9576042,320
1686190167.9708033,319
1686190167.987127,318
1686190167.998602,317
1686190168.011609,318
1686190168.0276055,319
1686190168.0400178,319
1686190168.0518656,317
1686190168.068825,316
1686190168.0808637,316
1686190168.0969334,317
1686190168.1091163,318
1686190168.1220653,318
1686190168.1381347,317
1686190168.150253,317
1686190168.1631162,317
1686190168.1790388,319
1686190168.1912003,319
1686190168.2031965,319
1686190168.220306,317
1686190168.232358,317
1686190168.2483907,318
1686190168.261438,319
1686190168.273487,320
1686190168.2896543,319
1686190168.3020306,318
1686190168.3139768,318
1686190168.3304892,319
1686190168.342864,320
1686190168.355353,321
1686190168.371707,320
1686190168.384017,319
1686190168.396242,319
1686190168.4123118,320
1686190168.4252481,322
1686190168.4412887,321
1686190168.454162,320
1686190168.4656806,319
1686190168.482826,320
1686190168.4950852,321
1686190168.5075786,322
1686190168.5236275,321
1686190168.5359128,320
1686190168.5482502,319
1686190168.564967,319
1686190168.5770755,321
1686190168.5936165,321
1686190168.6050298,320
1686190168.617972,319
1686190168.6344426,319
1686190168.6465695,320
1686190168.6586127,320
1686190168.6756368,321
1686190168.6875455,319
1686190168.699316,318
1686190168.7158349,318
1686190168.7286756,320
1686190168.7436185,321
1686190168.757521,321
1686190168.7690098,319
1686190168.7861614,318
1686190168.7979486,318
1686190168.810424,320
1686190168.8267813,320
1686190168.8391492,320
1686190168.8514006,318
1686190168.868122,318
1686190168.8796935,319
1686190168.891756,320
1686190168.9087274,320
1686190168.9210231,320
1686190168.9370384,318
1686190168.949306,319
1686190168.9619937,320
1686190168.977916,321
1686190168.9907093,321
1686190169.0030785,320
1686190169.0196364,318
1686190169.0317051,318
1686190169.0439537,320
1686190169.0598965,321
1686190169.0728674,321
1686190169.0880759,319
1686190169.1012578,319
1686190169.113006,319
1686190169.129774,320
1686190169.1421964,321
1686190169.1547048,320
1686190169.1706314,319
1686190169.1826315,318
1686190169.1956851,319
1686190169.2119884,320
1686190169.22404,320
1686190169.2365518,319
1686190169.2525396,318
1686190169.265124,318
1686190169.2805614,319
1686190169.293959,320
1686190169.3054,319
1686190169.3226445,318
1686190169.334114,317
1686190169.3465724,317
1686190169.3634403,319
1686190169.3758683,320
1686190169.387983,319
1686190169.4039767,318
1686190169.4165866,318
1686190169.4329858,319
1686190169.4451952,320
1686190169.45741,321
1686190169.47386,320
1686190169.486132,318
1686190169.499112,318
1686190169.5146663,319
1686190169.5271955,319
1686190169.5397809,320
1686190169.5559273,319
1686190169.567882,318
1686190169.5838766,318
1686190169.5968833,319
1686190169.6091886,320
1686190169.6255722,320
1686190169.6370304,319
1686190169.6497667,318
1686190169.666508,318
1686190169.6784344,319
1686190169.6905887,320
1686190169.7080822,319
1686190169.7197354,318
1686190169.7318616,317
1686190169.748491,318
1686190169.7606952,320
1686190169.776656,320
1686190169.789176,319
1686190169.8015404,317
1686190169.8180313,317
1686190169.8299363,318
1686190169.8427038,320
1686190169.8592274,320
1686190169.8712676,318
1686190169.8835356,317
1686190169.899942,317
1686190169.9118488,318
1686190169.928475,319
1686190169.9403672,319
1686190169.9531426,318
1686190169.9688966,317
1686190169.9819546,317
1686190169.9939842,319
1686190170.010214,319
1686190170.022202,319
1686190170.0350459,317
1686190170.0519419,317
1686190170.0629387,317
1686190170.076038,318
1686190170.0919771,318
1686190170.1039977,317
1686190170.121206,315
1686190170.1335807,315
1686190170.1455722,317
1686190170.1618552,318
1686190170.1738958,318
1686190170.1863153,317
1686190170.2034953,315
1686190170.215263,316
1686190170.2274783,317
1686190170.2437942,318
1686190170.2555873,318
1686190170.2726464,317
1686190170.2845848,316
1686190170.2965882,316
1686190170.3135924,318
1686190170.3259027,319
1686190170.337634,318
1686190170.3545814,317
1686190170.3665485,317
1686190170.3785892,318
1686190170.3955612,319
1686190170.4085584,320
1686190170.4238815,319
1686190170.4361713,318
1686190170.4482222,317
1686190170.4651816,319
1686190170.4773967,320
1686190170.489169,320
1686190170.506225,319
1686190170.5181637,318
1686190170.5304859,318
1686190170.547171,319
1686190170.5591877,320
1686190170.5712388,320
1686190170.5879183,318
1686190170.5999403,318
1686190170.6169143,318
1686190170.6289165,319
1686190170.6409192,319
1686190170.6575553,318
1686190170.6695466,316
1686190170.6819808,315
1686190170.6986246,316
1686190170.7105465,317
1686190170.722545,317
1686190170.7394323,315
1686190170.7525868,314
1686190170.7680855,314
1686190170.7805636,315
1686190170.7926962,316
1686190170.808561,316
1686190170.8216248,314
1686190170.833913,313
1686190170.849762,313
1686190170.8627148,314
1686190170.874703,315
1686190170.8909936,314
1686190170.9027095,313
1686190170.9157069,313
1686190170.9317038,313
1686190170.9437008,314
1686190170.9607034,314
1686190170.9730492,314
1686190170.9846897,312
1686190171.0011823,312
1686190171.0137098,313
1686190171.0264614,314
1686190171.0424762,314
1686190171.0547438,312
1686190171.0676305,311
1686190171.0833974,311
1686190171.0960662,311
1686190171.1113935,311
1686190171.1244648,311
1686190171.1364548,310
1686190171.1534593,309
1686190171.1653848,309
1686190171.178388,310
1686190171.19378,310
1686190171.2064087,309
1686190171.2187123,308
1686190171.2351816,307
1686190171.2475626,306
1686190171.263572,306
1686190171.2761855,306
1686190171.2881954,304
1686190171.3045077,304
1686190171.3173559,304
1686190171.32918,305
1686190171.3459692,305
1686190171.3579707,306
1686190171.3701353,305
1686190171.386739,303
1686190171.398735,303
1686190171.4107506,304
1686190171.4267404,305
1686190171.4396574,305
1686190171.4561393,305
1686190171.4683347,305
1686190171.4806778,305
1686190171.4972794,307
1686190171.5096638,307
1686190171.5212073,307
1686190171.5374582,307
1686190171.5508952,306
1686190171.5625362,309
1686190171.5792203,310
1686190171.5913916,311
1686190171.6071417,311
1686190171.620082,312
1686190171.632113,313
1686190171.6481447,316
1686190171.6610107,319
1686190171.6730163,323
1686190171.6890173,326
1686190171.7020102,329
1686190171.7143254,334
1686190171.7309954,338
1686190171.742612,342
1686190171.7549279,344
1686190171.771561,345
1686190171.784548,347
1686190171.8004992,349
1686190171.8126247,350
1686190171.824817,352
1686190171.8414972,352
1686190171.8534935,351
1686190171.8655696,350
1686190171.8825386,349
1686190171.894497,349
1686190171.9069371,350
1686190171.9233243,348
1686190171.9354203,346
1686190171.9517772,345
1686190171.9644575,345
1686190171.976458,343
1686190171.9925094,342
1686190172.0047374,340
1686190172.0183551,338
1686190172.033397,337
1686190172.0460193,336
1686190172.0582292,336
1686190172.0749125,336
1686190172.0869143,334
1686190172.0991948,333
1686190172.1159155,334
1686190172.1279225,335
1686190172.1441605,336
1686190172.1566615,335
1686190172.1694493,333
1686190172.1854517,331
1686190172.1974435,330
1686190172.2095144,328
1686190172.2264545,325
1686190172.2385228,321
1686190172.250512,315
1686190172.2674475,307
1686190172.2795224,300
1686190172.2958105,291
1686190172.3075068,284
1686190172.3204846,277
1686190172.336424,271
1686190172.3484964,268
1686190172.361465,266
1686190172.377435,266
1686190172.3897989,268
1686190172.4024324,269
1686190172.4184477,272
1686190172.431392,276
1686190172.447386,281
1686190172.4597092,285
1686190172.4723856,289
1686190172.4884973,291
1686190172.500383,294
1686190172.5127513,299
1686190172.52939,302
1686190172.5411508,305
1686190172.554018,307
1686190172.5702133,310
1686190172.5829644,312
1686190172.5948918,316
1686190172.6118958,319
1686190172.6232119,321
1686190172.6402273,323
1686190172.6522253,324
1686190172.6642573,325
1686190172.6804621,326
1686190172.6932266,326
1686190172.7062259,324
1686190172.7222464,321
1686190172.7344654,319
1686190172.746297,319
1686190172.7629988,319
1686190172.774851,321
1686190172.791147,322
1686190172.803874,322
1686190172.8158236,322
1686190172.8328424,324
1686190172.8455908,325
1686190172.8572884,324
1686190172.8732202,323
1686190172.8857784,320
1686190172.8982906,319
1686190172.9143946,319
1686190172.926541,318
1686190172.9425983,317
1686190172.9555373,316
1686190172.9675221,315
1686190172.9835825,314
1686190172.9965355,315
1686190173.0085242,315
1686190173.0248399,314
1686190173.0375311,313
1686190173.04952,312
1686190173.0655875,312
1686190173.0778897,313
1686190173.0906138,313
1686190173.1065638,312
1686190173.1188598,311
1686190173.1356149,311
1686190173.1477911,312
1686190173.1595201,313
1686190173.1765232,313
1686190173.1888063,313
1686190173.2008631,313
1686190173.2175243,312
1686190173.229792,313
1686190173.2418423,314
1686190173.258215,314
1686190173.2701952,314
1686190173.2871315,314
1686190173.2995763,315
1686190173.3113465,316
1686190173.3280609,317
1686190173.3400483,318
1686190173.3527458,318
1686190173.369036,317
1686190173.3807197,318
1686190173.3937314,319
1686190173.4097133,320
1686190173.4220502,320
1686190173.4341934,320
1686190173.4508886,320
1686190173.462993,321
1686190173.479819,324
1686190173.4918056,325
1686190173.5038092,326
1686190173.5208063,327
1686190173.533288,329
1686190173.5451026,331
1686190173.5618541,332
1686190173.5737836,333
1686190173.5863001,333
1686190173.6020753,332
1686190173.6147645,332
1686190173.630787,331
1686190173.6427782,330
1686190173.6558099,328
1686190173.6717663,326
1686190173.684339,323
1686190173.6964138,322
1686190173.7127745,321
1686190173.7254605,320
1686190173.737414,318
1686190173.7540483,316
1686190173.7660599,315
1686190173.782153,314
1686190173.7951803,314
1686190173.8071408,313
1686190173.8238046,312
1686190173.83534,311
1686190173.8483515,311
1686190173.8643231,312
1686190173.8773491,313
1686190173.8890665,312
1686190173.9057488,312
1686190173.9177403,312
1686190173.9304893,313
1686190173.946465,314
1686190173.9584312,315
1686190173.974795,315
1686190173.987563,315
1686190174.0001538,315
1686190174.0156426,317
1686190174.0284584,318
1686190174.0407038,319
1686190174.0573876,318
1686190174.0693822,318
1686190174.0814323,318
1686190174.0975862,319
1686190174.1105926,320
1686190174.1267471,320
1686190174.1386433,319
1686190174.1512444,318
1686190174.167899,319
1686190174.1804104,320
1686190174.1916413,320
1686190174.2088156,319
1686190174.2209115,318
1686190174.2331595,318
1686190174.2498214,319
1686190174.2619324,319
1686190174.2741213,319
1686190174.29015,319
1686190174.3028066,318
1686190174.3191323,318
1686190174.330807,319
1686190174.3440347,319
1686190174.360055,320
1686190174.3728058,319
1686190174.3847852,319
1686190174.4011233,319
1686190174.4127867,320
1686190174.4257855,321
1686190174.4420183,321
1686190174.454057,320
1686190174.470747,319
1686190174.4827182,320
1686190174.4950852,321
1686190174.512383,321
1686190174.5237763,321
1686190174.5363781,320
1686190174.5533767,319
1686190174.5653696,319
1686190174.5773847,320
1686190174.5933952,320
1686190174.605753,320
1686190174.621569,319
1686190174.634697,319
1686190174.6470232,320
1686190174.6630497,321
1686190174.6753967,320
1686190174.687813,319
1686190174.7044995,318
1686190174.7164145,318
1686190174.7290275,319
1686190174.7451932,320
1686190174.757014,319
1686190174.770013,318
1686190174.7861311,317
1686190174.7980738,318
1686190174.8140104,319
1686190174.8270123,319
1686190174.8390162,318
1686190174.8556466,318
1686190174.867668,317
1686190174.879719,318
1686190174.8966494,319
1686190174.9089732,319
1686190174.9212885,319
1686190174.9376218,318
1686190174.949952,319
1686190174.965928,319
1686190174.9786165,320
1686190174.990676,321
1686190175.0069346,320
1686190175.0196166,319
1686190175.031615,319
1686190175.0480056,320
1686190175.0599961,320
1686190175.0729396,320
1686190175.0889924,319
1686190175.101077,319
1686190175.1139705,320
1686190175.1300466,321
1686190175.1419857,321
1686190175.1582317,321
1686190175.1709743,320
1686190175.183719,320
1686190175.1996856,321
1686190175.2115984,322
1686190175.2245855,322
1686190175.2408338,321
1686190175.2529187,320
1686190175.2649286,320
1686190175.281583,321
1686190175.2938929,322
1686190175.3096454,321
1686190175.3225873,321
1686190175.3349125,320
1686190175.351585,320
1686190175.3635852,321
1686190175.3759344,321
1686190175.3927362,321
1686190175.4045832,320
1686190175.4166644,320
1686190175.4331298,321
1686190175.4457846,322
1686190175.461302,322
1686190175.4743001,321
1686190175.4867954,320
1686190175.5028713,320
1686190175.5153003,320
1686190175.527911,321
1686190175.5442495,321
1686190175.5558994,320
1686190175.5678992,320
1686190175.5848405,320
1686190175.5968275,320
1686190175.608831,321
1686190175.6258378,320
1686190175.6378314,320
1686190175.6545134,319
1686190175.666866,319
1686190175.6794293,320
1686190175.6951127,320
1686190175.708221,319
1686190175.7202299,319
1686190175.7366843,318
1686190175.7494526,319
1686190175.760479,320
1686190175.7766857,320
1686190175.789667,320
1686190175.8060687,319
1686190175.818443,318
1686190175.8307805,319
1686190175.8469882,320
1686190175.8595345,320
1686190175.8717208,320
1686190175.8873928,319
1686190175.9004014,319
1686190175.9123297,320
1686190175.928917,321
1686190175.9409883,320
1686190175.9536452,320
1686190175.9696105,319
1686190175.9819195,319
1686190175.9986446,320
1686190176.0107038,321
1686190176.022767,321
1686190176.039893,320
1686190176.0519125,319
1686190176.06383,320
1686190176.08079,320
1686190176.0927866,321
1686190176.1047788,320
1686190176.120787,319
1686190176.133788,319
1686190176.149774,319
1686190176.1624622,320
1686190176.17489,320
1686190176.1907768,319
1686190176.202786,318
1686190176.2157907,319
1686190176.231779,319
1686190176.2437778,319
1686190176.2557745,319
1686190176.2727692,318
1686190176.2847743,317
1686190176.2967732,317
1686190176.3137739,318
1686190176.3257725,318
1686190176.3417733,317
1686190176.3542047,316
1686190176.3671763,316
1686190176.3833568,317
1686190176.3954005,318
1686190176.4082468,319
1686190176.424544,319
1686190176.4365811,319
1686190176.448634,320
1686190176.4655733,322
1686190176.4776373,324
1686190176.4939988,327
1686190176.506725,330
1686190176.5190165,334
1686190176.5352285,340
1686190176.5473092,346
1686190176.5599885,351
1686190176.5759346,353
1686190176.5885901,354
1686190176.6009057,353
1686190176.617173,352
1686190176.6293087,348
1686190176.645342,342
1686190176.6580148,334
1686190176.6700072,326
1686190176.6869905,320
1686190176.6989172,315
1686190176.7112205,311
1686190176.7279897,308
1686190176.7398918,305
1686190176.75242,302
1686190176.7687614,302
1686190176.780659,302
1686190176.7933638,303
1686190176.808846,302
1686190176.8218236,302
1686190176.8378212,302
1686190176.8503342,303
1686190176.8633149,304
1686190176.8784664,305
1686190176.8915539,306
1686190176.9037974,305
1686190176.9198148,306
1686190176.9327729,307
1686190176.9444783,309
1686190176.9607995,310
1686190176.9732306,310
1686190176.9894989,310
1686190177.0019333,310
1686190177.0146487,312
1686190177.0309398,313
1686190177.0431433,314
1686190177.0553298,314
1686190177.072271,313
1686190177.0839221,314
1686190177.0962462,315
1686190177.1126559,316
1686190177.124655,316
1686190177.1416614,316
1686190177.1535854,316
1686190177.165631,316
1686190177.181741,317
1686190177.1940067,318
1686190177.2069228,318
1686190177.2233548,317
1686190177.235587,317
1686190177.247631,317
1686190177.2636406,318
1686190177.276057,319
1686190177.2889564,317
1686190177.305304,316
1686190177.3176708,316
1686190177.33375,317
1686190177.3453872,318
1686190177.3579752,318
1686190177.374825,317
1686190177.386823,316
1686190177.3997579,316
1686190177.4153824,317
1686190177.4283752,317
1686190177.4399633,317
1686190177.456882,316
1686190177.4686284,316
1686190177.4851584,316
1686190177.4978924,318
1686190177.509843,318
1686190177.5266726,318
1686190177.5379403,317
1686190177.550991,317
1686190177.567209,318
1686190177.5801716,319
1686190177.5919313,319
1686190177.6076624,318
1686190177.620886,317
1686190177.6329355,317
1686190177.648598,318
1686190177.66145,318
1686190177.6774516,318
1686190177.6899467,317
1686190177.7025976,316
1686190177.7186747,317
1686190177.7310956,318
1686190177.7437556,318
1686190177.7595098,318
1686190177.7721612,317
1686190177.7846415,316
1686190177.8000593,317
1686190177.8136334,318
1686190177.8286963,318
1686190177.8417566,318
1686190177.8539534,317
1686190177.870463,317
1686190177.882962,318
1686190177.8951857,319
1686190177.911415,319
1686190177.923664,318
1686190177.935952,318
1686190177.952537,318
1686190177.9646003,318
1686190177.980715,319
1686190177.9934623,319
1686190178.0056248,318
1686190178.0221624,317
1686190178.034171,317
1686190178.046226,318
1686190178.062682,318
1686190178.0753021,318
1686190178.087588,317
1686190178.1038437,316
1686190178.1156957,317
1686190178.1280296,317
1686190178.1450462,318
1686190178.157104,317
1686190178.1733115,316
1686190178.1851413,316
1686190178.1980565,317
1686190178.2146113,318
1686190178.2268336,318
1686190178.239103,317
1686190178.2556722,316
1686190178.267913,317
1686190178.2798948,318
1686190178.2965832,318
1686190178.3080118,318
1686190178.3251228,317
1686190178.337247,316
1686190178.3490155,317
1686190178.3659277,318
1686190178.3779285,319
1686190178.3910027,318
1686190178.4063725,317
1686190178.419169,317
1686190178.4311628,318
1686190178.447979,319
1686190178.4600158,319
1686190178.4723465,318
1686190178.4889255,318
1686190178.5008178,318
1686190178.516741,319
1686190178.529824,319
1686190178.542175,319
1686190178.5588577,318
1686190178.5705988,317
1686190178.5830436,317
1686190178.5995321,318
1686190178.611748,319
1686190178.6239717,319
1686190178.6400828,318
1686190178.6519046,318
1686190178.6691837,318
1686190178.6811664,319
1686190178.6941516,319
1686190178.7101705,319
1686190178.7222254,318
1686190178.7345512,317
1686190178.7516031,318
1686190178.7633646,319
1686190178.7750041,319
1686190178.7917924,318
1686190178.804598,317
1686190178.8209372,317
1686190178.8328702,317
1686190178.8447075,318
1686190178.8609242,318
1686190178.8741863,317
1686190178.8862276,316
1686190178.9027174,316
1686190178.914713,317
1686190178.926728,318
1686190178.9437218,317
1686190178.955445,317
1686190178.9676938,316
1686190178.9848006,316
1686190178.996899,318
1686190179.0127678,318
1686190179.0254707,318
1686190179.0374494,317
1686190179.0541003,317
1686190179.066434,318
1686190179.0781848,319
1686190179.0951283,319
1686190179.107458,318
1686190179.1199412,318
1686190179.136212,317
1686190179.1485145,319
1686190179.1641428,319
1686190179.1765592,319
1686190179.189656,318
1686190179.2051072,317
1686190179.2180002,317
1686190179.230479,317
1686190179.2466683,318
1686190179.2590425,318
1686190179.2710888,316
1686190179.2876127,315
1686190179.2995408,316
1686190179.3164783,317
1686190179.3278363,318
1686190179.3409963,317
1686190179.3568113,316
1686190179.3698037,316
1686190179.3819165,316
1686190179.398228,317
1686190179.4098597,318
1686190179.422788,317
1686190179.4386406,317
1686190179.4516764,317
1686190179.4638233,318
1686190179.4799886,319
1686190179.4923463,319
1686190179.5089805,318
1686190179.5206103,318
1686190179.5333974,318
1686190179.5498633,318
1686190179.5619342,319
1686190179.574313,319
1686190179.5906322,318
1686190179.6029906,318
1686190179.6150367,318
1686190179.6310978,319
1686190179.643831,319
1686190179.6598716,319
1686190179.6722288,318
1686190179.6842372,318
1686190179.7010221,318
1686190179.7128603,319
1686190179.7259092,318
1686190179.7425427,318
1686190179.7544937,317
1686190179.7667563,317
1686190179.7829542,318
1686190179.7962704,319
1686190179.8072476,318
1686190179.8238227,317
1686190179.8367503,317
1686190179.8529277,317
1686190179.8649914,318
1686190179.8773067,318
1686190179.8942657,317
1686190179.9060433,316
1686190179.918032,315
1686190179.934088,316
1686190179.9471529,317
1686190179.959333,317
1686190179.9749894,316
1686190179.9880164,315
1686190180.003983,315
1686190180.0169194,316
1686190180.0287166,318
1686190180.0454235,318
1686190180.0574262,317
1686190180.0699356,317
1686190180.0865972,318
1686190180.0985475,319
1686190180.1102057,320
1686190180.1273723,319
1686190180.1394348,318
1686190180.1516197,317
1686190180.168242,318
1686190180.18075,319
1686190180.196467,319
1686190180.2083848,319
1686190180.2216842,318
1686190180.237679,317
1686190180.2501233,318
1686190180.2623491,319
1686190180.2789228,319
1686190180.29097,319
1686190180.3035808,318
1686190180.3197498,318
1686190180.331729,319
1686190180.3485034,320
1686190180.3600156,320
1686190180.3729293,319
1686190180.3888426,318
1686190180.4020846,318
1686190180.4138892,319
1686190180.4298973,320
1686190180.4427602,320
1686190180.4548492,319
1686190180.4715934,318
1686190180.4833872,319
1686190180.4993975,320
1686190180.5117068,320
1686190180.524109,320
1686190180.5407896,318
1686190180.5528958,318
1686190180.5650177,318
1686190180.5819845,319
1686190180.5941474,319
1686190180.6057887,318
1686190180.622382,317
1686190180.6351068,317
1686190180.647625,318
1686190180.663771,319
1686190180.6760225,319
1686190180.6924677,318
1686190180.7049751,317
1686190180.7171285,317
1686190180.7331717,318
1686190180.7456496,319
1686190180.7587323,318
1686190180.7738187,318
1686190180.7868207,317
1686190180.799007,317
1686190180.8156457,318
1686190180.827549,319
1686190180.8430943,318
1686190180.8562784,317
1686190180.867978,317
1686190180.8847275,317
1686190180.896851,319
1686190180.9091413,318
1686190180.9256082,317
1686190180.9380774,317
1686190180.9505162,317
1686190180.9669917,317
1686190180.9793608,318
1686190180.9952047,318
1686190181.007974,317
1686190181.0198033,317
1686190181.0358543,317
1686190181.0489361,318
1686190181.0610635,319
1686190181.077444,318
1686190181.089799,317
1686190181.1014876,317
1686190181.1196053,318
1686190181.1306396,319
1686190181.1430876,319
1686190181.1591923,318
1686190181.1715775,317
1686190181.18751,317
1686190181.2005055,318
1686190181.212609,318
1686190181.228741,319
1686190181.2413044,318
1686190181.2532406,317
1686190181.2697458,317
1686190181.2819448,318
1686190181.294482,318
1686190181.310851,318
1686190181.3223767,317
1686190181.3392105,317
1686190181.35214,317
1686190181.364202,318
1686190181.3808796,319
1686190181.3922663,319
1686190181.4046984,318
1686190181.421754,317
1686190181.4331005,318
1686190181.4461288,319
1686190181.4624188,319
1686190181.474233,319
1686190181.4874952,318
1686190181.5034535,317
1686190181.5157404,318
1686190181.531605,318
1686190181.54355,319
1686190181.5566225,318
1686190181.5731592,316
1686190181.585357,317
1686190181.5972354,317
1686190181.6139815,317
1686190181.6257935,317
1686190181.6388218,316
1686190181.6547964,315
1686190181.6669316,315
1686190181.683211,315
1686190181.695881,316
1686190181.707936,315
1686190181.7247517,313
1686190181.7366362,312
1686190181.7486377,312
1686190181.7657032,312
1686190181.7778873,312
1686190181.7898939,310
1686190181.8059192,309
1686190181.818863,308
1686190181.8349118,309
1686190181.8469303,310
1686190181.858882,310
1686190181.8757904,309
1686190181.887847,308
1686190181.8998275,308
1686190181.9168155,308
1686190181.9288218,309
1686190181.9408264,308
1686190181.9577863,307
1686190181.9698193,306
1686190181.9819121,306
1686190181.998538,307
1686190182.0114403,307
1686190182.0273955,306
1686190182.0394053,305
1686190182.0523977,305
1686190182.068745,305
1686190182.080719,306
1686190182.093077,306
1686190182.1093607,306
1686190182.1220028,305
1686190182.133486,305
1686190182.1504855,306
1686190182.162562,307
1686190182.1788638,307
1686190182.1915863,306
1686190182.2037683,306
1686190182.2194853,306
1686190182.2324896,306
1686190182.244853,307
1686190182.261209,307
1686190182.273347,306
1686190182.28592,305
1686190182.3019178,305
1686190182.3142283,306
1686190182.3259742,307
1686190182.3428946,306
1686190182.355348,305
1686190182.3715916,305
1686190182.3842483,305
1686190182.396251,306
1686190182.412632,307
1686190182.4252577,306
1686190182.4370627,306
1686190182.4537523,306
1686190182.4658494,307
1686190182.4776678,308
1686190182.4946742,307
1686190182.5068886,307
1686190182.5226827,307
1686190182.5356622,308
1686190182.5486703,309
1686190182.563664,310
1686190182.5765288,310
1686190182.58887,310
1686190182.6048117,312
1686190182.617527,314
1686190182.6297426,318
1686190182.6462245,323
1686190182.6582227,328
1686190182.674151,332
1686190182.6872098,337
1686190182.6994867,343
1686190182.7154737,348
1686190182.7281487,353
1686190182.7402904,356
1686190182.7562995,358
1686190182.7691538,359
1686190182.7812836,362
1686190182.7971506,363
1686190182.810147,364
1686190182.8222523,362
1686190182.8385222,361
1686190182.8505154,359
1686190182.866988,358
1686190182.8795125,357
1686190182.8915575,356
1686190182.908156,353
1686190182.9212325,352
1686190182.9331594,351
1686190182.9492333,352
1686190182.9611518,351
1686190182.9741478,350
1686190182.9902291,347
1686190183.002159,346
1686190183.018424,344
1686190183.031152,344
1686190183.0431404,342
1686190183.0592296,340
1686190183.0722394,339
1686190183.0845447,337
1686190183.1005025,336
1686190183.1132026,337
1686190183.125205,337
1686190183.141935,335
1686190183.1548047,334
1686190183.166126,334
1686190183.182872,333
1686190183.1950517,332
1686190183.211131,328
1686190183.2240646,322
1686190183.2358716,314
1686190183.2521133,305
1686190183.2648606,297
1686190183.276871,288
1686190183.2934437,279
1686190183.3053586,272
1686190183.317592,267
1686190183.3343744,264
1686190183.34637,262
1686190183.3630388,260
1686190183.3753166,259
1686190183.3873546,258
1686190183.4040375,260
1686190183.4160304,263
1686190183.4285812,265
1686190183.445039,268
1686190183.457243,271
1686190183.4694529,274
1686190183.486005,278
1686190183.4980874,282
1686190183.5140035,287
1686190183.5270388,291
1686190183.5390787,295
1686190183.5553572,298
1686190183.5680244,302
1686190183.5800188,306
1686190183.5963883,309
1686190183.6083324,312
1686190183.6210911,314
1686190183.6370566,316
1686190183.6498387,319
1686190183.6618445,322
1686190183.6781647,324
1686190183.6908474,325
1686190183.706763,324
1686190183.7188315,323
1686190183.7317648,323
1686190183.7478948,321
1686190183.7600794,320
1686190183.7717626,318
1686190183.788846,317
1686190183.8010404,317
1686190183.8137612,317
1686190183.8297608,317
1686190183.8417594,316
1686190183.8577738,315
1686190183.8708386,314
1686190183.8837595,315
1686190183.8997595,316
1686190183.9118338,317
1686190183.9237595,316
1686190183.9408312,316
1686190183.952854,316
1686190183.9649823,317
1686190183.9817839,318
1686190183.9931955,319
1686190184.0062304,319
1686190184.02168,319
1686190184.0342302,320
1686190184.0511549,320
1686190184.0636384,322
1686190184.0755181,322
1686190184.0921528,321
1686190184.104237,322
1686190184.1165695,322
1686190184.133194,323
1686190184.1451118,324
1686190184.1571825,323
1686190184.1741233,322
1686190184.1858199,322
1686190184.2018304,323
1686190184.2148373,324
1686190184.227144,324
1686190184.2438228,324
1686190184.255823,323
1686190184.2683036,323
1686190184.2848155,324
1686190184.2968845,324
1686190184.3088093,325
1686190184.325018,324
1686190184.337739,323
1686190184.3537393,323
1686190184.3657453,324
1686190184.3787386,324
1686190184.3947327,324
1686190184.4069908,323
1686190184.4197352,323
1686190184.4357514,323
1686190184.4480596,324
1686190184.4607384,324
1686190184.4769814,323
1686190184.4887378,323
1686190184.501787,322
1686190184.517654,322
1686190184.5299644,323
1686190184.5466347,324
1686190184.558767,323
1686190184.5709672,322
1686190184.5876486,322
1686190184.5998566,322
1686190184.6119268,323
1686190184.6288455,323
1686190184.6407204,322
1686190184.6526318,321
1686190184.66971,322
1686190184.6816373,322
1686190184.6983016,323
1686190184.7099473,323
1686190184.7234714,322
1686190184.7393198,321
1686190184.751474,321
1686190184.763631,322
1686190184.7803159,322
1686190184.7924056,322
1686190184.804662,321
1686190184.8213193,320
1686190184.8336482,321
1686190184.8456738,322
1686190184.862012,322
1686190184.8737516,321
1686190184.890679,321
1686190184.9026773,320
1686190184.9150138,321
1686190184.9316473,321
1686190184.9439113,321
1686190184.956122,320
1686190184.9723766,320
1686190184.9848492,320
1686190184.99738,320
1686190185.0133667,321
1686190185.025763,320
1686190185.042177,319
1686190185.0541828,319
1686190185.066938,319
1686190185.0830643,320
1686190185.0952005,322
1686190185.1078613,321
1686190185.1239407,320
1686190185.1365201,320
1686190185.1484535,321
1686190185.164811,322
1686190185.177447,322
1686190185.1934078,322
1686190185.2063498,321
1686190185.2183576,321
1686190185.234679,321
1686190185.246726,322
1686190185.2594237,322
1686190185.2757015,321
1686190185.287688,320
1686190185.3003733,320
1686190185.3168645,321
1686190185.3284864,321
1686190185.3413527,321
1686190185.3574228,320
1686190185.369675,320
1686190185.3863492,320
1686190185.3983903,321
1686190185.4104207,321
1686190185.4279447,321
1686190185.439359,320
1686190185.451678,320
1686190185.4683561,320
1686190185.480352,321
1686190185.4927056,321
1686190185.5093546,320
1686190185.521427,319
1686190185.537628,319
1686190185.5499132,320
1686190185.5625975,320
1686190185.5790098,321
1686190185.5910375,319
1686190185.6031046,319
1686190185.6199708,319
1686190185.631971,320
1686190185.644123,320
1686190185.6608036,320
1686190185.672798,319
1686190185.6848168,318
1686190185.70161,319
1686190185.7135334,320
1686190185.7305293,320
1686190185.742606,320
1686190185.75453,319
1686190185.7705212,319
1686190185.783656,320
1686190185.7955444,321
1686190185.8115344,321
1686190185.8242161,321
1686190185.836521,320
1686190185.8532016,320
1686190185.865214,321
1686190185.8815749,321
1686190185.8942704,321
1686190185.9062903,321
1686190185.9232376,320
1686190185.9354255,321
1686190185.9469235,321
1686190185.9640472,321
1686190185.97591,321
1686190185.9882522,320
1686190186.0049148,319
1686190186.0170386,320
1686190186.0325634,320
1686190186.0452957,320
1686190186.0582957,320
1686190186.0742946,319
1686190186.086624,319
1686190186.0982916,319
1686190186.1154065,320
1686190186.127581,320
1686190186.1402452,320
1686190186.1559632,318
1686190186.1688805,318
1686190186.1808908,319
1686190186.1968813,319
1686190186.2092292,319
1686190186.225958,318
1686190186.2379358,318
1686190186.250882,318
1686190186.266879,318
1686190186.278896,319
1686190186.2914052,318
1686190186.307162,317
1686190186.3201568,316
1686190186.3325062,317
1686190186.3492405,318
1686190186.3606102,319
1686190186.3766072,318
1686190186.3896077,318
1686190186.401932,318
1686190186.4186149,319
1686190186.4306834,320
1686190186.4432418,320
1686190186.4597182,319
1686190186.4713478,319
1686190186.4843507,319
1686190186.4999294,319
1686190186.5126648,320
1686190186.5249205,320
1686190186.5407288,320
1686190186.5536742,319
1686190186.5697222,319
1686190186.5826716,320
1686190186.5946667,320
1686190186.611112,319
1686190186.6227684,318
1686190186.6347766,318
1686190186.65177,318
1686190186.6637871,319
1686190186.6757903,319
1686190186.692838,319
1686190186.70477,318
1686190186.7208238,318
1686190186.7337716,319
1686190186.7460496,319
1686190186.7620566,319
1686190186.774053,318
1686190186.7870457,317
1686190186.80305,318
1686190186.8151116,319
1686190186.828066,319
1686190186.843637,319
1686190186.8566353,318
1686190186.872635,318
1686190186.8846326,318
1686190186.8976943,319
1686190186.9137013,320
1686190186.926454,319
1686190186.9386332,318
1686190186.954851,318
1686190186.9670625,318
1686190186.9790692,319
1686190186.9950736,319
1686190187.0080023,318
1686190187.0200531,317
1686190187.036059,317
1686190187.0490005,318
1686190187.0650074,318
1686190187.0770688,318
1686190187.0900695,318
1686190187.1060646,317
1686190187.1180692,318
1686190187.1310008,318
1686190187.147115,319
1686190187.1588268,319
1686190187.1721108,318
1686190187.187722,317
1686190187.2001305,317
1686190187.2163305,318
1686190187.2293642,319
1686190187.2414937,318
1686190187.2572997,317
1686190187.2703419,317
1686190187.2823598,317
1686190187.2985911,318
1686190187.3106058,318
1686190187.3227265,317
1686190187.3399458,317
1686190187.3520443,317
1686190187.3640645,317
1686190187.3800611,318
1686190187.3930535,319
1686190187.4090621,318
1686190187.4210603,317
1686190187.4340637,318
1686190187.4500551,318
1686190187.4622097,319
1686190187.4752135,319
1686190187.4912012,318
1686190187.503215,318
1686190187.5152018,318
1686190187.532203,319
1686190187.5442033,320
1686190187.5608222,319
1686190187.5730178,318
1686190187.5848472,317
1686190187.6018567,317
1686190187.6138499,318
1686190187.626925,318
1686190187.6427975,318
1686190187.6548533,317
1686190187.6668515,317
1686190187.6837916,318
1686190187.6958497,319
1686190187.7118537,319
1686190187.7252133,318
1686190187.7370307,317
1686190187.7530942,316
1686190187.7660096,317
1686190187.778023,318
1686190187.7940066,317
1686190187.8070037,316
1686190187.8190658,316
1686190187.835076,317
1686190187.8473501,318
1686190187.8599627,318
1686190187.8760188,317
1686190187.8884256,316
1686190187.9049647,316
1686190187.9170387,317
1686190187.9299626,318
1686190187.946038,318
1686190187.9580321,317
1686190187.9709663,316
1686190187.9869566,316
1686190187.9990294,317
1686190188.011736,318
1686190188.0277936,317
1686190188.040063,316
1686190188.0564647,316
1686190188.0687559,317
1686190188.0813313,320
1686190188.0974638,323
1686190188.1098304,327
1686190188.1217122,331
1686190188.1387334,334
1686190188.1507306,337
1686190188.1638927,339
1686190188.1797445,339
1686190188.1914368,337
1686190188.20436,333
1686190188.2208207,328
1686190188.232937,323
1686190188.2497613,320
1686190188.2616599,317
1686190188.2737517,313
1686190188.2901483,310
1686190188.3022134,309
1686190188.3151736,309
1686190188.3315616,310
1686190188.3435752,310
1686190188.3557584,310
1686190188.3717082,310
1686190188.3842826,312
1686190188.4008083,314
1686190188.412894,315
1686190188.4249651,316
1686190188.4419613,316
1686190188.4547246,317
1686190188.4667056,318
1686190188.4825869,320
1686190188.4945674,321
1686190188.5069637,321
1686190188.5239956,321
1686190188.5359483,322
1686190188.5518506,323
1686190188.564727,324
1686190188.5767317,324
1686190188.5927384,323
1686190188.6047819,322
1686190188.6178746,321
1686190188.634077,321
1686190188.6463726,321
1686190188.6590521,320
1686190188.6749501,317
1686190188.6875932,316
1686190188.6997201,315
1686190188.7157326,314
1686190188.7287774,313
1686190188.7448523,311
1686190188.7569792,309
1686190188.7692702,308
1686190188.785944,308
1686190188.7981813,309
1686190188.8100603,309
1686190188.8269415,307
1686190188.8387516,306
1686190188.8509982,306
1686190188.8674207,306
1686190188.8800063,308
1686190188.8960102,308
1686190188.9088924,307
1686190188.9210625,307
1686190188.9373832,308
1686190188.9495697,309
1686190188.961513,311
1686190188.978609,312
1686190188.9906507,312
1686190189.002652,312
1686190189.0196478,313
1686190189.0319092,314
1686190189.043697,316
1686190189.0597486,316
1686190189.0726047,316
1686190189.0888293,316
1686190189.1018987,318
1686190189.11307,319
1686190189.129947,319
1686190189.1419156,319
1686190189.1547391,318
1686190189.1709876,319
1686190189.182972,319
1686190189.1955688,320
1686190189.2119248,320
1686190189.2242303,319
1686190189.2402303,318
1686190189.252956,318
1686190189.2650247,319
1686190189.2807384,319
1686190189.2937338,318
1686190189.3059564,317
1686190189.3218436,316
1686190189.3349552,316
1686190189.347082,317
1686190189.3628948,317
1686190189.375577,317
1686190189.3920302,316
1686190189.404188,315
1686190189.4169352,316
1686190189.433041,317
1686190189.4451628,317
1686190189.4574804,317
1686190189.4738116,316
1686190189.486523,316
1686190189.4981353,317
1686190189.5143714,318
1686190189.5274484,318
1686190189.5388467,317
1686190189.5558188,317
1686190189.5682573,318
1686190189.58425,319
1686190189.5969,320
1686190189.6090062,320
1686190189.6252353,319
1686190189.637163,319
1686190189.6501088,319
1686190189.6661491,320
1686190189.6789155,320
1686190189.690441,319
1686190189.7070584,318
1686190189.7199993,318
1686190189.7356086,318
1686190189.7477741,319
1686190189.760713,319
1686190189.7770638,318
1686190189.789498,319
1686190189.8018007,318
1686190189.8178651,319
1686190189.8300369,320
1686190189.8424983,320
1686190189.8588958,319
1686190189.8707407,318
1686190189.8829525,319
1686190189.9000053,319
1686190189.9125419,320
1686190189.9287775,319
1686190189.9409113,319
1686190189.9540327,318
1686190189.9698694,319
1686190189.9814112,320
1686190189.994324,320
1686190190.0105126,320
1686190190.0223038,319
1686190190.0350037,319
1686190190.0517259,319
1686190190.0638463,320
1686190190.0801287,320
1686190190.0926418,319
1686190190.1045573,318
1686190190.1206172,318
1686190190.1334596,319
1686190190.1452892,320
1686190190.162254,319
1686190190.1745377,318
1686190190.1862442,317
1686190190.2031226,317
1686190190.2152805,318
1686190190.231885,318
1686190190.2439618,317
1686190190.2559474,317
1686190190.272288,316
1686190190.2847743,316
1686190190.2974343,317
1686190190.3128476,318
1686190190.3259382,317
1686190190.3373826,317
1686190190.3544748,316
1686190190.3668544,317
1686190190.3788273,318
1686190190.3955674,318
1686190190.4079504,318
1686190190.4245217,317
1686190190.4368005,317
1686190190.4482274,318
1686190190.4652405,319
1686190190.4770644,319
1686190190.4894218,318
1686190190.506316,318
1686190190.5183125,318
1686190190.5309515,319
1686190190.5469432,319
1686190190.558943,319
1686190190.5757277,318
1686190190.5882406,318
1686190190.6003506,318
1686190190.6169364,319
1686190190.6290667,320
1686190190.6415806,319
1686190190.657488,319
1686190190.669951,318
1686190190.6823878,319
1686190190.698164,319
1686190190.7105033,320
1686190190.723569,319
1686190190.7393782,318
1686190190.7520492,318
1686190190.7677798,318
1686190190.7807913,319
1686190190.7929308,319
1686190190.80924,318
1686190190.8207593,318
1686190190.8332074,318
1686190190.8503604,318
1686190190.862039,319
1686190190.8744328,319
1686190190.8912044,318
1686190190.9033668,318
1686190190.919742,319
1686190190.93174,319
1686190190.944628,320
1686190190.9599807,319
1686190190.9731424,318
1686190190.9853835,318
1686190191.0025485,319
1686190191.0135787,320
1686190191.026543,319
1686190191.041908,318
1686190191.054572,317
1686190191.070696,317
1686190191.0836878,317
1686190191.0957024,318
1686190191.1117382,317
1686190191.1236956,317
1686190191.1365974,316
1686190191.153366,317
1686190191.165022,318
1686190191.1772702,318
1686190191.1937118,317
1686190191.2057095,316
1686190191.218706,316
1686190191.2347188,317
1686190191.246713,318
1686190191.2637148,318
1686190191.2757137,317
1686190191.2877173,317
1686190191.3047054,317
1686190191.316774,317
1686190191.3291056,318
1686190191.345061,318
1686190191.358036,317
1686190191.3700445,317
1686190191.3860447,317
1686190191.3990965,317
1686190191.4151073,318
1686190191.4271045,318
1686190191.439104,317
1686190191.4561028,317
1686190191.4680357,317
1686190191.4800432,318
1686190191.497048,318
1686190191.5090432,318
1686190191.5210397,317
1686190191.53809,317
1686190191.5500607,317
1686190191.5660896,318
1686190191.579041,318
1686190191.5915382,317
1686190191.6076777,317
1686190191.620004,317
1686190191.6320827,318
1686190191.648714,319
1686190191.6605852,319
1686190191.6727662,318
1686190191.689726,318
1686190191.7017841,318
1686190191.713782,319
1686190191.730727,320
1686190191.7427802,319
1686190191.7591634,318
1686190191.7717748,318
1686190191.7837703,318
1686190191.799777,318
1686190191.81198,319
1686190191.8247092,318
1686190191.8407428,317
1686190191.85275,317
1686190191.865715,317
1686190191.881713,318
1686190191.8937051,319
1686190191.9097643,318
1686190191.9227715,318
1686190191.9347003,318
1686190191.951768,319
1686190191.964177,319
1686190191.976172,319
1686190191.9921615,318
1686190192.0051684,317
1686190192.017182,318
1686190192.0332155,318
1686190192.045215,318
1686190192.0584736,318
1686190192.0742288,317
1686190192.0861733,316
1686190192.1031754,316
1686190192.115173,317
1686190192.1271691,317
1686190192.1441736,317
1686190192.1561685,316
1686190192.168218,316
1686190192.18518,317
1686190192.1972396,318
1686190192.2092297,318
1686190192.2261777,317
1686190192.2381692,317
1686190192.2542355,316
1686190192.2672324,318
1686190192.2791784,318
1686190192.2961845,318
1686190192.3081846,317
1686190192.3201845,317
1686190192.3361726,317
1686190192.3491795,318
1686190192.361222,318
1686190192.3772438,318
1686190192.3892422,318
1686190192.4061685,317
1686190192.4184566,318
1686190192.431232,319
1686190192.4472356,319
1686190192.4592288,319
1686190192.4721873,318
1686190192.4881735,318
1686190192.5002232,318
1686190192.5121686,319
1686190192.5292318,319
1686190192.54123,319
1686190192.5534549,318
1686190192.570169,318
1686190192.58224,320
1686190192.5981624,320
1686190192.611183,320
1686190192.6231732,319
1686190192.639231,318
1686190192.6522155,319
1686190192.6642318,319
1686190192.6802301,320
1686190192.6933188,320
1686190192.705166,319
1686190192.7212288,319
1686190192.7341843,319
1686190192.75018,320
1686190192.7622287,320
1686190192.7752337,319
1686190192.791162,318
1686190192.803163,318
1686190192.8161886,319
1686190192.8321633,320
1686190192.8441727,319
1686190192.857173,319
1686190192.8732908,318
1686190192.8852901,318
1686190192.897284,319
1686190192.9142842,320
1686190192.926333,319
1686190192.9423463,318
1686190192.955347,318
1686190192.9673457,318
1686190192.983967,319
1686190192.9963605,320
1686190193.0083468,319
1686190193.0242856,318
1686190193.0372782,318
1686190193.049278,318
1686190193.0655048,319
1686190193.0783687,319
1686190193.0945613,319
1686190193.106557,318
1686190193.1185606,318
1686190193.1355844,319
1686190193.1475658,319
1686190193.1595683,319
1686190193.176519,319
1686190193.1885772,318
1686190193.2006762,318
1686190193.2175643,319
1686190193.229502,319
1686190193.2455487,319
1686190193.2585201,318
1686190193.2705564,318
1686190193.2865572,318
1686190193.2995722,319
1686190193.3115518,320
1686190193.327793,319
1686190193.340498,319
1686190193.3524988,318
1686190193.3689547,318
1686190193.3809588,319
1686190193.39295,320
1686190193.4099703,319
1686190193.4219491,318
1686190193.438019,317
1686190193.4510262,318
1686190193.4630237,318
1686190193.479049,318
1686190193.4920607,317
1686190193.5039818,317
1686190193.520033,317
1686190193.5320327,318
1686190193.5449815,319
1686190193.5609796,319
1686190193.57298,318
1686190193.5900502,318
1686190193.6020336,318
1686190193.6149957,319
1686190193.6309903,319
1686190193.6434417,319
1686190193.6559803,317
1686190193.672034,317
1686190193.6840477,318
1686190193.696033,318
1686190193.7130325,318
1686190193.725045,317
1686190193.7370455,316
1686190193.7540522,316
1686190193.76598,317
1686190193.782054,317
1686190193.795001,317
1686190193.8070543,316
1686190193.8229907,316
1686190193.8359885,316
1686190193.848064,318
1686190193.8639824,318
1686190193.8769867,318
1686190193.8889787,318
1686190193.9050324,318
1686190193.9170318,318
1686190193.9340014,319
1686190193.9460495,319
1686190193.9579794,318
1686190193.9750667,317
1686190193.9870656,317
1686190193.999487,318
1686190194.0160303,319
1686190194.0280063,319
1686190194.0400088,318
1686190194.0570042,316
1686190194.0690112,316
1686190194.084996,317
1686190194.097998,317
1686190194.1099975,317
1686190194.1259978,315
1686190194.139013,314
1686190194.1510587,314
1686190194.1676457,315
1686190194.179998,315
1686190194.192001,315
1686190194.2080126,314
1686190194.221003,314
1686190194.2330024,314
1686190194.2490692,315
1686190194.261998,315
1686190194.278005,316
1686190194.2900052,318
1686190194.3030124,321
1686190194.3190093,325
1686190194.3310642,331
1686190194.3430026,336
1686190194.360003,340
1686190194.3722835,343
1686190194.384286,347
1686190194.400291,351
1686190194.4132876,354
1686190194.4292848,355
1686190194.441284,355
1686190194.4542882,356
1686190194.470287,356
1686190194.4832878,356
1686190194.4952872,357
1686190194.5113502,355
1686190194.5232983,353
1686190194.536352,351
1686190194.552617,351
1686190194.5649269,350
1686190194.577014,349
1686190194.592961,346
1686190194.605949,343
1686190194.6219585,342
1686190194.6340175,342
1686190194.64702,342
1686190194.6629684,342
1686190194.675015,342
1686190194.6879559,341
1686190194.704016,341
1686190194.7159624,342
1686190194.7289698,342
1686190194.7450187,340
1686190194.7575352,337
1686190194.773424,332
1686190194.7854755,326
1686190194.7984343,319
1686190194.8144727,309
1686190194.8264735,297
1686190194.8394792,286
1686190194.8559265,277
1686190194.8677788,270
1686190194.8804913,266
1686190194.8964927,263
1686190194.9086914,261
1686190194.921489,260
1686190194.9375937,262
1686190194.9494867,265
1686190194.9661012,269
1686190194.978159,274
1686190194.9911017,277
1686190195.007149,280
1686190195.0190964,284
1686190195.0311456,288
1686190195.048148,292
1686190195.0601459,295
1686190195.072395,297
1686190195.0893989,299
1686190195.101451,302
1686190195.1174476,305
1686190195.1294634,308
1686190195.1424026,310
1686190195.158395,311
1686190195.1704528,313
1686190195.1834009,316
1686190195.199913,318
1686190195.2114484,320
1686190195.2244165,320
1686190195.240416,319
1686190195.25323,318
1686190195.2684126,317
1686190195.2814481,315
1686190195.2934515,312
1686190195.3104706,310
1686190195.3223958,309
1686190195.3353965,309
1686190195.3514142,311
1686190195.3634043,312
1686190195.3755317,313
1686190195.3925292,313
1686190195.4045343,314
1686190195.416539,315
1686190195.4335382,316
1686190195.4455311,316
1686190195.461529,315
1686190195.4736578,314
1686190195.4856634,313
1686190195.502659,313
1686190195.51487,313
1686190195.5266612,312
1686190195.543656,311
1686190195.555662,310
1686190195.5678997,309
1686190195.5846674,310
1686190195.5966597,311
1686190195.6127229,311
1686190195.6257167,311
1686190195.6376586,311
1686190195.6546617,311
1686190195.6666584,313
1686190195.6786613,314
1686190195.6946611,314
1686190195.7076716,314
1686190195.7196598,313
1686190195.73571,314
1686190195.7486591,315
1686190195.7606735,316
1686190195.7766593,315
1686190195.7896705,314
1686190195.8056624,313
1686190195.8179183,314
1686190195.830776,314
1686190195.8471878,314
1686190195.8587124,314
1686190195.8716571,314
1686190195.8882945,314
1686190195.8997355,315
1686190195.9117248,316
1686190195.9287157,316
1686190195.9407303,316
1686190195.9566648,315
1686190195.969663,316
1686190195.981668,317
1686190195.9987087,318
1686190196.0107248,318
1686190196.0227692,317
1686190196.0393984,316
1686190196.051403,317
1686190196.0634718,318
1686190196.080408,318
1686190196.092461,317
1686190196.1084723,317
1686190196.1216087,317
1686190196.1335483,318
1686190196.1497667,319
1686190196.161759,320
1686190196.1746178,319
1686190196.1906672,318
1686190196.202628,318
1686190196.2156067,319
1686190196.2316656,319
1686190196.2436657,319
1686190196.2566068,318
1686190196.2726917,318
1686190196.2846744,318
1686190196.301637,319
1686190196.3136668,320
1686190196.326608,319
1686190196.3426254,319
1686190196.3550282,319
1686190196.3666713,319
1686190196.3836136,320
1686190196.3956084,321
1686190196.407602,320
1686190196.424624,319
1686190196.4366858,319
1686190196.4526098,319
1686190196.4656243,320
1686190196.4776537,321
1686190196.4936678,320
1686190196.5066133,319
1686190196.518659,319
1686190196.5346694,320
1686190196.546674,320
1686190196.559607,320
1686190196.5759282,319
1686190196.588452,319
1686190196.6008587,319
1686190196.6169171,320
1686190196.6289191,321
1686190196.6458569,320
1686190196.6579123,319
1686190196.6698627,319
1686190196.686856,319
1686190196.6988623,320
1686190196.710922,320
1686190196.7269218,319
1686190196.7398648,319
1686190196.7519262,319
1686190196.768178,319
1686190196.7801754,320
1686190196.797112,320
1686190196.8097072,320
1686190196.8221154,319
1686190196.8381128,318
1686190196.8505127,319
1686190196.8621724,319
1686190196.8791199,319
1686190196.8913941,318
1686190196.903578,317
1686190196.920216,317
1686190196.932582,318
1686190196.9445796,319
1686190196.9605696,319
1686190196.9730601,318
1686190196.9891188,318
1686190197.0020528,318
1686190197.014143,319
1686190197.0302823,320
1686190197.043055,319
1686190197.0551102,318
1686190197.0712142,318
1686190197.0841627,319
1686190197.0961628,320
1686190197.11221,319
1686190197.1242101,319
1686190197.141161,318
1686190197.1532226,318
1686190197.1652236,319
1686190197.1821594,320
1686190197.1942132,320
1686190197.2063854,319
1686190197.223113,319
1686190197.2350662,319
1686190197.2472382,320
1686190197.264126,321
1686190197.2761302,320
1686190197.2920747,320
1686190197.3050678,319
1686190197.3170695,320
1686190197.3340685,320
1686190197.34607,320
1686190197.3580701,319
1686190197.3741283,319
1686190197.3870692,318
1686190197.399126,319
1686190197.4150825,320
1686190197.4281206,319
1686190197.440142,318
1686190197.4561253,317
1686190197.4691334,317
1686190197.4850707,318
1686190197.4970672,319
1686190197.5100899,318
1686190197.5260727,317
1686190197.5381277,317
1686190197.5510716,318
1686190197.5670693,319
1686190197.5794308,320
1686190197.5914874,319
1686190197.607422,318
1686190197.6204844,318
1686190197.6364214,319
1686190197.649415,320
1686190197.6614738,321
1686190197.6774898,320
1686190197.6904266,319
1686190197.7024837,319
1686190197.7184155,320
1686190197.7304347,321
1686190197.7434208,320
1686190197.7594688,319
1686190197.7718225,319
1686190197.7837813,319
1686190197.8008213,319
1686190197.8133564,320
1686190197.828819,320
1686190197.8417687,319
1686190197.853753,318
1686190197.8699515,318
1686190197.8829665,319
1686190197.8949525,320
1686190197.91097,319
1686190197.9237852,318
1686190197.935952,318
1686190197.9520383,318
1686190197.9642372,319
1686190197.9800093,320
1686190197.9932382,319
1686190198.005019,318
1686190198.0219514,318
1686190198.0340014,319
1686190198.0461338,319
1686190198.0629523,319
1686190198.0750265,319
1686190198.0870142,318
1686190198.1041186,318
1686190198.1160123,319
1686190198.13202,320
1686190198.1449878,319
1686190198.1573944,318
1686190198.1730216,317
1686190198.1850214,317
1686190198.1979504,318
1686190198.2139897,319
1686190198.2260892,318
1686190198.2389517,317
1686190198.2550628,317
1686190198.2670584,318
1686190198.2800605,318
1686190198.2963758,318
1686190198.3081605,317
1686190198.3250756,317
1686190198.3370733,317
1686190198.3491461,318
1686190198.3657482,319
1686190198.3775918,319
1686190198.390617,318
1686190198.4065902,317
1686190198.4195943,318
1686190198.431678,319
1686190198.448594,319
1686190198.45967,319
1686190198.4768212,318
1686190198.4888272,318
1686190198.500795,318
1686190198.5177305,319
1686190198.5298414,319
1686190198.5420482,318
1686190198.5577333,318
1686190198.5708995,318
1686190198.5825658,318
1686190198.5994174,319
1686190198.6118085,319
1686190198.6276734,318
1686190198.640783,318
1686190198.652825,317
1686190198.6685956,318
1686190198.6816566,319
1686190198.6938953,319
1686190198.7101364,318
1686190198.721896,318
1686190198.7348962,318
1686190198.75051,319
1686190198.7635584,319
1686190198.7759063,318
1686190198.7920187,317
1686190198.804062,316
1686190198.820839,316
1686190198.8326108,317
1686190198.8448796,318
1686190198.8619184,317
1686190198.8739505,317
1686190198.8859613,317
1686190198.901896,317
1686190198.9149232,318
1686190198.9274065,318
1686190198.9434524,317
1686190198.9562347,317
1686190198.9717517,317
1686190198.9843154,318
1686190198.9967337,319
1686190199.0131915,319
1686190199.0249314,318
1686190199.0378962,317
1686190199.0539339,317
1686190199.066873,318
1686190199.0786765,318
1686190199.0943284,317
1686190199.1074905,317
1686190199.119936,316
1686190199.1358943,317
1686190199.148672,318
1686190199.1648269,318
1686190199.1764667,318
1686190199.1886432,317
1686190199.20549,316
1686190199.2179654,317
1686190199.2295742,318
1686190199.2465901,318
1686190199.2585692,317
1686190199.271136,316
1686190199.2873268,317
1686190199.2993262,318
1686190199.3163269,318
1686190199.3288808,318
1686190199.3402874,317
1686190199.357237,317
1686190199.3697827,317
1686190199.3817284,318
1686190199.3979208,318
1686190199.4107606,317
1686190199.4229283,316
1686190199.4394314,316
1686190199.4515324,316
1686190199.4675765,317
1686190199.4802496,317
1686190199.4924576,316
1686190199.5088098,315
1686190199.521004,315
1686190199.5333035,316
1686190199.5493147,316
1686190199.5613523,316
1686190199.5742972,315
1686190199.590785,315
1686190199.6025019,317
1686190199.614505,321
1686190199.6319568,326
1686190199.6440392,333
1686190199.6608,339
1686190199.6718936,344
1686190199.684932,349
1686190199.7014573,353
1686190199.7136955,356
1686190199.7260716,354
1686190199.7419693,350
1686190199.7544036,344
1686190199.766571,337
1686190199.7834442,329
1686190199.7955556,321
1686190199.8118489,314
1686190199.8241715,308
1686190199.8359325,305
1686190199.8527484,303
1686190199.8654308,303
1686190199.8768363,303
1686190199.8939373,302
1686190199.9060283,302
1686190199.9188247,303
1686190199.934185,304
1686190199.9471076,305
1686190199.9593792,306
1686190199.975855,306
1686190199.987758,306
1686190200.0042698,307
1686190200.0162995,308
1686190200.0283008,309
1686190200.0453584,308
1686190200.0575876,308
1686190200.0696468,308
1686190200.085876,308
1686190200.0986683,309
1686190200.1108813,310
1686190200.1282878,309
1686190200.1393893,309
1686190200.1553416,310
1686190200.1684592,311
1686190200.1807666,312
1686190200.1968462,312
1686190200.2089837,312
1686190200.2217743,312
1686190200.2380214,312
1686190200.2499712,313
1686190200.2620609,314
1686190200.2789378,314
1686190200.2911398,313
1686190200.3069947,312
1686190200.319295,313
1686190200.3316886,314
1686190200.3479326,314
1686190200.3609273,313
1686190200.3730958,312
1686190200.3889508,312
1686190200.4018607,312
1686190200.4134715,313
1686190200.430704,313
1686190200.4427016,312
1686190200.4550047,311
1686190200.4713655,310
1686190200.483947,311
1686190200.4994943,311
1686190200.512589,311
1686190200.524503,309
1686190200.5408456,308
1686190200.552831,308
1686190200.5656483,308
1686190200.5819283,308
1686190200.5938666,307
1686190200.6067066,305
1686190200.6228902,304
1686190200.6351538,304
1686190200.6517637,304
1686190200.6638143,304
1686190200.6758037,303
1686190200.6928036,301
1686190200.7049022,301
1686190200.7168887,301
1686190200.733113,302
1686190200.7459235,302
1686190200.7572396,301
1686190200.7742333,300
1686190200.7869208,300
1686190200.7982993,301
1686190200.8150601,301
1686190200.827155,301
1686190200.8441036,300
1686190200.8559964,299
1686190200.8688374,299
1686190200.8849962,300
1686190200.8969538,301
1686190200.9098837,300
1686190200.926086,299
1686190200.9383478,299
1686190200.9505448,300
1686190200.9668574,301
1686190200.9788828,302
1686190200.9955356,301
1686190201.0074854,300
1686190201.0209398,301
1686190201.0359228,301
1686190201.048902,303
1686190201.0609002,303
1686190201.0771601,302
1686190201.0892205,301
1686190201.102019,301
1686190201.1178827,301
1686190201.1314135,301
1686190201.1463785,301
1686190201.159712,301
1686190201.1715498,301
1686190201.1877499,302
1686190201.200356,304
1686190201.2126331,306
1686190201.228684,306
1686190201.2407124,306
1686190201.2537029,306
1686190201.2696986,307
1686190201.281738,309
1686190201.2946954,310
1686190201.3104756,310
1686190201.3225076,309
1686190201.3395114,309
1686190201.351509,310
1686190201.3635757,311
1686190201.380509,311
1686190201.3925138,311
1686190201.4045095,311
1686190201.4215083,312
1686190201.4335535,313
1686190201.4455638,314
1686190201.4625115,314
1686190201.474579,314
1686190201.4905767,314
1686190201.5035133,314
1686190201.5150244,315
1686190201.5322707,316
1686190201.5440593,316
1686190201.5565324,316
1686190201.5726135,316
1686190201.5851657,317
1686190201.5971372,319
1686190201.6135194,319
1686190201.6255682,319
1686190201.6387706,319
1686190201.6547709,320
1686190201.6668298,321
1686190201.683085,322
1686190201.6960604,322
1686190201.7080274,322
1686190201.724027,322
1686190201.7365716,322
1686190201.7486072,323
1686190201.765542,324
1686190201.7780359,325
1686190201.7900648,324
1686190201.8063457,324
1686190201.81834,325
1686190201.8343425,326
1686190201.847282,327
1686190201.8593426,327
1686190201.8762968,326
1686190201.8885467,327
1686190201.900543,328
1686190201.9166253,329
1686190201.9286258,330
1686190201.9416244,329
1686190201.9576788,329
1686190201.9704735,329
1686190201.9824731,329
1686190201.9991703,330
1686190202.011166,330
1686190202.0275056,329
1686190202.0395217,329
1686190202.0525086,329
1686190202.0685592,329
1686190202.0805073,329
1686190202.092861,328
1686190202.109907,327
1686190202.121883,327
1686190202.1339197,327
1686190202.1498587,328
1686190202.1627493,328
1686190202.1785798,328
1686190202.1911912,327
1686190202.2032106,327
1686190202.2201953,328
1686190202.232196,329
1686190202.2441964,329
1686190202.261197,328
1686190202.273195,328
1686190202.285368,328
1686190202.3013694,329
1686190202.3145552,329
1686190202.3303742,329
1686190202.3430016,329
1686190202.3549998,328
1686190202.371083,328
1686190202.3840039,329
1686190202.3960693,330
1686190202.4119976,329
1686190202.424251,328
1686190202.4373152,328
1686190202.4534552,328
1686190202.465158,329
1686190202.47816,329
1686190202.4943209,328
1686190202.506341,327
1686190202.5232887,327
1686190202.5353036,327
1686190202.5472863,328
1686190202.564281,328
1686190202.5762782,327
1686190202.5885582,325
1686190202.6044576,325
1686190202.6174884,326
1686190202.629457,326
1686190202.645543,326
1686190202.6584942,325
1686190202.6747165,324
1686190202.686453,324
1686190202.6994011,324
1686190202.7154067,325
1686190202.7274654,324
1686190202.7401578,323
1686190202.7562263,323
1686190202.7691655,323
1686190202.7811666,324
1686190202.7969697,324
1686190202.8096006,323
1686190202.8224406,323
1686190202.8382514,322
1686190202.8503518,324
1686190202.867306,324
1686190202.878872,325
1686190202.8918824,324
1686190202.908437,323
1686190202.9204295,323
1686190202.9325123,325
1686190202.9494505,325
1686190202.9613347,325
1686190202.9733348,324
1686190202.9897306,324
1686190203.0026793,324
1686190203.0188317,325
1686190203.0306776,326
1686190203.0425937,325
1686190203.0597591,324
1686190203.0718274,324
1686190203.0838273,325
1686190203.101031,325
1686190203.1131382,326
1686190203.1248167,325
1686190203.141765,324
1686190203.153757,324
1686190203.1698148,324
1686190203.1819608,325
1686190203.194976,325
1686190203.2109642,324
1686190203.222982,324
1686190203.2360377,324
1686190203.2520266,325
1686190203.2640226,325
1686190203.2769828,325
1686190203.2935152,324
1686190203.3051794,323
1686190203.3171828,323
1686190203.3341424,324
1686190203.3461254,325
1686190203.362184,324
1686190203.3751369,324
1686190203.3875005,323
1686190203.4031672,323
1686190203.4161327,324
1686190203.4283674,324
1686190203.4442556,323
1686190203.4572592,323
1686190203.4692523,323
1686190203.4854727,324
1686190203.49759,324
1686190203.5139186,324
1686190203.5265932,323
1686190203.5386474,323
1686190203.5556538,323
1686190203.567583,324
1686190203.5795894,324
1686190203.596596,323
1686190203.6085873,322
1686190203.6206455,322
1686190203.6365852,322
1686190203.6496468,323
1686190203.6621628,323
1686190203.6783519,322
1686190203.6902874,322
1686190203.7063613,322
1686190203.7185066,322
1686190203.7314754,322
1686190203.7474895,322
1686190203.760477,322
1686190203.7724721,321
1686190203.7885382,320
1686190203.8005352,321
1686190203.8134716,322
1686190203.8296516,321
1686190203.8416104,321
1686190203.857621,320
1686190203.8706596,320
1686190203.882672,321
1686190203.8996146,321
1686190203.911621,321
1686190203.923676,320
1686190203.939608,320
1686190203.9526057,320
1686190203.9648454,321
1686190203.9809465,321
1686190203.9936116,320
1686190204.0096774,319
1686190204.0226111,319
1686190204.0346136,320
1686190204.0505402,321
1686190204.0633903,321
1686190204.0753894,320
1686190204.0913892,319
1686190204.103598,319
1686190204.1164405,320
1686190204.1324532,320
1686190204.1443908,320
1686190204.157397,319
1686190204.1735346,318
1686190204.1855457,319
1686190204.2017884,319
1686190204.214799,320
1686190204.2267272,319
1686190204.242768,318
1686190204.255734,317
1686190204.2679455,318
1686190204.283785,319
1686190204.2969222,319
1686190204.3088021,319
1686190204.3247373,318
1686190204.3377287,318
1686190204.3538013,319
1686190204.3662696,320
1686190204.377771,320
1686190204.394843,319
1686190204.406839,318
1686190204.4197347,319
1686190204.4362195,319
1686190204.4481735,320
1686190204.4605122,320
1686190204.476469,319
1686190204.4891036,318
1686190204.5015826,319
1686190204.5173235,319
1686190204.5301113,320
1686190204.5458992,319
1686190204.5589554,318
1686190204.5710547,317
1686190204.5869124,318
1686190204.5999665,319
1686190204.6121366,319
1686190204.628704,318
1686190204.6403913,318
1686190204.653468,318
1686190204.6698732,318
1686190204.6818376,319
1686190204.6979728,319
1686190204.7103174,318
1686190204.7223313,318
1686190204.738795,317
1686190204.7508037,318
1686190204.7638667,318
1686190204.7797992,318
1686190204.7921262,317
1686190204.8047996,316
1686190204.8211303,317
1686190204.8331301,318
1686190204.848797,318
1686190204.8619463,318
1686190204.8738506,317
1686190204.8908544,317
1686190204.9028225,317
1686190204.915118,318
1686190204.9317956,319
1686190204.9437892,318
1686190204.9564843,317
1686190204.9728715,317
1686190204.9848106,318
1686190204.997325,319
1686190205.0135853,318
1686190205.0253742,318
1686190205.0419524,317
1686190205.0546565,317
1686190205.0667012,318
1686190205.0833151,318
1686190205.0953603,318
1686190205.1076698,317
1686190205.1233108,316
1686190205.1365228,317
1686190205.148628,318
1686190205.1653826,318
1686190205.1773016,318
1686190205.193633,317
1686190205.2063086,317
1686190205.218351,317
1686190205.234354,318
1686190205.2463543,318
1686190205.259291,317
1686190205.275797,316
1686190205.2875998,316
1686190205.3003683,317
1686190205.3162925,318
1686190205.3292933,318
1686190205.3453963,317
1686190205.3573508,316
1686190205.3696694,316
1686190205.3863108,317
1686190205.3983839,317
1686190205.411831,317
1686190205.4270308,316
1686190205.4393456,316
1686190205.4520998,316
1686190205.4680858,317
1686190205.480044,318
1686190205.4930003,317
1686190205.5087094,316
1686190205.5217323,316
1686190205.537982,316
1686190205.5500371,317
1686190205.5620854,316
1686190205.5790427,316
1686190205.5910153,314
1686190205.6033883,314
1686190205.6193764,315
1686190205.6320865,315
1686190205.6440065,315
1686190205.6603897,314
1686190205.6730716,313
1686190205.6892757,313
1686190205.7019773,314
1686190205.7139852,315
1686190205.729907,314
1686190205.742275,314
1686190205.7549813,314
1686190205.770923,316
1686190205.7839196,319
1686190205.7961721,320
1686190205.811979,321
1686190205.8239143,323
1686190205.836902,326
1686190205.8529673,329
1686190205.864916,333
1686190205.881988,337
1686190205.8939726,340
1686190205.9062433,343
1686190205.9229012,346
1686190205.9349003,349
1686190205.9469602,351
1686190205.9634278,352
1686190205.9760332,352
1686190205.9882443,352
1686190206.0047638,351
1686190206.0168266,351
1686190206.0334814,350
1686190206.045432,349
1686190206.057426,347
1686190206.0744104,346
1686190206.0864103,346
1686190206.0994062,346
1686190206.1154108,346
1686190206.1284153,345
1686190206.1396859,344
1686190206.1564748,344
1686190206.1689456,344
1686190206.180712,344
1686190206.1974747,344
1686190206.2096179,343
1686190206.2260854,342
1686190206.23837,342
1686190206.250476,343
1686190206.2666898,342
1686190206.2793844,342
1686190206.2913826,339
1686190206.308593,336
1686190206.3203661,334
1686190206.332649,331
1686190206.3482447,328
1686190206.3611712,325
1686190206.377471,319
1686190206.390122,314
1686190206.4021795,308
1686190206.4181242,301
1686190206.4301484,294
1686190206.4431965,287
1686190206.4592087,279
1686190206.4714458,274
1686190206.484129,270
1686190206.5003824,267
1686190206.512127,265
1686190206.5281222,262
1686190206.5412588,262
1686190206.553467,262
1686190206.5701408,264
1686190206.5821345,268
1686190206.5944664,270
1686190206.6112094,272
1686190206.6231682,275
1686190206.635441,279
1686190206.652139,283
1686190206.664442,287
1686190206.676126,290
1686190206.6931922,292
1686190206.7049766,295
1686190206.721171,299
1686190206.7341764,303
1686190206.7463868,305
1686190206.7621467,307
1686190206.7743578,309
1686190206.7871976,310
1686190206.803184,313
1686190206.815164,315
1686190206.8281708,315
1686190206.8444462,315
1686190206.8561,315
1686190206.8731768,314
1686190206.8851607,314
1686190206.8978012,313
1686190206.9140258,312
1686190206.9262743,311
1686190206.9387317,311
1686190206.9546518,312
1686190206.9673445,314
1686190206.9795895,315
1686190206.9963105,315
1686190207.0083263,315
1686190207.0203264,315
1686190207.036986,315
1686190207.0490007,315
1686190207.0653603,314
1686190207.0780153,314
1686190207.0901113,313
1686190207.1063411,313
1686190207.1190534,313
1686190207.1310909,314
1686190207.1469898,314
1686190207.159087,314
1686190207.1721263,314
1686190207.1882126,314
1686190207.2009642,316
1686190207.2171447,317
1686190207.2299397,317
1686190207.2418098,317
1686190207.257874,317
1686190207.2701256,318
1686190207.2828875,319
1686190207.2987187,319
1686190207.3113801,318
1686190207.3233528,317
1686190207.339363,317
1686190207.3524363,318
1686190207.3683589,318
1686190207.3803601,318
1686190207.3934293,317
1686190207.4097075,317
1686190207.4216797,317
1686190207.4343686,318
1686190207.4507186,318
1686190207.462979,318
1686190207.4754248,317
1686190207.4917052,317
1686190207.5033576,318
1686190207.516377,319
1686190207.5325708,319
1686190207.5443792,319
1686190207.5613606,318
1686190207.5733533,318
1686190207.585679,319
1686190207.602325,319
1686190207.6142728,320
1686190207.6266143,319
1686190207.643257,318
1686190207.655261,319
1686190207.6673148,319
1686190207.6843297,320
1686190207.6965694,320
1686190207.7123208,319
1686190207.7252557,318
1686190207.7373562,318
1686190207.7536075,319
1686190207.7659433,319
1686190207.7782903,319
1686190207.7942646,318
1686190207.806568,317
1686190207.8193471,317
1686190207.8352664,318
1686190207.8478782,318
1686190207.8603268,318
1686190207.8766003,317
1686190207.8882253,317
1686190207.9053068,318
1686190207.91757,318
1686190207.9292393,319
1686190207.9464397,318
1686190207.9583008,317
1686190207.9702282,317
1686190207.9873111,318
1686190207.9992318,319
1686190208.0112488,319
1686190208.028226,318
1686190208.0402398,317
1686190208.056581,317
1686190208.0692825,318
1686190208.0812836,319
1686190208.0972853,318
1686190208.110228,317
1686190208.122362,316
1686190208.1385667,317
1686190208.151303,317
1686190208.1632948,318
1686190208.179248,317
1686190208.1916156,316
1686190208.2082756,316
1686190208.2210186,317
1686190208.232949,317
1686190208.2493122,317
1686190208.261045,316
1686190208.2740228,316
1686190208.290023,316
1686190208.302256,317
1686190208.3150194,318
1686190208.3311467,317
1686190208.3432388,316
1686190208.3559506,316
1686190208.3722107,316
1686190208.3842967,317
1686190208.4001944,317
1686190208.413206,316
1686190208.4256856,315
1686190208.4416068,314
1686190208.4539287,315
1686190208.4666584,316
1686190208.4825804,316
1686190208.4946058,316
1686190208.5067096,315
1686190208.5239098,315
1686190208.535905,316
1686190208.5515964,317
1686190208.5646033,317
1686190208.5765998,316
1686190208.5935829,315
1686190208.6056597,316
1686190208.618375,317
1686190208.6343052,317
1686190208.6463785,317
1686190208.6586196,315
1686190208.6753798,315
1686190208.6873214,316
1686190208.7036755,317
1686190208.716359,318
1686190208.7282963,317
1686190208.744281,316
1686190208.7573574,316
1686190208.7692842,317
1686190208.7856061,318
1686190208.7980838,318
1686190208.8102007,318
1686190208.8271484,317
1686190208.839215,317
1686190208.8514712,318
1686190208.8674395,319
1686190208.8801336,318
1686190208.8961816,317
1686190208.9084742,317
1686190208.9211292,317
1686190208.9378924,318
1686190208.9494812,318
1686190208.9621933,318
1686190208.9784808,316
1686190208.990437,316
1686190209.003128,316
1686190209.0192547,317
1686190209.031119,317
1686190209.0482,316
1686190209.06014,316
1686190209.0724788,316
1686190209.0891945,317
1686190209.1016827,318
1686190209.1136777,317
1686190209.1299055,317
1686190209.141985,316
1686190209.1546607,316
1686190209.1708748,317
1686190209.1829836,318
1686190209.1947243,318
1686190209.211762,318
1686190209.223897,317
1686190209.2405784,318
1686190209.2525666,319
1686190209.2648842,319
1686190209.2816465,319
1686190209.293578,318
1686190209.3060436,318
1686190209.3223386,319
1686190209.334031,319
1686190209.346995,320
1686190209.3633373,319
1686190209.3749807,319
1686190209.3919754,319
1686190209.4043336,320
1686190209.4163454,321
1686190209.4329724,321
1686190209.4453225,320
1686190209.4573538,320
1686190209.4740474,320
1686190209.4862747,321
1686190209.4990253,321
1686190209.514929,321
1686190209.5268626,320
1686190209.5391836,319
1686190209.555737,320
1686190209.5674775,321
1686190209.5845363,321
1686190209.5967855,320
1686190209.6087906,319
1686190209.6255507,319
1686190209.6374824,319
1686190209.6498163,320
1686190209.6664815,320
1686190209.6785104,319
1686190209.69062,319
1686190209.7076852,319
1686190209.719525,320
1686190209.7358146,321
1686190209.7485228,321
1686190209.7604868,320
1686190209.7765207,320
1686190209.7885132,320
1686190209.8015127,321
1686190209.817513,322
1686190209.830444,321
1686190209.842104,320
1686190209.8590202,320
1686190209.8713133,320
1686190209.8870628,321
1686190209.900038,322
1686190209.9120219,321
1686190209.9281945,320
1686190209.9409611,320
1686190209.9532204,321
1686190209.9693377,321
1686190209.9820406,321
1686190209.9943159,320
1686190210.009959,319
1686190210.0229664,319
1686190210.0351508,319
1686190210.0513978,320
1686190210.0637388,320
1686190210.0797052,319
1686190210.0924597,318
1686190210.1043909,318
1686190210.1207564,319
1686190210.1333914,319
1686190210.145469,319
1686190210.1614528,318
1686190210.1744623,318
1686190210.186438,318
1686190210.2029614,319
1686190210.214926,319
1686190210.2316744,318
1686190210.2440443,317
1686190210.256297,317
1686190210.2719946,318
1686190210.2849698,319
1686190210.2975185,319
1686190210.3129253,318
1686190210.3258793,318
1686190210.337867,318
1686190210.3548918,319
1686190210.3665566,320
1686190210.3793669,320
1686190210.3956604,319
1686190210.4079895,318
1686190210.4239283,318
1686190210.4368258,319
1686190210.4489815,320
1686190210.4655092,319
1686190210.4771168,318
1686190210.4901092,318
1686190210.506128,318
1686190210.5181715,319
1686190210.530826,319
1686190210.5471613,318
1686190210.5594106,318
1686190210.5750782,317
1686190210.5880368,318
1686190210.599873,319
1686190210.6161373,319
1686190210.629075,318
1686190210.6410687,318
1686190210.6570659,318
1686190210.6700664,319
1686190210.6824343,320
1686190210.6981304,320
1686190210.7109766,319
1686190210.7270265,319
1686190210.7389796,320
1686190210.7519712,320
1686190210.7680311,321
1686190210.7800288,320
1686190210.7920306,319
1686190210.8090568,319
1686190210.8210897,320
1686190210.8331811,320
1686190210.8501394,320
1686190210.8624768,320
1686190210.874266,319
1686190210.8909357,319
1686190210.9029126,320
1686190210.918977,320
1686190210.931941,320
1686190210.944447,319
1686190210.9609618,318
1686190210.9738176,318
1686190210.985514,319
1686190211.001784,319
1686190211.0140681,319
1686190211.0259407,317
1686190211.0424423,317
1686190211.0550323,317
1686190211.0709858,318
1686190211.083573,318
1686190211.0960004,318
1686190211.1125762,317
1686190211.1246321,316
1686190211.137025,317
1686190211.1530106,318
1686190211.1657922,318
1686190211.1777494,317
1686190211.1938288,315
1686190211.2058814,315
1686190211.2189345,316
1686190211.2355406,317
1686190211.2477381,319
1686190211.2638476,322
1686190211.2758431,326
1686190211.2880695,334
1686190211.3049958,341
1686190211.3170905,347
1686190211.3296473,351
1686190211.3458164,352
1686190211.3578646,352
1686190211.3706896,349
1686190211.386893,344
1686190211.3989909,337
1686190211.414976,329
1686190211.428121,321
1686190211.4400055,315
1686190211.4560478,311
1686190211.467952,309
1686190211.4809554,306
1686190211.4973834,304
1686190211.5093076,302
1686190211.521927,302
1686190211.5379138,303
1686190211.5507357,304
1686190211.5670702,305
1686190211.579269,305
1686190211.5908809,305
1686190211.607895,306
1686190211.6204746,308
1686190211.6321728,309
1686190211.6482165,309
1686190211.6612163,309
1686190211.673765,310
1686190211.68984,310
1686190211.7017484,312
1686190211.7137806,313
1686190211.7307894,313
1686190211.7431517,312
1686190211.7594934,313
1686190211.7713876,314
1686190211.784033,315
1686190211.8007429,315
1686190211.8127546,314
1686190211.825187,314
1686190211.8417158,314
1686190211.8537917,315
1686190211.8663266,316
1686190211.8816917,315
1686190211.8949783,315
1686190211.9108655,315
1686190211.9229844,316
1686190211.9349847,317
1686190211.9520743,317
1686190211.9644213,316
1686190211.9766715,315
1686190211.9930735,315
1686190212.005664,316
1686190212.017171,317
1686190212.0339658,317
1686190212.0455658,316
1686190212.0619931,316
1686190212.0749242,316
1686190212.0873926,317
1686190212.103559,318
1686190212.1159997,318
1686190212.1279974,317
1686190212.1440957,317
1686190212.1561587,317
1686190212.1690958,318
1686190212.1856992,319
1686190212.197814,319
1686190212.2098076,319
1686190212.2259643,318
1686190212.2388902,319
1686190212.2549458,320
1686190212.2669997,320
1686190212.2789936,320
1686190212.2954216,319
1686190212.3087785,319
1686190212.3198776,319
1686190212.3369522,320
1686190212.349312,320
1686190212.3617983,319
1686190212.3776293,318
1686190212.3903148,318
1686190212.4068897,319
1686190212.4189801,319
1686190212.4309282,319
1686190212.4478006,317
1686190212.4594657,316
1686190212.4721167,316
1686190212.4887767,317
1686190212.5007856,317
1686190212.5126603,317
1686190212.5291471,316
1686190212.5416133,316
1686190212.5541542,317
1686190212.5706778,317
1686190212.5819468,318
1686190212.5986753,317
1686190212.6106744,317
1686190212.624042,317
1686190212.6402214,318
1686190212.651925,319
1686190212.663962,319
1686190212.6809673,318
1686190212.6933699,318
1686190212.705886,318
1686190212.7215223,318
1686190212.7342713,319
1686190212.7503252,319
1686190212.7622716,318
1686190212.7752705,318
1686190212.791144,318
1686190212.8043404,319
1686190212.8157628,320
1686190212.8320622,319
1686190212.844856,318
1686190212.8570051,318
1686190212.873019,318
1686190212.8850172,320
1686190212.9010162,320
1686190212.9136858,319
1686190212.9269788,319
1686190212.9438753,319
1686190212.9557228,320
1686190212.967786,321
1686190212.984155,321
1686190212.996325,320
1686190213.0083616,319
1686190213.0249677,320
1686190213.0367243,321
1686190213.0495367,321
1686190213.066233,321
1686190213.0781605,320
1686190213.093967,319
1686190213.107078,319
1686190213.1191597,320
1686190213.1359003,320
1686190213.1479094,319
1686190213.1597147,318
1686190213.1767366,318
1686190213.1888576,318
1686190213.2004075,319
1686190213.2176363,319
1686190213.229585,319
1686190213.2459466,318
1686190213.2578762,318
1686190213.2710407,319
1686190213.2869964,320
1686190213.2989974,320
1686190213.3117816,319
1686190213.3280215,318
1686190213.340654,319
1686190213.3529696,320
1686190213.3688717,320
1686190213.3817048,320
1686190213.3936725,319
1686190213.410151,318
1686190213.4226453,319
1686190213.4388452,319
1686190213.4510896,320
1686190213.4628565,319
1686190213.479078,318
1686190213.4920948,317
1686190213.505115,317
1686190213.5206964,318
1686190213.5323644,318
1686190213.545532,317
1686190213.561666,316
1686190213.5740533,316
1686190213.5898745,317
1686190213.6022575,318
1686190213.614952,318
1686190213.630618,317
1686190213.6437335,316
1686190213.655852,316
1686190213.6717675,317
1686190213.6848822,318
1686190213.6960099,318
1686190213.7127948,317
1686190213.7254696,317
1686190213.7408519,317
1686190213.7540114,318
1686190213.766603,319
1686190213.7828925,318
1686190213.794926,317
1686190213.8073459,317
1686190213.8234525,317
1686190213.836133,318
1686190213.8478186,318
1686190213.864898,317
1686190213.8769197,316
1686190213.889199,316
1686190213.9058752,317
1686190213.917982,318
1686190213.933554,317
1686190213.9467986,316
1686190213.9587708,316
1686190213.9751887,317
1686190213.9876688,318
1686190213.9998894,318
1686190214.015982,318
1686190214.028754,317
1686190214.0406756,316
1686190214.0573885,317
1686190214.0695946,318
1686190214.0852757,319
1686190214.0979419,318
1686190214.1104586,317
1686190214.1265159,317
1686190214.1394722,318
1686190214.1517076,319
1686190214.1677535,319
1686190214.179748,318
1686190214.1920676,317
1686190214.2082899,317
1686190214.220482,318
1686190214.2336895,319
1686190214.2498434,319
1686190214.261434,318
1686190214.278454,318
1686190214.2905564,318
1686190214.3029852,319
1686190214.3190422,319
1686190214.3317857,318
1686190214.3438575,318
1686190214.3598292,317
1686190214.3725998,318
1686190214.38481,319
1686190214.4009037,319
1686190214.414216,318
1686190214.42993,317
1686190214.4420793,317
1686190214.4545984,317
1686190214.4710517,318
1686190214.4830577,317
1686190214.49576,316
1686190214.5119152,315
1686190214.5238974,315
1686190214.535978,316
1686190214.5528886,317
1686190214.5652995,318
1686190214.5817337,317
1686190214.5940816,317
1686190214.6058795,318
1686190214.622677,320
1686190214.6346788,320
1686190214.6475894,320
1686190214.6629415,319
1686190214.675614,319
1686190214.6876078,319
1686190214.7047067,320
1686190214.7167983,320
1686190214.7290092,319
1686190214.7450078,318
1686190214.757963,318
1686190214.7736666,319
1686190214.7859998,319
1686190214.7980192,319
1686190214.81507,318
1686190214.8272343,317
1686190214.838898,317
1686190214.855381,318
1686190214.8674302,319
1686190214.880001,318
1686190214.8969593,317
1686190214.908868,317
1686190214.9249265,317
1686190214.937891,318
1686190214.9498777,318
1686190214.966242,317
1686190214.9789896,317
1686190214.9914184,317
1686190215.0069466,318
1686190215.0190346,318
1686190215.0319984,319
1686190215.0487664,318
1686190215.0606475,317
1686190215.0730414,316
1686190215.0902507,317
1686190215.1010468,318
1686190215.1179423,317
1686190215.1306782,317
1686190215.1427133,316
1686190215.158945,317
1686190215.1709492,318
1686190215.183924,318
1686190215.200333,318
1686190215.2124915,317
1686190215.2247467,317
1686190215.240931,317
1686190215.2529275,318
1686190215.2698789,319
1686190215.2818625,318
1686190215.2945204,317
1686190215.3103147,317
1686190215.3228402,318
1686190215.3354707,318
1686190215.3516579,318
1686190215.3631794,317
1686190215.3761632,316
1686190215.392162,316
1686190215.4042368,317
1686190215.4211195,318
1686190215.4328072,318
1686190215.445742,318
1686190215.4618661,317
1686190215.4745157,318
1686190215.4867754,318
1686190215.503118,319
1686190215.515062,319
1686190215.5273952,318
1686190215.544024,318
1686190215.5566587,319
1686190215.5686622,319
1686190215.5849934,320
1686190215.5970037,319
1686190215.6137948,318
1686190215.6259513,318
1686190215.6377897,319
1686190215.6547003,320
1686190215.666984,320
1686190215.6793377,319
1686190215.6949475,318
1686190215.7077868,318
1686190215.7201662,319
1686190215.735877,320
1686190215.749317,319
1686190215.764847,318
1686190215.7772841,317
1686190215.7898252,317
1686190215.8060489,318
1686190215.8186414,319
1686190215.830636,318
1686190215.8473642,318
1686190215.859583,317
1686190215.8714054,318
1686190215.8874578,319
1686190215.9004219,319
1686190215.912407,318
1686190215.9287782,317
1686190215.9409826,317
1686190215.9574258,318
1686190215.970184,319
1686190215.982525,319
1686190215.9989588,318
1686190216.0109563,317
1686190216.0229383,317
1686190216.0391295,318
1686190216.0519884,318
1686190216.0644498,318
1686190216.0805824,316
1686190216.0926142,316
1686190216.1092815,316
1686190216.1214733,317
1686190216.1338649,318
1686190216.149947,317
1686190216.162838,316
1686190216.1749027,316
1686190216.1908505,316
1686190216.2032886,317
1686190216.2158365,317
1686190216.231816,316
1686190216.244755,315
1686190216.2600284,315
1686190216.2728784,315
1686190216.284987,316
1686190216.3009691,316
1686190216.3140476,315
1686190216.3258147,315
1686190216.3425984,315
1686190216.3549612,316
1686190216.3670084,317
1686190216.3836927,316
1686190216.3959556,314
1686190216.4078548,313
1686190216.4248588,313
1686190216.436789,314
1686190216.4530547,315
1686190216.4647925,314
1686190216.4777935,313
1686190216.4937994,313
1686190216.5067477,314
1686190216.5188084,315
1686190216.5349925,315
1686190216.546748,315
1686190216.5597289,314
1686190216.5760548,314
1686190216.5878167,315
1686190216.604747,316
1686190216.6170726,316
1686190216.6296098,315
1686190216.6457567,314
1686190216.6579266,315
1686190216.6700625,316
1686190216.6867838,317
1686190216.6987846,317
1686190216.7108052,315
1686190216.7278984,315
1686190216.7399147,316
1686190216.7559004,317
1686190216.768904,317
1686190216.7809157,316
1686190216.7972155,315
1686190216.809893,315
1686190216.8220415,316
1686190216.8388925,317
1686190216.8499608,317
1686190216.862912,316
1686190216.878951,316
1686190216.891894,316
1686190216.9039047,317
1686190216.9202082,317
1686190216.932966,317
1686190216.9488997,316
1686190216.9611263,315
1686190216.973235,316
1686190216.9900303,317
1686190217.0022655,317
1686190217.0138938,317
1686190217.030903,316
1686190217.043081,316
1686190217.0549629,316
1686190217.0718925,317
1686190217.0840588,317
1686190217.1002786,316
1686190217.1129441,314
1686190217.1249611,315
1686190217.141247,315
1686190217.15402,316
1686190217.1659665,315
1686190217.181965,314
1686190217.1942704,313
1686190217.2069569,314
1686190217.2232888,314
1686190217.2353344,315
1686190217.2481117,315
1686190217.2640488,315
1686190217.276103,317
1686190217.29257,320
1686190217.3053107,323
1686190217.3181982,327
1686190217.3343015,330
1686190217.346192,334
1686190217.35851,337
1686190217.375201,342
1686190217.3872204,347
1686190217.3991976,350
1686190217.415548,351
1686190217.4282053,353
1686190217.4442012,355
1686190217.4564614,357
1686190217.4691832,358
1686190217.4855182,358
1686190217.4981802,358
1686190217.5102432,357
1686190217.5260942,356
1686190217.5388079,356
1686190217.5507765,355
1686190217.5667684,353
1686190217.5798318,352
1686190217.5957778,350
1686190217.6080983,350
1686190217.6208353,349
1686190217.6367204,348
1686190217.6490235,346
1686190217.6610224,344
1686190217.6777353,342
1686190217.690037,341
1686190217.7024949,340
1686190217.7189257,339
1686190217.7313247,337
1686190217.7437713,335
1686190217.7596292,333
1686190217.7723136,332
1686190217.7885065,329
1686190217.8003721,324
1686190217.8133368,317
1686190217.8293328,310
1686190217.8416939,302
1686190217.8536937,295
1686190217.870386,287
1686190217.8823216,280
1686190217.8953285,273
1686190217.9113045,267
1686190217.9233036,264
1686190217.9395516,263
1686190217.9525337,263
1686190217.9645185,262
1686190217.9808676,262
1686190217.9925342,264
1686190218.0055382,268
1686190218.021807,271
1686190218.0338671,273
1686190218.0462303,276
1686190218.0630138,278
1686190218.075184,282
1686190218.0908525,286
1686190218.1038928,290
1686190218.1158519,293
1686190218.1318502,296
1686190218.145104,299
1686190218.1574247,302
1686190218.1735916,306
1686190218.1855204,310
1686190218.1975784,312
1686190218.2145598,314
1686190218.2267473,316
1686190218.2387745,318
1686190218.2546835,320
1686190218.2677104,322
1686190218.2837522,321
1686190218.29563,320
1686190218.3088558,319
1686190218.3249717,319
1686190218.3376837,319
1686190218.349638,319
1686190218.3658962,317
1686190218.3778722,317
1686190218.3905413,317
1686190218.406977,318
1686190218.4186058,318
1686190218.4355562,318
1686190218.4478602,317
1686190218.4598956,316
1686190218.4765427,317
1686190218.4885423,318
1686190218.500858,319
1686190218.5175538,318
1686190218.529551,317
1686190218.5415714,317
1686190218.5586164,318
1686190218.5705495,319
1686190218.58287,319
1686190218.599716,319
1686190218.6117258,318
1686190218.62758,318
1686190218.6403124,319
1686190218.6529741,320
1686190218.6689816,320
1686190218.681279,319
1686190218.6932602,319
1686190218.7100096,319
1686190218.7219362,320
1686190218.7343113,320
1686190218.751034,320
1686190218.7629514,319
1686190218.77933,319
1686190218.7920597,319
1686190218.8043287,320
1686190218.8209774,320
1686190218.8329778,320
1686190218.845269,319
1686190218.860967,318
1686190218.8739622,319
1686190218.8859518,319
1686190218.9027956,320
1686190218.9150126,319
1686190218.927188,318
1686190218.9439583,318
1686190218.9560075,319
1686190218.9719582,320
1686190218.9839976,320
1686190218.9969656,319
1686190219.01326,318
1686190219.025232,319
1686190219.0374436,319
1686190219.0544596,320
1686190219.0661473,319
1686190219.0784695,318
1686190219.0951498,317
1686190219.1071649,318
1686190219.1231546,319
1686190219.1361701,319
1686190219.1482658,319
1686190219.164462,318
1686190219.1774964,318
1686190219.1896403,318
1686190219.2055035,319
1686190219.217806,320
1686190219.230484,319
1686190219.2465892,318
1686190219.2584546,317
1686190219.2745087,318
1686190219.287502,319
1686190219.2995021,319
1686190219.316495,318
1686190219.328522,317
1686190219.3405054,317
1686190219.3568065,318
1686190219.3695078,318
1686190219.3815196,318
1686190219.3975017,317
1686190219.4105225,317
1686190219.422514,318
1686190219.4385645,319
1686190219.4515154,320
1686190219.4675138,319
1686190219.4795632,318
1686190219.4925132,317
1686190219.5085227,318
1686190219.5205028,319
1686190219.533509,319
1686190219.5497258,318
1686190219.562499,317
1686190219.5745585,317
1686190219.5905116,317
1686190219.6025128,318
1686190219.6185114,318
1686190219.6316092,317
1686190219.6438222,316
1686190219.6604984,316
1686190219.6725085,317
1686190219.684529,318
1686190219.7015595,317
1686190219.7137804,316
1686190219.725803,316
1686190219.742566,316
1686190219.7548468,316
1686190219.7705007,317
1686190219.7835002,316
1686190219.7952359,316
1686190219.812413,316
1686190219.8242319,317
1686190219.8363738,318
1686190219.8529322,318
1686190219.8652468,317
1686190219.8773797,317
1686190219.893278,317
1686190219.906235,318
1686190219.9181855,318
1686190219.9348845,318
1686190219.946862,317
1686190219.9631958,316
1686190219.9758701,316
1686190219.9878767,317
1686190220.003858,317
1686190220.0168738,317
1686190220.0288634,316
1686190220.0455873,316
1686190220.05759,316
1686190220.0698996,318
1686190220.085564,318
1686190220.09859,318
1686190220.1146219,317
1686190220.126566,317
1686190220.1395895,318
1686190220.1556683,319
1686190220.1685696,319
1686190220.180582,318
1686190220.1968737,317
1686190220.2088885,318
1686190220.2215805,318
1686190220.2375796,319
1686190220.25014,319
1686190220.2621572,318
1686190220.2781463,317
1686190220.2909122,317
1686190220.3066509,318
1686190220.3198032,318
1686190220.3319476,317
1686190220.3486478,316
1686190220.360893,316
1686190220.3729112,316
1686190220.389655,317
1686190220.4019446,317
1686190220.4140053,316
1686190220.4300542,315
1686190220.4419694,314
1686190220.4589717,314
1686190220.470951,315
1686190220.4830158,314
1686190220.4999716,313
1686190220.5122468,312
1686190220.5239716,311
1686190220.5409508,312
1686190220.5532002,312
1686190220.5653195,311
1686190220.5819738,310
1686190220.5939708,309
1686190220.610288,309
1686190220.6229458,309
1686190220.6351194,309
1686190220.6509597,307
1686190220.6639702,306
1686190220.6760526,305
1686190220.692264,305
1686190220.7049518,305
1686190220.717108,306
1686190220.7330625,305
1686190220.745883,303
1686190220.7578826,303
1686190220.7739568,304
1686190220.7868931,304
1686190220.8031275,304
1686190220.8151202,304
1686190220.8269408,303
1686190220.8439472,303
1686190220.8562188,304
1686190220.8689363,304
1686190220.8849196,304
1686190220.8972156,303
1686190220.9089255,303
1686190220.9254377,303
1686190220.938433,304
1686190220.9549375,305
1686190220.9669287,304
1686190220.9789586,303
1686190220.9957716,303
1686190221.0079331,304
1686190221.0201313,305
1686190221.0364933,305
1686190221.0485497,305
1686190221.0606034,304
1686190221.0776074,304
1686190221.0897033,306
1686190221.1015809,307
1686190221.118604,307
1686190221.1306849,307
1686190221.146579,307
1686190221.1596432,307
1686190221.1715991,309
1686190221.18813,310
1686190221.2000842,310
1686190221.2120674,309
1686190221.2288263,309
1686190221.2415073,310
1686190221.2534986,310
1686190221.2699792,311
1686190221.2814894,310
1686190221.2984576,309
1686190221.3106408,309
1686190221.323583,310
1686190221.338853,310
1686190221.3518503,311
1686190221.3638408,310
1686190221.3798428,310
1686190221.3928456,310
1686190221.4049077,311
1686190221.4212441,312
1686190221.433179,312
1686190221.4495497,312
1686190221.4623048,312
1686190221.4750562,312
1686190221.4914913,314
1686190221.5033233,314
1686190221.5157866,313
1686190221.5320785,312
1686190221.544275,312
1686190221.5563025,313
1686190221.5729768,314
1686190221.5849717,315
1686190221.5973463,315
1686190221.6139846,315
1686190221.6260343,316
1686190221.642301,317
1686190221.6549833,318
1686190221.6669588,319
1686190221.6839774,319
1686190221.6959903,319
1686190221.7082727,319
1686190221.7249837,320
1686190221.7369812,321
1686190221.749556,321
1686190221.7657163,321
1686190221.7773874,321
1686190221.7939215,321
1686190221.8057857,322
1686190221.8189237,322
1686190221.8351114,322
1686190221.8474784,321
1686190221.8599048,321
1686190221.8765357,322
1686190221.8878887,323
1686190221.9008372,324
1686190221.917444,323
1686190221.929283,322
1686190221.9456036,323
1686190221.9579685,323
1686190221.9699776,324
1686190221.9863086,324
1686190221.999083,322
1686190222.0110776,321
1686190222.0278108,321
1686190222.0397882,322
1686190222.051765,323
1686190222.0684593,322
1686190222.0810554,321
1686190222.0935106,320
1686190222.1098554,319
1686190222.1218452,319
1686190222.1382184,319
1686190222.1507857,319
1686190222.1630437,318
1686190222.179053,317
1686190222.191656,317
1686190222.2039273,318
1686190222.2202213,318
1686190222.2325912,317
1686190222.2442844,316
1686190222.2612946,316
1686190222.2732835,316
1686190222.2892888,317
1686190222.3022246,317
1686190222.3142474,315
1686190222.3307345,314
1686190222.3427372,315
1686190222.3547378,315
1686190222.3718007,315
1686190222.3838,314
1686190222.3958097,313
1686190222.412754,311
1686190222.42516,310
1686190222.4368389,311
1686190222.4538486,311
1686190222.4660347,311
1686190222.4825552,310
1686190222.494044,310
1686190222.507041,311
1686190222.523627,313
1686190222.535326,314
1686190222.5478408,313
1686190222.5644534,312
1686190222.5766187,312
1686190222.5890484,313
1686190222.605028,313
1686190222.61834,312
1686190222.633026,311
1686190222.64566,310
1686190222.6584396,310
1686190222.6749246,310
1686190222.6869695,311
1686190222.6995683,310
1686190222.7156694,310
1686190222.727738,311
1686190222.7396884,313
1686190222.756889,318
1686190222.7690713,323
1686190222.7851284,329
1686190222.797099,335
1686190222.8101232,341
1686190222.8272367,346
1686190222.838446,350
1686190222.8510652,351
1686190222.8673873,350
1686190222.8794014,346
1686190222.891999,342
1686190222.9086893,337
1686190222.92051,333
1686190222.9330482,327
1686190222.9487243,322
1686190222.9617958,317
1686190222.9774547,313
1686190222.9895196,312
1686190223.0025353,309
1686190223.019202,307
1686190223.0311635,306
1686190223.0429504,304
1686190223.0600448,306
1686190223.0720255,308
1686190223.0842226,309
1686190223.1011183,310
1686190223.113398,311
1686190223.129051,314
1686190223.1413562,316
1686190223.1539614,319
1686190223.1700466,321
1686190223.1820524,322
1686190223.1951072,323
1686190223.2114463,324
1686190223.2235143,326
1686190223.236334,327
1686190223.2522573,327
1686190223.2647908,326
1686190223.2770963,324
1686190223.2937107,324
1686190223.3050892,323
1686190223.3217301,322
1686190223.3342059,322
1686190223.3472285,320
1686190223.3629577,319
1686190223.3754497,320
1686190223.387642,320
1686190223.4035716,320
1686190223.4165804,320
1686190223.428138,319
1686190223.4451528,318
1686190223.4565332,319
1686190223.4729545,319
1686190223.4861996,318
1686190223.4979405,317
1686190223.514517,317
1686190223.5268686,317
1686190223.5390575,318
1686190223.5557613,319
1686190223.5678046,320
1686190223.5804255,320
1686190223.5957816,320
1686190223.6087248,322
1686190223.6254497,324
1686190223.6370566,326
1686190223.649776,326
1686190223.6657362,326
1686190223.677901,327
1686190223.6903257,328
1686190223.7071993,330
1686190223.7187996,331
1686190223.731099,331
1686190223.7481093,330
1686190223.7600935,330
1686190223.772109,331
1686190223.7882419,333
1686190223.8012292,333
1686190223.8177533,332
1686190223.8301005,331
1686190223.8420932,331
1686190223.8581808,332
1686190223.8709176,333
1686190223.8833382,332
1686190223.8990505,330
1686190223.9111025,330
1686190223.9240928,329
1686190223.940832,330
1686190223.9529564,331
1686190223.9690259,330
1686190223.9818165,329
1686190223.993832,329
1686190224.0102336,329
1686190224.0222466,331
1686190224.0348666,332
1686190224.0514522,331
1686190224.0635111,331
1686190224.0758574,330
1686190224.092179,331
1686190224.104094,332
1686190224.1167278,332
1686190224.1329432,331
1686190224.145345,330
1686190224.1623292,330
1686190224.174069,331
1686190224.186481,331
1686190224.202793,330
1686190224.2150497,329
1686190224.2269595,328
1686190224.2431588,328
1686190224.2561567,329
1686190224.2685184,329
1686190224.283983,328
1686190224.2969422,328
1686190224.3129134,327
1686190224.3249807,328
1686190224.3378625,328
1686190224.354426,328
1686190224.3666277,326
1686190224.3788295,325
1686190224.395233,325
1686190224.4074576,325
1686190224.419702,325
1686190224.436109,325
1686190224.4484549,323
1686190224.4609244,322
1686190224.4769943,321
1686190224.4894056,322
1686190224.5057821,322
1686190224.5180645,322
1686190224.5303211,320
1686190224.545992,319
1686190224.5590544,319
1686190224.5710607,320
1686190224.5873773,320
1686190224.6000338,319
1686190224.6125162,318
1686190224.6281576,317
1686190224.6409354,318
1686190224.6574962,318
1686190224.6695936,318
1686190224.6818547,317
1686190224.6976438,315
1686190224.7109852,315
1686190224.7220998,315
1686190224.7395015,315
1686190224.7515554,314
1686190224.763542,312
1686190224.7803595,311
1686190224.7921572,311
1686190224.8080792,311
1686190224.8212276,311
1686190224.8337152,311
1686190224.8495095,309
1686190224.8621104,308
1686190224.874131,307
1686190224.8908198,308
1686190224.903283,307
1686190224.915044,307
1686190224.9317935,306
1686190224.944023,306
1686190224.9564521,306
1686190224.9723835,307
1686190224.9851358,308
1686190225.0013409,307
1686190225.0130317,307
1686190225.0259356,307
1686190225.0419772,309
1686190225.0539799,310
1686190225.0669575,310
1686190225.0836973,310
1686190225.0950003,310
1686190225.1079254,311
1686190225.1245573,313
1686190225.136441,314
1686190225.1520123,314
1686190225.1653152,314
1686190225.1782596,314
1686190225.194034,315
1686190225.2060683,316
1686190225.2179685,316
1686190225.2349672,316
1686190225.2471783,315
1686190225.259132,315
1686190225.2758708,316
1686190225.287787,317
1686190225.3006783,317
1686190225.3170686,316
1686190225.329081,314
1686190225.3457048,313
1686190225.357745,313
1686190225.3699646,313
1686190225.3860278,312
1686190225.3985431,311
1686190225.4106865,310
1686190225.4267364,311
1686190225.4398458,312
1686190225.4512792,313
1686190225.4675484,313
1686190225.4799442,313
1686190225.4968457,313
1686190225.5095112,314
1686190225.521787,316
1686190225.537714,317
1686190225.550403,317
1686190225.5624585,317
1686190225.5789602,318
1686190225.5914795,319
1686190225.6033614,320
1686190225.619072,321
1686190225.6330693,321
1686190225.6481001,321
1686190225.6607969,321
1686190225.6731727,322
1686190225.689516,322
1686190225.701094,321
1686190225.7141557,319
1686190225.7306454,317
1686190225.7424912,315
1686190225.7550652,314
1686190225.7710693,314
1686190225.7838,312
1686190225.7960024,311
1686190225.8124568,311
1686190225.8241105,313
1686190225.8411195,315
1686190225.852974,316
1686190225.864954,317
1686190225.8820057,317
1686190225.8942227,319
1686190225.9068546,320
1686190225.9229991,322
1686190225.9350684,323
1686190225.9473815,323
1686190225.9638312,323
1686190225.9760714,323
1686190225.99213,324
1686190226.0047984,325
1686190226.0174384,325
1686190226.0338368,324
1686190226.0457942,324
1686190226.0582402,325
1686190226.0746155,326
1686190226.0867364,327
1686190226.099176,326
1686190226.1151056,325
1686190226.127775,326
1686190226.1400437,326
1686190226.1568768,327
1686190226.1683989,328
1686190226.1844516,327
1686190226.197495,326
1686190226.2098143,325
1686190226.225909,326
1686190226.2385714,327
1686190226.250734,326
1686190226.2665102,325
1686190226.279506,324
1686190226.2912238,324
1686190226.3079617,325
1686190226.3202405,326
1686190226.3361986,325
1686190226.3487914,325
1686190226.3605888,324
1686190226.3769674,325
1686190226.389914,326
1686190226.4022872,326
1686190226.4184592,325
1686190226.4311926,324
1686190226.4431098,324
1686190226.459143,324
1686190226.4717963,324
1686190226.4881556,323
1686190226.5000918,322
1686190226.5120974,321
1686190226.5289502,321
1686190226.5414028,322
1686190226.553195,322
1686190226.569737,322
1686190226.5826821,321
1686190226.5948048,320
1686190226.611014,320
1686190226.622638,320
1686190226.636028,321
1686190226.6521525,320
1686190226.664606,319
1686190226.680492,318
1686190226.692728,318
1686190226.7054987,318
1686190226.7216015,318
1686190226.7337205,318
1686190226.745755,317
1686190226.762382,318
1686190226.7743738,319
1686190226.7869852,320
1686190226.8037715,321
1686190226.8158655,321
1686190226.831295,321
1686190226.8442261,322
1686190226.8567522,323
1686190226.8734689,324
1686190226.8848577,324
1686190226.8978395,324
1686190226.9142246,323
1686190226.9260774,324
1686190226.9388344,324
1686190226.9546275,325
1686190226.967729,324
1686190226.979777,323
1686190226.9961152,323
1686190227.0085924,323
1686190227.0252671,324
1686190227.0369482,324
1686190227.0495226,323
1686190227.0657513,322
1686190227.0778618,322
1686190227.0904891,322
1686190227.1059892,323
1686190227.1189573,323
1686190227.1315143,321
1686190227.1476948,321
1686190227.159968,321
1686190227.176477,321
1686190227.1879542,322
1686190227.2009966,321
1686190227.2166324,321
1686190227.2291603,320
1686190227.2420554,320
1686190227.2582254,321
1686190227.2704196,321
1686190227.2831025,321
1686190227.2990222,320
1686190227.311199,319
1686190227.3235073,319
1686190227.340009,321
1686190227.3526134,321
1686190227.3687983,320
1686190227.381124,319
1686190227.3931699,319
1686190227.4098454,320
1686190227.4220252,321
1686190227.4347022,320
1686190227.4510343,319
1686190227.463153,319
1686190227.4750776,319
1686190227.4912283,319
1686190227.5039427,320
1686190227.5199935,319
1686190227.532327,318
1686190227.5446887,318
1686190227.5615256,318
1686190227.5735683,319
1686190227.5857718,319
1686190227.6018372,319
1686190227.6145544,318
1686190227.6267946,318
1686190227.6429696,319
1686190227.6547127,320
1686190227.671662,320
1686190227.6839738,319
1686190227.696975,318
1686190227.7131393,318
1686190227.7249606,319
1686190227.737638,320
1686190227.7537594,319
1686190227.7660148,318
1686190227.7785826,318
1686190227.7948053,318
1686190227.806548,318
1686190227.81915,319
1686190227.8357334,318
1686190227.8480291,317
1686190227.8643658,316
1686190227.8764384,317
1686190227.8885696,318
1686190227.905013,318
1686190227.9175158,318
1686190227.9300182,317
1686190227.9459643,316
1686190227.9580202,317
1686190227.9709873,317
1686190227.9869618,317
1686190227.9992783,316
1686190228.0160742,316
1686190228.0280461,316
1686190228.03996,317
1686190228.0569828,317
1686190228.069314,317
1686190228.081277,316
1686190228.0976439,315
1686190228.1103988,316
1686190228.1226103,316
1686190228.1386137,317
1686190228.1510208,316
1686190228.1669137,316
1686190228.1796274,316
1686190228.191893,316
1686190228.2086413,317
1686190228.2207456,318
1686190228.2328143,317
1686190228.2493672,317
1686190228.2616751,317
1686190228.2736785,317
1686190228.2896304,319
1686190228.302271,318
1686190228.3145247,318
1686190228.3304274,317
1686190228.3435004,317
1686190228.3597865,318
1686190228.3720887,318
1686190228.3847675,318
1686190228.4007976,317
1686190228.4128258,317
1686190228.424754,317
1686190228.4418242,317
1686190228.4537568,318
1686190228.4658396,317
1686190228.4828632,316
1686190228.4951093,316
1686190228.5108457,317
1686190228.5238538,318
1686190228.5360663,318
1686190228.5521514,317
1686190228.5648584,317
1686190228.5768735,316
1686190228.5936663,317
1686190228.605601,317
1686190228.6176689,317
1686190228.634619,316
1686190228.6466677,315
1686190228.6588528,316
1686190228.6746817,316
1686190228.687099,316
1686190228.704161,316
1686190228.71611,315
1686190228.7284448,314
1686190228.7451186,314
1686190228.757107,315
1686190228.7694297,315
1686190228.7859018,313
1686190228.797752,312
1686190228.8097444,312
1686190228.8267612,312
1686190228.838928,313
1686190228.8556037,312
1686190228.867652,311
1686190228.879883,310
1686190228.896636,310
1686190228.9088583,312
1686190228.9215696,314
1686190228.937639,315
1686190228.9495802,316
1686190228.9617908,318
1686190228.9777586,321
1686190228.9907544,326
1686190229.0067973,331
1686190229.0197346,335
1686190229.031757,338
1686190229.0480442,342
1686190229.0600493,345
1686190229.072743,348
1686190229.0887392,351
1686190229.1008062,352
1686190229.1137536,352
1686190229.1297357,352
1686190229.1420538,353
1686190229.1547525,354
1686190229.1710675,353
1686190229.1827886,352
1686190229.1991253,350
1686190229.2118456,349
1686190229.2244148,348
1686190229.2404041,349
1686190229.2524025,347
1686190229.2648873,345
1686190229.281582,343
1686190229.293601,342
1686190229.305561,340
1686190229.3225873,340
1686190229.3346999,339
1686190229.3508348,336
1686190229.3635736,335
1686190229.3756533,334
1686190229.391499,333
1686190229.4045346,332
1686190229.416512,331
1686190229.4327142,330
1686190229.4455044,330
1686190229.4575574,329
1686190229.4735026,329
1686190229.4865067,328
1686190229.4982889,326
1686190229.5150774,324
1686190229.5270343,322
1686190229.543028,322
1686190229.5561025,321
1686190229.5683804,319
1686190229.5840874,316
1686190229.5970418,312
1686190229.609119,309
1686190229.6253371,305
1686190229.6380436,300
1686190229.6501296,291
1686190229.666233,282
1686190229.6790314,272
1686190229.6946063,264
1686190229.7076285,256
1686190229.7193174,250
1686190229.736053,245
1686190229.7487843,241
1686190229.7607987,241
1686190229.7767801,243
1686190229.789101,247
1686190229.8017988,251
1686190229.8177822,255
1686190229.8298268,260
1686190229.8468304,265
1686190229.8589375,271
1686190229.8711283,276
1686190229.8879035,281
1686190229.8998306,285
1686190229.9117517,288
1686190229.9287553,293
1686190229.9408298,298
1686190229.9530838,301
1686190229.9697723,304
1686190229.981719,306
1686190229.9940188,308
1686190230.0107076,311
1686190230.022874,314
1686190230.0388994,315
1686190230.0517607,315
1686190230.0634634,314
1686190230.0802145,314
1686190230.0924072,313
1686190230.1050766,312
1686190230.1211622,310
1686190230.1331444,307
1686190230.1451163,304
1686190230.1622164,303
1686190230.1743772,303
1686190230.190086,303
1686190230.2030945,303
1686190230.2151253,303
1686190230.2318134,303
1686190230.2439613,304
1686190230.2558057,306
1686190230.272803,307
1686190230.2848296,308
1686190230.2968588,308
1686190230.313856,309
1686190230.3259037,310
1686190230.337925,313
1686190230.354859,314
1686190230.366844,314
1686190230.3829317,314
1686190230.395831,315
1686190230.407902,317
1686190230.4241836,318
1686190230.4368577,319
1686190230.4488606,318
1686190230.4650905,318
1686190230.4769046,319
1686190230.489835,319
1686190230.506164,320
1686190230.5179584,320
1686190230.5349355,319
1686190230.546849,319
1686190230.5593407,320
1686190230.5753055,320
1686190230.5882528,321
1686190230.6002603,321
1686190230.616461,320
1686190230.6292841,320
1686190230.6415694,321
1686190230.6573305,322
1686190230.6701927,322
1686190230.6855626,322
1686190230.698574,321
1686190230.710877,320
1686190230.7272046,321
1686190230.739626,322
1686190230.7518756,322
1686190230.7680888,321
1686190230.7805583,321
1686190230.7928727,321
1686190230.8095608,322
1686190230.8216257,322
1686190230.834111,322
1686190230.8499944,321
1686190230.8622093,321
1686190230.8789988,321
1686190230.8910854,322
1686190230.9029076,322
1686190230.91992,321
1686190230.9322543,321
1686190230.9447258,321
1686190230.9607291,321
1686190230.9732563,322
1686190230.985402,322
1686190231.0015273,321
1686190231.0141854,320
1686190231.0301914,321
1686190231.0425074,322
1686190231.0552056,322
1686190231.0715587,321
1686190231.0835636,321
1686190231.0962057,321
1686190231.1121972,321
1686190231.1242535,322
1686190231.1372106,322
1686190231.1531892,321
1686190231.165895,320
1686190231.1782768,320
1686190231.1942506,320
1686190231.2066126,321
1686190231.2226238,321
1686190231.2352564,321
1686190231.2474656,321
1686190231.2636278,321
1686190231.276249,321
1686190231.288367,322
1686190231.3044183,322
1686190231.317413,322
1686190231.32953,321
1686190231.3451338,321
1686190231.3581347,322
1686190231.3745377,322
1686190231.3866823,322
1686190231.3985844,321
1686190231.4155233,321
1686190231.4275348,322
1686190231.4398563,323
1686190231.456381,323
1686190231.4682338,323
1686190231.4812317,322
1686190231.4970694,322
1686190231.5095332,322
1686190231.5251663,323
1686190231.5383692,323
1686190231.5504827,322
1686190231.5671935,320
1686190231.5791671,320
1686190231.5915062,321
1686190231.6081817,321
1686190231.6201804,320
1686190231.6320443,319
1686190231.6490355,318
1686190231.6611307,318
1686190231.673474,319
1686190231.6894062,320
1686190231.7014031,319
1686190231.7184808,318
1686190231.7304177,317
1686190231.742751,318
1686190231.759404,318
1686190231.771745,319
1686190231.7834058,318
1686190231.800415,317
1686190231.812734,317
1686190231.8254282,317
1686190231.841404,317
1686190231.853426,317
1686190231.8697476,316
1686190231.8824048,316
1686190231.8943863,316
1686190231.9107401,317
1686190231.9234102,318
1686190231.9353883,318
1686190231.951755,317
1686190231.9644208,317
1686190231.9765446,317
1686190231.9927413,318
1686190232.0054195,319
1686190232.0175745,319
1686190232.0339477,318
1686190232.0463867,318
1686190232.0624926,319
1686190232.0750408,320
1686190232.087033,320
1686190232.1031308,319
1686190232.1160388,319
1686190232.1280186,319
1686190232.1440144,320
1686190232.1568189,321
1686190232.169238,321
1686190232.184798,320
1686190232.1977768,320
1686190232.2138126,320
1686190232.2257767,321
1686190232.2387598,321
1686190232.255021,321
1686190232.2667482,320
1686190232.2799141,320
1686190232.2959616,320
1686190232.3078897,321
1686190232.32091,322
1686190232.3369312,321
1686190232.3488474,321
1686190232.3646424,320
1686190232.3779027,321
1686190232.3896308,322
1686190232.4067388,322
1686190232.418681,322
1686190232.431328,322
1686190232.447381,322
1686190232.459366,323
1686190232.472333,324
1686190232.4885807,323
1686190232.500313,323
1686190232.5134835,322
1686190232.5295784,322
1686190232.5418963,323
1686190232.5579512,324
1686190232.5702243,324
1686190232.582273,324
1686190232.5992148,323
1686190232.6112292,324
1686190232.623538,324
1686190232.640214,325
1686190232.6522148,324
1686190232.6642134,323
1686190232.6812122,323
1686190232.693228,323
1686190232.7095547,324
1686190232.7222326,324
1686190232.7342832,323
1686190232.7502277,323
1686190232.7632296,322
1686190232.7745838,323
1686190232.7916465,323
1686190232.803834,324
1686190232.8155096,322
1686190232.8325217,322
1686190232.8455298,322
1686190232.8568487,322
1686190232.8735363,323
1686190232.8857932,323
1686190232.9018564,322
1686190232.9146767,322
1686190232.9267962,322
1686190232.942843,322
1686190232.9555137,323
1686190232.9675884,323
1686190232.9835718,322
1686190232.9965067,322
1686190233.0087569,321
1686190233.0245986,322
1686190233.037537,322
1686190233.0534968,321
1686190233.0654712,320
1686190233.0784965,319
1686190233.0947323,320
1686190233.1067967,321
1686190233.1194751,321
1686190233.1357424,320
1686190233.1474679,319
1686190233.1604931,319
1686190233.1764836,320
1686190233.1890528,321
1686190233.2048323,321
1686190233.217477,320
1686190233.2295308,319
1686190233.2465234,320
1686190233.2584767,321
1686190233.2708085,321
1686190233.287487,320
1686190233.2994788,320
1686190233.3119147,320
1686190233.3285258,320
1686190233.340107,321
1686190233.3520517,321
1686190233.3689992,320
1686190233.3814154,319
1686190233.397408,319
1686190233.4098077,320
1686190233.4227376,320
1686190233.4382415,320
1686190233.451375,320
1686190233.4637344,319
1686190233.4792128,319
1686190233.4917722,320
1686190233.5040858,320
1686190233.5201573,320
1686190233.5326765,319
1686190233.5489202,319
1686190233.5616517,319
1686190233.5737748,320
1686190233.5906806,320
1686190233.6024237,319
1686190233.614601,318
1686190233.6305964,318
1686190233.6436698,319
1686190233.656012,319
1686190233.6718786,320
1686190233.6848173,319
1686190233.6965861,318
1686190233.7131815,318
1686190233.7260003,319
1686190233.741308,320
1686190233.754345,319
1686190233.7665427,318
1686190233.7829874,318
1686190233.7949975,318
1686190233.8069818,319
1686190233.8239782,319
1686190233.8359802,319
1686190233.8479922,318
1686190233.8640523,317
1686190233.8770459,318
1686190233.892998,318
1686190233.905045,319
1686190233.9179842,318
1686190233.9340565,317
1686190233.9460614,317
1686190233.9580503,318
1686190233.9749978,319
1686190233.987661,319
1686190234.0000014,318
1686190234.016058,317
1686190234.0279307,317
1686190234.0438888,318
1686190234.0567033,319
1686190234.0693727,319
1686190234.08615,318
1686190234.0981092,318
1686190234.1101599,318
1686190234.1261559,318
1686190234.1391008,318
1686190234.1516209,317
1686190234.1676183,316
1686190234.1800828,315
1686190234.1924982,315
1686190234.208881,316
1686190234.2214487,316
1686190234.237525,315
1686190234.2497454,315
1686190234.2613962,318
1686190234.2783692,324
1686190234.2907932,334
1686190234.302362,344
1686190234.3193672,354
1686190234.3317957,363
1686190234.3439276,369
1686190234.3604338,373
1686190234.3726687,373
1686190234.3890414,369
1686190234.4017045,360
1686190234.413158,349
1686190234.4295628,337
1686190234.4424262,327
1686190234.4548306,317
1686190234.4709432,308
1686190234.4828684,300
1686190234.4954603,295
1686190234.5112326,293
1686190234.5242794,292
1686190234.5368106,292
1686190234.5528948,291
1686190234.5649395,291
1686190234.581547,292
1686190234.5936387,293
1686190234.605997,295
1686190234.6220038,296
1686190234.634822,297
1686190234.6466432,297
1686190234.662958,299
1686190234.675745,301
1686190234.6879404,303
1686190234.7043743,304
1686190234.716348,305
1686190234.7333162,305
1686190234.744963,306
1686190234.757713,308
1686190234.773694,309
1686190234.7866585,309
1686190234.7980347,309
1686190234.8150277,309
1686190234.8270319,310
1686190234.839694,312
1686190234.855775,313
1686190234.8687978,313
1686190234.883871,313
1686190234.8970113,315
1686190234.9087813,316
1686190234.92583,319
1686190234.9373388,321
1686190234.9504373,322
1686190234.9666636,325
1686190234.978107,328
1686190234.9911077,332
1686190235.0078185,336
1686190235.0196362,340
1686190235.0323389,343
1686190235.048514,344
1686190235.060796,346
1686190235.076272,347
1686190235.0897613,346
1686190235.1018257,344
1686190235.1179888,341
1686190235.1304371,339
1686190235.1423492,336
1686190235.1591666,335
1686190235.171376,333
1686190235.1836612,330
1686190235.2000954,327
1686190235.2124715,324
1686190235.2278163,322
1686190235.2410293,321
1686190235.2535589,318
1686190235.2694287,316
1686190235.2814522,314
1686190235.295043,313
1686190235.310647,313
1686190235.3226402,314
1686190235.3346934,314
1686190235.351075,313
1686190235.3639991,313
1686190235.3757656,314
1686190235.3928175,316
1686190235.4048657,316
1686190235.4214268,314
1686190235.4338286,312
1686190235.4451246,309
1686190235.4623287,306
1686190235.4747553,301
1686190235.4866843,296
1686190235.5033371,291
1686190235.5154028,286
1686190235.5276175,283
1686190235.5441828,281
1686190235.5556617,280
1686190235.5727756,279
1686190235.5849156,277
1686190235.5971699,277
1686190235.6135144,277
1686190235.6255202,278
1686190235.637523,279
1686190235.6546023,279
1686190235.6670215,279
1686190235.6788106,279
1686190235.6954114,280
1686190235.7074099,281
1686190235.7233067,282
1686190235.7363517,282
1686190235.7489073,281
1686190235.7653344,281
1686190235.7775135,283
1686190235.7893698,284
1686190235.8064718,285
1686190235.8181534,285
1686190235.8302147,286
1686190235.8464797,286
1686190235.8594246,288
1686190235.871738,289
1686190235.8881063,290
1686190235.900775,291
1686190235.916725,291
1686190235.9286733,293
1686190235.9417124,295
1686190235.9577966,297
1686190235.9703393,298
1686190235.982554,299
1686190235.9986393,301
1686190236.0104406,303
1686190236.0234308,305
1686190236.0401874,307
1686190236.0520103,307
1686190236.0683405,308
1686190236.080414,310
1686190236.0931964,312
1686190236.1093202,314
1686190236.1217806,315
1686190236.134198,315
1686190236.1503668,316
1686190236.1619468,318
1686190236.1749043,320
1686190236.1915827,322
1686190236.203689,324
1686190236.2157407,325
1686190236.232191,326
1686190236.2438312,328
1686190236.2603543,330
1686190236.2736118,332
1686190236.2855494,332
1686190236.301526,332
1686190236.3140352,333
1686190236.3257217,334
1686190236.3427548,335
1686190236.3546174,336
1686190236.3668065,336
1686190236.383676,336
1686190236.3956852,336
1686190236.4117453,337
1686190236.424595,339
1686190236.4366305,339
1686190236.4536774,339
1686190236.4657476,339
1686190236.4778526,340
1686190236.494545,341
1686190236.5068336,342
1686190236.5191917,340
1686190236.53459,339
1686190236.5475874,339
1686190236.5636404,340
1686190236.5761766,341
1686190236.5883954,342
1686190236.604896,342
1686190236.6174035,342
1686190236.6293948,341
1686190236.645391,342
1686190236.658379,343
1686190236.670053,343
1686190236.686902,343
1686190236.699179,343
1686190236.7113297,344
1686190236.728065,345
1686190236.7399538,346
1686190236.75731,345
1686190236.768576,344
1686190236.7806768,342
1686190236.7970326,341
1686190236.8089478,341
1686190236.8219516,340
1686190236.8379602,339
1686190236.8507247,337
1686190236.8624763,336
1686190236.8791199,336
1686190236.891821,336
1686190236.9080007,336
1686190236.9196024,336
1686190236.9325495,335
1686190236.9489706,334
1686190236.960838,334
1686190236.9738255,334
1686190236.9891093,334
1686190237.0025156,333
1686190237.014658,331
1686190237.030842,330
1686190237.0438948,330
1686190237.0549643,330
1686190237.071847,329
1686190237.0842044,328
1686190237.1001406,326
1686190237.1126783,326
1686190237.125387,326
1686190237.141505,325
1686190237.1538024,324
1686190237.165999,322
1686190237.1821454,321
1686190237.194528,320
1686190237.2070682,320
1686190237.2232487,320
1686190237.2358239,319
1686190237.252139,319
1686190237.263899,319
1686190237.2765763,319
1686190237.292681,320
1686190237.3049285,321
1686190237.3176377,320
1686190237.3337855,320
1686190237.3458357,319
1686190237.3587964,320
1686190237.3749707,320
1686190237.3875153,320
1686190237.3994613,318
1686190237.4153883,317
1686190237.4276316,317
1686190237.4446507,317
1686190237.4565032,317
1686190237.469003,317
1686190237.485771,316
1686190237.4978502,315
1686190237.5097818,315
1686190237.5261202,316
1686190237.5386999,317
1686190237.5510035,316
1686190237.5668073,316
1686190237.579089,316
1686190237.596119,316
1686190237.6080546,317
1686190237.6208746,317
1686190237.63675,316
1686190237.6495652,315
1686190237.6614687,315
1686190237.677462,316
1686190237.6894934,316
1686190237.7028215,316
1686190237.718671,315
1686190237.7313762,315
1686190237.747534,315
1686190237.7600071,316
1686190237.7723596,317
1686190237.788648,317
1686190237.801179,316
1686190237.8131812,316
1686190237.82897,317
1686190237.8416083,317
1686190237.8543518,318
1686190237.870445,318
1686190237.8826704,317
1686190237.895279,317
1686190237.9112785,318
1686190237.9232798,319
1686190237.9404674,319
1686190237.952758,320
1686190237.9644442,320
1686190237.9813702,320
1686190237.9934478,321
1686190238.00611,321
1686190238.0229983,321
1686190238.034655,319
1686190238.0461342,318
1686190238.0630198,318
1686190238.0753052,318
1686190238.0907538,317
1686190238.1039348,316
1686190238.1163936,315
1686190238.1321867,314
1686190238.1443787,314
1686190238.1574664,314
1686190238.1738727,314
1686190238.1856356,312
1686190238.1981657,311
1686190238.2142117,311
1686190238.2270956,311
1686190238.2428615,312
1686190238.255732,312
1686190238.2679067,311
1686190238.2836022,310
1686190238.2957597,311
1686190238.3087296,311
1686190238.3254175,311
1686190238.3375282,311
1686190238.350137,310
1686190238.3661551,309
1686190238.378621,309
1686190238.390823,310
1686190238.4071162,310
1686190238.4191604,310
1686190238.4357622,309
1686190238.4473956,309
1686190238.4602137,310
1686190238.4764397,310
1686190238.4890218,310
1686190238.5007079,309
1686190238.51745,308
1686190238.529543,308
1686190238.542565,308
1686190238.5585287,308
1686190238.5710046,308
1686190238.5872254,307
1686190238.59926,306
1686190238.6118681,306
1686190238.62815,307
1686190238.6402144,307
1686190238.6521742,307
1686190238.6692526,306
1686190238.681566,306
1686190238.6931195,306
1686190238.7106807,306
1686190238.7227726,307
1686190238.7346673,306
1686190238.7510524,306
1686190238.7633157,306
1686190238.7798405,307
1686190238.7921457,308
1686190238.804131,309
1686190238.8202648,308
1686190238.833137,307
1686190238.8451538,308
1686190238.8611593,308
1686190238.8741562,309
1686190238.8864477,309
1686190238.9031823,309
1686190238.9145465,308
1686190238.931582,308
1686190238.9435134,309
1686190238.955857,310
1686190238.9726574,309
1686190238.9846451,309
1686190238.9971278,308
1686190239.0133724,309
1686190239.0253673,309
1686190239.0373738,310
1686190239.0541863,310
1686190239.0658684,309
1686190239.0789704,309
1686190239.0953007,310
1686190239.107651,310
1686190239.1234105,311
1686190239.1364007,311
1686190239.1484087,310
1686190239.1648965,310
1686190239.1764112,312
1686190239.1894848,313
1686190239.2059708,313
1686190239.2179646,313
1686190239.2305872,313
1686190239.2466893,314
1686190239.2591014,315
1686190239.2751167,316
1686190239.287738,316
1686190239.2994828,315
1686190239.3165815,315
1686190239.3289084,316
1686190239.340412,316
1686190239.358024,317
1686190239.369442,317
1686190239.3818078,317
1686190239.398035,317
1686190239.4105272,318
1686190239.426699,319
1686190239.4386785,320
1686190239.4511173,320
1686190239.468109,320
1686190239.4800458,320
1686190239.4920485,321
1686190239.5091212,322
1686190239.5211344,322
1686190239.5331252,322
1686190239.549092,322
1686190239.5620463,322
1686190239.5743995,323
1686190239.5904627,324
1686190239.603146,323
1686190239.6190965,323
1686190239.6310854,323
1686190239.6441686,323
1686190239.6601455,324
1686190239.6720908,325
1686190239.6850882,324
1686190239.7013566,323
1686190239.7137961,323
1686190239.7257776,323
1686190239.742107,324
1686190239.754837,325
1686190239.7707694,324
1686190239.7828765,324
1686190239.7960646,324
1686190239.81198,325
1686190239.8237662,326
1686190239.8358371,326
1686190239.8528388,326
1686190239.865107,325
1686190239.8768315,326
1686190239.894193,327
1686190239.9063058,328
1686190239.9215147,327
1686190239.934518,326
1686190239.9464583,325
1686190239.9635222,325
1686190239.9757366,326
1686190239.9877868,326
1686190240.0044677,325
1686190240.016526,324
1686190240.0290315,323
1686190240.0454528,324
1686190240.0576518,324
1686190240.069458,324
1686190240.086471,323
1686190240.098905,323
1686190240.1149013,323
1686190240.1269567,323
1686190240.1389527,324
1686190240.1558945,323
1686190240.1678832,323
1686190240.179891,322
1686190240.1969013,322
1686190240.209166,322
1686190240.221254,322
1686190240.2380958,322
1686190240.2499454,321
1686190240.265956,320
1686190240.2789676,320
1686190240.2908854,321
1686190240.3072565,321
1686190240.3199012,320
1686190240.3318965,319
1686190240.3479083,319
1686190240.3604047,319
1686190240.3728225,319
1686190240.3895273,320
1686190240.401693,319
1686190240.4135025,318
1686190240.4305665,318
1686190240.4426546,318
1686190240.4588385,319
1686190240.4715266,319
1686190240.4835863,319
1686190240.4998176,320
1686190240.5121977,321
1686190240.524575,322
1686190240.5408213,324
1686190240.5535312,326
1686190240.565579,329
1686190240.5816061,331
1686190240.5938406,335
1686190240.6105144,339
1686190240.6228583,343
1686190240.6345243,345
1686190240.6515825,348
1686190240.6635716,349
1686190240.6758292,350
1686190240.692506,352
1686190240.7045257,352
1686190240.7168207,351
1686190240.7335718,349
1686190240.7457461,349
1686190240.7618022,348
1686190240.7745056,347
1686190240.7865586,346
1686190240.8027701,344
1686190240.8155081,343
1686190240.8278651,342
1686190240.8445096,342
1686190240.8565269,342
1686190240.8685207,340
1686190240.885234,338
1686190240.8970685,338
1686190240.9097779,339
1686190240.9260728,341
1686190240.9380822,342
1686190240.9544249,344
1686190240.96713,347
1686190240.9790795,349
1686190240.9954152,352
1686190241.0081363,355
1686190241.0200777,355
1686190241.0360632,354
1686190241.0491219,353
1686190241.0611184,351
1686190241.0771344,349
1686190241.0900664,347
1686190241.105739,343
1686190241.1184838,338
1686190241.1304238,334
1686190241.1474304,331
1686190241.159429,329
1686190241.1714683,325
1686190241.1877418,322
1686190241.2007158,316
1686190241.2126434,309
1686190241.2287638,300
1686190241.2414806,292
1686190241.2536006,284
1686190241.2694092,275
1686190241.2824805,267
1686190241.2986934,263
1686190241.310893,260
1686190241.3233418,259
1686190241.339715,257
1686190241.35176,257
1686190241.3643618,257
1686190241.3807232,259
1686190241.392788,262
1686190241.405046,265
1686190241.42177,268
1686190241.4340203,270
1686190241.4500372,272
1686190241.4627502,275
1686190241.4748807,279
1686190241.4907184,282
1686190241.5037167,285
1686190241.5159843,287
1686190241.5317621,290
1686190241.5447066,293
1686190241.5567832,297
1686190241.573019,299
1686190241.5850458,301
1686190241.6007044,302
1686190241.6140158,304
1686190241.6263456,307
1686190241.6427965,310
1686190241.654703,312
1686190241.6670353,314
1686190241.6837716,314
1686190241.695763,314
1686190241.7080362,315
1686190241.7247076,314
1686190241.7367613,313
1686190241.7497008,309
1686190241.7658432,306
1686190241.7778509,304
1686190241.7939007,304
1686190241.8067098,305
1686190241.818717,305
1686190241.8347018,305
1686190241.8477912,307
1686190241.860064,308
1686190241.8757188,310
1686190241.8887198,311
1686190241.9007723,311
1686190241.9170387,311
1686190241.9290452,312
1686190241.9457147,314
1686190241.958019,315
1686190241.9700577,316
1686190241.98682,316
1686190241.9987724,316
1686190242.0107758,316
1686190242.0277107,318
1686190242.0400057,319
1686190242.0520573,319
1686190242.0688055,318
1686190242.0809994,318
1686190242.093787,318
1686190242.1097767,319
1686190242.121707,319
1686190242.1380467,319
1686190242.1507711,318
1686190242.1627166,318
1686190242.179017,318
1686190242.1917264,319
1686190242.203929,318
1686190242.2197742,317
1686190242.2327778,316
1686190242.2448113,316
1686190242.2610428,316
1686190242.273811,317
1686190242.2897353,316
1686190242.3016925,315
1686190242.3147147,314
1686190242.3307073,314
1686190242.342635,315
1686190242.3556964,315
1686190242.3718405,315
1686190242.3836453,314
1686190242.396706,313
1686190242.4127114,314
1686190242.4257128,315
1686190242.440627,316
1686190242.453648,315
1686190242.4659607,314
1686190242.4817028,314
1686190242.4946597,314
1686190242.506603,314
1686190242.523648,314
1686190242.535608,313
1686190242.5479279,312
1686190242.5646117,312
1686190242.5766063,313
1686190242.5885873,314
1686190242.604914,313
1686190242.6176634,312
1686190242.6338978,311
1686190242.646143,311
1686190242.6582954,311
1686190242.6743448,311
1686190242.6873603,311
1686190242.6994529,310
1686190242.7155006,310
1686190242.728304,310
1686190242.7403688,311
1686190242.7566154,311
1686190242.7693446,311
1686190242.7852924,310
1686190242.7972937,310
1686190242.81036,311
1686190242.8263133,312
1686190242.8386333,312
1686190242.850297,311
1686190242.8673608,311
1686190242.8792975,311
1686190242.8914092,312
1686190242.9083233,313
1686190242.9202907,313
1686190242.936345,312
1686190242.9493558,312
1686190242.961291,312
1686190242.977424,313
1686190242.9903517,314
1686190243.0022893,314
1686190243.0182908,313
1686190243.0313616,312
1686190243.0433133,312
1686190243.0603745,314
1686190243.072365,314
1686190243.0842998,313
1686190243.1010761,313
1686190243.1132233,313
1686190243.1293397,314
1686190243.1420352,315
1686190243.1539552,315
1686190243.1707132,314
1686190243.1823308,314
1686190243.1952813,314
1686190243.2113361,315
1686190243.223614,316
1686190243.2363417,316
1686190243.2522752,315
1686190243.2643864,315
1686190243.2807121,315
1686190243.2933989,316
1686190243.3053672,317
1686190243.322319,316
1686190243.3343718,315
1686190243.346568,315
1686190243.3623676,315
1686190243.375386,316
1686190243.387696,317
1686190243.403961,317
1686190243.416448,317
1686190243.4286008,317
1686190243.4444473,318
1686190243.4574363,319
1686190243.4736993,319
1686190243.4854343,319
1686190243.4984274,319
1686190243.514383,319
1686190243.5263662,320
1686190243.5394537,321
1686190243.5554354,321
1686190243.5676897,320
1686190243.5797143,320
1686190243.5966966,320
1686190243.6089568,321
1686190243.6251352,322
1686190243.6371932,322
1686190243.6498988,321
1686190243.6659508,321
1686190243.6782167,321
1686190243.6909318,322
1686190243.706887,323
1686190243.7189293,322
1686190243.7319474,322
1686190243.748015,322
1686190243.7599514,323
1686190243.7758765,324
1686190243.7888696,324
1686190243.8009405,323
1686190243.8168802,323
1686190243.8298764,323
1686190243.8419697,323
1686190243.8579428,324
1686190243.8708768,324
1686190243.8838997,323
1686190243.899254,322
1686190243.9119546,323
1686190243.924225,323
1686190243.9398785,324
1686190243.952946,323
1686190243.9692183,322
1686190243.9815495,322
1686190243.9941554,322
1686190244.0103831,323
1686190244.0224123,323
1686190244.0346742,323
1686190244.051392,322
1686190244.0634604,322
1686190244.0756252,322
1686190244.092299,323
1686190244.104396,323
1686190244.1203346,322
1686190244.1329823,322
1686190244.1454227,322
1686190244.1613789,322
1686190244.173645,323
1686190244.1863441,323
1686190244.2026284,322
1686190244.2143419,322
1686190244.2274287,322
1686190244.2433996,323
1686190244.2559996,324
1686190244.2679906,324
1686190244.2839622,323
1686190244.2969093,322
1686190244.3132021,322
1686190244.3249502,323
1686190244.3381083,323
1686190244.354115,322
1686190244.3660593,321
1686190244.3791218,321
1686190244.3951762,322
1686190244.4072914,323
1686190244.4191077,323
1686190244.4361749,322
1686190244.4481034,322
1686190244.464391,322
1686190244.4772537,322
1686190244.4893353,323
1686190244.505234,323
1686190244.5182853,322
1686190244.5302384,321
1686190244.5462866,321
1686190244.5592208,322
1686190244.5712717,323
1686190244.587369,322
1686190244.5996783,322
1686190244.615674,321
1686190244.6285503,321
1686190244.6406162,322
1686190244.6568863,323
1686190244.66957,322
1686190244.6815498,321
1686190244.6975632,321
1686190244.7102375,321
1686190244.7227218,322
1686190244.739407,321
1686190244.75148,320
1686190244.7637258,319
1686190244.780475,319
1686190244.7924023,320
1686190244.8091388,320
1686190244.8208654,320
1686190244.8328083,319
1686190244.8498094,318
1686190244.8620963,318
1686190244.8746958,319
1686190244.8904386,320
1686190244.903314,319
1686190244.9156852,318
1686190244.9318402,318
1686190244.9442973,319
1686190244.9601734,319
1686190244.9728324,320
1686190244.9848285,319
1686190245.0006313,318
1686190245.0136538,318
1686190245.0256536,319
1686190245.0417175,320
1686190245.0546472,320
1686190245.0668218,319
1686190245.0832021,319
1686190245.0955403,319
1686190245.1078472,319
1686190245.123883,320
1686190245.1364474,320
1686190245.1531262,319
1686190245.1650782,319
1686190245.1777382,319
1686190245.193518,320
1686190245.2061453,320
1686190245.2187774,320
1686190245.2346258,318
1686190245.247248,318
1686190245.2595754,318
1686190245.2762475,319
1686190245.288164,319
1686190245.3040795,319
1686190245.3168426,318
1686190245.3295045,318
1686190245.3453379,318
1686190245.3572845,319
1686190245.3693378,320
1686190245.386282,319
1686190245.3982754,318
1686190245.4108758,318
1686190245.4268773,319
1686190245.4388752,320
1686190245.4548774,320
1686190245.4678786,319
1686190245.4798794,318
1686190245.4968748,319
1686190245.5085137,319
1686190245.521515,320
1686190245.5375144,319
1686190245.5495574,319
1686190245.5627346,319
1686190245.5785017,319
1686190245.590975,320
1686190245.6036797,320
1686190245.6199205,319
1686190245.6319242,319
1686190245.6481428,318
1686190245.6608887,319
1686190245.6734025,319
1686190245.6895764,318
1686190245.7014134,318
1686190245.7142007,317
1686190245.7303998,317
1686190245.7427142,317
1686190245.7549152,318
1686190245.7710133,317
1686190245.783657,316
1686190245.7998006,316
1686190245.8127549,316
1686190245.8244457,317
1686190245.841217,318
1686190245.8528767,319
1686190245.865806,319
1686190245.8813858,319
1686190245.8944204,321
1686190245.906419,323
1686190245.9234524,325
1686190245.934495,327
1686190245.9516966,330
1686190245.9633272,335
1686190245.976007,342
1686190245.9928026,350
1686190246.004916,356
1686190246.017474,360
1686190246.0335782,361
1686190246.0452712,361
1686190246.0581272,358
1686190246.0740821,352
1686190246.0868363,343
1686190246.0988867,332
1686190246.1156898,322
1686190246.1282015,314
1686190246.143235,309
1686190246.1565936,305
1686190246.1684499,301
1686190246.1854193,298
1686190246.1973622,297
1686190246.2090166,297
1686190246.2262495,297
1686190246.2382252,298
1686190246.2502315,299
1686190246.2676709,298
1686190246.2794182,300
1686190246.295799,301
1686190246.307707,302
1686190246.3202248,303
1686190246.3362405,304
1686190246.3493667,305
1686190246.3614378,306
1686190246.3772533,308
1686190246.389329,310
1686190246.4019444,311
1686190246.418271,311
1686190246.4308589,312
1686190246.4431467,313
1686190246.459615,315
1686190246.4718919,316
1686190246.4875364,317
1686190246.5004659,317
1686190246.5120718,317
1686190246.529394,317
1686190246.5413685,318
1686190246.5532112,319
1686190246.569532,319
1686190246.583062,318
1686190246.5947971,317
1686190246.6115296,318
1686190246.623571,318
1686190246.63943,317
1686190246.6521084,317
1686190246.6644711,316
1686190246.6807575,316
1686190246.692668,317
1686190246.7055264,317
1686190246.7214727,317
1686190246.7339864,317
1686190246.745881,316
1686190246.7626493,316
1686190246.774581,317
1686190246.7904932,318
1686190246.803481,318
1686190246.8155613,318
1686190246.8321843,317
1686190246.8440013,318
1686190246.8570125,318
1686190246.8726444,319
1686190246.8852797,318
1686190246.9003072,317
1686190246.9141765,317
1686190246.9264023,317
1686190246.9387357,318
1686190246.9552534,318
1686190246.9677293,317
1686190246.9828782,316
1686190246.9960124,316
1686190247.0083392,317
1686190247.02432,317
1686190247.03682,317
1686190247.049249,316
1686190247.0653174,315
1686190247.0777519,316
1686190247.090417,316
1686190247.1067965,316
1686190247.1189952,316
1686190247.1349456,315
1686190247.1476948,314
1686190247.1594188,315
1686190247.1762176,315
1686190247.1885335,316
1686190247.200862,315
1686190247.2172642,314
1686190247.2292323,314
1686190247.2413216,315
1686190247.258341,316
1686190247.2703896,316
1686190247.2828586,316
1686190247.2991447,315
1686190247.31113,316
1686190247.3279045,316
1686190247.3403318,317
1686190247.3522756,317
1686190247.3687623,316
1686190247.3810897,316
1686190247.3935626,316
1686190247.4097397,317
1686190247.4217744,318
1686190247.4345856,317
1686190247.4507568,317
1686190247.4624527,317
1686190247.4785016,318
1686190247.4916465,319
1686190247.5033572,319
1686190247.5205278,319
1686190247.5324838,319
1686190247.544575,319
1686190247.5616229,319
1686190247.5736854,320
1686190247.5858507,320
1686190247.6024623,320
1686190247.6146927,319
1686190247.6270273,320
1686190247.6433573,321
1686190247.6556084,321
1686190247.671978,321
1686190247.6842232,320
1686190247.696219,319
1686190247.712914,319
1686190247.7253444,320
1686190247.7373486,320
1686190247.7539566,320
1686190247.7664075,319
1686190247.7784302,318
1686190247.7948425,319
1686190247.8068376,320
1686190247.822767,320
1686190247.8353817,319
1686190247.8487325,318
1686190247.864387,318
1686190247.8767076,318
1686190247.8887444,319
1686190247.9054577,319
1686190247.917453,318
1686190247.9298007,318
1686190247.9464557,317
1686190247.9587657,318
1686190247.9745092,318
1686190247.9873013,318
1686190247.9994614,317
1686190248.0155044,316
1686190248.0281315,317
1686190248.0401218,317
1686190248.0565608,318
1686190248.0694566,317
1686190248.0817456,316
1686190248.0978715,316
1686190248.1105115,317
1686190248.122455,318
1686190248.1386878,318
1686190248.1504714,317
1686190248.167455,316
1686190248.1794202,317
1686190248.1921623,318
1686190248.2083313,318
1686190248.2206852,318
1686190248.233162,318
1686190248.2497008,317
1686190248.261248,318
1686190248.2733626,318
1686190248.290583,319
1686190248.3028765,319
1686190248.3184426,318
1686190248.330967,317
1686190248.3430612,317
1686190248.360069,318
1686190248.3721359,319
1686190248.384666,317
1686190248.4005494,316
1686190248.4131804,316
1686190248.4261768,316
1686190248.4418802,317
1686190248.4544287,317
1686190248.466744,317
1686190248.4829445,316
1686190248.495297,316
1686190248.5117383,317
1686190248.5238667,318
1686190248.5360217,318
1686190248.5530834,317
1686190248.5648499,317
1686190248.5770955,317
1686190248.5928197,318
1686190248.6059093,318
1686190248.6180792,318
1686190248.634391,317
1686190248.6469388,317
1686190248.662425,318
1686190248.675378,319
1686190248.6877093,320
1686190248.7043529,319
1686190248.7162223,320
1686190248.7283962,320
1686190248.744613,322
1686190248.7576494,324
1686190248.7698536,324
1686190248.7859945,324
1686190248.798567,323
1686190248.8142703,323
1686190248.8267076,324
1686190248.8386033,324
1686190248.8556058,323
1686190248.867809,322
1686190248.879613,321
1686190248.8969545,321
1686190248.9091043,321
1686190248.9212544,322
1686190248.9377382,321
1686190248.9498343,320
1686190248.9617648,319
1686190248.9786742,319
1686190248.9906542,320
1686190249.0070174,319
1686190249.0190396,318
1686190249.0310993,317
1686190249.0480416,316
1686190249.060054,317
1686190249.0726628,317
1686190249.0892172,317
1686190249.1015675,316
1686190249.1140513,316
1686190249.1298816,316
1686190249.1425574,316
1686190249.1585476,317
1686190249.170608,317
1686190249.1832092,316
1686190249.1997879,315
1686190249.2119076,315
1686190249.224129,316
1686190249.2407608,316
1686190249.252972,316
1686190249.2654843,315
1686190249.2815895,314
1686190249.2938943,314
1686190249.310502,315
1686190249.3224366,316
1686190249.3342643,314
1686190249.350564,314
1686190249.364174,313
1686190249.3759427,314
1686190249.3918705,315
1686190249.4048028,315
1686190249.4168847,314
1686190249.4328077,314
1686190249.4446836,314
1686190249.4576602,314
1686190249.4744005,315
1686190249.4866612,315
1686190249.5027676,314
1686190249.514479,313
1686190249.5275497,313
1686190249.5437632,314
1686190249.5553522,314
1686190249.5686212,314
1686190249.584864,313
1686190249.5963452,313
1686190249.609327,314
1686190249.6257305,314
1686190249.6374853,315
1686190249.6542344,314
1686190249.6664922,313
1686190249.6788647,313
1686190249.695492,313
1686190249.7075484,314
1686190249.7197728,314
1686190249.7356656,313
1686190249.7484987,313
1686190249.7607973,313
1686190249.7771623,314
1686190249.7891192,314
1686190249.8013752,314
1686190249.818342,314
1686190249.830713,313
1686190249.8465283,313
1686190249.8585997,314
1686190249.8710544,315
1686190249.8876607,314
1686190249.8999715,313
1686190249.9131749,313
1686190249.9287937,313
1686190249.9407892,314
1686190249.9535785,314
1686190249.969764,314
1686190249.9812222,314
1686190249.9977841,314
1686190250.0104487,315
1686190250.0221198,316
1686190250.0392232,316
1686190250.0522442,315
1686190250.0635054,315
1686190250.0802891,315
1686190250.0922852,316
1686190250.1042385,317
1686190250.1206784,316
1686190250.1336942,315
1686190250.1495123,315
1686190250.1618354,315
1686190250.1744742,315
1686190250.1905377,316
1686190250.203278,315
1686190250.2154355,314
1686190250.2318628,314
1686190250.2434714,315
1686190250.2565513,315
1686190250.2721548,316
1686190250.2853518,315
1686190250.2976325,314
1686190250.313348,314
1686190250.3260498,315
1686190250.3424106,316
1686190250.354442,316
1686190250.3662038,315
1686190250.3833034,315
1686190250.3961773,315
1686190250.4079192,316
1686190250.4244092,317
1686190250.4364517,317
1686190250.44897,317
1686190250.4652326,316
1686190250.47772,317
1686190250.4938295,318
1686190250.5055385,319
1686190250.5184562,318
1686190250.5347986,318
1686190250.546874,318
1686190250.5597513,318
1686190250.5752497,319
1686190250.5885386,320
1686190250.600549,319
1686190250.6166046,319
1686190250.629353,319
1686190250.6415422,319
1686190250.6574805,321
1686190250.6704516,321
1686190250.6862435,320
1686190250.6987834,320
1686190250.7104225,320
1686190250.7276564,320
1686190250.7398634,321
1686190250.7515917,321
1686190250.768996,321
1686190250.7801082,321
1686190250.7922232,321
1686190250.8096309,321
1686190250.8215125,322
1686190250.8377268,321
1686190250.85053,321
1686190250.8627748,320
1686190250.878842,321
1686190250.8912284,322
1686190250.903283,322
1686190250.919729,322
1686190250.9324505,321
1686190250.9444997,321
1686190250.9608917,321
1686190250.9728558,322
1686190250.989044,322
1686190251.0020003,321
1686190251.0134974,320
1686190251.030382,320
1686190251.042283,321
1686190251.0548065,321
1686190251.0711846,321
1686190251.0838792,320
1686190251.095926,319
1686190251.1118028,319
1686190251.1246948,320
1686190251.1369364,320
1686190251.1536088,319
1686190251.165632,318
1686190251.181681,318
1686190251.1936173,318
1686190251.206793,319
1686190251.2228749,319
1686190251.2346728,318
1686190251.2476716,317
1686190251.263821,317
1686190251.2763653,318
1686190251.2882936,318
1686190251.3052912,319
1686190251.317298,318
1686190251.3333085,317
1686190251.345295,317
1686190251.358354,318
1686190251.3743074,318
1686190251.386768,318
1686190251.398365,317
1686190251.4157248,317
1686190251.4278767,317
1686190251.4401355,318
1686190251.4558594,318
1686190251.4688685,318
1686190251.4808047,317
1686190251.4971406,316
1686190251.509821,317
1686190251.5261834,318
1686190251.5383008,318
1686190251.5504224,317
1686190251.5663512,316
1686190251.5793402,317
1686190251.59136,317
1686190251.6076741,318
1686190251.620348,318
1686190251.632511,317
1686190251.6483397,317
1686190251.6613443,317
1686190251.6773489,318
1686190251.689706,319
1686190251.7023437,318
1686190251.7184155,317
1686190251.730674,317
1686190251.743695,317
1686190251.7596946,318
1686190251.771781,318
1686190251.7839983,318
1686190251.8007424,317
1686190251.8127294,317
1686190251.8249977,318
1686190251.8417485,319
1686190251.8536174,319
1686190251.8698225,319
1686190251.8826761,319
1686190251.8946753,319
1686190251.9106252,319
1686190251.9229426,320
1686190251.935481,321
1686190251.95223,320
1686190251.9641428,320
1686190251.9764898,320
1686190251.9932168,320
1686190252.0051508,321
1686190252.0217834,320
1686190252.0337367,319
1686190252.045747,318
1686190252.062801,318
1686190252.0747313,318
1686190252.0867317,318
1686190252.1037364,317
1686190252.1157382,316
1686190252.128058,316
1686190252.1448061,317
1686190252.156731,318
1686190252.1730716,318
1686190252.1848736,318
1686190252.1974154,319
1686190252.2143972,320
1686190252.2264988,323
1686190252.238479,326
1686190252.2544115,329
1686190252.267474,331
1686190252.2796938,334
1686190252.2958667,337
1686190252.3085215,341
1686190252.3199832,345
1686190252.3369813,348
1686190252.3492963,351
1686190252.3650362,352
1686190252.3780475,355
1686190252.3899972,356
1686190252.4060352,357
1686190252.4190083,356
1686190252.4309828,355
1686190252.4476879,354
1686190252.4604845,354
1686190252.4724743,354
1686190252.4884338,354
1686190252.50074,352
1686190252.517248,351
1686190252.5294156,351
1686190252.5417318,352
1686190252.5584152,352
1686190252.5706127,353
1686190252.5827324,352
1686190252.5994158,351
1686190252.6114857,351
1686190252.6236877,352
1686190252.6404428,352
1686190252.652517,354
1686190252.6644151,354
1686190252.6807632,356
1686190252.693493,358
1686190252.7094789,360
1686190252.7218223,361
1686190252.7344368,361
1686190252.7507026,360
1686190252.762759,360
1686190252.7754316,359
1686190252.79167,359
1686190252.8034172,358
1686190252.816429,355
1686190252.8326797,351
1686190252.8447006,347
1686190252.8614888,343
1686190252.8735366,337
1686190252.8854265,329
1686190252.9025054,318
1686190252.9144814,307
1686190252.9267497,295
1686190252.9430985,284
1686190252.9553764,273
1686190252.9680855,264
1686190252.9842367,255
1686190252.9960294,250
1686190253.012402,248
1686190253.0251038,249
1686190253.0370247,250
1686190253.0530927,252
1686190253.0660453,255
1686190253.078326,259
1686190253.0950592,264
1686190253.1070554,269
1686190253.119295,275
1686190253.1352282,280
1686190253.148227,284
1686190253.1601868,289
1686190253.176138,295
1686190253.1890893,300
1686190253.2052956,304
1686190253.2175539,306
1686190253.229879,309
1686190253.2466385,313
1686190253.2586498,316
1686190253.27045,319
1686190253.28745,321
1686190253.2995236,321
1686190253.3117652,321
1686190253.3284533,321
1686190253.3409903,320
1686190253.355978,317
1686190253.369017,312
1686190253.380924,307
1686190253.3977954,301
1686190253.4096084,298
1686190253.4226618,295
1686190253.4391398,293
1686190253.4511876,291
1686190253.4636636,289
1686190253.4797637,288
1686190253.491917,289
1686190253.5045996,291
1686190253.5205958,291
1686190253.5332348,292
1686190253.5493429,293
1686190253.5612426,295
1686190253.5732343,297
1686190253.590425,298
1686190253.6023092,300
1686190253.6145692,300
1686190253.6313627,302
1686190253.643979,303
1686190253.6553636,305
1686190253.672321,307
1686190253.6848798,307
1686190253.7005706,308
1686190253.713337,309
1686190253.7248445,310
1686190253.7416863,312
1686190253.7535958,313
1686190253.7666707,312
1686190253.7825906,312
1686190253.7946022,313
1686190253.807673,314
1686190253.8236063,314
1686190253.8358583,315
1686190253.8520799,314
1686190253.864926,314
1686190253.8770235,315
1686190253.893562,316
1686190253.9059513,317
1686190253.9177668,316
1686190253.9337528,316
1686190253.9468424,316
1686190253.959113,316
1686190253.9748077,317
1686190253.987846,317
1686190253.9999347,316
1686190254.0167665,315
1686190254.0288165,315
1686190254.0452387,316
1686190254.0571516,317
1686190254.069339,317
1686190254.0861576,316
1686190254.0982401,315
1686190254.1101716,316
1686190254.1272168,316
1686190254.1392071,317
1686190254.1514554,317
1686190254.1672108,316
1686190254.1801708,316
1686190254.1962128,315
1686190254.2091665,316
1686190254.2212405,316
1686190254.2374911,315
1686190254.2495408,315
1686190254.2623398,314
1686190254.278235,315
1686190254.2905264,316
1686190254.30316,316
1686190254.3191516,315
1686190254.3314943,315
1686190254.3472116,315
1686190254.3601508,315
1686190254.3721573,316
1686190254.3891687,316
1686190254.4011621,315
1686190254.414177,314
1686190254.430162,314
1686190254.4422374,315
1686190254.4541514,315
1686190254.471225,315
1686190254.4832437,314
1686190254.4952245,313
1686190254.5122125,314
1686190254.5241737,315
1686190254.5405426,316
1686190254.5524755,315
1686190254.56464,314
1686190254.581471,314
1686190254.5934756,314
1686190254.605796,315
1686190254.6225507,316
1686190254.6344903,315
1686190254.646535,315
1686190254.663479,315
1686190254.675491,316
1686190254.691478,316
1686190254.7045462,316
1686190254.716543,316
1686190254.7327924,315
1686190254.7455466,315
1686190254.757596,316
1686190254.7741423,317
1686190254.7864902,318
1686190254.7986438,317
1686190254.8145373,317
1686190254.827533,317
1686190254.8394873,318
1686190254.8554752,319
1686190254.8684928,318
1686190254.8846438,317
1686190254.896796,317
1686190254.9095445,318
1686190254.9256518,318
1686190254.9378662,319
1686190254.9495761,318
1686190254.966641,317
1686190254.9788525,318
1686190254.9906552,318
1686190255.0076416,319
1686190255.0195832,320
1686190255.0359077,319
1686190255.0479453,318
1686190255.0609484,318
1686190255.0772328,319
1686190255.0896862,320
1686190255.1018946,319
1686190255.1180208,318
1686190255.1301634,318
1686190255.1428862,318
1686190255.1591313,319
1686190255.1712484,320
1686190255.1869063,319
1686190255.1999612,318
1686190255.2119472,318
1686190255.2288907,318
1686190255.2410314,319
1686190255.2535937,320
1686190255.2700045,319
1686190255.281968,319
1686190255.2942126,318
1686190255.3101854,319
1686190255.3229,320
1686190255.3355422,319
1686190255.3511846,318
1686190255.3638387,318
1686190255.3802288,318
1686190255.392123,319
1686190255.4051409,320
1686190255.4211955,320
1686190255.433335,319
1686190255.4451306,319
1686190255.4622157,320
1686190255.4743478,320
1686190255.4868753,321
1686190255.5029902,320
1686190255.5147972,319
1686190255.531177,319
1686190255.544069,320
1686190255.5563233,321
1686190255.572996,321
1686190255.5849967,320
1686190255.5969932,320
1686190255.6130502,320
1686190255.6260695,321
1686190255.6382756,322
1686190255.6543727,322
1686190255.6669989,321
1686190255.6793482,321
1686190255.6953104,321
1686190255.7079499,322
1686190255.7239318,322
1686190255.736597,322
1686190255.7491512,321
1686190255.7655592,321
1686190255.7775617,321
1686190255.789563,322
1686190255.8058083,322
1686190255.8186872,322
1686190255.830492,321
1686190255.846373,321
1686190255.8595042,321
1686190255.8753233,322
1686190255.8873205,322
1686190255.9004574,321
1686190255.9166808,320
1686190255.9293184,320
1686190255.941393,321
1686190255.957381,322
1686190255.9703853,321
1686190255.9823163,320
1686190255.998641,320
1686190256.010389,320
1686190256.0233805,320
1686190256.039018,321
1686190256.0520859,320
1686190256.0680523,319
1686190256.0810363,319
1686190256.0930376,319
1686190256.109085,320
1686190256.1210856,320
1686190256.1341195,319
1686190256.1496046,319
1686190256.16266,318
1686190256.1746743,319
1686190256.1909437,319
1686190256.2036839,320
1686190256.2196229,319
1686190256.2316759,318
1686190256.2446272,318
1686190256.2606642,318
1686190256.2729325,319
1686190256.285609,319
1686190256.3016331,319
1686190256.313682,318
1686190256.3256083,319
1686190256.3427622,319
1686190256.3546107,320
1686190256.3709211,319
1686190256.3837798,319
1686190256.395634,319
1686190256.4126961,319
1686190256.424689,319
1686190256.4367464,319
1686190256.4535875,318
1686190256.4656382,318
1686190256.4776087,317
1686190256.4946272,318
1686190256.5068974,318
1686190256.5183337,318
1686190256.5353198,317
1686190256.5475202,316
1686190256.5640903,316
1686190256.575666,317
1686190256.5881147,318
1686190256.604913,318
1686190256.6172733,317
1686190256.6293058,317
1686190256.6452875,317
1686190256.658382,318
1686190256.669902,318
1686190256.686847,318
1686190256.6988397,317
1686190256.7160528,317
1686190256.7276738,318
1686190256.7400901,318
1686190256.756239,319
1686190256.7691233,318
1686190256.781523,317
1686190256.7977462,317
1686190256.8098001,318
1686190256.8215697,319
1686190256.8380263,319
1686190256.8504198,318
1686190256.8626719,317
1686190256.8797052,317
1686190256.8916526,318
1686190256.9078498,319
1686190256.9197888,318
1686190256.932725,318
1686190256.948963,317
1686190256.9607453,318
1686190256.9736896,318
1686190256.9897983,319
1686190257.0017078,319
1686190257.014687,317
1686190257.030683,317
1686190257.0426831,318
1686190257.058689,319
1686190257.0717514,319
1686190257.0839298,318
1686190257.1006873,318
1686190257.112681,318
1686190257.1246805,318
1686190257.1407347,319
1686190257.1536949,319
1686190257.1657581,319
1686190257.1826763,318
1686190257.1948776,318
1686190257.2108643,319
1686190257.223258,320
1686190257.2349336,319
1686190257.2520466,318
1686190257.26405,318
1686190257.2766309,318
1686190257.292722,319
1686190257.3047268,319
1686190257.3177361,318
1686190257.3344288,318
1686190257.3464274,317
1686190257.3587525,317
1686190257.3742342,318
1686190257.3872862,318
1686190257.4037023,318
1686190257.4158826,318
1686190257.428298,319
1686190257.4444306,320
1686190257.4569483,323
1686190257.4691238,325
1686190257.48529,328
1686190257.497301,334
1686190257.5093412,343
1686190257.526496,354
1686190257.5382907,365
1686190257.555392,375
1686190257.566699,380
1686190257.5794146,383
1686190257.5956683,382
1686190257.6084888,379
1686190257.6206167,370
1686190257.6373422,358
1686190257.6496518,344
1686190257.6617866,329
1686190257.6781473,317
1686190257.690668,308
1686190257.7067552,300
1686190257.7187254,293
1686190257.7312994,289
1686190257.7477028,287
1686190257.760312,287
1686190257.772318,287
1686190257.7883065,288
1686190257.8002875,288
1686190257.8133957,288
1686190257.829378,290
1686190257.8416383,293
1686190257.8540285,295
1686190257.8707025,296
1686190257.8828504,298
1686190257.8982964,299
1686190257.911711,303
1686190257.9238696,305
1686190257.939726,308
1686190257.9519606,309
1686190257.9647388,310
1686190257.981459,312
1686190257.9930303,314
1686190258.0050924,316
1686190258.0221105,317
1686190258.0338082,318
1686190258.0496945,317
1686190258.0633886,318
1686190258.0756788,319
1686190258.0914094,321
1686190258.1034765,321
1686190258.115804,321
1686190258.1326318,321
1686190258.1446757,321
1686190258.157851,321
1686190258.1737916,322
1686190258.1857612,321
1686190258.198147,319
1686190258.2147973,318
1686190258.2263038,317
1686190258.2434902,317
1686190258.256146,318
1686190258.2677648,317
1686190258.2843864,316
1686190258.2963643,318
1686190258.3089359,318
1686190258.325416,320
1686190258.3375626,320
1686190258.3499415,320
1686190258.3663414,322
1686190258.3784018,323
1686190258.3944569,326
1686190258.4064496,330
1686190258.4193902,332
1686190258.4353976,334
1686190258.4484036,335
1686190258.4605963,336
1686190258.4768348,337
1686190258.4884686,338
1686190258.5014422,338
1686190258.5180488,336
1686190258.5293882,334
1686190258.5463238,333
1686190258.5585334,334
1686190258.570162,335
1686190258.587747,334
1686190258.59951,333
1686190258.6119428,332
1686190258.6279857,331
1686190258.6407597,330
1686190258.6528227,326
1686190258.6688588,322
1686190258.6817896,319
1686190258.6935618,316
1686190258.7095516,316
1686190258.7224336,314
1686190258.7383645,312
1686190258.7513468,309
1686190258.7637107,306
1686190258.7794025,305
1686190258.7921026,304
1686190258.8042164,302
1686190258.8205514,301
1686190258.8328075,299
1686190258.8456218,298
1686190258.8619227,298
1686190258.874985,300
1686190258.889575,300
1686190258.9021878,300
1686190258.9143333,300
1686190258.9315603,301
1686190258.943955,303
1686190258.95593,305
1686190258.9723077,307
1686190258.9843512,308
1686190258.9968991,310
1686190259.0130599,311
1686190259.0260026,314
1686190259.037194,316
1686190259.0544481,316
1686190259.0656505,317
1686190259.0824153,317
1686190259.0948293,318
1686190259.107738,320
1686190259.123345,321
1686190259.136394,320
1686190259.1481225,319
1686190259.164852,318
1686190259.177457,318
1686190259.188885,318
1686190259.2059433,317
1686190259.2175798,316
1686190259.2341208,315
1686190259.2469695,314
1686190259.258975,314
1686190259.2756746,314
1686190259.2869925,315
1686190259.2994468,314
1686190259.3157554,314
1686190259.3287752,314
1686190259.3412516,315
1686190259.3567398,316
1686190259.3697624,317
1686190259.3862646,316
1686190259.3980143,316
1686190259.4100099,316
1686190259.426661,318
1686190259.4395804,319
1686190259.451311,319
1686190259.4681077,318
1686190259.4801102,319
1686190259.492657,319
1686190259.5086138,321
1686190259.5206814,321
1686190259.5336132,321
1686190259.5496032,320
1686190259.5620236,320
1686190259.5786505,321
1686190259.5905967,321
1686190259.6026442,321
1686190259.6189475,320
1686190259.6328433,320
1686190259.6444645,319
1686190259.6599615,319
1686190259.672769,319
1686190259.6847746,319
1686190259.7015953,318
1686190259.713614,318
1686190259.7291982,318
1686190259.7425747,319
1686190259.7545702,319
1686190259.7708137,318
1686190259.783022,317
1686190259.7950947,316
1686190259.8120337,316
1686190259.8243134,316
1686190259.8363812,316
1686190259.8530207,314
1686190259.8650215,314
1686190259.877023,313
1686190259.8940191,313
1686190259.9060235,314
1686190259.922073,314
1686190259.9340637,313
1686190259.9474053,312
1686190259.9637825,313
1686190259.9750743,314
1686190259.9880285,315
1686190260.0040283,314
1686190260.0170257,314
1686190260.0290236,314
1686190260.0449445,314
1686190260.05704,316
1686190260.0739756,316
1686190260.0860372,316
1686190260.0979662,315
1686190260.1149657,315
1686190260.1270218,316
1686190260.1390185,317
1686190260.1559677,317
1686190260.1679647,317
1686190260.1800191,316
1686190260.1960218,316
1686190260.2090473,317
1686190260.2209659,318
1686190260.237009,318
1686190260.2499647,318
1686190260.2659688,317
1686190260.2789674,317
1686190260.2911909,318
1686190260.3070376,319
1686190260.3190265,319
1686190260.331973,318
1686190260.348026,317
1686190260.360029,318
1686190260.3729675,318
1686190260.3890257,319
1686190260.4009655,318
1686190260.4179676,317
1686190260.4300227,317
1686190260.4419665,317
1686190260.4585383,318
1686190260.4710708,318
1686190260.4830472,317
1686190260.5000072,316
1686190260.512024,315
1686190260.524051,316
1686190260.5410037,316
1686190260.5530038,316
1686190260.569023,315
1686190260.5820012,314
1686190260.5940018,314
1686190260.610007,315
1686190260.622058,316
1686190260.6350021,316
1686190260.651059,315
1686190260.6630573,314
1686190260.6760025,315
1686190260.6920605,316
1686190260.7040482,316
1686190260.717003,316
1686190260.733004,315
1686190260.7450595,315
1686190260.7620037,315
1686190260.7740586,316
1686190260.7860582,316
1686190260.8030076,315
1686190260.815009,314
1686190260.8270571,314
1686190260.8440063,315
1686190260.8560483,315
1686190260.86805,315
1686190260.8850076,315
1686190260.8972852,315
1686190260.9132836,315
1686190260.9253347,316
1686190260.9382975,316
1686190260.9542902,316
1686190260.966598,315
1686190260.9792914,315
1686190260.9953423,315
1686190261.00793,316
1686190261.0202985,316
1686190261.036281,316
1686190261.048426,315
1686190261.06434,316
1686190261.0769992,316
1686190261.0895615,317
1686190261.1064103,318
1686190261.1181972,317
1686190261.1312568,317
1686190261.146789,317
1686190261.1597486,318
1686190261.1718051,318
1686190261.1884375,318
1686190261.2004995,318
1686190261.2127905,317
1686190261.228792,318
1686190261.2415605,319
1686190261.2578158,319
1686190261.269726,319
1686190261.2816832,318
1686190261.2987297,318
1686190261.310733,318
1686190261.3235734,319
1686190261.339694,319
1686190261.3523695,319
1686190261.3636184,318
1686190261.3806226,318
1686190261.3933144,319
1686190261.4085493,319
1686190261.4216435,320
1686190261.4332774,319
1686190261.4500544,319
1686190261.4629977,319
1686190261.474954,320
1686190261.4913206,320
1686190261.5034583,320
1686190261.5153775,320
1686190261.5316772,319
1686190261.5437372,320
1686190261.5570061,321
1686190261.5731037,321
1686190261.585306,321
1686190261.6017976,320
1686190261.6134748,319
1686190261.6265354,320
1686190261.6436527,321
1686190261.6550465,321
1686190261.6670847,320
1686190261.6841767,319
1686190261.695695,319
1686190261.708006,319
1686190261.7248185,320
1686190261.7371702,319
1686190261.7529256,318
1686190261.7649271,318
1686190261.778318,318
1686190261.7943184,319
1686190261.8063426,320
1686190261.8185084,319
1686190261.8355947,318
1686190261.8476398,318
1686190261.8599575,319
1686190261.8757522,319
1686190261.8887234,320
1686190261.9050756,319
1686190261.917166,318
1686190261.929827,318
1686190261.946044,319
1686190261.958279,320
1686190261.9705362,320
1686190261.986779,319
1686190261.9986124,319
1686190262.0111432,319
1686190262.0279412,319
1686190262.039675,320
1686190262.052621,320
1686190262.0686395,319
1686190262.0805938,319
1686190262.096702,319
1686190262.109726,320
1686190262.122294,320
1686190262.1383388,320
1686190262.1507587,319
1686190262.1626372,319
1686190262.1794887,319
1686190262.191755,320
1686190262.2040966,321
1686190262.2197084,320
1686190262.232703,319
1686190262.2487013,319
1686190262.261011,319
1686190262.2737098,320
1686190262.2896984,319
1686190262.3017652,319
1686190262.3147013,318
1686190262.3307054,318
1686190262.3427658,318
1686190262.3547015,319
1686190262.371718,319
1686190262.3833394,318
1686190262.3964505,318
1686190262.4128873,318
1686190262.4252944,319
1686190262.440707,320
1686190262.4532766,319
1686190262.4657881,318
1686190262.4818966,318
1686190262.4954767,319
1686190262.5067863,320
1686190262.5237517,320
1686190262.5353463,320
1686190262.5480547,319
1686190262.5639434,319
1686190262.576699,320
1686190262.5920708,321
1686190262.6054773,321
1686190262.617575,320
1686190262.6336873,319
1686190262.6457438,320
1686190262.6586847,320
1686190262.6746852,321
1686190262.68667,320
1686190262.6997244,320
1686190262.715625,319
1686190262.7283232,319
1686190262.7438962,320
1686190262.7569358,320
1686190262.7689345,319
1686190262.7853174,319
1686190262.797936,318
1686190262.8095489,318
1686190262.8265402,319
1686190262.8387928,319
1686190262.8508701,318
1686190262.8675408,318
1686190262.8795414,318
1686190262.891555,318
1686190262.9077072,319
1686190262.9207213,319
1686190262.9367034,319
1686190262.9491746,318
1686190262.9610004,318
1686190262.9779904,318
1686190262.9900167,319
1686190263.002613,318
1686190263.019001,317
1686190263.0309832,317
1686190263.0432987,317
1686190263.0598552,317
1686190263.071921,318
1686190263.0882268,318
1686190263.1008573,317
1686190263.1134746,317
1686190263.1295466,317
1686190263.141768,319
1686190263.1544619,319
1686190263.1704724,318
1686190263.1825068,317
1686190263.1947644,317
1686190263.211461,318
1686190263.2245214,319
1686190263.2357779,319
1686190263.2524185,318
1686190263.2644143,318
1686190263.2804883,317
1686190263.2934365,318
1686190263.3054128,319
1686190263.3217328,318
1686190263.3344676,318
1686190263.346638,317
1686190263.3634186,317
1686190263.3754268,318
1686190263.3874211,318
1686190263.4034657,317
1686190263.4164796,316
1686190263.4324124,315
1686190263.4447331,315
1686190263.4574277,316
1686190263.4734137,315
1686190263.4854188,314
1686190263.498102,312
1686190263.5146296,312
1686190263.5269108,312
1686190263.5386899,312
1686190263.5556805,312
1686190263.5676274,312
1686190263.583701,313
1686190263.5966415,314
1686190263.608757,317
1686190263.6253536,321
1686190263.637682,324
1686190263.6494753,327
1686190263.6659155,330
1686190263.678612,335
1686190263.6905656,339
1686190263.7066228,342
1686190263.7195778,346
1686190263.7315817,348
1686190263.7476406,350
1686190263.7605655,354
1686190263.7766414,357
1686190263.7888927,358
1686190263.8009014,358
1686190263.8177848,357
1686190263.8299034,357
1686190263.8419118,357
1686190263.8585675,357
1686190263.8715909,357
1686190263.8829226,355
1686190263.8995667,353
1686190263.9115698,353
1686190263.927894,352
1686190263.9405768,352
1686190263.952835,351
1686190263.9695745,349
1686190263.9815655,349
1686190263.9937491,349
1686190264.009572,350
1686190264.02258,350
1686190264.0345638,350
1686190264.0506423,350
1686190264.0636199,351
1686190264.0765119,353
1686190264.0918348,354
1686190264.104014,355
1686190264.1201143,353
1686190264.1330535,353
1686190264.1453576,351
1686190264.1614232,350
1686190264.1739943,349
1686190264.1863139,344
1686190264.202973,339
1686190264.214979,333
1686190264.2269754,328
1686190264.2433474,322
1686190264.2559776,316
1686190264.2722893,306
1686190264.2840068,295
1686190264.2969873,284
1686190264.3139713,273
1686190264.3250406,262
1686190264.337972,254
1686190264.354289,246
1686190264.3662963,240
1686190264.3790262,236
1686190264.3949673,235
1686190264.4070497,236
1686190264.4199688,238
1686190264.4359689,239
1686190264.4480405,241
1686190264.4649742,245
1686190264.4771464,250
1686190264.489306,255
1686190264.5057702,259
1686190264.5177946,263
1686190264.5298254,267
1686190264.546769,272
1686190264.558766,276
1686190264.571087,281
1686190264.5877671,285
1686190264.5997672,288
1686190264.6157656,290
1686190264.6288228,294
1686190264.6409907,298
1686190264.6577911,301
1686190264.6697724,304
1686190264.6819782,306
1686190264.697799,308
1686190264.7108037,311
1686190264.722795,314
1686190264.739268,315
1686190264.7515173,316
1686190264.7669678,316
1686190264.7798536,318
1686190264.7921002,321
1686190264.8088636,323
1686190264.821098,324
1686190264.8327785,325
1686190264.8497815,326
1686190264.8628004,327
1686190264.874149,329
1686190264.8907745,330
1686190264.9027696,330
1686190264.9156618,329
1686190264.9316497,329
1686190264.943647,329
1686190264.9607103,330
1686190264.9727747,330
1686190264.9846601,329
1686190265.0010402,327
1686190265.0135186,327
1686190265.0258377,327
1686190265.0425212,327
1686190265.0549436,327
1686190265.0664542,325
1686190265.083395,324
1686190265.095662,324
1686190265.111733,324
1686190265.1244001,324
1686190265.1364155,323
1686190265.1527314,322
1686190265.1654649,322
1686190265.177393,322
1686190265.193713,322
1686190265.2057288,322
1686190265.2184007,321
1686190265.2344122,320
1686190265.2473948,319
1686190265.262406,319
1686190265.2757268,320
1686190265.2877128,320
1686190265.3049212,319
1686190265.3170786,318
1686190265.3290536,318
1686190265.3453481,318
1686190265.3580084,318
1686190265.370107,318
1686190265.3863616,317
1686190265.3989708,316
1686190265.4105566,316
1686190265.4272351,317
1686190265.439926,317
1686190265.4553802,316
1686190265.4682362,316
1686190265.480208,315
1686190265.4971986,315
1686190265.509201,316
1686190265.5212684,316
1686190265.5371952,315
1686190265.550287,314
1686190265.562195,314
1686190265.5785177,314
1686190265.591203,315
1686190265.6075113,316
1686190265.620201,315
1686190265.6322048,315
1686190265.6482053,315
1686190265.660566,316
1686190265.6732097,316
1686190265.6892018,316
1686190265.7014663,315
1686190265.7140925,314
1686190265.730113,315
1686190265.742761,316
1686190265.7550125,316
1686190265.7710202,315
1686190265.7837062,315
1686190265.799748,314
1686190265.8119798,314
1686190265.824338,315
1686190265.8409872,315
1686190265.8533032,314
1686190265.8652968,313
1686190265.8819673,313
1686190265.894284,314
1686190265.9068856,314
1686190265.9229248,314
1686190265.9352558,313
1686190265.9512606,312
1686190265.9641156,312
1686190265.9759183,313
1686190265.9929342,314
1686190266.0042932,314
1686190266.0173392,313
1686190266.03373,313
1686190266.0454965,314
1686190266.0574532,315
1686190266.0745246,315
1686190266.0864565,315
1686190266.1028447,314
1686190266.1155615,315
1686190266.1277943,316
1686190266.144182,316
1686190266.1564958,317
1686190266.168494,316
1686190266.1848123,315
1686190266.197498,315
1686190266.2093656,316
1686190266.225464,317
1686190266.2384279,317
1686190266.2504284,316
1686190266.266749,316
1686190266.2796466,316
1686190266.2954266,317
1686190266.307745,318
1686190266.320428,317
1686190266.336425,316
1686190266.3484352,316
1686190266.3611422,316
1686190266.3770404,317
1686190266.3900423,318
1686190266.4023697,317
1686190266.4183674,316
1686190266.4310365,316
1686190266.447031,316
1686190266.459091,317
1686190266.4723144,318
1686190266.4876487,317
1686190266.5006557,317
1686190266.5126526,317
1686190266.5290184,317
1686190266.541662,319
1686190266.553674,319
1686190266.5699759,318
1686190266.5817735,318
1686190266.5946512,318
1686190266.6109667,319
1686190266.6236613,320
1686190266.6396778,319
1686190266.652191,318
1686190266.6641207,318
1686190266.6803908,318
1686190266.6929522,319
1686190266.7046924,319
1686190266.7216265,318
1686190266.7339287,318
1686190266.7456856,318
1686190266.762623,318
1686190266.7753057,320
1686190266.7906263,320
1686190266.8036191,319
1686190266.8157647,318
1686190266.8322117,318
1686190266.844904,319
1686190266.856904,320
1686190266.8732173,320
1686190266.8849595,319
1686190266.8977149,318
1686190266.9138355,319
1686190266.9264748,320
1686190266.9424384,320
1686190266.9550686,320
1686190266.967437,319
1686190266.9837642,319
1686190266.995758,320
1686190267.0084364,320
1686190267.024462,321
1686190267.0364952,320
1686190267.049436,320
1686190267.0659041,319
1686190267.0781476,320
1686190267.0901527,321
1686190267.1062074,321
1686190267.1192708,320
1686190267.1348252,319
1686190267.1471665,319
1686190267.1600878,320
1686190267.1767018,320
1686190267.1887,320
1686190267.2009497,319
1686190267.217024,319
1686190267.2297719,320
1686190267.241794,321
1686190267.258031,322
1686190267.270703,322
1686190267.2867007,321
1686190267.2997015,321
1686190267.3117795,322
1686190267.3277924,322
1686190267.3396995,323
1686190267.3520849,322
1686190267.3688147,321
1686190267.3807125,321
1686190267.3927586,321
1686190267.4096982,322
1686190267.4217446,322
1686190267.4337583,321
1686190267.4507108,321
1686190267.462702,321
1686190267.4787068,322
1686190267.4917195,322
1686190267.503696,322
1686190267.51992,321
1686190267.5327985,320
1686190267.5451303,320
1686190267.560788,321
1686190267.5738497,321
1686190267.5859401,321
1686190267.6017997,320
1686190267.6143665,320
1686190267.6306999,320
1686190267.6433675,321
1686190267.655387,321
1686190267.671681,320
1686190267.6843684,319
1686190267.6963613,319
1686190267.7130055,320
1686190267.7244265,321
1686190267.737365,321
1686190267.7533777,320
1686190267.7654254,319
1686190267.782365,319
1686190267.7943637,320
1686190267.8073614,321
1686190267.823392,320
1686190267.8356946,320
1686190267.8474236,319
1686190267.8643155,319
1686190267.8763602,320
1686190267.8893259,321
1686190267.9054954,320
1686190267.9176574,320
1686190267.9296458,319
1686190267.9459965,320
1686190267.9586759,321
1686190267.9749744,321
1686190267.987027,320
1686190267.999649,320
1686190268.0160224,319
1686190268.0276618,320
1686190268.0406666,321
1686190268.0569308,320
1686190268.0690517,320
1686190268.0814874,319
1686190268.0974905,320
1686190268.1101773,321
1686190268.126106,321
1686190268.1386325,321
1686190268.1514583,320
1686190268.1687202,320
1686190268.1797605,320
1686190268.1922648,321
1686190268.2084816,320
1686190268.2204301,320
1686190268.23328,318
1686190268.249794,318
1686190268.261987,319
1686190268.2739563,319
1686190268.290569,319
1686190268.3026948,319
1686190268.3190575,318
1686190268.3322496,318
1686190268.3435981,319
1686190268.3594346,319
1686190268.372035,319
1686190268.384996,318
1686190268.4012277,318
1686190268.413158,318
1686190268.4254556,319
1686190268.441955,320
1686190268.4544368,319
1686190268.470576,319
1686190268.482777,319
1686190268.495424,319
1686190268.5117757,320
1686190268.5239155,321
1686190268.5362656,320
1686190268.5522587,319
1686190268.5642765,319
1686190268.5762804,320
1686190268.5932598,321
1686190268.6053135,321
1686190268.6212611,320
1686190268.6342604,319
1686190268.6463277,319
1686190268.662326,320
1686190268.6752615,320
1686190268.687329,320
1686190268.703264,319
1686190268.716261,318
1686190268.7283158,318
1686190268.74426,319
1686190268.7572608,319
1686190268.7695632,319
1686190268.7850995,318
1686190268.797994,317
1686190268.8140752,318
1686190268.8265347,319
1686190268.8391938,319
1686190268.8553276,318
1686190268.867847,317
1686190268.8802147,317
1686190268.8961408,318
1686190268.908082,319
1686190268.9203854,318
1686190268.9374278,317
1686190268.949968,316
1686190268.9660783,316
1686190268.9780746,317
1686190268.9908128,317
1686190269.007487,316
1686190269.0193782,316
1686190269.0317516,316
1686190269.0476763,317
1686190269.0597486,321
1686190269.0727487,326
1686190269.0883524,333
1686190269.1014154,341
1686190269.1140091,349
1686190269.1300154,356
1686190269.142377,359
1686190269.1585526,358
1686190269.1706698,353
1686190269.1833863,345
1686190269.19936,336
1686190269.211402,327
1686190269.2239366,319
1686190269.2406747,312
1686190269.2523222,307
1686190269.265325,302
1686190269.2812514,300
1686190269.2942793,300
1686190269.3099885,300
1686190269.3225515,299
1686190269.334972,299
1686190269.3509066,299
1686190269.3636618,300
1686190269.375697,302
1686190269.3923283,304
1686190269.4046605,305
1686190269.4171684,305
1686190269.4324713,306
1686190269.4456635,308
1686190269.461031,310
1686190269.4741852,311
1686190269.4865627,311
1686190269.5022206,311
1686190269.51498,312
1686190269.5273504,313
1686190269.544035,315
1686190269.5553746,315
1686190269.5683634,314
1686190269.5841157,314
1686190269.597044,314
1686190269.6095092,315
1686190269.6254282,316
1686190269.6371973,316
1686190269.6545165,315
1686190269.6669502,315
1686190269.6790318,315
1686190269.6947608,316
1686190269.707728,317
1686190269.7195516,316
1686190269.736078,316
1686190269.7483342,316
1686190269.7610648,316
1686190269.7766042,317
1686190269.7897053,317
1686190269.8053641,316
1686190269.8181329,316
1686190269.8304121,316
1686190269.8467705,316
1686190269.8592331,317
1686190269.870688,316
1686190269.887742,315
1686190269.8994212,314
1686190269.9125655,314
1686190269.928696,314
1686190269.9407396,314
1686190269.9536314,313
1686190269.9696505,312
1686190269.9822395,312
1686190269.9983506,312
1686190270.009858,313
1686190270.0225935,313
1686190270.0386431,312
1686190270.051226,311
1686190270.0635405,311
1686190270.0797255,312
1686190270.0922441,313
1686190270.104691,313
1686190270.1206958,312
1686190270.1333787,312
1686190270.1498592,312
1686190270.161694,313
1686190270.174727,314
1686190270.1903315,314
1686190270.2034256,313
1686190270.2156155,313
1686190270.2315915,313
1686190270.244044,314
1686190270.2567124,315
1686190270.2728484,314
1686190270.2844334,313
1686190270.3011894,313
1686190270.3137581,313
1686190270.3263032,314
1686190270.342363,315
1686190270.354762,314
1686190270.3667176,313
1686190270.3826575,313
1686190270.395628,314
1686190270.4074867,315
1686190270.4244218,315
1686190270.4366856,314
1686190270.4491835,314
1686190270.4653559,314
1686190270.477383,315
1686190270.4940538,316
1686190270.506441,316
1686190270.5184839,315
1686190270.5346465,314
1686190270.5474737,315
1686190270.5596282,316
1686190270.5759234,316
1686190270.5877738,315
1686190270.600696,314
1686190270.616693,314
1686190270.629386,315
1686190270.6449046,315
1686190270.6578956,316
1686190270.6702533,315
1686190270.6863449,315
1686190270.6987329,315
1686190270.7104316,315
1686190270.7275476,316
1686190270.739743,316
1686190270.7516081,315
1686190270.7687123,314
1686190270.7800322,314
1686190270.792765,315
1686190270.809405,315
1686190270.8215194,315
1686190270.8379707,314
1686190270.8500245,313
1686190270.862534,314
1686190270.879162,315
1686190270.8908284,316
1686190270.903662,315
1686190270.91963,314
1686190270.93229,314
1686190270.9442892,315
1686190270.9610357,316
1686190270.9732141,316
1686190270.9895184,315
1686190271.0019217,315
1686190271.0141716,315
1686190271.0307293,315
1686190271.0428395,316
1686190271.0554616,316
1686190271.0713208,315
1686190271.0833557,314
1686190271.0954127,314
1686190271.1123533,315
1686190271.124352,316
1686190271.141394,315
1686190271.153652,315
1686190271.1656995,314
1686190271.1814795,315
1686190271.1945333,316
1686190271.2059996,316
1686190271.2233436,316
1686190271.2354565,315
1686190271.2476225,315
1686190271.2639968,316
1686190271.2759876,317
1686190271.2883232,316
1686190271.3049114,316
1686190271.3173141,315
1686190271.3336494,316
1686190271.3458407,317
1686190271.3576703,317
1686190271.3747885,317
1686190271.3868067,317
1686190271.3998384,316
1686190271.4147644,317
1686190271.4274118,318
1686190271.4403996,318
1686190271.4560325,318
1686190271.4689143,317
1686190271.4851007,317
1686190271.4978192,318
1686190271.5098798,319
1686190271.526125,320
1686190271.5378666,319
1686190271.5503197,319
1686190271.5673912,319
1686190271.5795615,320
1686190271.591426,321
1686190271.6082113,322
1686190271.6201973,321
1686190271.632435,321
1686190271.6495383,321
1686190271.6609564,322
1686190271.6773334,323
1686190271.6900718,323
1686190271.7025583,323
1686190271.7183092,322
1686190271.7310336,323
1686190271.7428782,324
1686190271.7591019,325
1686190271.7714176,324
1686190271.7843106,324
1686190271.80061,323
1686190271.8128457,324
1686190271.8289936,325
1686190271.8416066,325
1686190271.85365,324
1686190271.8703918,323
1686190271.882552,323
1686190271.8944688,324
1686190271.9104722,325
1686190271.9226882,325
1686190271.9356916,323
1686190271.9521034,323
1686190271.9640923,323
1686190271.9807,324
1686190271.9931571,325
1686190272.005333,324
1686190272.0214555,323
1686190272.0343256,322
1686190272.046319,323
1686190272.0624354,323
1686190272.0752947,323
1686190272.0869944,322
1686190272.1034591,322
1686190272.1160102,321
1686190272.128006,322
1686190272.1443908,323
1686190272.157017,323
1686190272.1733067,322
1686190272.1853652,322
1686190272.1976476,322
1686190272.2141335,323
1686190272.2267108,323
1686190272.238529,323
1686190272.254744,322
1686190272.2677283,321
1686190272.2798023,321
1686190272.2956479,322
1686190272.3085139,323
1686190272.3248868,322
1686190272.337303,321
1686190272.3497145,321
1686190272.3659112,322
1686190272.378113,323
1686190272.3900537,323
1686190272.4062052,322
1686190272.4190278,321
1686190272.430998,321
1686190272.4476178,321
1686190272.459725,322
1686190272.4722364,322
1686190272.4886365,321
1686190272.500635,320
1686190272.5174408,320
1686190272.5295,321
1686190272.5418594,322
1686190272.5585248,321
1686190272.5705004,320
1686190272.5825078,320
1686190272.599548,320
1686190272.611508,321
1686190272.6241345,321
1686190272.6401052,320
1686190272.652651,320
1686190272.6683376,319
1686190272.6813965,320
1686190272.693546,320
1686190272.7097392,320
1686190272.721809,319
1686190272.7343867,318
1686190272.750583,319
1686190272.7633266,319
1686190272.774784,320
1686190272.7916927,320
1686190272.803669,320
1686190272.820295,319
1686190272.832654,320
1686190272.8449657,320
1686190272.8614674,321
1686190272.8737247,321
1686190272.8859653,320
1686190272.902369,319
1686190272.914358,319
1686190272.9262173,320
1686190272.9427168,320
1686190272.9555223,319
1686190272.9678319,318
1686190272.9844995,318
1686190272.996638,319
1686190273.0129328,319
1686190273.0254564,320
1686190273.0371578,319
1686190273.05388,318
1686190273.0664642,318
1686190273.0786054,318
1686190273.0948465,319
1686190273.1067524,319
1686190273.119366,318
1686190273.135766,318
1686190273.1478012,318
1686190273.1645002,319
1686190273.1766732,320
1686190273.1890683,319
1686190273.20562,319
1686190273.2175767,318
1686190273.229644,319
1686190273.2464008,320
1686190273.2587192,320
1686190273.27086,319
1686190273.2867143,318
1686190273.2995312,318
1686190273.3154848,319
1686190273.3282719,319
1686190273.3406408,320
1686190273.356957,319
1686190273.3691866,318
1686190273.3810024,318
1686190273.3980446,318
1686190273.4098718,319
1686190273.4217973,318
1686190273.4389224,318
1686190273.4513884,317
1686190273.4640875,318
1686190273.4798536,319
1686190273.4918463,319
1686190273.507966,318
1686190273.5207515,318
1686190273.5336757,317
1686190273.549368,318
1686190273.5614645,319
1686190273.5743463,319
1686190273.5898907,318
1686190273.603261,318
1686190273.6148753,317
1686190273.6316996,318
1686190273.643657,319
1686190273.6591585,319
1686190273.672682,318
1686190273.6847928,318
1686190273.700722,317
1686190273.7130458,318
1686190273.7248077,319
1686190273.7413218,318
1686190273.7543643,318
1686190273.76663,317
1686190273.782503,317
1686190273.795421,319
1686190273.8073175,319
1686190273.8235338,319
1686190273.8353767,318
1686190273.8523915,318
1686190273.8643699,318
1686190273.8763702,319
1686190273.8933148,319
1686190273.9053729,319
1686190273.9173713,318
1686190273.9346585,318
1686190273.9467342,318
1686190273.958699,319
1686190273.974699,319
1686190273.9877374,318
1686190274.0037491,318
1686190274.015737,318
1686190274.027721,318
1686190274.0444946,319
1686190274.0565417,319
1686190274.068616,318
1686190274.0856779,317
1686190274.0978293,318
1686190274.1097922,319
1686190274.1262805,319
1686190274.1382034,319
1686190274.1552944,318
1686190274.1673582,318
1686190274.1803527,319
1686190274.1965628,319
1686190274.2086408,319
1686190274.2210546,319
1686190274.2371385,318
1686190274.2490788,318
1686190274.2620757,318
1686190274.2780771,319
1686190274.291258,319
1686190274.3032553,318
1686190274.3192916,317
1686190274.3318923,317
1686190274.347988,318
1686190274.3602695,319
1686190274.3726661,319
1686190274.3887389,318
1686190274.4014308,318
1686190274.4136684,318
1686190274.4297462,319
1686190274.4424024,319
1686190274.4544668,319
1686190274.4711478,318
1686190274.483407,318
1686190274.499623,319
1686190274.5117166,320
1686190274.524402,320
1686190274.5404818,319
1686190274.5524719,318
1686190274.5649328,318
1686190274.5814252,319
1686190274.5933502,320
1686190274.6061513,320
1686190274.6226652,319
1686190274.63466,318
1686190274.6470008,318
1686190274.6636672,319
1686190274.6756613,319
1686190274.6925972,319
1686190274.7046618,318
1686190274.716604,318
1686190274.733289,318
1686190274.7452834,319
1686190274.757347,319
1686190274.7742789,318
1686190274.7862842,317
1686190274.798593,317
1686190274.8143637,317
1686190274.827082,318
1686190274.8432105,318
1686190274.8558595,318
1686190274.868205,317
1686190274.8848703,317
1686190274.8969436,317
1686190274.9088643,318
1686190274.9248745,318
1686190274.9379392,317
1686190274.950205,316
1686190274.966211,316
1686190274.9788609,317
1686190274.9948752,317
1686190275.007394,317
1686190275.0194094,316
1686190275.0360844,315
1686190275.0487838,316
1686190275.0607812,316
1686190275.076835,317
1686190275.0894659,316
1686190275.1014647,315
1686190275.1180987,314
1686190275.1299596,315
1686190275.1429045,314
1686190275.1592627,315
1686190275.171288,314
1686190275.1879067,313
1686190275.1999042,313
1686190275.2122033,313
1686190275.2288485,314
1686190275.24091,314
1686190275.2529156,313
1686190275.2699068,313
1686190275.2819026,314
1686190275.2940826,315
1686190275.3112645,317
1686190275.323761,319
1686190275.3390718,321
1686190275.3517563,323
1686190275.3637488,328
1686190275.3798027,333
1686190275.3927543,339
1686190275.4047506,343
1686190275.42077,349
1686190275.433755,355
1686190275.4458196,361
1686190275.4620612,367
1686190275.4747567,374
1686190275.486752,378
1686190275.503099,381
1686190275.515745,384
1686190275.5318115,389
1686190275.5438232,392
1686190275.556115,394
1686190275.5727413,395
1686190275.584811,396
1686190275.596798,396
1686190275.6138632,396
1686190275.6257372,396
1686190275.6380737,394
1686190275.6543388,392
1686190275.6671243,391
1686190275.6840663,389
1686190275.6953564,387
1686190275.7075555,385
1686190275.7242336,382
1686190275.7367349,379
1686190275.748722,376
1686190275.7647243,373
1686190275.7771914,371
1686190275.790238,367
1686190275.8064566,362
1686190275.818161,358
1686190275.8346975,353
1686190275.847297,350
1686190275.8592007,345
1686190275.876203,340
1686190275.8881989,334
1686190275.9005177,328
1686190275.9166915,324
1686190275.9293697,320
1686190275.9414275,317
1686190275.9574864,312
1686190275.9703715,307
1686190275.981859,302
1686190275.998914,298
1686190276.0108871,292
1686190276.0276332,285
1686190276.039665,277
1686190276.0520864,267
1686190276.0684156,257
1686190276.0806432,249
1686190276.092361,239
1686190276.1094034,231
1686190276.1213424,221
1686190276.1333337,214
1686190276.150289,210
1686190276.1625803,209
1686190276.1784976,210
1686190276.1913302,212
1686190276.2034771,216
1686190276.2196114,221
1686190276.232282,227
1686190276.244278,234
1686190276.2606313,241
1686190276.2732763,247
1686190276.285298,253
1686190276.301622,259
1686190276.3142638,266
1686190276.326449,272
1686190276.3422627,278
1686190276.3552637,282
1686190276.3716207,286
1686190276.3833194,290
1686190276.3962648,295
1686190276.4125206,300
1686190276.4245348,303
1686190276.4372654,305
1686190276.4532645,306
1686190276.4657404,307
1686190276.478265,307
1686190276.494262,305
1686190276.5065694,302
1686190276.52255,298
1686190276.5355587,295
1686190276.5475495,293
1686190276.5633469,292
1686190276.5763497,291
1686190276.5885656,291
1686190276.6043448,290
1686190276.6173482,291
1686190276.6295824,292
1686190276.6463451,294
1686190276.6582062,296
1686190276.6742303,297
1686190276.6870363,298
1686190276.6990747,299
1686190276.71536,302
1686190276.7280197,304
1686190276.7400155,306
1686190276.7561593,307
1686190276.768018,308
1686190276.7809927,309
1686190276.7970064,311
1686190276.8099942,313
1686190276.8217328,313
1686190276.8384879,313
1686190276.8504128,314
1686190276.8669655,315
1686190276.8789618,316
1686190276.891019,317
1686190276.9082103,316
1686190276.9200175,316
1686190276.9320197,316
1686190276.949085,317
1686190276.961019,318
1686190276.973082,319
1686190276.990005,319
1686190277.0020108,318
1686190277.0180848,318
1686190277.0309997,319
1686190277.0431736,319
1686190277.059319,319
1686190277.0720038,318
1686190277.0840008,317
1686190277.100622,317
1686190277.1127367,318
1686190277.1249433,318
1686190277.1426642,318
1686190277.154178,317
1686190277.1660337,316
1686190277.1826985,316
1686190277.1946948,317
1686190277.2110453,317
1686190277.2231312,317
1686190277.2356944,316
1686190277.2516956,315
1686190277.2636957,315
1686190277.2766585,316
1686190277.2933195,316
1686190277.3053193,314
1686190277.317641,313
1686190277.3336434,313
1686190277.346582,313
1686190277.3625765,313
1686190277.3746874,313
1686190277.3875825,312
1686190277.4035912,311
1686190277.4155786,312
1686190277.4279013,313
1686190277.4446454,314
1686190277.4565818,313
1686190277.4694288,312
1686190277.485595,312
1686190277.497779,312
1686190277.5138888,313
1686190277.526645,314
1686190277.5385687,313
1686190277.555267,312
1686190277.5672555,312
1686190277.5792077,313
1686190277.5962403,314
1686190277.6085222,314
1686190277.6211772,313
1686190277.6371748,312
1686190277.6491785,313
1686190277.6615577,314
1686190277.6782818,314
1686190277.6903749,315
1686190277.7062767,314
1686190277.7192793,314
1686190277.731275,314
1686190277.7476218,315
1686190277.7602835,316
1686190277.7722778,315
1686190277.7882924,315
1686190277.8014083,314
1686190277.8133557,315
1686190277.8295848,316
1686190277.8416288,316
1686190277.858296,316
1686190277.87063,316
1686190277.882919,316
1686190277.8993483,317
1686190277.911276,317
1686190277.9232893,318
1686190277.9403315,317
1686190277.9523928,316
1686190277.9649017,317
1686190277.9804869,318
1686190277.9936821,318
1686190278.0098498,318
1686190278.022046,318
1686190278.0346813,317
1686190278.0509913,318
1686190278.062748,319
1686190278.0750663,320
1686190278.0917468,320
1686190278.103674,319
1686190278.1160412,319
1686190278.1327507,320
1686190278.1448097,322
1686190278.1570537,322
1686190278.1736798,322
1686190278.1862736,321
1686190278.2020872,321
1686190278.2146993,322
1686190278.2266839,323
1686190278.2433004,323
1686190278.255296,323
1686190278.267353,322
1686190278.2843173,322
1686190278.296383,323
1686190278.308609,324
1686190278.3245249,323
1686190278.3370283,323
1686190278.3530412,322
1686190278.3661637,323
1686190278.3780868,324
1686190278.3950984,324
1686190278.4070818,324
1686190278.4194186,323
1686190278.4360845,323
1686190278.4480817,323
1686190278.4601033,324
1686190278.4770792,324
1686190278.4890838,323
1686190278.5014348,323
1686190278.51742,323
1686190278.5301557,324
1686190278.5464478,324
1686190278.5581374,324
1686190278.5710824,323
1686190278.5872653,323
1686190278.5994852,323
1686190278.6121001,324
1686190278.6277838,324
1686190278.640733,324
1686190278.6528773,323
1686190278.669776,323
1686190278.6808715,324
1686190278.6979465,324
1686190278.710023,325
1686190278.7225916,324
1686190278.738666,324
1686190278.7506485,324
1686190278.7635899,325
1686190278.7795904,326
1686190278.791866,326
1686190278.8045924,325
1686190278.8207524,324
1686190278.8329034,323
1686190278.8456092,324
1686190278.8617315,325
1686190278.8739464,324
1686190278.8906384,324
1686190278.9029384,323
1686190278.9146886,324
1686190278.9310577,325
1686190278.9437237,325
1686190278.9557047,325
1686190278.9717038,323
1686190278.9846985,323
1686190278.9969084,324
1686190279.0127873,324
1686190279.0254753,325
1686190279.0420058,324
1686190279.0539339,323
1686190279.066455,322
1686190279.0834696,323
1686190279.095446,324
1686190279.1076095,324
1686190279.1234431,323
1686190279.1364467,322
1686190279.148515,322
1686190279.164765,322
1686190279.1772444,323
1686190279.193564,323
1686190279.2052495,322
1686190279.2182522,321
1686190279.2341838,321
1686190279.2464976,322
1686190279.2591841,323
1686190279.2754161,322
1686190279.2871835,321
1686190279.3001869,320
1686190279.3161864,321
1686190279.328576,321
1686190279.3406172,322
1686190279.356633,321
1686190279.3696265,320
1686190279.3856976,320
1686190279.3982275,321
1686190279.4100893,321
1686190279.4269373,321
1686190279.4386308,320
1686190279.451686,319
1686190279.4676163,319
1686190279.4799323,320
1686190279.492613,320
1686190279.5086143,320
1686190279.5211995,319
1686190279.5373006,318
1686190279.5500343,319
1686190279.562025,319
1686190279.5781555,320
1686190279.5910313,319
1686190279.6030293,318
1686190279.6190848,318
1686190279.6310897,318
1686190279.644032,318
1686190279.6602414,319
1686190279.6725357,319
1686190279.688594,318
1686190279.7006404,318
1686190279.7135754,319
1686190279.7304306,320
1686190279.74226,320
1686190279.7544403,319
1686190279.7712872,318
1686190279.782765,318
1686190279.7954683,319
1686190279.8117785,319
1686190279.8244991,319
1686190279.836572,318
1686190279.8529313,318
1686190279.8649743,318
1686190279.8811116,319
1686190279.8936517,320
1686190279.9061813,320
1686190279.9226625,319
1686190279.9346797,319
1686190279.9473977,320
1686190279.963629,320
1686190279.9754121,320
1686190279.9874673,320
1686190280.0044951,319
1686190280.016871,319
1686190280.0327995,320
1686190280.0448947,320
1686190280.0577908,320
1686190280.0737605,319
1686190280.0865886,319
1686190280.0987496,319
1686190280.1154428,319
1686190280.127412,320
1686190280.1394124,320
1686190280.1554108,319
1686190280.1684268,319
1686190280.1804671,319
1686190280.1964743,320
1686190280.2084732,321
1686190280.225021,320
1686190280.2379508,320
1686190280.2500317,319
1686190280.2664943,320
1686190280.278962,321
1686190280.2909443,321
1686190280.3069527,320
1686190280.3199532,319
1686190280.3315654,319
1686190280.3486,320
1686190280.3606038,320
1686190280.3773396,320
1686190280.3893383,320
1686190280.4018424,319
1686190280.4183347,319
1686190280.4305506,320
1686190280.4428244,320
1686190280.4587514,320
1686190280.470893,320
1686190280.483562,320
1686190280.4995136,320
1686190280.512477,321
1686190280.528437,321
1686190280.5405524,321
1686190280.5534842,320
1686190280.570721,321
1686190280.5823238,322
1686190280.5946305,325
1686190280.6106393,326
1686190280.6226997,328
1686190280.6350307,330
1686190280.6517658,334
1686190280.6637177,339
1686190280.675762,345
1686190280.6927,353
1686190280.704316,360
1686190280.720652,366
1686190280.7332568,371
1686190280.7459612,373
1686190280.7622566,373
1686190280.7751412,370
1686190280.7868934,363
1686190280.802799,353
1686190280.8154902,342
1686190280.8277857,331
1686190280.843664,321
1686190280.8557286,311
1686190280.8723238,303
1686190280.8847601,297
1686190280.8974907,294
1686190280.9138215,292
1686190280.9257042,291
1686190280.9386425,289
1686190280.9547708,289
1686190280.9666584,290
1686190280.9793384,291
1686190280.995595,294
1686190281.0082095,295
1686190281.0202563,296
1686190281.0367148,297
1686190281.049021,299
1686190281.0646887,301
1686190281.0774622,303
1686190281.0897908,304
1686190281.1059456,304
1686190281.1179488,306
1686190281.1310167,307
1686190281.147608,309
1686190281.1595004,311
1686190281.1717505,310
1686190281.188192,310
1686190281.2001853,311
1686190281.2168555,312
1686190281.2292268,314
1686190281.2416997,314
1686190281.2577233,314
1686190281.2704737,314
1686190281.2820516,315
1686190281.298641,316
1686190281.3113449,317
1686190281.3244894,318
1686190281.3390522,317
1686190281.3521025,317
1686190281.368702,317
1686190281.380727,318
1686190281.3931973,318
1686190281.4094362,318
1686190281.4210718,317
1686190281.4340475,316
1686190281.450869,317
1686190281.4627569,318
1686190281.4747376,318
1686190281.491579,317
1686190281.503702,316
1686190281.51589,316
1686190281.5322356,316
1686190281.5440784,316
1686190281.5607045,316
1686190281.5728803,315
1686190281.5855575,314
1686190281.6016114,314
1686190281.6147168,314
1686190281.6265216,314
1686190281.6428554,314
1686190281.6543229,312
1686190281.6679194,312
1686190281.6839178,312
1686190281.6960335,312
1686190281.7125206,312
1686190281.7248325,312
1686190281.737355,311
1686190281.75374,310
1686190281.7651415,311
1686190281.7785268,311
1686190281.7945583,311
1686190281.8062034,310
1686190281.819235,309
1686190281.8347678,309
1686190281.8477423,310
1686190281.8597875,310
1686190281.8758504,310
1686190281.8880973,309
1686190281.9046268,308
1686190281.9174082,308
1686190281.929631,308
1686190281.9459524,309
1686190281.958422,308
1686190281.9706893,307
1686190281.9867232,306
1686190281.9991934,307
1686190282.011456,308
1686190282.0279486,308
1686190282.0400388,307
1686190282.0565877,306
1686190282.0688744,306
1686190282.080762,307
1686190282.096992,308
1686190282.1095157,308
1686190282.121525,307
1686190282.13859,306
1686190282.150767,307
1686190282.1633754,307
1686190282.1794255,308
1686190282.1914883,309
1686190282.208389,307
1686190282.2197318,307
1686190282.232652,307
1686190282.2495697,308
1686190282.2612453,310
1686190282.2736545,310
1686190282.2902715,310
1686190282.3026352,312
1686190282.3143053,314
1686190282.3305852,317
1686190282.34303,320
1686190282.3554811,324
1686190282.3725984,327
1686190282.3836246,330
1686190282.4006896,336
1686190282.4131148,340
1686190282.4254017,343
1686190282.4415011,345
1686190282.4535506,345
1686190282.4661038,346
1686190282.482524,347
1686190282.4946842,346
1686190282.506708,344
1686190282.523354,340
1686190282.5355048,337
1686190282.55189,334
1686190282.5646968,333
1686190282.576657,331
1686190282.593269,329
1686190282.6047072,327
1686190282.617884,325
1686190282.6343899,325
1686190282.6464908,326
1686190282.6585214,327
1686190282.674575,328
1686190282.6865795,330
1686190282.6995587,330
1686190282.7159798,333
1686190282.728596,334
1686190282.744677,335
1686190282.7566302,335
1686190282.7692835,334
1686190282.7855008,334
1686190282.797497,335
1686190282.8104942,336
1686190282.826512,335
1686190282.8383534,334
1686190282.8513918,332
1686190282.8674812,331
1686190282.8798265,330
1686190282.895774,328
1686190282.9086897,326
1686190282.9208343,321
1686190282.9367123,318
1686190282.9497452,316
1686190282.961701,315
1686190282.9777265,313
1686190282.9897316,311
1686190283.0026937,308
1686190283.0186536,306
1686190283.0317798,305
1686190283.0476084,304
1686190283.0600665,303
1686190283.072433,302
1686190283.0888245,301
1686190283.1013088,301
1686190283.113524,301
1686190283.12952,302
1686190283.1422853,302
1686190283.153852,301
1686190283.170851,300
1686190283.1828585,300
1686190283.1948469,300
1686190283.2116964,299
1686190283.2239842,298
1686190283.2395952,296
1686190283.252494,296
1686190283.2647345,296
1686190283.2806795,296
1686190283.2939956,296
1686190283.305985,296
1686190283.3224123,296
1686190283.334279,296
1686190283.3468392,297
1686190283.36344,299
1686190283.3755975,299
1686190283.391808,300
1686190283.4036634,300
1686190283.4166117,302
1686190283.432929,304
1686190283.4450145,306
1686190283.4575353,306
1686190283.473745,307
1686190283.4858358,308
1686190283.4980204,309
1686190283.5146904,311
1686190283.5268536,313
1686190283.5394032,314
1686190283.5555873,314
1686190283.5676625,315
1686190283.584623,316
1686190283.5966394,319
1686190283.608758,319
1686190283.6245313,320
1686190283.6371527,320
1686190283.6498733,320
1686190283.6669064,321
1686190283.6785102,323
1686190283.6907485,323
1686190283.7066038,323
1686190283.7188933,322
1686190283.735816,323
1686190283.7481794,324
1686190283.7606516,325
1686190283.7768426,324
1686190283.788447,324
1686190283.8006825,323
1686190283.8177989,324
1686190283.830278,324
1686190283.841914,325
1686190283.8586016,324
1686190283.8707104,323
1686190283.8868477,322
1686190283.8996449,322
1686190283.9120016,323
1686190283.9275765,323
1686190283.9405763,322
1686190283.952505,322
1686190283.9686558,321
1686190283.9812562,322
1686190283.993683,323
1686190284.0100052,323
1686190284.0225291,322
1686190284.034763,321
1686190284.051541,321
1686190284.063308,321
1686190284.0794485,322
1686190284.0917535,321
1686190284.1044903,320
1686190284.1209714,320
1686190284.132814,320
1686190284.1456642,321
1686190284.1617444,321
1686190284.1743658,320
1686190284.1860638,320
1686190284.2031212,319
1686190284.2151117,319
1686190284.231515,320
1686190284.2437813,320
1686190284.2553866,319
1686190284.2719617,319
1686190284.2840636,319
1686190284.2963526,319
1686190284.3135908,320
1686190284.326096,320
1686190284.3379014,319
1686190284.3535976,318
1686190284.366688,318
1686190284.3788805,319
1686190284.3952742,319
1686190284.4075859,318
1686190284.4233997,317
1686190284.4361684,317
1686190284.4486928,317
1686190284.4651363,318
1686190284.4774528,319
1686190284.4894536,318
1686190284.5058284,318
1686190284.5184083,318
1686190284.5309002,318
1686190284.5468578,319
1686190284.559439,319
1686190284.57449,318
1686190284.5874822,318
1686190284.5995266,319
1686190284.616661,319
1686190284.628696,320
1686190284.6406522,320
1686190284.6571357,319
1686190284.6692927,319
1686190284.682236,319
1686190284.6982129,320
1686190284.710205,320
1686190284.722262,320
1686190284.738887,318
1686190284.7508943,318
1686190284.7680364,318
1686190284.7809682,319
1686190284.7926612,320
1686190284.8085423,319
1686190284.8208003,319
1686190284.8336935,318
1686190284.8502538,319
1686190284.8619084,320
1686190284.874149,320
1686190284.89081,319
1686190284.9029183,318
1686190284.9196248,319
1686190284.9318457,320
1686190284.943779,321
1686190284.9606879,321
1686190284.972855,320
1686190284.9849856,320
1686190285.0013885,320
1686190285.0138752,321
1686190285.025905,322
1686190285.0424674,321
1686190285.054511,321
1686190285.0712943,321
1686190285.0836873,321
1686190285.095502,321
1686190285.1123307,322
1686190285.1244419,321
1686190285.136811,320
1686190285.1532605,320
1686190285.1648676,321
1686190285.177585,321
1686190285.194002,321
1686190285.206503,320
1686190285.2186131,319
1686190285.234785,319
1686190285.247541,320
1686190285.2636626,320
1686190285.2753596,320
1686190285.2884247,319
1686190285.3045452,318
1686190285.3165042,319
1686190285.3285122,319
1686190285.3455155,320
1686190285.357875,319
1686190285.3696694,318
1686190285.3865333,318
1686190285.3985233,318
1686190285.4155953,319
1686190285.427127,319
1686190285.439722,319
1686190285.4555962,318
1686190285.4687302,318
1686190285.4807305,318
1686190285.4969418,319
1686190285.5089407,319
1686190285.5215778,318
1686190285.5386171,317
1686190285.5505793,317
1686190285.5627005,318
1686190285.5793085,319
1686190285.5915895,319
1686190285.6074767,318
1686190285.6195343,318
1686190285.632533,318
1686190285.6483235,319
1686190285.6608934,319
1686190285.673515,319
1686190285.6896262,318
1686190285.701626,318
1686190285.7144659,318
1686190285.7304523,319
1686190285.7428248,319
1686190285.7587223,318
1686190285.7715714,318
1686190285.7839246,318
1686190285.8004577,318
1686190285.8117883,319
1686190285.8246262,319
1686190285.8406196,318
1686190285.8530447,318
1686190285.8652499,318
1686190285.8820493,319
1686190285.8939998,319
1686190285.9100497,319
1686190285.923027,319
1686190285.9346795,318
1686190285.9515934,319
1686190285.9638813,319
1686190285.9765596,320
1686190285.9926155,319
1686190286.004572,318
1686190286.0176387,318
1686190286.0335555,319
1686190286.045485,319
1686190286.0575378,320
1686190286.074527,319
1686190286.0868404,318
1686190286.1028774,317
1686190286.1153395,318
1686190286.127459,319
1686190286.1445086,318
1686190286.1564438,317
1686190286.1684463,317
1686190286.1854434,317
1686190286.197514,318
1686190286.2097294,318
1686190286.2257285,318
1686190286.238514,317
1686190286.2544994,317
1686190286.2672358,317
1686190286.2792666,318
1686190286.295168,318
1686190286.3081727,318
1686190286.3202448,317
1686190286.3365126,316
1686190286.3491757,317
1686190286.3611708,317
1686190286.3772283,317
1686190286.3902311,317
1686190286.4056704,315
1686190286.4186194,315
1686190286.4309354,316
1686190286.4468875,316
1686190286.459284,316
1686190286.4718902,315
1686190286.4881575,315
1686190286.4998934,315
1686190286.5127711,316
1686190286.52852,316
1686190286.5415196,316
1686190286.5536184,314
1686190286.5703204,313
1686190286.5824454,313
1686190286.5988328,313
1686190286.6113381,313
1686190286.6234055,312
1686190286.6392524,311
1686190286.652118,310
1686190286.6642795,310
1686190286.6804419,311
1686190286.6934335,311
1686190286.7054343,311
1686190286.7214675,310
1686190286.734213,311
1686190286.750258,313
1686190286.7628584,315
1686190286.7752285,316
1686190286.7911744,317
1686190286.8031702,319
1686190286.8161936,321
1686190286.8325064,324
1686190286.8444383,327
1686190286.8562138,328
1686190286.873277,329
1686190286.8852322,331
1686190286.897536,333
1686190286.9142354,336
1686190286.9261644,338
1686190286.9425385,339
1686190286.9554105,339
1686190286.9672434,340
1686190286.9831643,341
1686190286.9961612,343
1686190287.0084286,343
1686190287.024523,344
1686190287.0372264,343
1686190287.0491664,343
1686190287.0654762,344
1686190287.0782409,344
1686190287.0944362,342
1686190287.106167,340
1686190287.1192238,337
1686190287.1352036,336
1686190287.1475184,334
1686190287.1595318,333
1686190287.1765664,330
1686190287.1885707,326
1686190287.2011933,323
1686190287.2166238,320
1686190287.2296882,318
1686190287.2418432,315
1686190287.2576234,311
1686190287.2706213,308
1686190287.2866924,306
1686190287.2986732,305
1686190287.311711,305
1686190287.3276343,304
1686190287.3399675,302
1686190287.352353,300
1686190287.3691556,299
1686190287.3810759,298
1686190287.393071,295
1686190287.4100974,292
1686190287.422152,289
1686190287.4380763,287
1686190287.4502606,287
1686190287.4631505,288
1686190287.4787564,290
1686190287.4917953,291
1686190287.5047417,292
1686190287.5208092,293
1686190287.5328124,295
1686190287.5448964,299
1686190287.5613081,301
1686190287.5735514,304
1686190287.5898502,310
1686190287.6025403,322
1686190287.6144516,339
1686190287.6304548,361
1686190287.6435132,382
1686190287.6555486,400
1686190287.6717699,412
1686190287.684462,423
1686190287.6964536,431
1686190287.7127686,433
1686190287.7244496,434
1686190287.737524,431
1686190287.7534573,425
1686190287.766036,420
1686190287.782373,414
1686190287.7950804,408
1686190287.807003,400
1686190287.8233485,392
1686190287.8360052,385
1686190287.8482718,378
1686190287.8647318,370
1686190287.8766925,359
1686190287.8887305,345
1686190287.904808,327
1686190287.9177952,308
1686190287.933825,288
1686190287.9458072,269
1686190287.9578848,252
1686190287.9749515,238
1686190287.9871514,228
1686190287.9998293,223
1686190288.0158982,221
1686190288.0278783,221
1686190288.0398724,222
1686190288.056895,225
1686190288.0688288,229
1686190288.0808728,234
1686190288.097891,241
1686190288.1099026,247
1686190288.125821,252
1686190288.1381214,257
1686190288.151023,262
1686190288.1668186,268
1686190288.1791375,274
1686190288.191775,279
1686190288.2080665,283
1686190288.2196805,286
1686190288.2327826,290
1686190288.2484188,294
1686190288.2614443,297
1686190288.2776253,300
1686190288.290185,302
1686190288.30207,303
1686190288.3188653,305
1686190288.3309343,308
1686190288.3433757,310
1686190288.3593106,311
1686190288.371315,311
1686190288.3835788,312
1686190288.4007022,312
1686190288.4127955,314
1686190288.4285884,315
1686190288.4415848,315
1686190288.4535995,315
1686190288.470399,316
1686190288.4828286,317
1686190288.4949477,318
1686190288.5110524,319
1686190288.5231478,319
1686190288.5358427,319
1686190288.5514584,320
1686190288.5642903,321
1686190288.5766463,321
1686190288.5926647,321
1686190288.6056497,321
1686190288.6215134,320
1686190288.6335154,320
1686190288.646192,321
1686190288.6630285,321
1686190288.6750495,321
1686190288.6870277,320
1686190288.7033741,319
1686190288.715488,320
1686190288.728467,321
1686190288.7444894,321
1686190288.756602,321
1686190288.7728333,320
1686190288.7858183,320
1686190288.7982416,320
1686190288.814278,321
1686190288.8263009,322
1686190288.8387308,321
1686190288.8551965,320
1686190288.8672733,319
1686190288.8796225,320
1686190288.8957627,321
1686190288.9078302,320
1686190288.924832,319
1686190288.9372282,318
1686190288.9492512,318
1686190288.965465,318
1686190288.9783711,318
1686190288.9907022,317
1686190289.0074425,316
1686190289.0194557,315
1686190289.0317214,316
1686190289.0484588,316
1686190289.0604503,317
1686190289.072564,316
1686190289.0885646,315
1686190289.101631,315
1686190289.117738,315
1686190289.129575,316
1686190289.1425753,316
1686190289.1587713,315
1686190289.1715422,314
1686190289.1836095,314
1686190289.1995575,315
1686190289.2118673,315
1686190289.2235584,315
1686190289.2406135,314
1686190289.2528555,314
1686190289.269035,314
1686190289.2820885,315
1686190289.2940845,316
1686190289.3102562,315
1686190289.322152,315
1686190289.3350792,314
1686190289.3510253,314
1686190289.364331,316
1686190289.37527,316
1686190289.3922138,315
1686190289.4040537,315
1686190289.4160318,314
1686190289.4332182,315
1686190289.445039,316
1686190289.4620848,316
1686190289.4743197,316
1686190289.4862351,315
1686190289.5022914,315
1686190289.5153027,316
1686190289.5273108,317
1686190289.544255,316
1686190289.55624,316
1686190289.568303,315
1686190289.58443,315
1686190289.5970793,317
1686190289.6134439,318
1686190289.625368,318
1686190289.6380823,317
1686190289.6540828,318
1686190289.6661391,319
1686190289.679082,320
1686190289.6952803,320
1686190289.7078338,319
1686190289.7199166,319
1686190289.7363405,319
1686190289.748424,319
1686190289.7646556,320
1686190289.7765641,320
1686190289.789566,320
1686190289.8058798,319
1686190289.817618,319
1686190289.8307128,320
1686190289.846561,321
1686190289.8586292,321
1686190289.8716364,320
1686190289.8870203,320
1686190289.8995383,321
1686190289.9125843,322
1686190289.9284828,322
1686190289.940532,322
1686190289.9574764,321
1686190289.9697156,321
1686190289.9822962,321
1686190289.9982297,322
1686190290.010586,322
1686190290.0225904,322
1686190290.0392752,321
1686190290.0516164,321
1686190290.0642285,322
1686190290.0803077,322
1686190290.0925274,322
1686190290.1085532,321
1686190290.1212294,321
1686190290.1333003,321
1686190290.1492317,322
1686190290.1622481,322
1686190290.1742496,322
1686190290.190238,321
1686190290.203302,321
1686190290.2154143,321
1686190290.23152,322
1686190290.2443037,323
1686190290.256226,323
1686190290.2725577,322
1686190290.2852328,322
1686190290.3012357,322
1686190290.3135817,323
1686190290.326308,323
1686190290.3422296,322
1686190290.3542335,322
1686190290.3663063,322
1686190290.3833125,322
1686190290.3952394,323
1686190290.408287,323
1686190290.4245708,321
1686190290.436291,321
1686190290.4529147,322
1686190290.465231,323
1686190290.4774244,323
1686190290.493721,323
1686190290.5064063,322
1686190290.518416,321
1686190290.5354662,322
1686190290.5474782,322
1686190290.5594776,323
1686190290.5755718,322
1686190290.587622,321
1686190290.6046584,320
1686190290.6168706,321
1686190290.628867,322
1686190290.645574,322
1686190290.6576488,321
1686190290.6695726,321
1686190290.6865902,321
1686190290.6986547,322
1686190290.7115998,322
1686190290.7276385,322
1686190290.7395687,321
1686190290.7516382,320
1686190290.7685783,320
1686190290.7806735,321
1686190290.7965763,322
1686190290.8095772,321
1686190290.821644,320
1686190290.8383417,320
1686190290.8504593,321
1686190290.8622603,321
1686190290.8783233,321
1686190290.89126,321
1686190290.9034796,320
1686190290.919286,320
1686190290.93234,320
1686190290.9482749,321
1686190290.9603996,321
1686190290.9732594,320
1686190290.989578,320
1686190291.0015254,320
1686190291.0145357,321
1686190291.0305085,321
1686190291.042563,321
1686190291.0545044,320
1686190291.0715783,320
1686190291.0835268,320
1686190291.09582,321
1686190291.1125927,321
1686190291.124509,320
1686190291.1405823,320
1686190291.15257,320
1686190291.1660752,320
1686190291.1815772,321
1686190291.1945033,321
1686190291.20666,321
1686190291.2233224,320
1686190291.2353175,320
1686190291.2478633,320
1686190291.2634954,321
1686190291.2756543,321
1686190291.292174,320
1686190291.3048584,320
1686190291.3177927,319
1686190291.3328257,320
1686190291.346262,320
1686190291.358265,320
1686190291.37467,319
1686190291.3869448,318
1686190291.3986704,318
1686190291.415615,319
1686190291.427615,320
1686190291.4445515,319
1686190291.4566534,318
1686190291.4684713,318
1686190291.4850502,318
1686190291.4980998,319
1686190291.5095472,319
1686190291.5261712,318
1686190291.5386653,318
1686190291.5504465,317
1686190291.5673385,318
1686190291.5795295,319
1686190291.5915556,319
1686190291.6080992,318
1686190291.620416,318
1686190291.6367598,318
1686190291.6486554,319
1686190291.6617024,319
1686190291.6772964,319
1686190291.68997,318
1686190291.701914,318
1686190291.717931,318
1686190291.7309158,319
1686190291.742914,319
1686190291.758977,318
1686190291.7719188,318
1686190291.7879133,317
1686190291.7999122,318
1686190291.8119247,319
1686190291.8289135,319
1686190291.8409142,319
1686190291.8534923,318
1686190291.8699172,318
1686190291.8819222,318
1686190291.893975,319
1686190291.911044,319
1686190291.922933,318
1686190291.935931,317
1686190291.9519298,317
1686190291.9637687,318
1686190291.9807239,319
1686190291.9932592,319
1686190292.005301,318
1686190292.0214617,317
1686190292.0337133,317
1686190292.046006,318
1686190292.062776,319
1686190292.0748203,319
1686190292.0866969,317
1686190292.1036983,317
1686190292.1156685,318
1686190292.1323233,318
1686190292.1447117,319
1686190292.1575196,318
1686190292.1735232,317
1686190292.185614,317
1686190292.197616,318
1686190292.2142875,319
1686190292.2267368,319
1686190292.2382977,318
1686190292.2552981,317
1686190292.267606,317
1686190292.2833972,318
1686190292.2964919,319
1686190292.3080485,318
1686190292.3245904,317
1686190292.3364937,316
1686190292.3495023,316
1686190292.3653796,317
1686190292.3783553,318
1686190292.3900626,317
1686190292.4067352,316
1686190292.4185896,317
1686190292.430849,319
1686190292.447634,320
1686190292.4596698,321
1686190292.4766662,320
1686190292.4883323,320
1686190292.5009437,320
1686190292.5176656,320
1686190292.529818,320
1686190292.5419767,319
1686190292.5591867,317
1686190292.5703776,316
1686190292.582491,316
1686190292.5987225,316
1686190292.6115687,317
1686190292.6282341,317
1686190292.6396384,316
1686190292.65275,316
1686190292.6687286,316
1686190292.6811857,317
1686190292.693217,318
1686190292.7097008,318
1686190292.7222278,317
1686190292.7345443,317
1686190292.750337,317
1686190292.7633073,319
1686190292.774602,319
1686190292.7915454,318
1686190292.803705,317
1686190292.819648,317
1686190292.832435,317
1686190292.8445404,318
1686190292.8613968,318
1686190292.8738208,317
1686190292.8858676,317
1686190292.9026685,317
1686190292.9147778,318
1686190292.9268377,319
1686190292.9436462,318
1686190292.9556797,317
1686190292.9720588,316
1686190292.9835591,317
1686190292.996555,318
1686190293.0125556,318
1686190293.02455,317
1686190293.0375466,317
1686190293.0532534,317
1686190293.0660017,318
1686190293.0783472,318
1686190293.0946116,319
1686190293.106381,318
1686190293.1231744,317
1686190293.1351697,317
1686190293.1475754,318
1686190293.1639152,318
1686190293.17685,318
1686190293.1890633,317
1686190293.2056053,316
1686190293.217724,316
1686190293.2297668,317
1686190293.2458339,318
1686190293.2587671,318
1686190293.2709959,317
1686190293.2869947,317
1686190293.2996223,317
1686190293.3157363,318
1686190293.3285458,319
1686190293.34059,318
1686190293.356711,317
1686190293.3685563,317
1686190293.3816159,318
1686190293.3976638,318
1686190293.4099414,318
1686190293.4226532,317
1686190293.438215,316
1686190293.4515078,316
1686190293.467042,317
1686190293.4796183,318
1686190293.49222,317
1686190293.508671,316
1686190293.5205944,316
1686190293.5331025,316
1686190293.549413,317
1686190293.5615542,318
1686190293.5740006,317
1686190293.5905554,316
1686190293.6028488,316
1686190293.6192071,316
1686190293.6311412,318
1686190293.6438167,318
1686190293.6596115,318
1686190293.672544,317
1686190293.6849508,317
1686190293.7012358,318
1686190293.7135336,319
1686190293.7255435,319
1686190293.742199,319
1686190293.7545345,318
1686190293.7662518,318
1686190293.783193,318
1686190293.7947726,319
1686190293.8115938,319
1686190293.8242438,318
1686190293.835558,317
1686190293.852129,316
1686190293.8648682,317
1686190293.8768973,318
1686190293.8936691,318
1686190293.9058855,317
1686190293.9180958,317
1686190293.9337413,317
1686190293.9468074,318
1686190293.9626713,319
1686190293.9746614,318
1686190293.9878025,318
1686190294.0034425,318
1686190294.0164464,318
1686190294.0284574,319
1686190294.0450041,319
1686190294.0580513,318
1686190294.0690677,318
1686190294.0859473,318
1686190294.0980892,318
1686190294.1106377,320
1686190294.1266024,319
1686190294.1395638,318
1686190294.1548836,317
1686190294.16778,317
1686190294.1805038,318
1686190294.1960123,318
1686190294.2086635,318
1686190294.2207088,317
1686190294.2376676,317
1686190294.2497127,317
1686190294.2617803,317
1686190294.2786276,318
1686190294.2909834,317
1686190294.3075738,316
1686190294.3193233,316
1686190294.3315153,316
1686190294.347857,317
1686190294.3597476,318
1686190294.3727076,317
1686190294.3884313,317
1686190294.4013798,317
1686190294.4136071,317
1686190294.4297287,318
1686190294.4422815,318
1686190294.4588392,317
1686190294.4712303,317
1686190294.482993,317
1686190294.4997091,317
1686190294.5117106,318
1686190294.5246437,318
1686190294.5411236,317
1686190294.553078,317
1686190294.5651202,317
1686190294.581024,318
1686190294.5940933,319
1686190294.606545,318
1686190294.6223552,317
1686190294.6355083,317
1686190294.6507037,318
1686190294.663557,319
1686190294.6757553,319
1686190294.6924949,318
1686190294.7045004,317
1686190294.716834,317
1686190294.7328334,318
1686190294.7449126,319
1686190294.7569969,319
1686190294.7744246,318
1686190294.7865286,317
1686190294.8029346,317
1686190294.8150868,318
1686190294.8275096,319
1686190294.8436058,318
1686190294.8559105,317
1686190294.8693242,317
1686190294.8851256,318
1686190294.897211,319
1686190294.909217,319
1686190294.926362,318
1686190294.9376533,317
1686190294.9536464,317
1686190294.9669027,318
1686190294.978621,319
1686190294.9952593,319
1686190295.0076723,318
1686190295.0201592,317
1686190295.036556,317
1686190295.0485084,318
1686190295.060926,319
1686190295.0769482,319
1686190295.0890863,318
1686190295.1018677,317
1686190295.1179254,317
1686190295.1306841,318
1686190295.1469026,318
1686190295.158901,318
1686190295.1716073,317
1686190295.1881127,316
1686190295.2003765,317
1686190295.2119691,317
1686190295.2292013,318
1686190295.2410793,318
1686190295.253123,316
1686190295.2698596,317
1686190295.282291,317
1686190295.2976134,318
1686190295.3105063,319
1686190295.3232298,318
1686190295.3395915,317
1686190295.3515325,318
1686190295.363912,319
1686190295.380466,319
1686190295.3926728,319
1686190295.4048538,319
1686190295.4213307,318
1686190295.4335713,319
1686190295.4457371,319
1686190295.4618254,320
1686190295.4747849,320
1686190295.49116,319
1686190295.503559,318
1686190295.515515,319
1686190295.531496,320
1686190295.5435727,320
1686190295.5568552,320
1686190295.5728483,319
1686190295.585316,319
1686190295.59716,320
1686190295.6135113,320
1686190295.6259444,321
1686190295.6423516,320
1686190295.6547942,319
1686190295.6669884,319
1686190295.6826751,319
1686190295.6956477,320
1686190295.7083325,320
1686190295.7236595,319
1686190295.736053,319
1686190295.748666,318
1686190295.7647672,319
1686190295.7777107,319
1686190295.7897196,318
1686190295.8056135,318
1686190295.8185978,317
1686190295.835299,318
1686190295.8472416,318
1686190295.859691,318
1686190295.875644,318
1686190295.888639,317
1686190295.900354,317
1686190295.9168756,317
1686190295.9291744,318
1686190295.9416537,318
1686190295.9579775,317
1686190295.9702358,316
1686190295.9862342,316
1686190295.9985893,317
1686190296.0107245,318
1686190296.0267746,317
1686190296.0396943,316
1686190296.0524042,315
1686190296.0685554,315
1686190296.0804336,316
1686190296.0924485,316
1686190296.1086886,316
1686190296.1212032,315
1686190296.1371093,314
1686190296.150059,315
1686190296.1622028,316
1686190296.1789327,317
1686190296.191563,316
1686190296.2037146,315
1686190296.2203276,314
1686190296.2321181,315
1686190296.244562,316
1686190296.2608337,316
1686190296.27288,315
1686190296.2848778,314
1686190296.3017633,314
1686190296.313835,315
1686190296.3297546,315
1686190296.342638,315
1686190296.3554788,314
1686190296.3716912,313
1686190296.383762,313
1686190296.3955832,314
1686190296.4120374,314
1686190296.4247923,314
1686190296.4364882,313
1686190296.4531653,312
1686190296.4657578,313
1686190296.4816282,314
1686190296.494618,314
1686190296.5068398,314
1686190296.5223951,313
1686190296.5353968,313
1686190296.5477002,313
1686190296.5631943,314
1686190296.5761247,314
1686190296.5886912,313
1686190296.604653,312
1686190296.6173244,312
1686190296.633298,312
1686190296.645965,313
1686190296.6583354,312
1686190296.6746228,311
1686190296.6866596,311
1686190296.6994843,311
1686190296.7156024,312
1686190296.7279706,312
1686190296.7404003,312
1686190296.7565887,311
1686190296.7684703,311
1686190296.7807128,312
1686190296.7975569,313
1686190296.8097022,313
1686190296.8254197,313
1686190296.8384247,312
1686190296.850714,312
1686190296.8671763,313
1686190296.8796496,314
1686190296.8919113,314
1686190296.9080498,313
1686190296.9206614,313
1686190296.9322999,312
1686190296.9493546,313
1686190296.960668,314
1686190296.9776583,314
1686190296.9896514,314
1686190297.0016465,314
1686190297.0186584,314
1686190297.0306456,315
1686190297.0427876,317
1686190297.0596728,316
1686190297.0722594,316
1686190297.0835807,316
1686190297.1006267,316
1686190297.112993,318
1686190297.1246865,319
1686190297.1416225,318
1686190297.1539712,318
1686190297.169499,318
1686190297.1821475,319
1686190297.1949553,320
1686190297.210661,320
1686190297.2238557,320
1686190297.2358892,319
1686190297.25238,319
1686190297.264419,320
1686190297.2767992,321
1686190297.2927835,321
1686190297.3047588,320
1686190297.3219132,319
1686190297.3337276,320
1686190297.3456767,320
1686190297.3626883,321
1686190297.3752806,321
1686190297.3867698,320
1686190297.404293,320
1686190297.4162083,320
1686190297.4284348,321
1686190297.4442856,322
1686190297.4562805,321
1686190297.4722672,320
1686190297.4855404,320
1686190297.498208,320
1686190297.514228,321
1686190297.5265064,321
1686190297.5392952,320
1686190297.5552092,319
1686190297.5675576,320
1686190297.5792243,320
1686190297.596229,321
1686190297.6083958,321
1686190297.6205397,320
1686190297.6372933,319
1686190297.6492727,320
1686190297.6652746,321
1686190297.6782377,322
1686190297.6902294,322
1686190297.7067251,321
1686190297.7188778,321
1686190297.7308998,322
1686190297.747492,323
1686190297.7602003,324
1686190297.77234,323
1686190297.7884543,323
1686190297.8006763,323
1686190297.8170507,323
1686190297.8296783,324
1686190297.8417416,324
1686190297.8576841,323
1686190297.8707325,323
1686190297.8827534,322
1686190297.8987343,323
1686190297.9116986,323
1686190297.9236712,323
1686190297.940075,322
1686190297.9526744,322
1686190297.9647837,322
1686190297.9806867,322
1686190297.9937506,322
1686190298.00969,321
1686190298.0219924,320
1686190298.034684,319
1686190298.0507739,320
1686190298.062678,320
1686190298.074749,320
1686190298.091765,319
1686190298.1037521,318
1686190298.116053,318
1686190298.1326988,318
1686190298.144677,319
1686190298.1607058,319
1686190298.1736457,318
1686190298.1862314,318
1686190298.2025144,319
1686190298.2145371,321
1686190298.2270803,323
1686190298.2435188,324
1686190298.2554317,326
1686190298.267134,327
1686190298.2844143,331
1686190298.2964256,335
1686190298.3121295,338
1686190298.3251615,340
1686190298.337021,341
1686190298.3540435,342
1686190298.36603,344
1686190298.378774,346
1686190298.3953664,348
1686190298.4067702,349
1686190298.4197664,350
1686190298.4357572,352
1686190298.447934,354
1686190298.4600644,356
1686190298.4768002,357
1686190298.4887588,357
1686190298.5047522,356
1686190298.5177956,355
1686190298.5297024,354
1686190298.545756,352
1686190298.5587704,349
1686190298.5710495,345
1686190298.5870414,340
1686190298.5996964,337
1686190298.611723,334
1686190298.627708,331
1686190298.6407208,328
1686190298.6566994,324
1686190298.669767,324
1686190298.6817741,323
1686190298.6980426,324
1686190298.7099445,326
1686190298.7227595,327
1686190298.7387578,327
1686190298.7510803,328
1686190298.7637084,328
1686190298.779697,328
1686190298.7916095,326
1686190298.8080132,322
1686190298.8206716,316
1686190298.832648,310
1686190298.8497167,303
1686190298.8617454,297
1686190298.8736508,290
1686190298.8906674,282
1686190298.9027338,277
1686190298.9149683,274
1686190298.9306996,273
1686190298.9436502,272
1686190298.9559593,272
1686190298.9717276,273
1686190298.9847238,274
1686190299.0004115,277
1686190299.0133698,280
1686190299.0256274,282
1686190299.0416863,285
1686190299.0543623,287
1686190299.0663648,290
1686190299.0826893,293
1686190299.09541,299
1686190299.1074045,306
1686190299.123671,316
1686190299.1364238,328
1686190299.1524165,346
1686190299.164354,366
1686190299.177383,384
1686190299.193373,398
1686190299.20589,409
1686190299.2180603,417
1686190299.233853,423
1686190299.2470477,426
1686190299.258821,425
1686190299.2751968,423
1686190299.2878163,417
1686190299.299983,411
1686190299.3163335,405
1686190299.328335,399
1686190299.3450425,391
1686190299.3573864,382
1686190299.3694205,373
1686190299.386026,363
1686190299.3984268,352
1686190299.4103491,340
1686190299.4271078,325
1686190299.4390738,308
1686190299.4510896,291
1686190299.4681218,274
1686190299.4803433,260
1686190299.496388,249
1686190299.5094225,239
1686190299.5209816,231
1686190299.5376375,226
1686190299.549745,224
1686190299.5617006,224
1686190299.5784252,225
1686190299.5909672,226
1686190299.6027267,228
1686190299.6197388,231
1686190299.631688,235
1686190299.6436882,240
1686190299.660684,245
1686190299.6726696,249
1686190299.6890285,253
1686190299.7017395,257
1686190299.7143145,263
1686190299.7303045,268
1686190299.7423294,272
1686190299.754563,276
1686190299.7713034,279
1686190299.783557,283
1686190299.7952874,287
1686190299.8121767,290
1686190299.8243628,293
1686190299.84016,295
1686190299.853108,296
1686190299.8652058,299
1686190299.8814921,301
1686190299.894186,304
1686190299.9063132,305
1686190299.9226136,305
1686190299.934609,306
1686190299.9473567,308
1686190299.963692,310
1686190299.9752994,311
1686190299.991638,311
1686190300.004284,311
1686190300.0162847,312
1686190300.0332804,313
1686190300.0453546,314
1686190300.0576162,315
1686190300.0745807,315
1686190300.086474,315
1686190300.0983493,315
1686190300.115353,317
1686190300.1273577,318
1686190300.1392815,318
1686190300.1563492,317
1686190300.1683578,317
1686190300.1843255,318
1686190300.1973703,319
1686190300.2093534,320
1686190300.2252905,319
1686190300.2383666,318
1686190300.25036,318
1686190300.26661,318
1686190300.2783,320
1686190300.2913542,320
1686190300.3076053,319
1686190300.319596,319
1686190300.3362863,319
1686190300.3485851,320
1686190300.360318,321
1686190300.3772848,320
1686190300.3895547,320
1686190300.4015977,319
1686190300.4183578,319
1686190300.4303544,320
1686190300.4423714,321
1686190300.4593651,321
1686190300.4713383,320
1686190300.4876134,320
1686190300.500287,319
1686190300.5123398,320
1686190300.5282857,321
1686190300.5413074,321
1686190300.5533648,320
1686190300.5696256,320
1686190300.5823562,320
1686190300.5942934,321
1686190300.6107404,321
1686190300.6226099,321
1686190300.6353545,320
1686190300.6513016,320
1686190300.663584,321
1686190300.6803036,321
1686190300.6922796,322
1686190300.7052243,321
1686190300.7212946,320
1686190300.7342227,320
1686190300.7458825,321
1686190300.762367,322
1686190300.774504,322
1686190300.7862315,321
1686190300.8031542,320
1686190300.8156776,321
1686190300.831529,321
1686190300.8442352,322
1686190300.856448,321
1686190300.87216,321
1686190300.8851554,320
1686190300.897508,321
1686190300.9134614,321
1686190300.9261756,321
1686190300.9381533,321
1686190300.9545186,320
1686190300.967236,320
1686190300.9793768,320
1686190300.9952238,321
1686190301.0082107,321
1686190301.0241578,320
1686190301.0361738,319
1686190301.0491595,319
1686190301.0651574,320
1686190301.0772114,321
1686190301.0902398,321
1686190301.1062584,320
1686190301.11851,320
1686190301.131157,320
1686190301.147175,321
1686190301.1592155,321
1686190301.1755986,321
1686190301.1882718,320
1686190301.200541,320
1686190301.216329,320
1686190301.2292945,321
1686190301.241458,322
1686190301.2582674,321
1686190301.270207,320
1686190301.282279,320
1686190301.2985528,320
1686190301.3112774,321
1686190301.3234088,321
1686190301.3392034,320
1686190301.3522053,320
1686190301.3684723,319
1686190301.380203,320
1686190301.393234,321
1686190301.4092822,320
1686190301.4215498,320
1686190301.4336348,319
1686190301.4498858,319
1686190301.4628918,319
1686190301.4748993,320
1686190301.4911401,319
1686190301.5039,319
1686190301.519817,318
1686190301.5321603,319
1686190301.5444286,319
1686190301.5609057,320
1686190301.5731711,320
1686190301.5848947,319
1686190301.6018982,318
1686190301.614033,319
1686190301.6267023,320
1686190301.642684,320
1686190301.6550045,320
1686190301.6709976,319
1686190301.6836765,319
1686190301.69568,320
1686190301.7127318,320
1686190301.7246716,320
1686190301.736727,320
1686190301.7534595,319
1686190301.765712,319
1686190301.7774513,320
1686190301.7944922,320
1686190301.8064578,319
1686190301.81846,318
1686190301.8354592,318
1686190301.8476853,318
1686190301.8633904,319
1686190301.876387,320
1686190301.8894718,319
1686190301.9053884,319
1686190301.917458,318
1686190301.9295847,319
1686190301.9457119,320
1686190301.958413,320
1686190301.9704442,319
1686190301.9867086,318
1686190301.999388,319
1686190302.0153973,319
1686190302.027405,320
1686190302.0404565,320
1686190302.056459,319
1686190302.068558,319
1686190302.0814016,319
1686190302.097511,320
1686190302.1092603,320
1686190302.1223173,320
1686190302.138304,319
1686190302.150253,319
1686190302.1633246,319
1686190302.1793163,320
1686190302.1913137,320
1686190302.2083163,320
1686190302.2205348,319
1686190302.232432,319
1686190302.2486284,319
1686190302.261463,320
1686190302.2736096,320
1686190302.2894387,319
1686190302.3023975,319
1686190302.3147566,319
1686190302.3309786,319
1686190302.3427587,320
1686190302.3597534,320
1686190302.3720477,320
1686190302.3846896,319
1686190302.400689,319
1686190302.4124873,319
1686190302.4253485,320
1686190302.4412804,320
1686190302.453269,319
1686190302.4663146,318
1686190302.4822028,318
1686190302.4942026,319
1686190302.5103254,319
1686190302.5232174,319
1686190302.5358205,318
1686190302.5522845,317
1686190302.5649664,318
1686190302.576313,319
1686190302.5932086,319
1686190302.6052685,318
1686190302.6176434,317
1686190302.6339014,317
1686190302.6465728,318
1686190302.658595,318
1686190302.6746278,318
1686190302.6869435,317
1686190302.7030377,317
1686190302.715717,317
1686190302.7286944,318
1686190302.7450447,319
1686190302.7567003,319
1686190302.7689607,318
1686190302.7857168,318
1686190302.7977066,318
1686190302.8098607,319
1686190302.8263679,320
1686190302.8386614,319
1686190302.855356,318
1686190302.8677697,318
1686190302.8796926,319
1686190302.896,319
1686190302.9080575,320
1686190302.9204981,319
1686190302.9373083,318
1686190302.949631,319
1686190302.961739,319
1686190302.9780715,320
1686190302.9899762,320
1686190303.0059805,319
1686190303.0187206,319
1686190303.0316648,319
1686190303.047725,320
1686190303.0597284,320
1686190303.0724738,320
1686190303.0887284,319
1686190303.101044,318
1686190303.1132135,319
1686190303.1292212,320
1686190303.1417065,320
1686190303.1537292,319
1686190303.1709116,318
1686190303.1832793,319
1686190303.1986854,319
1686190303.2117853,320
1686190303.2235873,320
1686190303.2400458,319
1686190303.2525427,318
1686190303.264543,317
1686190303.281017,318
1686190303.2935843,319
1686190303.306004,318
1686190303.321694,317
1686190303.3336928,316
1686190303.3507082,316
1686190303.3627334,318
1686190303.3748462,318
1686190303.3916862,318
1686190303.4037497,317
1686190303.4157457,317
1686190303.4326918,317
1686190303.4447489,317
1686190303.4567468,318
1686190303.473768,318
1686190303.4857175,317
1686190303.4976876,317
1686190303.5145001,317
1686190303.5267215,318
1686190303.54275,319
1686190303.5557358,318
1686190303.567755,318
1686190303.583731,318
1686190303.5964673,319
1686190303.608619,320
1686190303.6246612,320
1686190303.6377006,319
1686190303.649658,318
1686190303.66547,318
1686190303.6784225,319
1686190303.6940756,319
1686190303.7072587,319
1686190303.7196946,318
1686190303.7355707,317
1686190303.7484906,317
1686190303.7604263,318
1686190303.7765272,318
1686190303.788565,318
1686190303.801259,317
1686190303.817804,316
1686190303.8297613,316
1686190303.8461063,317
1686190303.859104,317
1686190303.870722,318
1686190303.8876183,320
1686190303.8996904,324
1686190303.912236,330
1686190303.9278002,337
1686190303.9412918,342
1686190303.9525983,346
1686190303.9696345,348
1686190303.9810936,350
1686190303.9941478,348
1686190304.0102823,344
1686190304.0225925,337
1686190304.0392485,329
1686190304.0521605,321
1686190304.0635946,317
1686190304.0801477,314
1686190304.0920618,312
1686190304.1044712,310
1686190304.1211085,308
1686190304.1330442,307
1686190304.1457832,307
1686190304.1618006,307
1686190304.1736572,308
1686190304.1906843,307
1686190304.2029605,307
1686190304.2150335,307
1686190304.2307131,308
1686190304.2438362,309
1686190304.2567573,310
1686190304.2716823,309
1686190304.2848153,309
1686190304.297093,310
1686190304.313708,311
1686190304.3256617,313
1686190304.3379965,313
1686190304.354635,312
1686190304.3666718,312
1686190304.3832552,313
1686190304.3955958,314
1686190304.4072256,315
1686190304.424298,314
1686190304.43663,314
1686190304.4483173,313
1686190304.464598,314
1686190304.476624,315
1686190304.4895976,315
1686190304.5056489,315
1686190304.5184946,314
1686190304.5346494,314
1686190304.5466437,315
1686190304.5585084,316
1686190304.5754275,316
1686190304.5878189,316
1686190304.6001234,315
1686190304.6166756,315
1686190304.6286795,316
1686190304.6406412,317
1686190304.6576247,317
1686190304.6690385,316
1686190304.686036,316
1686190304.6985161,316
1686190304.7108836,318
1686190304.7269776,318
1686190304.7397106,318
1686190304.751098,317
1686190304.767902,317
1686190304.7802129,317
1686190304.7928169,318
1686190304.8086994,319
1686190304.8213055,318
1686190304.8336275,317
1686190304.8501203,317
1686190304.8622956,318
1686190304.8782985,318
1686190304.8906002,319
1686190304.9034412,318
1686190304.9195461,317
1686190304.931538,317
1686190304.944407,318
1686190304.9605412,318
1686190304.972588,318
1686190304.985425,317
1686190305.0010083,317
1686190305.0133612,317
1686190305.0299168,318
1686190305.0430682,318
1686190305.0545824,318
1686190305.070769,317
1686190305.0836318,317
1686190305.0958335,318
1686190305.112408,319
1686190305.1239946,319
1686190305.136637,318
1686190305.1526532,317
1686190305.165637,317
1686190305.1818,317
1686190305.193519,318
1686190305.2055826,318
1686190305.2228117,317
1686190305.2346818,317
1686190305.2472491,317
1686190305.2633035,317
1686190305.275973,319
1686190305.2875845,318
1686190305.3046486,318
1686190305.3168266,318
1686190305.329422,318
1686190305.3449368,318
1686190305.3575425,319
1686190305.3735332,319
1686190305.3866816,318
1686190305.398827,318
1686190305.4161165,318
1686190305.4275584,319
1686190305.439605,319
1686190305.4564555,318
1686190305.4685273,318
1686190305.4807396,317
1686190305.4974227,318
1686190305.5093982,319
1686190305.5257268,319
1686190305.5377393,318
1686190305.5499017,317
1686190305.5666268,317
1686190305.5792603,318
1686190305.5915291,318
1686190305.6075282,318
1686190305.6203456,318
1686190305.6316748,317
1686190305.6487389,318
1686190305.6605775,319
1686190305.6735764,319
1686190305.6896405,319
1686190305.702164,318
1686190305.7181947,318
1686190305.730203,318
1686190305.7429612,319
1686190305.7592463,320
1686190305.7712488,320
1686190305.7838326,319
1686190305.8005164,318
1686190305.812654,319
1686190305.8246427,320
1686190305.8406765,319
1686190305.8531582,318
1686190305.8692021,317
1686190305.8822014,317
1686190305.894496,318
1686190305.9107606,319
1686190305.9230566,319
1686190305.9351294,318
1686190305.9516249,318
1686190305.9647553,318
1686190305.9763398,319
1686190305.9927502,319
1686190306.0046127,319
1686190306.021243,318
1686190306.0331743,318
1686190306.0453641,318
1686190306.0623646,319
1686190306.0747182,319
1686190306.08679,318
1686190306.103551,318
1686190306.1155734,317
1686190306.1281953,317
1686190306.143716,318
1686190306.1565802,319
1686190306.168684,318
1686190306.1846187,317
1686190306.1980603,317
1686190306.213558,318
1686190306.2260616,319
1686190306.238048,319
1686190306.2547643,318
1686190306.267251,317
1686190306.2792945,318
1686190306.2957468,318
1686190306.3077106,319
1686190306.3196673,319
1686190306.3368237,318
1686190306.3488677,317
1686190306.3656266,318
1686190306.3776505,319
1686190306.3896523,319
1686190306.4065948,319
1686190306.418828,318
1686190306.4312167,317
1686190306.4475837,317
1686190306.4592364,318
1686190306.4719214,318
1686190306.4886093,317
1686190306.5006268,316
1686190306.5126588,316
1686190306.5291953,317
1686190306.541172,319
1686190306.5577035,318
1686190306.569777,318
1686190306.581931,317
1686190306.5986688,318
1686190306.6114018,319
1686190306.6234434,320
1686190306.639834,319
1686190306.651995,318
1686190306.664493,317
1686190306.6801164,317
1686190306.6931043,319
1686190306.7095654,319
1686190306.721817,319
1686190306.7340467,318
1686190306.7501535,317
1686190306.7627318,318
1686190306.7747567,319
1686190306.7908642,319
1686190306.803856,319
1686190306.8162916,318
1686190306.8326333,318
1686190306.8447602,319
1686190306.8606658,319
1686190306.872672,319
1686190306.8857477,318
1686190306.9021335,318
1686190306.913832,317
1686190306.9265265,318
1686190306.9432037,319
1686190306.9553165,318
1686190306.9673042,317
1686190306.983171,317
1686190306.9969625,317
1686190307.008408,318
1686190307.0247793,318
1686190307.037125,318
1686190307.0535846,316
1686190307.0657358,316
1686190307.0777748,316
1686190307.0945635,317
1686190307.1061733,318
1686190307.1194162,317
1686190307.1354232,316
1686190307.14765,316
1686190307.1597686,317
1686190307.1757138,318
1686190307.1887803,318
1686190307.2048635,318
1686190307.2174482,317
1686190307.2297227,317
1686190307.2456787,318
1686190307.2577026,319
1686190307.270554,319
1686190307.2864845,318
1686190307.2994072,318
1686190307.3116574,318
1686190307.3274355,319
1686190307.3398545,319
1686190307.3557923,318
1686190307.3692424,318
1686190307.3805335,317
1686190307.3975396,318
1686190307.4101293,319
1686190307.4215038,319
1686190307.4384954,318
1686190307.4504938,318
1686190307.4634209,317
1686190307.4794455,318
1686190307.491897,319
1686190307.5038218,319
1686190307.5202112,318
1686190307.5329754,317
1686190307.5490668,317
1686190307.5607617,318
1686190307.5738537,318
1686190307.5899117,317
1686190307.6024675,316
1686190307.6145096,316
1686190307.6313076,316
1686190307.6435077,317
1686190307.6557286,318
1686190307.6712978,317
1686190307.6837885,317
1686190307.7007241,316
1686190307.7126245,317
1686190307.7246952,318
1686190307.7417629,318
1686190307.7538147,318
1686190307.7661793,317
1686190307.782484,317
1686190307.7951887,318
1686190307.8073046,319
1686190307.8232348,319
1686190307.8359485,318
1686190307.8483992,317
1686190307.864516,317
1686190307.8766346,318
1686190307.8926451,318
1686190307.9050295,318
1686190307.9178524,317
1686190307.9336827,316
1686190307.945792,316
1686190307.958708,317
1686190307.9746993,317
1686190307.9872072,317
1686190307.9992914,316
1686190308.0152714,316
1686190308.0285926,317
1686190308.0438638,318
1686190308.0566418,318
1686190308.0695174,318
1686190308.0856247,317
1686190308.0979285,316
1686190308.1099718,316
1686190308.1265414,317
1686190308.1390488,317
1686190308.1507537,316
1686190308.167872,315
1686190308.1802154,315
1686190308.1952736,316
1686190308.2091875,317
1686190308.2207649,317
1686190308.2376547,316
1686190308.2498019,315
1686190308.261821,316
1686190308.278503,317
1686190308.290549,318
1686190308.3027058,317
1686190308.3194022,316
1686190308.3314366,316
1686190308.3438692,317
1686190308.35987,317
1686190308.371784,318
1686190308.3886287,317
1686190308.401276,316
1686190308.4135213,316
1686190308.429579,317
1686190308.4419012,318
1686190308.4536371,318
1686190308.470724,317
1686190308.4830236,316
1686190308.4955826,316
1686190308.5116642,317
1686190308.5236602,318
1686190308.539952,318
1686190308.552139,318
1686190308.5644321,317
1686190308.581183,318
1686190308.5935628,319
1686190308.6053216,319
1686190308.6220906,319
1686190308.6341887,318
1686190308.6461656,317
1686190308.66274,317
1686190308.6756923,318
1686190308.687825,318
1686190308.7040105,317
1686190308.7164953,316
1686190308.7328372,316
1686190308.744832,316
1686190308.756687,316
1686190308.773787,316
1686190308.7864423,315
1686190308.7975948,314
1686190308.8145938,314
1686190308.827281,315
1686190308.83876,316
1686190308.8557599,315
1686190308.8682575,315
1686190308.8845153,315
1686190308.89682,315
1686190308.9088717,316
1686190308.9254475,316
1686190308.9376333,316
1686190308.9496758,315
1686190308.9656162,315
1686190308.978626,315
1686190308.9908283,316
1686190309.006634,316
1686190309.0198057,315
1686190309.0355637,314
1686190309.0485678,314
1686190309.060568,315
1686190309.0765579,315
1686190309.0886176,316
1686190309.1015806,315
1686190309.1177437,314
1686190309.1295767,314
1686190309.1425738,314
1686190309.158966,315
1686190309.1708734,314
1686190309.1836123,313
1686190309.1996965,312
1686190309.2124357,313
1686190309.2275555,313
1686190309.2405741,314
1686190309.2531657,314
1686190309.2693043,313
1686190309.2813556,312
1686190309.2936056,313
1686190309.3102953,314
1686190309.3222904,314
1686190309.3348691,314
1686190309.3511574,313
1686190309.3638437,312
1686190309.3798532,313
1686190309.3924532,314
1686190309.4048433,314
1686190309.4209206,313
1686190309.4328208,312
1686190309.4451938,312
1686190309.4618921,313
1686190309.4738255,314
1686190309.486202,314
1686190309.5028336,313
1686190309.5148404,313
1686190309.5305073,313
1686190309.5435147,314
1686190309.555546,315
1686190309.5725286,314
1686190309.5845063,314
1686190309.5968373,313
1686190309.6135182,314
1686190309.6255147,314
1686190309.6378374,315
1686190309.6544979,314
1686190309.666698,314
1686190309.6786191,313
1686190309.695507,314
1686190309.7075112,315
1686190309.7238164,315
1686190309.7354927,315
1686190309.7485108,314
1686190309.7648304,314
1686190309.7767785,315
1686190309.7895036,316
1686190309.8055525,316
1686190309.8175023,315
1686190309.8305366,315
1686190309.846497,315
1686190309.8587787,316
1686190309.8744898,317
1686190309.8875382,316
1686190309.8994873,315
1686190309.915926,315
1686190309.9295242,315
1686190309.9402869,316
1686190309.957523,317
1686190309.9695766,316
1686190309.9813066,316
1686190309.9983075,317
1686190310.0103326,319
1686190310.0232635,321
1686190310.0391169,323
1686190310.051901,325
1686190310.0678842,327
1686190310.08003,330
1686190310.0920265,333
1686190310.1089065,337
1686190310.1211212,341
1686190310.132943,343
1686190310.1499066,346
1686190310.1618865,349
1686190310.1745398,353
1686190310.19093,357
1686190310.203198,360
1686190310.2189476,361
1686190310.2319021,363
1686190310.244046,365
1686190310.2601805,366
1686190310.2728858,367
1686190310.2852004,366
1686190310.301183,364
1686190310.3138235,363
1686190310.3258336,363
1686190310.3423004,363
1686190310.3547764,362
1686190310.3671,360
1686190310.3827777,356
1686190310.395776,353
1686190310.4120872,351
1686190310.423787,350
1686190310.4366257,347
1686190310.452301,343
1686190310.4658437,341
1686190310.4773421,339
1686190310.4937675,336
1686190310.5063403,334
1686190310.5184755,331
1686190310.5343308,326
1686190310.547328,321
1686190310.5635839,317
1686190310.5756433,312
1686190310.5883257,306
1686190310.6043296,299
1686190310.6166074,291
1686190310.6293955,284
1686190310.6457012,277
1686190310.657706,272
1686190310.6700134,267
1686190310.6867113,262
1686190310.6988704,259
1686190310.7146983,257
1686190310.7276888,258
1686190310.7397127,260
1686190310.7559896,261
1686190310.7687533,264
1686190310.7806966,268
1686190310.7970061,274
1686190310.8087122,284
1686190310.8217022,299
1686190310.8383796,317
1686190310.8496683,338
1686190310.8626828,359
1686190310.8786645,376
1686190310.8906548,391
1686190310.9076512,402
1686190310.9196844,409
1686190310.9319432,412
1686190310.9486687,413
1686190310.9606628,413
1686190310.973366,412
1686190310.9896762,408
1686190311.0016675,403
1686190311.013707,396
1686190311.030663,390
1686190311.0426648,384
1686190311.0586653,376
1686190311.0716796,365
1686190311.0836806,352
1686190311.1001797,336
1686190311.112664,320
1686190311.1248355,303
1686190311.1409693,286
1686190311.153116,270
1686190311.1657374,255
1686190311.182275,243
1686190311.194673,236
1686190311.206707,232
1686190311.2229447,229
1686190311.23473,227
1686190311.251722,226
1686190311.2646601,228
1686190311.2760162,231
1686190311.2926762,235
1686190311.3046675,239
1686190311.317667,243
1686190311.3336782,247
1686190311.34567,251
1686190311.358654,256
1686190311.3746905,261
1686190311.3866904,266
1686190311.4026592,269
1686190311.415685,273
1686190311.4277866,277
1686190311.4439757,282
1686190311.4567127,286
1686190311.4689403,289
1686190311.4846728,290
1686190311.497733,292
1686190311.5098002,294
1686190311.5257175,298
1686190311.5379624,300
1686190311.554958,301
1686190311.566949,302
1686190311.5794692,302
1686190311.5959857,304
1686190311.608128,305
1686190311.620261,306
1686190311.6369402,305
1686190311.6489453,304
1686190311.661451,304
1686190311.6771998,305
1686190311.6902025,305
1686190311.7023828,305
1686190311.7182522,303
1686190311.7312481,302
1686190311.7471797,301
1686190311.759206,302
1686190311.7711987,302
1686190311.788011,300
1686190311.8006337,299
1686190311.8126261,297
1686190311.8289793,296
1686190311.8416197,296
1686190311.8541174,296
1686190311.8701205,295
1686190311.882662,293
1686190311.898668,292
1686190311.9109576,292
1686190311.9236696,293
1686190311.939376,292
1686190311.9521835,291
1686190311.9641,290
1686190311.9806042,289
1686190311.9931097,289
1686190312.0051072,289
1686190312.0211208,289
1686190312.034111,287
1686190312.0461028,286
1686190312.0624168,286
1686190312.0751183,286
1686190312.0913773,287
1686190312.1038833,287
1686190312.1161065,287
1686190312.1323655,287
1686190312.1440732,288
1686190312.1570666,289
1686190312.173251,290
1686190312.1851404,291
1686190312.1974082,291
1686190312.214086,292
1686190312.2260683,294
1686190312.243083,296
1686190312.2550707,298
1686190312.2676423,299
1686190312.2841492,300
1686190312.2962258,301
1686190312.3084009,303
1686190312.324086,306
1686190312.337106,308
1686190312.349688,309
1686190312.3660889,310
1686190312.378082,312
1686190312.3943448,315
1686190312.407143,318
1686190312.4191546,319
1686190312.4355276,320
1686190312.4476779,322
1686190312.459881,324
1686190312.476573,327
1686190312.488882,329
1686190312.5005665,330
1686190312.5176344,331
1686190312.529611,332
1686190312.5416303,333
1686190312.5575602,336
1686190312.5705848,337
1686190312.5866337,338
1686190312.5995638,338
1686190312.6116502,340
1686190312.627879,342
1686190312.6399364,345
1686190312.6525683,346
1686190312.668871,347
1686190312.6805613,348
1686190312.6935735,349
1686190312.709597,351
1686190312.721629,352
1686190312.7385848,353
1686190312.750182,352
1686190312.763129,352
1686190312.77958,352
1686190312.7915068,353
1686190312.804132,353
1686190312.8201063,352
1686190312.8326948,351
1686190312.8449667,350
1686190312.8616605,350
1686190312.873165,350
1686190312.8861885,350
1686190312.9024684,349
1686190312.9146838,348
1686190312.9306452,347
1686190312.9430137,348
1686190312.9556546,348
1686190312.9719796,348
1686190312.9839594,348
1686190312.9966345,347
1686190313.0126164,346
1686190313.0251327,346
1686190313.037141,346
1686190313.053654,346
1686190313.065969,344
1686190313.0816438,344
1686190313.094665,344
1686190313.1066477,344
1686190313.1236584,344
1686190313.1356668,343
1686190313.1479785,342
1686190313.164711,340
1686190313.176673,339
1686190313.1889853,338
1686190313.2056694,337
1686190313.217681,334
1686190313.2337153,332
1686190313.246669,331
1686190313.2586794,330
1686190313.2749794,330
1686190313.2877214,330
1686190313.2996638,328
1686190313.3159776,326
1686190313.3285146,326
1686190313.3406897,326
1686190313.3567016,326
1686190313.369799,326
1686190313.381699,325
1686190313.3976705,324
1686190313.4100409,325
1686190313.4267156,326
1686190313.4387248,328
1686190313.4509952,329
1686190313.4676945,330
1686190313.48008,332
1686190313.49199,334
1686190313.5086794,337
1686190313.5206738,339
1686190313.5326908,341
1686190313.5486934,341
1686190313.5617287,343
1686190313.577671,344
1686190313.5896733,345
1686190313.6026947,346
1686190313.618697,344
1686190313.6306765,343
1686190313.6436772,343
1686190313.6599958,343
1686190313.6719897,344
1686190313.6846771,342
1686190313.7008166,341
1686190313.7130396,339
1686190313.725668,339
1686190313.7418778,338
1686190313.7538755,338
1686190313.77011,337
1686190313.7831337,335
1686190313.794881,334
1686190313.8118162,334
1686190313.8238492,335
1686190313.8358047,334
1686190313.8528697,333
1686190313.8648093,332
1686190313.877116,331
1686190313.893146,332
1686190313.9057891,332
1686190313.92213,331
1686190313.934593,330
1686190313.9465525,329
1686190313.963237,328
1686190313.9752247,328
1686190313.987281,328
1686190314.0042143,328
1686190314.0162246,327
1686190314.0282261,327
1686190314.0452166,326
1686190314.0572214,327
1686190314.0692227,328
1686190314.0862212,327
1686190314.0983763,326
1686190314.1151304,325
1686190314.1272225,325
1686190314.1392229,325
1686190314.1555934,325
1686190314.167549,324
1686190314.1802425,322
1686190314.1962442,321
1686190314.2085493,321
1686190314.2214904,320
1686190314.2375226,319
1686190314.2496243,318
1686190314.2662113,316
1686190314.2782147,315
1686190314.2905362,314
1686190314.307261,313
1686190314.3192227,313
1686190314.331525,312
1686190314.3484368,312
1686190314.3607023,313
1686190314.3729436,313
1686190314.3890138,314
1686190314.401759,314
1686190314.4177432,313
1686190314.4301317,313
1686190314.4426239,312
1686190314.4587126,313
1686190314.4707515,313
1686190314.4831245,312
1686190314.4997945,311
1686190314.51238,311
1686190314.523837,311
1686190314.5406966,312
1686190314.5530527,313
1686190314.5655603,312
1686190314.5809507,312
1686190314.594066,313
1686190314.6104815,314
1686190314.6228917,314
1686190314.6348855,314
1686190314.65148,312
1686190314.663428,312
1686190314.6762228,312
1686190314.6925876,312
1686190314.7040453,313
1686190314.7170265,312
1686190314.733052,311
1686190314.7450347,311
1686190314.7610233,311
1686190314.7740223,312
1686190314.786035,313
1686190314.802037,312
1686190314.8150318,311
1686190314.8271577,310
1686190314.844035,310
1686190314.8560991,311
1686190314.8680475,311
1686190314.8848395,309
1686190314.8968947,309
1686190314.9091322,309
1686190314.9258964,309
1686190314.9378898,310
1686190314.95361,310
1686190314.9665353,309
1686190314.9786046,309
1686190314.9946043,309
1686190315.0075357,310
1686190315.0198224,310
1686190315.03588,310
1686190315.0486288,309
1686190315.0605752,309
1686190315.0766013,309
1686190315.0895581,310
1686190315.1055825,310
1686190315.1185403,309
1686190315.1305375,309
1686190315.1468155,309
1686190315.1586497,310
1686190315.171548,310
1686190315.187816,311
1686190315.1998825,310
1686190315.211828,309
1686190315.2288094,309
1686190315.2411382,310
1686190315.2567391,311
1686190315.2698612,311
1686190315.2817512,310
1686190315.2977395,310
1686190315.309729,310
1686190315.322715,311
1686190315.3387086,311
1686190315.3507211,311
1686190315.36375,310
1686190315.3798769,310
1686190315.3922448,312
1686190315.404618,315
1686190315.4205468,319
1686190315.4332554,324
1686190315.449728,328
1686190315.462049,335
1686190315.4740634,340
1686190315.4912348,344
1686190315.5032327,347
1686190315.515527,346
1686190315.5315588,342
1686190315.5444436,336
1686190315.5564976,331
1686190315.5731351,324
1686190315.5854714,318
1686190315.6008253,312
1686190315.6138086,307
1686190315.6259854,305
1686190315.6425169,303
1686190315.6546974,302
1686190315.6670518,301
1686190315.6830523,300
1686190315.6958027,300
1686190315.7077472,300
1686190315.724584,301
1686190315.7368412,302
1686190315.7526577,302
1686190315.7656045,302
1686190315.777637,303
1686190315.7942646,304
1686190315.8062577,306
1686190315.8183265,307
1686190315.834769,306
1686190315.8470142,306
1686190315.8595376,307
1686190315.8759494,308
1686190315.8883934,310
1686190315.9007404,310
1686190315.917139,310
1686190315.928732,310
1686190315.9448452,310
1686190315.958144,312
1686190315.9702232,313
1686190315.9865384,312
1686190315.9987402,312
1686190316.0108929,312
1686190316.027238,313
1686190316.0399225,314
1686190316.051523,314
1686190316.0686953,314
1686190316.0805695,314
1686190316.0964265,314
1686190316.1087751,314
1686190316.1217241,315
1686190316.1377168,316
1686190316.1497672,315
1686190316.16235,315
1686190316.1790693,315
1686190316.1911128,316
1686190316.2034748,317
1686190316.219673,317
1686190316.2319102,317
1686190316.2448719,316
1686190316.2606606,317
1686190316.2735815,318
1686190316.2897742,318
1686190316.3014028,318
1686190316.3143764,317
1686190316.3307838,317
1686190316.3426554,317
1686190316.3553064,318
1686190316.3718674,318
1686190316.3839204,317
1686190316.3958473,316
1686190316.412939,316
1686190316.4248173,316
1686190316.4408414,317
1686190316.4528937,317
1686190316.4652672,316
1686190316.4822965,315
1686190316.494562,315
1686190316.5065405,316
1686190316.523454,316
1686190316.535077,316
1686190316.547837,315
1686190316.5637553,314
1686190316.5758166,314
1686190316.5917196,314
1686190316.604682,315
1686190316.6175783,315
1686190316.6337895,313
1686190316.6458328,312
1686190316.658546,312
1686190316.6747262,313
1686190316.6867993,313
1686190316.6988685,313
1686190316.7148933,312
1686190316.727969,312
1686190316.740234,313
1686190316.7564235,315
1686190316.7684538,315
1686190316.7853901,315
1686190316.7975414,314
1686190316.8098764,315
1686190316.8264756,316
1686190316.8385134,318
1686190316.850892,318
1686190316.8674998,317
1686190316.8787544,317
1686190316.8916998,317
1686190316.907726,319
1686190316.9205093,320
1686190316.936555,320
1686190316.9486232,320
1686190316.961553,320
1686190316.9779186,320
1686190316.9903698,322
1686190317.001771,323
1686190317.0178392,323
1686190317.0318058,322
1686190317.0428495,323
1686190317.0598538,324
1686190317.0722528,325
1686190317.0879548,326
1686190317.1007252,326
1686190317.1127174,325
1686190317.129444,326
1686190317.141846,327
1686190317.153791,328
1686190317.1700401,328
1686190317.1820958,327
1686190317.1950421,327
1686190317.2115583,327
1686190317.2236164,328
1686190317.2356153,329
1686190317.2523038,329
1686190317.2637742,328
1686190317.2809522,328
1686190317.293476,328
1686190317.3055098,329
1686190317.3218675,330
1686190317.3335905,330
1686190317.3458178,329
1686190317.3628001,329
1686190317.3747604,330
1686190317.387278,331
1686190317.4036853,331
1686190317.416351,331
1686190317.432342,330
1686190317.4448104,330
1686190317.4567938,331
1686190317.4729693,331
1686190317.485863,331
1686190317.4982727,330
1686190317.5141456,329
1686190317.5263464,329
1686190317.5392184,330
1686190317.554952,330
1686190317.5670702,329
1686190317.579114,328
1686190317.596504,327
1686190317.6089866,328
1686190317.6250215,328
1686190317.6372406,329
1686190317.6493459,328
1686190317.6659594,327
1686190317.6780062,327
1686190317.6905334,327
1686190317.70652,328
1686190317.7184973,328
1686190317.7315435,327
1686190317.7478487,326
1686190317.7602453,326
1686190317.7764826,326
1686190317.788797,327
1686190317.8008456,327
1686190317.8169105,326
1686190317.8296876,326
1686190317.841677,326
1686190317.8577187,326
1686190317.8707082,326
1686190317.8832853,325
1686190317.8994923,324
1686190317.9117665,323
1686190317.9278038,324
1686190317.9399564,325
1686190317.95306,325
1686190317.9692934,324
1686190317.9809086,323
1686190317.9935493,322
1686190318.0098624,322
1686190318.0217562,322
1686190318.034643,322
1686190318.050578,321
1686190318.0633652,319
1686190318.0753963,319
1686190318.0913928,319
1686190318.1033978,319
1686190318.119933,319
1686190318.1324522,318
1686190318.144694,317
1686190318.1610982,317
1686190318.1736863,317
1686190318.1862183,317
1686190318.2018464,317
1686190318.2148466,316
1686190318.226802,315
1686190318.2437572,314
1686190318.2557347,315
1686190318.2716208,315
1686190318.2844968,314
1686190318.29678,313
1686190318.31317,312
1686190318.3256311,313
1686190318.337707,314
1686190318.354226,314
1686190318.366523,313
1686190318.3778868,313
1686190318.3952136,313
1686190318.4067416,314
1686190318.4188066,314
1686190318.4354122,313
1686190318.448502,312
1686190318.4644723,311
1686190318.477053,311
1686190318.489472,311
1686190318.5055656,311
1686190318.5177436,311
1686190318.5297701,310
1686190318.546024,309
1686190318.5585406,310
1686190318.5713167,310
1686190318.5872972,311
1686190318.6000164,311
1686190318.6160545,310
1686190318.628625,310
1686190318.6411934,311
1686190318.656422,312
1686190318.6689012,312
1686190318.6816728,312
1686190318.6983416,311
1686190318.709688,311
1686190318.7226293,312
1686190318.7393162,313
1686190318.7504919,313
1686190318.763492,312
1686190318.7802377,312
1686190318.7922773,313
1686190318.8083644,313
1686190318.8205552,314
1686190318.833102,314
1686190318.8498478,313
1686190318.8620958,313
1686190318.8747456,313
1686190318.890442,314
1686190318.9028451,314
1686190318.915311,314
1686190318.9318697,313
1686190318.943886,313
1686190318.9598196,314
1686190318.972628,316
1686190318.9846098,316
1686190319.0009537,316
1686190319.0134635,316
1686190319.0256035,316
1686190319.0423708,317
1686190319.0537443,317
1686190319.0664604,317
1686190319.082894,316
1686190319.0949206,316
1686190319.1117055,316
1686190319.1237173,316
1686190319.136259,317
1686190319.1526837,316
1686190319.164731,315
1686190319.1775775,314
1686190319.193703,314
1686190319.2059684,315
1686190319.2181356,315
1686190319.2338629,314
1686190319.246859,314
1686190319.2595038,313
1686190319.2754319,313
1686190319.2877698,314
1686190319.3044348,314
1686190319.3167205,313
1686190319.3286479,312
1686190319.3453882,312
1686190319.3577144,312
1686190319.3699493,313
1686190319.385807,312
1686190319.397794,312
1686190319.4107816,311
1686190319.4273462,311
1686190319.4395552,312
1686190319.4557369,312
1686190319.4677343,312
1686190319.4796307,312
1686190319.4967818,311
1686190319.5090852,312
1686190319.5215826,313
1686190319.537698,313
1686190319.549526,312
1686190319.5618134,311
1686190319.5788188,311
1686190319.5908444,312
1686190319.6032407,313
1686190319.6198099,313
1686190319.632162,312
1686190319.6475918,311
1686190319.6604965,312
1686190319.6728783,312
1686190319.6894393,313
1686190319.7008536,313
1686190319.7138157,312
1686190319.7298388,311
1686190319.7425904,312
1686190319.7547488,313
1686190319.770818,313
1686190319.7828379,313
1686190319.7999468,312
1686190319.8123844,311
1686190319.824384,312
1686190319.8409257,312
1686190319.8529892,312
1686190319.8650303,311
1686190319.8814008,309
1686190319.8937478,309
1686190319.9063816,309
1686190319.9226665,309
1686190319.9349208,309
1686190319.9503613,309
1686190319.96337,308
1686190319.975724,308
1686190319.9925125,309
1686190320.004559,310
1686190320.0168078,310
1686190320.0332742,310
1686190320.0456002,310
1686190320.0578117,311
1686190320.0737782,312
1686190320.086707,314
1686190320.0995214,313
1686190320.1148887,313
1686190320.1278808,313
1686190320.1440141,313
1686190320.1562164,315
1686190320.1684973,315
1686190320.184791,315
1686190320.197352,314
1686190320.2090917,314
1686190320.2258558,315
1686190320.2381375,316
1686190320.2504692,316
1686190320.266329,316
1686190320.2787688,316
1686190320.2954338,316
1686190320.307757,317
1686190320.3202457,317
1686190320.3361313,317
1686190320.348902,317
1686190320.3612587,316
1686190320.378043,316
1686190320.38965,318
1686190320.4016473,318
1686190320.4183722,318
1686190320.4301748,317
1686190320.4425032,317
1686190320.4586852,317
1686190320.471496,319
1686190320.4882174,319
1686190320.5002072,318
1686190320.5125813,318
1686190320.5289097,317
1686190320.5408058,318
1686190320.5534985,319
1686190320.5698423,319
1686190320.5820444,318
1686190320.5938103,317
1686190320.610394,318
1686190320.6224577,319
1686190320.6394181,319
1686190320.6516855,319
1686190320.663973,318
1686190320.680412,317
1686190320.692385,318
1686190320.704695,318
1686190320.7214062,319
1686190320.7333946,319
1686190320.7454047,318
1686190320.7624054,317
1686190320.7745183,318
1686190320.790709,319
1686190320.8034132,319
1686190320.8156824,318
1686190320.8314006,317
1686190320.8444014,317
1686190320.8564038,317
1686190320.8723965,318
1686190320.8854144,319
1686190320.8974044,317
1686190320.9134023,317
1686190320.92553,317
1686190320.938412,318
1686190320.9545355,318
1686190320.9674177,319
1686190320.9834046,317
1686190320.9957104,317
1686190321.0074081,317
1686190321.0244584,318
1686190321.0364008,319
1686190321.048464,318
1686190321.0654144,317
1686190321.0773942,317
1686190321.0894594,318
1686190321.10641,319
1686190321.1186607,320
1686190321.134461,319
1686190321.1473887,319
1686190321.159677,320
1686190321.1757174,320
1686190321.1884089,321
1686190321.2004042,321
1686190321.216403,321
1686190321.229407,320
1686190321.2415278,320
1686190321.2580948,321
1686190321.2701652,321
1686190321.2861164,321
1686190321.2988145,320
1686190321.3110132,319
1686190321.3277514,319
1686190321.339984,320
1686190321.3518465,321
1686190321.3683248,320
1686190321.3807485,319
1686190321.3928208,318
1686190321.4097507,319
1686190321.4217746,319
1686190321.4338224,320
1686190321.449866,319
1686190321.4627798,319
1686190321.4786618,319
1686190321.4915233,320
1686190321.5035355,321
1686190321.519609,322
1686190321.5325525,322
1686190321.5445237,322
1686190321.5605223,324
1686190321.573548,327
1686190321.5857077,329
1686190321.6015248,331
1686190321.6145654,333
1686190321.630629,335
1686190321.6428561,337
1686190321.6545663,341
1686190321.672007,344
1686190321.6838765,346
1686190321.6955218,349
1686190321.7131886,352
1686190321.724774,355
1686190321.737073,359
1686190321.752774,360
1686190321.7657526,361
1686190321.777612,362
1686190321.794724,362
1686190321.8068402,362
1686190321.8231328,362
1686190321.8348732,360
1686190321.8471189,356
1686190321.8641715,351
1686190321.8761683,346
1686190321.8885417,341
1686190321.9045522,335
1686190321.9175596,328
1686190321.9295328,321
1686190321.9462705,313
1686190321.9583578,305
1686190321.9743204,299
1686190321.987068,292
1686190321.9989681,285
1686190322.0150313,280
1686190322.0279937,276
1686190322.0402522,274
1686190322.0569015,274
1686190322.068903,274
1686190322.0811615,273
1686190322.097978,274
1686190322.1099658,276
1686190322.1219711,278
1686190322.13801,282
1686190322.1509736,284
1686190322.1669579,285
1686190322.179024,287
1686190322.1919603,288
1686190322.2080681,291
1686190322.2200124,294
1686190322.232788,296
1686190322.2487686,297
1686190322.2607725,298
1686190322.2737904,300
1686190322.2898507,302
1686190322.3020856,304
1686190322.3188353,305
1686190322.3306656,305
1686190322.3437102,305
1686190322.359722,305
1686190322.3720453,307
1686190322.3840175,307
1686190322.4009852,307
1686190322.4127078,307
1686190322.4247646,311
1686190322.441703,321
1686190322.4531434,337
1686190322.4700336,356
1686190322.4826987,374
1686190322.4949892,390
1686190322.5109499,403
1686190322.5236964,413
1686190322.5356605,419
1686190322.551987,422
1686190322.5646596,420
1686190322.576709,418
1686190322.5926404,414
1686190322.6057162,409
1686190322.6177416,402
1686190322.63377,395
1686190322.6464884,384
1686190322.6626441,372
1686190322.6753356,361
1686190322.6873884,346
1686190322.70363,328
1686190322.715322,309
1686190322.7283223,290
1686190322.7443314,273
1686190322.756647,259
1686190322.769323,249
1686190322.7855887,241
1686190322.797443,235
1686190322.814269,231
1686190322.8263278,230
1686190322.8386059,232
1686190322.8553376,235
1686190322.8672707,237
1686190322.8795803,240
1686190322.896339,244
1686190322.9082723,248
1686190322.9202676,253
1686190322.9373245,257
1686190322.949329,260
1686190322.9615932,264
1686190322.978268,267
1686190322.9905775,271
1686190323.0067823,276
1686190323.0185418,279
1686190323.0317376,282
1686190323.0474987,284
1686190323.0595067,286
1686190323.0725212,289
1686190323.088491,292
1686190323.1005516,294
1686190323.113515,295
1686190323.129647,296
1686190323.1418025,298
1686190323.157997,300
1686190323.1705017,302
1686190323.1828399,303
1686190323.1994925,304
1686190323.2115946,305
1686190323.2238054,306
1686190323.2404945,308
1686190323.2524934,310
1686190323.264509,310
1686190323.2808084,310
1686190323.2937531,310
1686190323.3057983,311
1686190323.3220773,313
1686190323.3347158,313
1686190323.3508656,313
1686190323.3626928,313
1686190323.3756874,314
1686190323.391228,314
1686190323.4040592,315
1686190323.4157655,316
1686190323.4323516,315
1686190323.4450734,316
1686190323.4570715,316
1686190323.474027,317
1686190323.4859965,318
1686190323.5025973,319
1686190323.5145953,318
1686190323.5265858,319
1686190323.5436919,319
1686190323.5556686,320
1686190323.5676277,321
1686190323.5845976,321
1686190323.596575,320
1686190323.6090288,321
1686190323.6255946,322
1686190323.6376433,323
1686190323.6536825,324
1686190323.6655774,324
1686190323.6786437,324
1686190323.6951509,324
1686190323.707093,326
1686190323.7196085,327
1686190323.7359006,328
1686190323.7476826,328
1686190323.760633,327
1686190323.776625,328
1686190323.7889562,329
1686190323.8016315,330
1686190323.817511,330
1686190323.8298717,329
1686190323.8464198,328
1686190323.858831,329
1686190323.8711286,330
1686190323.887615,331
1686190323.899819,331
1686190323.9116127,330
1686190323.9286346,330
1686190323.9406137,331
1686190323.9530723,331
1686190323.9696293,331
1686190323.9816813,331
1686190323.9977024,330
1686190324.0099518,331
1686190324.0227098,331
1686190324.0386863,332
1686190324.050626,332
1686190324.063639,331
1686190324.0801938,330
1686190324.0916626,331
1686190324.1046169,332
1686190324.1208537,332
1686190324.132649,332
1686190324.145618,331
1686190324.1618419,332
1686190324.174379,332
1686190324.190508,333
1686190324.2027843,333
1686190324.2145078,332
1686190324.231719,331
1686190324.2438416,331
1686190324.255866,331
1686190324.2720408,332
1686190324.2844782,332
1686190324.2968645,331
1686190324.3138783,330
1686190324.3258374,329
1686190324.3421848,329
1686190324.3541877,329
1686190324.366871,328
1686190324.382972,326
1686190324.394927,324
1686190324.4068394,323
1686190324.4239414,323
1686190324.4361863,322
1686190324.4488707,321
1686190324.4649312,319
1686190324.477188,317
1686190324.493739,316
1686190324.505541,316
1686190324.517807,314
1686190324.5346189,312
1686190324.5465934,310
1686190324.5585213,308
1686190324.575593,307
1686190324.587584,306
1686190324.600543,306
1686190324.616534,304
1686190324.6287599,303
1686190324.6408298,303
1686190324.6575942,303
1686190324.669537,304
1686190324.685336,303
1686190324.6982133,303
1686190324.7105334,303
1686190324.7272358,304
1686190324.7392137,306
1686190324.75154,307
1686190324.7682364,307
1686190324.780287,308
1686190324.7925262,309
1686190324.8092072,310
1686190324.82128,313
1686190324.8374898,315
1686190324.8501847,318
1686190324.862248,319
1686190324.8782923,321
1686190324.8911915,323
1686190324.9031947,325
1686190324.9198372,326
1686190324.9317312,327
1686190324.9440348,327
1686190324.9607258,327
1686190324.9727328,329
1686190324.9847255,330
1686190325.0017385,330
1686190325.0137398,330
1686190325.02972,329
1686190325.0427415,330
1686190325.0547357,330
1686190325.0707269,331
1686190325.0827775,331
1686190325.0958006,330
1686190325.1117752,330
1686190325.1237307,330
1686190325.1367455,331
1686190325.1529138,331
1686190325.164726,330
1686190325.1817942,329
1686190325.1937284,329
1686190325.2060843,329
1686190325.2227936,330
1686190325.235071,331
1686190325.2467186,330
1686190325.2637403,330
1686190325.2762651,331
1686190325.2880232,332
1686190325.3047218,332
1686190325.316774,332
1686190325.333017,332
1686190325.3457134,332
1686190325.357694,332
1686190325.3747003,333
1686190325.3867342,334
1686190325.3987277,334
1686190325.41522,334
1686190325.4274473,333
1686190325.4400468,334
1686190325.4561033,335
1686190325.4683754,335
1686190325.4810455,334
1686190325.4970381,332
1686190325.5093493,332
1686190325.5253897,331
1686190325.538023,331
1686190325.5503516,331
1686190325.5660853,329
1686190325.5790756,327
1686190325.5912755,326
1686190325.6070185,326
1686190325.620041,326
1686190325.6323621,325
1686190325.6487167,324
1686190325.661022,323
1686190325.6770236,323
1686190325.6890671,323
1686190325.7020178,323
1686190325.7180212,322
1686190325.7303479,321
1686190325.7426813,320
1686190325.7585683,320
1686190325.77167,321
1686190325.7836874,320
1686190325.7998173,319
1686190325.8128386,318
1686190325.8248153,318
1686190325.8411336,318
1686190325.8531396,318
1686190325.869882,318
1686190325.8818154,317
1686190325.8944688,316
1686190325.9101877,316
1686190325.9226892,317
1686190325.9346375,317
1686190325.9520411,317
1686190325.9640682,316
1686190325.9760735,315
1686190325.992398,315
1686190326.0050921,316
1686190326.0212677,316
1686190326.0343974,315
1686190326.0458872,314
1686190326.0626333,313
1686190326.0747662,313
1686190326.0870626,314
1686190326.1030495,314
1686190326.1155548,313
1686190326.1279905,313
1686190326.1449022,312
1686190326.1566012,312
1686190326.1731899,313
1686190326.1851552,313
1686190326.1971512,312
1686190326.2136362,311
1686190326.2262702,312
1686190326.237834,313
1686190326.2551181,313
1686190326.266686,313
1686190326.27964,312
1686190326.295949,312
1686190326.3084548,312
1686190326.3205044,313
1686190326.3367925,314
1686190326.3488278,314
1686190326.3654678,313
1686190326.3780792,313
1686190326.3896942,313
1686190326.40658,314
1686190326.4187663,314
1686190326.4308841,313
1686190326.4470558,312
1686190326.4598103,312
1686190326.4718723,312
1686190326.4875345,313
1686190326.5005457,312
1686190326.5165234,312
1686190326.528523,311
1686190326.5415404,311
1686190326.5575385,312
1686190326.5695355,312
1686190326.5825365,312
1686190326.5985916,311
1686190326.6105244,311
1686190326.6235387,311
1686190326.6395621,312
1686190326.65159,312
1686190326.6645317,311
1686190326.6805258,311
1686190326.6925867,311
1686190326.7085893,312
1686190326.721541,313
1686190326.7333796,313
1686190326.7499344,313
1686190326.7629974,312
1686190326.7748826,312
1686190326.7912705,313
1686190326.804072,314
1686190326.8158715,314
1686190326.8324,313
1686190326.8444426,312
1686190326.8609254,313
1686190326.8734405,314
1686190326.88573,314
1686190326.9019673,314
1686190326.9143343,313
1686190326.926486,313
1686190326.9429312,313
1686190326.9548147,314
1686190326.9674826,315
1686190326.983827,314
1686190326.9959016,313
1686190327.0122547,313
1686190327.0242867,312
1686190327.0372388,312
1686190327.0536554,313
1686190327.065834,314
1686190327.0781446,317
1686190327.0943115,322
1686190327.1067376,330
1686190327.1188922,338
1686190327.1349554,346
1686190327.1476023,350
1686190327.1603544,351
1686190327.1764798,349
1686190327.1884098,345
1686190327.205422,337
1686190327.216932,328
1686190327.229432,319
1686190327.2459412,311
1686190327.2584088,306
1686190327.2704844,303
1686190327.2871118,300
1686190327.2988966,298
1686190327.310941,296
1686190327.3282936,296
1686190327.341053,297
1686190327.3561268,298
1686190327.3692114,299
1686190327.3814688,300
1686190327.3976347,300
1686190327.4097745,302
1686190327.4222155,304
1686190327.4385834,306
1686190327.4505444,306
1686190327.4629252,306
1686190327.4795845,307
1686190327.4920454,308
1686190327.5037777,309
1686190327.5200012,310
1686190327.5329373,311
1686190327.5493984,311
1686190327.5609848,311
1686190327.5730462,312
1686190327.589942,313
1686190327.601766,314
1686190327.6148813,314
1686190327.6311061,314
1686190327.6433992,314
1686190327.6554422,316
1686190327.6723025,316
1686190327.6842892,317
1686190327.699909,316
1686190327.7127683,316
1686190327.7255697,316
1686190327.7418594,317
1686190327.7537923,317
1686190327.7664914,317
1686190327.7821264,316
1686190327.794996,315
1686190327.807538,315
1686190327.8240957,316
1686190327.8360317,316
1686190327.852267,315
1686190327.8643112,315
1686190327.8771634,315
1686190327.892928,315
1686190327.9054606,316
1686190327.9177504,317
1686190327.934349,316
1686190327.9463356,316
1686190327.9588904,315
1686190327.9752293,316
1686190327.9869068,317
1686190327.9996903,317
1686190328.0161922,316
1686190328.0277774,316
1686190328.044763,315
1686190328.056838,317
1686190328.0695167,317
1686190328.0857718,317
1686190328.0978587,317
1686190328.109821,316
1686190328.1266148,316
1686190328.1389325,317
1686190328.151611,318
1686190328.1678212,317
1686190328.1798277,316
1686190328.196249,316
1686190328.2082915,316
1686190328.220476,317
1686190328.2375185,317
1686190328.2497387,317
1686190328.2619512,316
1686190328.2778683,316
1686190328.2906015,317
1686190328.3028538,318
1686190328.3188887,317
1686190328.3313973,317
1686190328.3434398,316
1686190328.359508,316
1686190328.3726149,317
1686190328.3887355,318
1686190328.400777,317
1686190328.4135025,316
1686190328.429696,316
1686190328.442196,316
1686190328.4542508,317
1686190328.4707718,318
1686190328.4831305,318
1686190328.4951792,317
1686190328.511165,317
1686190328.524752,318
1686190328.540195,318
1686190328.5526588,319
1686190328.5651877,318
1686190328.5813463,318
1686190328.5934327,317
1686190328.6054394,318
1686190328.6219459,319
1686190328.6350582,319
1686190328.6464934,318
1686190328.6631982,318
1686190328.6752458,317
1686190328.691172,318
1686190328.7035007,318
1686190328.7164526,317
1686190328.7324278,316
1686190328.7453659,316
1686190328.7575164,316
1686190328.77374,317
1686190328.785978,317
1686190328.7985053,316
1686190328.8147938,316
1686190328.8269837,315
1686190328.8390272,316
1686190328.8553882,316
1686190328.8677952,316
1686190328.8845682,315
1686190328.896886,315
1686190328.9088898,315
1686190328.9255667,315
1686190328.937647,316
1686190328.9495873,316
1686190328.9663858,315
1686190328.978434,314
1686190328.9912355,313
1686190329.0072947,313
1686190329.0195646,314
1686190329.0356283,313
1686190329.0476265,312
1686190329.059857,312
1686190329.0772405,311
1686190329.0889227,312
1686190329.100943,312
1686190329.1179085,311
1686190329.130242,311
1686190329.1425567,311
1686190329.1588871,311
1686190329.1713777,313
1686190329.1828947,313
1686190329.199483,313
1686190329.21197,312
1686190329.2280202,312
1686190329.2408192,313
1686190329.2533562,313
1686190329.2695644,313
1686190329.2817628,313
1686190329.2943804,312
1686190329.3105028,312
1686190329.3227422,313
1686190329.3345997,314
1686190329.3509912,313
1686190329.3636403,312
1686190329.3800223,312
1686190329.392291,313
1686190329.4039388,314
1686190329.4206407,314
1686190329.4326057,313
1686190329.4451363,312
1686190329.4621413,312
1686190329.474144,313
1686190329.4865055,314
1686190329.5032103,314
1686190329.515153,313
1686190329.530792,312
1686190329.5441177,313
1686190329.555774,313
1686190329.5727985,314
1686190329.585127,314
1686190329.5973337,313
1686190329.6138017,313
1686190329.625738,313
1686190329.6377687,314
1686190329.65458,315
1686190329.6667702,314
1686190329.6788137,314
1686190329.6948242,313
1686190329.7078714,313
1686190329.724254,314
1686190329.7358217,315
1686190329.7490485,314
1686190329.7646453,313
1686190329.7771037,313
1686190329.7891753,314
1686190329.8060353,314
1686190329.8185751,314
1686190329.830625,313
1686190329.847184,312
1686190329.8594766,313
1686190329.8755696,314
1686190329.8882139,315
1686190329.900357,314
1686190329.9158983,314
1686190329.9285583,314
1686190329.9412131,314
1686190329.9573867,315
1686190329.9700124,316
1686190329.982306,316
1686190329.9984643,315
1686190330.0102992,315
1686190330.0233872,316
1686190330.0387664,317
1686190330.05175,318
1686190330.0683403,318
1686190330.0805097,318
1686190330.0928922,318
1686190330.1087434,318
1686190330.1215599,319
1686190330.133764,319
1686190330.150236,318
1686190330.162009,318
1686190330.1745772,319
1686190330.1909282,319
1686190330.2029696,320
1686190330.219711,320
1686190330.2312162,319
1686190330.2437038,319
1686190330.2601721,320
1686190330.2728553,321
1686190330.2854092,322
1686190330.3012357,322
1686190330.3141062,321
1686190330.326506,321
1686190330.342056,322
1686190330.3550858,323
1686190330.3714485,324
1686190330.3835,324
1686190330.3958888,323
1686190330.4120173,324
1686190330.4244761,325
1686190330.4366481,326
1686190330.4531875,326
1686190330.4663246,326
1686190330.4776132,326
1686190330.4936805,326
1686190330.506471,327
1686190330.517883,327
1686190330.5353558,327
1686190330.546866,326
1686190330.5639286,326
1686190330.576323,326
1686190330.5879455,327
1686190330.6048396,327
1686190330.6171272,326
1686190330.6294737,326
1686190330.6457014,325
1686190330.657547,326
1686190330.6713073,327
1686190330.6868136,327
1686190330.6981483,327
1686190330.714586,326
1686190330.726772,327
1686190330.739208,327
1686190330.7563002,328
1686190330.7681015,328
1686190330.7801163,327
1686190330.797106,326
1686190330.8095317,327
1686190330.8217947,328
1686190330.83835,328
1686190330.850497,328
1686190330.8629143,327
1686190330.8791726,327
1686190330.8916483,327
1686190330.9074528,327
1686190330.9202986,328
1686190330.932422,327
1686190330.9486938,325
1686190330.9611726,325
1686190330.9734802,325
1686190330.9897804,325
1686190331.0020092,326
1686190331.0142393,324
1686190331.0303566,323
1686190331.0429952,323
1686190331.0588455,323
1686190331.071845,324
1686190331.0838633,323
1686190331.1004567,322
1686190331.1121624,321
1686190331.1242392,321
1686190331.1422534,321
1686190331.1535892,322
1686190331.165689,321
1686190331.1816745,321
1686190331.1943984,320
1686190331.2109609,321
1686190331.2234433,322
1686190331.2360935,323
1686190331.2512667,322
1686190331.2643647,322
1686190331.2761724,322
1686190331.2928846,322
1686190331.3052378,324
1686190331.316963,324
1686190331.3337162,323
1686190331.3460948,323
1686190331.3577905,323
1686190331.3747487,324
1686190331.3870475,326
1686190331.4034402,326
1686190331.4157486,326
1686190331.42783,326
1686190331.4443605,327
1686190331.4563897,328
1686190331.4692254,330
1686190331.4852657,330
1686190331.4975898,329
1686190331.5100892,330
1686190331.525979,330
1686190331.5385606,331
1686190331.555199,332
1686190331.5671566,331
1686190331.5795522,330
1686190331.5955474,330
1686190331.6082435,331
1686190331.6202157,333
1686190331.6362183,333
1686190331.6494443,333
1686190331.6616309,332
1686190331.6778011,331
1686190331.6898477,332
1686190331.702066,332
1686190331.718176,332
1686190331.7311342,330
1686190331.7471797,329
1686190331.7593322,329
1686190331.771591,330
1686190331.7875235,330
1686190331.8005202,329
1686190331.8127358,328
1686190331.828732,327
1686190331.8416746,327
1686190331.8536973,328
1686190331.8696952,328
1686190331.8816943,327
1686190331.898695,325
1686190331.9107609,324
1686190331.9229412,323
1686190331.9388375,322
1686190331.951922,321
1686190331.9644175,318
1686190331.980889,316
1686190331.9926279,316
1686190332.005665,316
1686190332.0214176,316
1686190332.0343082,315
1686190332.050452,314
1686190332.062784,313
1686190332.0743744,313
1686190332.0913155,314
1686190332.103881,315
1686190332.116158,314
1686190332.1319692,313
1686190332.1445398,313
1686190332.1572392,314
1686190332.1730504,315
1686190332.1853132,316
1686190332.1974945,316
1686190332.2145014,316
1686190332.2264307,316
1686190332.2424428,317
1686190332.2554443,319
1686190332.2675226,320
1686190332.2834792,319
1686190332.2964902,319
1686190332.308494,319
1686190332.3244464,320
1686190332.33749,321
1686190332.3494422,320
1686190332.3654308,319
1686190332.378435,318
1686190332.393439,318
1686190332.4067557,319
1686190332.4187489,319
1686190332.4354253,319
1686190332.4477518,318
1686190332.4603102,317
1686190332.4764237,318
1686190332.4886782,318
1686190332.5007474,318
1686190332.5174744,317
1686190332.5294278,316
1686190332.5417478,315
1686190332.5581617,314
1686190332.5711138,314
1686190332.5871809,314
1686190332.5991085,313
1686190332.6111097,313
1686190332.6281977,313
1686190332.6401181,314
1686190332.6524196,315
1686190332.669126,315
1686190332.6814673,315
1686190332.6931705,314
1686190332.7101753,314
1686190332.7221208,316
1686190332.7381086,316
1686190332.7504814,316
1686190332.7631214,315
1686190332.7794228,315
1686190332.7921789,316
1686190332.804204,316
1686190332.8201246,316
1686190332.832275,315
1686190332.8451753,314
1686190332.8614538,314
1686190332.873108,315
1686190332.8891766,315
1686190332.9024503,315
1686190332.9141757,314
1686190332.9311059,313
1686190332.943415,313
1686190332.955193,313
1686190332.9722962,314
1686190332.9842474,313
1686190332.9962957,312
1686190333.0130935,311
1686190333.0257115,312
1686190333.037693,312
1686190333.0540118,312
1686190333.0663023,312
1686190333.0825965,311
1686190333.0943396,311
1686190333.107279,311
1686190333.1233628,312
1686190333.1361203,312
1686190333.1483479,311
1686190333.164294,311
1686190333.1763005,311
1686190333.1888874,312
1686190333.2054331,312
1686190333.217333,312
1686190333.2336113,311
1686190333.2463157,311
1686190333.2583864,311
1686190333.2752948,312
1686190333.2872815,312
1686190333.299607,312
1686190333.3163457,311
1686190333.3283474,310
1686190333.340289,310
1686190333.3573425,310
1686190333.3693552,311
1686190333.3812783,310
1686190333.3976362,309
1686190333.4102967,309
1686190333.4262955,310
1686190333.4383333,311
1686190333.4513562,311
1686190333.467651,311
1686190333.4800146,310
1686190333.492092,310
1686190333.5080068,311
1686190333.5210903,311
1686190333.5330594,311
1686190333.5493555,310
1686190333.5620975,310
1686190333.5782516,310
1686190333.5901165,310
1686190333.6024473,311
1686190333.619096,310
1686190333.631413,310
1686190333.6441643,309
1686190333.6602542,309
1686190333.6723773,310
1686190333.6840925,311
1686190333.7011871,310
1686190333.713169,309
1686190333.7294493,308
1686190333.7420993,308
1686190333.7541692,310
1686190333.7704678,310
1686190333.783152,311
1686190333.7951145,310
1686190333.8114185,311
1686190333.824158,313
1686190333.836233,316
1686190333.8526955,318
1686190333.8651874,320
1686190333.877112,322
1686190333.8931022,326
1686190333.9061186,330
1686190333.9222198,333
1686190333.9341764,336
1686190333.9461079,338
1686190333.9631166,340
1686190333.9751635,343
1686190333.9881623,344
1686190334.0041208,344
1686190334.0164557,343
1686190334.028107,341
1686190334.045166,339
1686190334.057503,339
1686190334.0730937,338
1686190334.086314,336
1686190334.0980933,334
1686190334.114791,331
1686190334.1270504,329
1686190334.1387932,328
1686190334.1557698,325
1686190334.1677878,322
1686190334.180492,317
1686190334.1966484,312
1686190334.2084823,308
1686190334.2214322,304
1686190334.2376392,300
1686190334.2494354,296
1686190334.2664642,292
1686190334.2783608,289
1686190334.290381,288
1686190334.3073947,288
1686190334.31958,288
1686190334.331775,287
1686190334.3483953,286
1686190334.360522,287
1686190334.3724692,289
1686190334.3891795,291
1686190334.4018197,293
1686190334.41776,294
1686190334.429757,295
1686190334.4428294,297
1686190334.4587564,298
1686190334.4708478,301
1686190334.4830523,302
1686190334.4998295,302
1686190334.5121582,303
1686190334.5237737,304
1686190334.5408282,306
1686190334.5528293,308
1686190334.5691261,309
1686190334.5818152,310
1686190334.593813,309
1686190334.6101272,310
1686190334.621814,311
1686190334.6348436,311
1686190334.6508298,309
1686190334.663351,309
1686190334.6760514,308
1686190334.692054,310
1686190334.7046924,316
1686190334.7169971,327
1686190334.7330534,341
1686190334.745038,359
1686190334.7612367,375
1686190334.774618,389
1686190334.78655,399
1686190334.8028545,405
1686190334.8155384,408
1686190334.8275461,407
1686190334.8438895,407
1686190334.8558955,405
1686190334.868592,401
1686190334.8845496,396
1686190334.8969052,390
1686190334.9133706,383
1686190334.9252725,377
1686190334.9372785,369
1686190334.953892,361
1686190334.9669163,350
1686190334.9789143,338
1686190334.9949713,325
1686190335.007981,312
1686190335.0199065,300
1686190335.0362282,288
1686190335.0479043,278
1686190335.0609121,271
1686190335.0772698,267
1686190335.089224,265
1686190335.1061826,264
1686190335.1182618,265
1686190335.1305048,266
1686190335.1462498,267
1686190335.159422,270
1686190335.1714804,274
1686190335.188197,277
1686190335.200291,280
1686190335.2121787,282
1686190335.2285123,285
1686190335.2412534,289
1686190335.2572882,292
1686190335.2701063,295
1686190335.28212,297
1686190335.298172,299
1686190335.3104255,302
1686190335.3231866,304
1686190335.3391235,307
1686190335.3514547,308
1686190335.3641264,310
1686190335.3804874,311
1686190335.3921,313
1686190335.4081123,315
1686190335.421441,317
1686190335.4334476,317
1686190335.4501033,317
1686190335.4621518,317
1686190335.4747388,318
1686190335.490807,319
1686190335.5026417,319
1686190335.5157323,319
1686190335.531913,318
1686190335.543649,318
1686190335.5566483,318
1686190335.5729206,319
1686190335.584882,319
1686190335.601187,319
1686190335.6138427,319
1686190335.6258333,319
1686190335.6429062,319
1686190335.6549048,320
1686190335.6671,320
1686190335.6832042,319
1686190335.695822,319
1686190335.7078357,319
1686190335.7248092,320
1686190335.7368786,320
1686190335.7528787,320
1686190335.764822,318
1686190335.7778306,318
1686190335.7940128,318
1686190335.8058827,319
1686190335.8188672,319
1686190335.83482,318
1686190335.8468204,317
1686190335.8598986,317
1686190335.8760264,317
1686190335.8878636,317
1686190335.900873,317
1686190335.9168713,316
1686190335.9288673,315
1686190335.9448655,314
1686190335.9578114,315
1686190335.969985,315
1686190335.9867375,314
1686190335.9996557,313
1686190336.0106344,312
1686190336.027693,312
1686190336.039722,313
1686190336.051934,313
1686190336.0686214,312
1686190336.080624,311
1686190336.0966766,310
1686190336.1096764,310
1686190336.1216168,311
1686190336.1376753,311
1686190336.1506746,309
1686190336.1627693,308
1686190336.178771,308
1686190336.1906166,309
1686190336.2032049,309
1686190336.2203755,309
1686190336.2323651,308
1686190336.2483027,307
1686190336.2606184,307
1686190336.2738333,307
1686190336.2895067,307
1686190336.3022027,307
1686190336.3138995,306
1686190336.330266,306
1686190336.3429217,307
1686190336.3548603,308
1686190336.3719091,308
1686190336.3838391,309
1686190336.3958557,308
1686190336.4128406,309
1686190336.424855,310
1686190336.4409232,312
1686190336.4532092,313
1686190336.4659092,313
1686190336.4818473,313
1686190336.4944515,314
1686190336.50692,315
1686190336.5229115,317
1686190336.5358384,317
1686190336.5479178,317
1686190336.5638516,317
1686190336.5761874,317
1686190336.5927963,318
1686190336.6050034,319
1686190336.6168394,319
1686190336.633914,318
1686190336.6458642,318
1686190336.6579006,319
1686190336.675004,320
1686190336.687118,321
1686190336.6989975,321
1686190336.715755,321
1686190336.727949,321
1686190336.7398708,322
1686190336.7567172,323
1686190336.769751,324
1686190336.7851644,324
1686190336.7972114,324
1686190336.8092294,324
1686190336.825743,325
1686190336.8388052,327
1686190336.850869,327
1686190336.867129,327
1686190336.878834,326
1686190336.8918014,327
1686190336.9077966,328
1686190336.9198403,329
1686190336.936784,329
1686190336.9491408,328
1686190336.9608624,328
1686190336.977921,328
1686190336.9899423,329
1686190337.00223,330
1686190337.0189755,330
1686190337.0309594,328
1686190337.0429008,328
1686190337.059943,328
1686190337.0718837,328
1686190337.087885,327
1686190337.0999324,326
1686190337.1129599,325
1686190337.1289015,324
1686190337.140938,325
1686190337.1539106,325
1686190337.1698875,325
1686190337.1822515,324
1686190337.1949809,324
1686190337.210927,324
1686190337.2228937,326
1686190337.2359293,326
1686190337.2519298,325
1686190337.2638838,325
1686190337.2799463,324
1686190337.2934778,325
1686190337.3054214,326
1686190337.3214743,326
1686190337.3344438,326
1686190337.3464794,325
1686190337.3627267,324
1686190337.3744166,325
1686190337.3874803,325
1686190337.4037335,326
1686190337.4154267,325
1686190337.4324806,324
1686190337.4444106,324
1686190337.4564784,325
1686190337.4734902,325
1686190337.485462,325
1686190337.4977436,325
1686190337.514481,324
1686190337.5264144,324
1686190337.5394807,325
1686190337.5554087,325
1686190337.5674233,325
1686190337.5797663,324
1686190337.5964262,323
1686190337.6084993,324
1686190337.6244483,324
1686190337.6374888,324
1686190337.6495337,323
1686190337.665097,322
1686190337.6786258,322
1686190337.69049,322
1686190337.7062578,323
1686190337.719342,323
1686190337.7311442,322
1686190337.747295,321
1686190337.7594872,320
1686190337.7762742,321
1686190337.7887158,321
1686190337.8010116,320
1686190337.817438,319
1686190337.8300838,318
1686190337.8420637,317
1686190337.858357,317
1686190337.8701982,317
1686190337.8831239,317
1686190337.8995445,316
1686190337.911177,315
1686190337.927844,316
1686190337.9396398,316
1686190337.9521053,316
1686190337.9682996,315
1686190337.981683,314
1686190337.9936738,314
1686190338.0097184,314
1686190338.0225413,315
1686190338.0346286,314
1686190338.0510516,313
1686190338.0628922,313
1686190338.0747218,313
1686190338.0917218,314
1686190338.1037142,314
1686190338.11973,314
1686190338.1327748,314
1686190338.1447845,313
1686190338.160788,313
1686190338.1739495,314
1686190338.1857677,314
1686190338.2017684,313
1686190338.2147238,312
1686190338.2267804,312
1686190338.2427711,312
1686190338.255705,313
1686190338.2717724,313
1686190338.2837138,313
1686190338.296708,312
1686190338.3131804,312
1686190338.3247647,312
1686190338.3367548,313
1686190338.3537161,313
1686190338.3657508,312
1686190338.3784392,311
1686190338.394384,311
1686190338.4063766,311
1686190338.4194345,314
1686190338.4358242,317
1686190338.4474242,323
1686190338.46437,331
1686190338.4762046,341
1686190338.4889555,351
1686190338.505238,358
1686190338.5178761,362
1686190338.5298338,363
1686190338.5464778,361
1686190338.5591486,356
1686190338.571224,348
1686190338.5871623,338
1686190338.5993474,328
1686190338.6152997,319
1686190338.6278155,311
1686190338.6408198,305
1686190338.6571205,302
1686190338.6699135,298
1686190338.6815987,295
1686190338.697887,294
1686190338.710468,293
1686190338.7225127,294
1686190338.7389803,294
1686190338.7512298,295
1686190338.763631,294
1686190338.7802641,295
1686190338.7918508,296
1686190338.8084967,298
1686190338.8218286,300
1686190338.8334937,300
1686190338.8489718,300
1686190338.8620946,301
1686190338.873555,302
1686190338.8904927,304
1686190338.9028766,305
1686190338.9152176,305
1686190338.9317741,304
1686190338.9441557,305
1686190338.9601345,306
1686190338.9719396,307
1686190338.9844162,307
1686190339.0011582,307
1686190339.0134535,306
1686190339.0257683,307
1686190339.0418143,308
1686190339.0540266,308
1686190339.066846,308
1686190339.0829742,308
1686190339.094965,307
1686190339.110976,308
1686190339.1239004,309
1686190339.1360023,309
1686190339.152729,308
1686190339.1643207,308
1686190339.1773174,307
1686190339.1937337,308
1686190339.2059126,310
1686190339.2181358,309
1686190339.2347183,309
1686190339.2465775,309
1686190339.2589588,309
1686190339.2755477,310
1686190339.2881021,312
1686190339.3050716,312
1686190339.3162174,312
1686190339.3284113,311
1686190339.3455322,311
1686190339.3574677,312
1686190339.3696623,313
1686190339.3862648,312
1686190339.3979795,313
1686190339.4100237,312
1686190339.4271655,313
1686190339.4396024,314
1686190339.455314,315
1686190339.4678602,314
1686190339.4805596,314
1686190339.496637,315
1686190339.5093338,315
1686190339.5210178,316
1686190339.5378582,317
1686190339.5499105,317
1686190339.5619652,317
1686190339.578652,318
1686190339.5911489,318
1686190339.607157,319
1686190339.6191502,319
1686190339.6324627,318
1686190339.6486275,318
1686190339.6603868,319
1686190339.6728067,320
1686190339.6890957,321
1686190339.7010956,321
1686190339.713098,320
1686190339.7304485,319
1686190339.7425969,320
1686190339.7548754,321
1686190339.770884,321
1686190339.7831285,320
1686190339.7992978,319
1686190339.8124645,319
1686190339.8240974,319
1686190339.8403358,320
1686190339.8533397,320
1686190339.8654869,319
1686190339.881776,319
1686190339.8940897,319
1686190339.9060788,320
1686190339.9223979,320
1686190339.9344368,320
1686190339.9503076,319
1686190339.963193,319
1686190339.9757679,319
1686190339.992466,319
1686190340.0046723,320
1686190340.017243,319
1686190340.0333166,318
1686190340.0456269,318
1686190340.0582068,319
1686190340.0739505,319
1686190340.0861955,319
1686190340.0988507,319
1686190340.1151521,318
1686190340.1271484,318
1686190340.1442041,319
1686190340.1563568,320
1686190340.1683433,320
1686190340.1851277,319
1686190340.1980476,319
1686190340.2090201,319
1686190340.2259862,320
1686190340.2380002,321
1686190340.2502415,321
1686190340.266866,320
1686190340.278549,320
1686190340.2954762,320
1686190340.3072846,322
1686190340.3203592,322
1686190340.3362598,322
1686190340.3482423,321
1686190340.361238,321
1686190340.3775523,321
1686190340.389582,322
1686190340.4014583,323
1686190340.4182303,322
1686190340.430152,322
1686190340.4430559,322
1686190340.4594378,322
1686190340.471163,323
1686190340.4877906,323
1686190340.5003958,322
1686190340.5124867,321
1686190340.5285401,322
1686190340.5415897,323
1686190340.5535867,323
1686190340.5695758,323
1686190340.5824938,322
1686190340.5946164,321
1686190340.6111534,321
1686190340.6228848,322
1686190340.6388705,322
1686190340.6520176,322
1686190340.664415,321
1686190340.6804078,320
1686190340.692113,321
1686190340.7046547,322
1686190340.7211778,322
1686190340.733736,321
1686190340.7456226,321
1686190340.7624779,320
1686190340.774709,321
1686190340.7902343,321
1686190340.8032424,321
1686190340.815715,320
1686190340.8312447,320
1686190340.8439014,320
1686190340.8565466,321
1686190340.8732083,321
1686190340.8851826,321
1686190340.8976116,320
1686190340.9132352,320
1686190340.92653,320
1686190340.9381604,320
1686190340.954737,321
1686190340.9671812,320
1686190340.9835525,319
1686190340.995601,319
1686190341.0082428,320
1686190341.0242858,321
1686190341.0371196,321
1686190341.0494099,320
1686190341.0651448,319
1686190341.076971,319
1686190341.0894246,320
1686190341.106235,321
1686190341.1182973,320
1686190341.134298,319
1686190341.1474826,318
1686190341.1591897,319
1686190341.1761763,319
1686190341.187636,320
1686190341.20084,319
1686190341.2171574,318
1686190341.229749,318
1686190341.2417345,319
1686190341.257908,319
1686190341.2705376,320
1686190341.2818434,319
1686190341.299303,318
1686190341.311237,318
1686190341.327659,319
1686190341.3391275,320
1686190341.352257,319
1686190341.3686955,319
1686190341.3808932,318
1686190341.3927433,318
1686190341.40919,318
1686190341.421944,319
1686190341.433955,319
1686190341.4505205,318
1686190341.462253,318
1686190341.478165,318
1686190341.4914017,319
1686190341.5038571,319
1686190341.5203667,318
1686190341.5324068,318
1686190341.544451,318
1686190341.5612605,318
1686190341.5734215,319
1686190341.5855887,319
1686190341.6020434,318
1686190341.6145291,318
1686190341.6299958,317
1686190341.642999,318
1686190341.6548917,319
1686190341.6718037,319
1686190341.6839209,319
1686190341.6970036,318
1686190341.7127159,319
1686190341.7246025,320
1686190341.7371764,320
1686190341.7531197,320
1686190341.765913,319
1686190341.7779129,318
1686190341.7944787,319
1686190341.8068874,319
1686190341.822942,320
1686190341.8354268,319
1686190341.8478749,318
1686190341.863808,317
1686190341.8757074,318
1686190341.8888545,318
1686190341.904928,318
1686190341.9171853,318
1686190341.9296439,317
1686190341.9462254,317
1686190341.9582202,317
1686190341.974795,318
1686190341.987182,318
1686190341.9994216,317
1686190342.0154142,316
1686190342.0280426,316
1686190342.0399065,316
1686190342.0566094,316
1686190342.0681448,316
1686190342.0815268,315
1686190342.0978532,314
1686190342.1098592,314
1686190342.1221745,315
1686190342.140007,315
1686190342.1509995,314
1686190342.1674821,313
1686190342.179428,313
1686190342.1918285,313
1686190342.2081828,313
1686190342.2201352,314
1686190342.2330058,312
1686190342.2494912,311
1686190342.2614954,311
1686190342.2732892,311
1686190342.290011,311
1686190342.3020723,310
1686190342.3194299,308
1686190342.3305457,307
1686190342.3434658,307
1686190342.3597069,307
1686190342.3719761,307
1686190342.3841798,307
1686190342.400716,305
1686190342.4127588,304
1686190342.4255073,304
1686190342.4412389,304
1686190342.453436,305
1686190342.46923,304
1686190342.4826684,303
1686190342.4946127,303
1686190342.510567,303
1686190342.5235987,303
1686190342.536195,304
1686190342.5523071,303
1686190342.5646331,303
1686190342.5771706,302
1686190342.5935144,303
1686190342.605186,304
1686190342.6173632,304
1686190342.6341774,303
1686190342.6462197,303
1686190342.6629343,303
1686190342.6749508,304
1686190342.6873698,305
1686190342.7032077,305
1686190342.7164295,304
1686190342.7281456,304
1686190342.7450013,304
1686190342.7572498,306
1686190342.769386,307
1686190342.7852314,307
1686190342.7980163,307
1686190342.8134172,308
1686190342.826379,309
1686190342.8388288,310
1686190342.8552017,311
1686190342.8675141,311
1686190342.8795965,311
1686190342.8964312,311
1686190342.9082696,312
1686190342.9211252,314
1686190342.9372606,314
1686190342.9489272,314
1686190342.9652352,314
1686190342.9777293,315
1686190342.99054,317
1686190343.0065932,318
1686190343.0193014,318
1686190343.0311167,319
1686190343.0479443,319
1686190343.06013,320
1686190343.0721042,321
1686190343.0881665,322
1686190343.100411,323
1686190343.113038,322
1686190343.1300027,323
1686190343.1421838,324
1686190343.1580925,325
1686190343.1710892,326
1686190343.1827414,325
1686190343.1994524,325
1686190343.211626,326
1686190343.2237418,327
1686190343.2403483,328
1686190343.25222,328
1686190343.265178,327
1686190343.2815106,326
1686190343.2935977,327
1686190343.3097298,328
1686190343.3217373,329
1686190343.3347347,328
1686190343.35073,327
1686190343.362728,327
1686190343.375612,327
1686190343.3917353,327
1686190343.404432,328
1686190343.4162564,328
1686190343.432412,327
1686190343.4455547,327
1686190343.4572754,327
1686190343.474129,328
1686190343.4861262,328
1686190343.5025206,327
1686190343.5149767,327
1686190343.5273037,327
1686190343.5433564,328
1686190343.5559702,329
1686190343.568307,329
1686190343.584212,328
1686190343.596857,328
1686190343.6087754,328
1686190343.6253111,329
1686190343.6376731,330
1686190343.6536045,329
1686190343.6662247,328
1686190343.6786737,328
1686190343.6952374,329
1686190343.7074773,330
1686190343.7195227,330
1686190343.7359855,329
1686190343.7484453,328
1686190343.7604694,328
1686190343.7769754,329
1686190343.7888975,329
1686190343.8012824,329
1686190343.8172503,328
1686190343.8301997,327
1686190343.8465123,327
1686190343.85853,328
1686190343.8711832,328
1686190343.8871942,327
1686190343.8995035,327
1686190343.9121945,326
1686190343.928208,326
1686190343.9405062,327
1686190343.953217,326
1686190343.9696202,325
1686190343.981187,324
1686190343.997254,323
1686190344.0103116,323
1686190344.0225005,324
1686190344.0392706,323
1686190344.0511925,322
1686190344.0635026,320
1686190344.0801976,320
1686190344.0921884,320
1686190344.1041987,320
1686190344.1212642,320
1686190344.13328,319
1686190344.1491942,319
1686190344.1617174,318
1686190344.1742508,319
1686190344.1902575,320
1686190344.2023675,320
1686190344.2152123,319
1686190344.2318087,318
1686190344.243818,319
1686190344.2556925,320
1686190344.272372,321
1686190344.2846715,320
1686190344.2963605,320
1686190344.313413,319
1686190344.325374,320
1686190344.3416948,321
1686190344.354727,321
1686190344.3664675,320
1686190344.382423,319
1686190344.3947604,319
1686190344.4076214,320
1686190344.4238605,320
1686190344.4356234,320
1686190344.4485493,318
1686190344.4645534,317
1686190344.4769213,318
1686190344.4927669,318
1686190344.505878,319
1686190344.5181193,319
1686190344.534852,318
1686190344.5469685,318
1686190344.5587723,318
1686190344.5748231,317
1686190344.5878353,317
1686190344.5997918,317
1686190344.6168327,316
1686190344.628824,316
1686190344.6409204,317
1686190344.656784,318
1686190344.6702487,320
1686190344.686358,320
1686190344.6985261,320
1686190344.710767,321
1686190344.726511,323
1686190344.7395518,324
1686190344.7515354,325
1686190344.7675252,326
1686190344.7804825,327
1686190344.7926018,328
1686190344.8085387,330
1686190344.8218355,333
1686190344.8377333,334
1686190344.8495164,335
1686190344.8625355,337
1686190344.8787072,340
1686190344.8908129,343
1686190344.9035122,346
1686190344.9194689,348
1686190344.9314594,349
1686190344.9444625,350
1686190344.960515,350
1686190344.972751,350
1686190344.9887927,346
1686190345.0015059,344
1686190345.0135314,340
1686190345.0304723,336
1686190345.0425332,334
1686190345.0544636,331
1686190345.0709734,326
1686190345.0835466,321
1686190345.0955153,315
1686190345.1117842,310
1686190345.1244872,305
1686190345.1364639,301
1686190345.1532748,296
1686190345.1654615,292
1686190345.1817243,290
1686190345.1944764,289
1686190345.2065303,289
1686190345.222806,289
1686190345.235207,288
1686190345.247343,288
1686190345.2642303,289
1686190345.276221,291
1686190345.2884238,294
1686190345.3046145,296
1686190345.3166106,297
1686190345.3331177,298
1686190345.34544,299
1686190345.3581784,300
1686190345.3741238,302
1686190345.3862364,302
1686190345.398451,302
1686190345.4151168,300
1686190345.4271867,301
1686190345.439189,302
1686190345.456188,307
1686190345.4681184,315
1686190345.4801824,328
1686190345.4969647,344
1686190345.5089645,363
1686190345.5259242,378
1686190345.5379035,391
1686190345.5499673,399
1686190345.566954,403
1686190345.5789154,405
1686190345.591224,405
1686190345.6079843,402
1686190345.6199055,398
1686190345.6321285,390
1686190345.6488972,381
1686190345.6611428,371
1686190345.6773345,359
1686190345.6895893,346
1686190345.7020805,332
1686190345.7183,316
1686190345.7303803,300
1686190345.7430542,287
1686190345.759127,276
1686190345.7714415,268
1686190345.7841387,262
1686190345.799885,257
1686190345.811889,254
1686190345.824933,254
1686190345.8412457,256
1686190345.853328,257
1686190345.869551,258
1686190345.8815458,260
1686190345.894618,262
1686190345.9108837,266
1686190345.9226043,270
1686190345.935819,272
1686190345.9518294,274
1686190345.9645488,276
1686190345.9765399,280
1686190345.9927826,283
1686190346.0048637,286
1686190346.0209475,288
1686190346.0337412,289
1686190346.0458243,291
1686190346.06256,293
1686190346.074309,296
1686190346.0870185,298
1686190346.1033483,299
1686190346.1155975,300
1686190346.1273339,301
1686190346.1442885,303
1686190346.156332,305
1686190346.1723337,306
1686190346.1852806,306
1686190346.1975627,306
1686190346.214342,307
1686190346.2263641,308
1686190346.238527,310
1686190346.254875,310
1686190346.2672791,310
1686190346.2793891,310
1686190346.2955723,311
1686190346.3082538,312
1686190346.3203125,313
1686190346.3363173,313
1686190346.3493333,312
1686190346.36531,312
1686190346.377253,313
1686190346.3903275,314
1686190346.4063096,315
1686190346.4185312,315
1686190346.4305742,314
1686190346.4472713,314
1686190346.459258,315
1686190346.4715767,316
1686190346.4882698,317
1686190346.5002646,316
1686190346.516567,316
1686190346.5293322,316
1686190346.5415714,317
1686190346.5582483,318
1686190346.5703235,319
1686190346.582573,318
1686190346.5992508,318
1686190346.6113145,319
1686190346.623249,320
1686190346.640325,321
1686190346.652253,321
1686190346.664468,320
1686190346.680446,320
1686190346.6933222,321
1686190346.709276,321
1686190346.7213235,322
1686190346.7342484,322
1686190346.7504938,321
1686190346.7625718,321
1686190346.7752528,322
1686190346.7914076,322
1686190346.803691,323
1686190346.8153093,322
1686190346.832235,322
1686190346.8443313,322
1686190346.8605547,322
1686190346.8733451,323
1686190346.885297,323
1686190346.9022324,323
1686190346.9143171,322
1686190346.9262962,323
1686190346.942286,324
1686190346.9554102,324
1686190346.9672914,323
1686190346.984235,322
1686190346.996306,322
1686190347.0123281,322
1686190347.0250142,323
1686190347.0371923,322
1686190347.0533614,321
1686190347.0660148,321
1686190347.078075,321
1686190347.0940099,321
1686190347.1070764,322
1686190347.1190152,322
1686190347.1350017,321
1686190347.1480613,321
1686190347.1600227,321
1686190347.1760204,321
1686190347.1890593,323
1686190347.2050166,322
1686190347.2173216,321
1686190347.229762,321
1686190347.2463331,321
1686190347.2580411,322
1686190347.270689,322
1686190347.286586,322
1686190347.2995858,321
1686190347.3115327,321
1686190347.3276098,321
1686190347.3405368,322
1686190347.3566895,322
1686190347.3685343,321
1686190347.3809226,321
1686190347.3976197,320
1686190347.4095309,321
1686190347.4216585,322
1686190347.4388149,322
1686190347.4504862,321
1686190347.4628134,320
1686190347.4795604,320
1686190347.491419,321
1686190347.5039632,322
1686190347.520481,322
1686190347.5327306,321
1686190347.54848,321
1686190347.561417,322
1686190347.5734196,322
1686190347.5897517,322
1686190347.602492,321
1686190347.6146417,320
1686190347.6314092,320
1686190347.643656,320
1686190347.6551018,321
1686190347.672127,321
1686190347.684103,320
1686190347.7004383,319
1686190347.7131753,319
1686190347.7252812,320
1686190347.741436,320
1686190347.7541037,320
1686190347.7661827,319
1686190347.7821798,319
1686190347.7941184,319
1686190347.807038,320
1686190347.8237784,320
1686190347.8357048,320
1686190347.8517184,319
1686190347.8647017,319
1686190347.877055,319
1686190347.893023,320
1686190347.9057837,321
1686190347.9177034,322
1686190347.933781,321
1686190347.9467692,321
1686190347.958726,322
1686190347.9750385,323
1686190347.987775,323
1686190348.0002162,323
1686190348.0160742,322
1686190348.0280826,322
1686190348.044774,322
1686190348.057017,323
1686190348.0689788,323
1686190348.0856977,322
1686190348.097774,322
1686190348.1097682,322
1686190348.126761,323
1686190348.138756,323
1686190348.1509912,323
1686190348.167707,322
1686190348.179769,321
1686190348.195722,321
1686190348.2087626,322
1686190348.2207148,322
1686190348.2367058,322
1686190348.2497864,321
1686190348.261895,321
1686190348.277702,321
1686190348.2907732,322
1686190348.3027046,322
1686190348.3187122,321
1686190348.3306983,321
1686190348.343775,321
1686190348.3597765,322
1686190348.3717082,323
1686190348.388786,323
1686190348.4007607,322
1686190348.413034,321
1686190348.4297535,321
1686190348.4420416,322
1686190348.4540682,322
1686190348.4710631,322
1686190348.4827743,321
1686190348.4947314,321
1686190348.511702,321
1686190348.5247827,322
1686190348.5397682,322
1686190348.5527873,321
1686190348.5650315,320
1686190348.5810964,320
1686190348.5937057,320
1686190348.605699,320
1686190348.622061,320
1686190348.6347253,318
1686190348.6467319,316
1686190348.6630554,316
1686190348.6757774,316
1686190348.69166,317
1686190348.7043853,318
1686190348.7163916,317
1686190348.732642,317
1686190348.7454073,317
1686190348.7573752,318
1686190348.773372,318
1686190348.7863388,318
1686190348.7983935,317
1686190348.8143232,316
1686190348.8263292,316
1686190348.8393855,316
1686190348.855327,315
1686190348.8673174,314
1686190348.884372,312
1686190348.8963175,312
1686190348.9083955,312
1686190348.925379,313
1686190348.9379811,314
1686190348.9502733,313
1686190348.9663231,313
1686190348.9782667,314
1686190348.990332,316
1686190349.0074177,318
1686190349.0196445,319
1686190349.0359426,319
1686190349.047987,319
1686190349.0606976,319
1686190349.076944,320
1686190349.0889149,320
1686190349.10168,320
1686190349.1175992,318
1686190349.1296027,318
1686190349.1424048,317
1686190349.15826,317
1686190349.171257,317
1686190349.1829631,316
1686190349.1997333,316
1686190349.2121615,315
1686190349.2280202,315
1686190349.241003,316
1686190349.2533247,316
1686190349.2694075,316
1686190349.2819705,316
1686190349.2939208,317
1686190349.3104699,318
1686190349.3228362,319
1686190349.3344836,320
1686190349.3515038,320
1686190349.3637574,320
1686190349.3791764,321
1686190349.392204,322
1686190349.4051352,323
1686190349.421009,322
1686190349.4332685,322
1686190349.445429,322
1686190349.461291,323
1686190349.4740486,325
1686190349.4864812,326
1686190349.5028114,326
1686190349.5145774,327
1686190349.5305665,327
1686190349.543947,328
1686190349.5564077,330
1686190349.5722754,331
1686190349.5848773,330
1686190349.597203,330
1686190349.6136355,330
1686190349.6259446,331
1686190349.637946,332
1686190349.6539538,332
1686190349.666961,331
1686190349.6791284,330
1686190349.6950085,331
1686190349.7070107,332
1686190349.7239501,332
1686190349.736014,331
1686190349.7479568,330
1686190349.7649493,330
1686190349.7770092,330
1686190349.7890103,331
1686190349.806127,331
1686190349.8182387,331
1686190349.8301444,330
1686190349.8470838,329
1686190349.8590195,330
1686190349.8754182,330
1686190349.8874645,330
1686190349.899573,329
1686190349.9160714,328
1686190349.9291162,328
1686190349.941111,328
1686190349.9578538,329
1686190349.9695253,328
1686190349.9823854,327
1686190349.9976735,326
1686190350.0107439,325
1686190350.023229,326
1686190350.0392067,325
1686190350.0514774,324
1686190350.06811,322
1686190350.0803711,322
1686190350.092198,321
1686190350.1087325,321
1686190350.1213012,320
1686190350.1340277,319
1686190350.1494594,319
1686190350.1617618,319
1686190350.1747608,321
1686190350.1908238,325
1686190350.2031322,330
1686190350.219399,335
1686190350.2319655,341
1686190350.2442064,347
1686190350.260714,352
1686190350.2735116,355
1686190350.2853653,355
1686190350.301515,351
1686190350.3135943,345
1686190350.3262484,337
1686190350.3420699,330
1686190350.3552866,323
1686190350.370713,316
1686190350.3835416,310
1686190350.3962817,306
1686190350.4119978,304
1686190350.423987,304
1686190350.4360383,302
1686190350.4534235,301
1686190350.465426,300
1686190350.477033,301
1686190350.4940412,302
1686190350.5060837,304
1686190350.5182664,305
1686190350.5349405,304
1686190350.5474393,304
1686190350.5640187,305
1686190350.5763626,306
1686190350.5881996,307
1686190350.6047778,306
1686190350.616861,305
1686190350.6289847,305
1686190350.6452053,306
1686190350.6582112,306
1686190350.6705182,307
1686190350.6865206,306
1686190350.6988378,305
1686190350.714747,305
1686190350.7270226,306
1686190350.7398627,307
1686190350.756427,307
1686190350.7682304,307
1686190350.781146,306
1686190350.7974863,306
1686190350.8095515,307
1686190350.8210866,308
1686190350.8384163,308
1686190350.850567,307
1686190350.8630724,306
1686190350.8794632,307
1686190350.8914719,307
1686190350.9072144,308
1686190350.9203427,308
1686190350.9322593,307
1686190350.9486887,307
1686190350.9603822,308
1686190350.9734843,308
1686190350.9889247,309
1686190351.0017316,309
1686190351.0142987,308
1686190351.0304992,308
1686190351.0423255,309
1686190351.059423,309
1686190351.0710337,309
1686190351.0838594,308
1686190351.0996895,308
1686190351.1125033,308
1686190351.124532,309
1686190351.1409404,310
1686190351.1536193,310
1686190351.165209,309
1686190351.1821997,309
1686190351.1941855,310
1686190351.2103937,311
1686190351.2231016,311
1686190351.235571,311
1686190351.2520092,310
1686190351.2643683,310
1686190351.2760453,311
1686190351.2930624,312
1686190351.3049235,312
1686190351.3167331,311
1686190351.3330252,311
1686190351.345867,311
1686190351.358358,312
1686190351.3740366,313
1686190351.387212,314
1686190351.403456,313
1686190351.4157636,312
1686190351.4283447,312
1686190351.4446898,314
1686190351.4564881,314
1686190351.4684453,314
1686190351.4854243,313
1686190351.4972413,313
1686190351.509247,313
1686190351.5264564,314
1686190351.5383344,315
1686190351.5549264,314
1686190351.5669131,313
1686190351.5796065,313
1686190351.5955803,314
1686190351.6079926,315
1686190351.620674,316
1686190351.6371129,315
1686190351.6493127,315
1686190351.6611128,315
1686190351.6781194,316
1686190351.6901162,317
1686190351.7060382,317
1686190351.7184148,316
1686190351.7307048,315
1686190351.74766,315
1686190351.7595906,317
1686190351.7723956,317
1686190351.7884402,317
1686190351.8003542,316
1686190351.8132956,315
1686190351.8297367,316
1686190351.8418696,317
1686190351.853946,317
1686190351.870265,317
1686190351.8825855,316
1686190351.899259,316
1686190351.9112625,317
1686190351.9236882,317
1686190351.9392686,318
1686190351.9518988,317
1686190351.9646878,317
1686190351.9806604,317
1686190351.9931803,317
1686190352.005258,318
1686190352.0212522,318
1686190352.0341926,317
1686190352.0502872,317
1686190352.0624845,317
1686190352.0748568,318
1686190352.091524,319
1686190352.1040635,318
1686190352.1166558,318
1686190352.1320987,318
1686190352.1444097,319
1686190352.1566684,320
1686190352.17296,321
1686190352.1850228,321
1686190352.1979706,320
1686190352.2145872,320
1686190352.2266269,321
1686190352.2429862,322
1686190352.2553964,323
1686190352.266881,322
1686190352.2841592,321
1686190352.296397,321
1686190352.3086016,321
1686190352.325032,322
1686190352.3370507,322
1686190352.3491206,321
1686190352.3658643,320
1686190352.3780255,320
1686190352.3939831,321
1686190352.4071937,322
1686190352.4187768,322
1686190352.4356003,321
1686190352.4480772,320
1686190352.460459,320
1686190352.476021,321
1686190352.489116,322
1686190352.5003924,321
1686190352.5175884,320
1686190352.529586,319
1686190352.5454993,320
1686190352.5584269,321
1686190352.5708613,321
1686190352.5867872,320
1686190352.599354,319
1686190352.6113195,319
1686190352.6278756,319
1686190352.640102,321
1686190352.6523943,320
1686190352.6690414,319
1686190352.6814792,318
1686190352.6931481,319
1686190352.7101786,319
1686190352.722507,320
1686190352.738629,319
1686190352.7506711,319
1686190352.7632585,318
1686190352.7796843,318
1686190352.7921343,319
1686190352.80406,319
1686190352.8208127,318
1686190352.8323386,317
1686190352.845229,317
1686190352.8608835,318
1686190352.8737993,318
1686190352.89003,318
1686190352.9023538,318
1686190352.9150186,317
1686190352.9306557,316
1686190352.9434276,317
1686190352.9558277,318
1686190352.9723127,317
1686190352.9843652,316
1686190352.996107,316
1686190353.0126941,316
1686190353.0252728,317
1686190353.0376976,317
1686190353.054498,317
1686190353.066006,316
1686190353.082065,315
1686190353.0949087,315
1686190353.1069005,315
1686190353.1231947,316
1686190353.1351876,315
1686190353.1481574,313
1686190353.1641612,313
1686190353.176139,314
1686190353.1891522,314
1686190353.2051497,314
1686190353.217255,313
1686190353.2333374,312
1686190353.2463472,311
1686190353.258735,312
1686190353.2753193,313
1686190353.2873461,312
1686190353.2990043,311
1686190353.3160203,310
1686190353.3284905,311
1686190353.3404686,311
1686190353.3571796,312
1686190353.3688803,312
1686190353.3854828,311
1686190353.3982663,310
1686190353.4104958,311
1686190353.426818,312
1686190353.43893,313
1686190353.4514287,312
1686190353.4675632,312
1686190353.4793339,312
1686190353.4920511,313
1686190353.5090845,314
1686190353.5202935,314
1686190353.533214,313
1686190353.5495265,312
1686190353.5617719,312
1686190353.5781496,313
1686190353.590537,314
1686190353.603061,313
1686190353.6195552,312
1686190353.6311831,312
1686190353.643886,311
1686190353.6603382,312
1686190353.6721938,313
1686190353.685059,312
1686190353.7008343,312
1686190353.7128348,311
1686190353.7296784,312
1686190353.742722,313
1686190353.7543206,313
1686190353.7710328,312
1686190353.7823434,312
1686190353.7954807,312
1686190353.8111563,313
1686190353.8234942,314
1686190353.8364148,314
1686190353.8524065,313
1686190353.864639,313
1686190353.8774993,313
1686190353.8937354,314
1686190353.9062757,315
1686190353.9223752,315
1686190353.934339,314
1686190353.947056,313
1686190353.9633312,314
1686190353.9761367,315
1686190353.9881966,315
1686190354.0039413,315
1686190354.0168266,314
1686190354.029165,314
1686190354.0454125,315
1686190354.0574996,317
1686190354.074134,317
1686190354.085723,317
1686190354.0987072,316
1686190354.1151104,316
1686190354.126581,317
1686190354.1394033,318
1686190354.1560025,318
1686190354.1674874,317
1686190354.1804998,316
1686190354.1968699,317
1686190354.2085779,317
1686190354.2249794,318
1686190354.2370124,317
1686190354.2502632,316
1686190354.2663941,315
1686190354.2787352,315
1686190354.2909062,316
1686190354.3069425,316
1686190354.3203723,315
1686190354.3312886,314
1686190354.3481278,314
1686190354.360626,314
1686190354.3727124,315
1686190354.3891118,315
1686190354.401596,314
1686190354.4175115,313
1686190354.4298742,313
1686190354.4427655,314
1686190354.4587069,315
1686190354.470699,314
1686190354.4834738,314
1686190354.4992676,313
1686190354.5119421,314
1686190354.5241642,314
1686190354.541068,315
1686190354.5532694,315
1686190354.5688198,314
1686190354.5818577,314
1686190354.5934587,314
1686190354.609948,315
1686190354.6224124,316
1686190354.634328,315
1686190354.6514528,314
1686190354.6637554,314
1686190354.6759503,314
1686190354.691993,315
1686190354.7046409,315
1686190354.721077,315
1686190354.7333326,314
1686190354.7452636,314
1686190354.7622507,315
1686190354.773804,316
1686190354.7866387,316
1686190354.803044,315
1686190354.8152742,315
1686190354.8277097,316
1686190354.8432732,316
1686190354.8561637,317
1686190354.868397,317
1686190354.8841538,316
1686190354.8971534,316
1686190354.9135618,316
1686190354.9251812,318
1686190354.9381428,318
1686190354.9541972,317
1686190354.9661584,317
1686190354.9791374,317
1686190354.99519,317
1686190355.007193,318
1686190355.019554,318
1686190355.035476,318
1686190355.0485477,318
1686190355.0647287,318
1686190355.07669,319
1686190355.089689,320
1686190355.1057932,319
1686190355.118096,319
1686190355.1306565,318
1686190355.146989,319
1686190355.1593568,320
1686190355.1716783,321
1686190355.1882863,321
1686190355.2001095,320
1686190355.2128966,320
1686190355.2284803,320
1686190355.2419145,321
1686190355.2575483,322
1686190355.2692332,321
1686190355.282357,321
1686190355.2977805,321
1686190355.3103828,322
1686190355.3224459,323
1686190355.3392,324
1686190355.3518372,323
1686190355.363831,322
1686190355.3798926,323
1686190355.392841,324
1686190355.4089072,325
1686190355.4209032,325
1686190355.4338458,325
1686190355.449758,325
1686190355.4618056,325
1686190355.4748046,325
1686190355.4907932,326
1686190355.5031822,326
1686190355.5157967,325
1686190355.531793,325
1686190355.5443072,325
1686190355.559827,325
1686190355.5727918,326
1686190355.5848448,325
1686190355.6018088,324
1686190355.6136074,324
1686190355.6256766,325
1686190355.642701,326
1686190355.6546037,326
1686190355.6666038,325
1686190355.682606,324
1686190355.695605,324
1686190355.7076657,325
1686190355.723666,326
1686190355.7366507,325
1686190355.7527618,324
1686190355.7647429,324
1686190355.7776465,324
1686190355.7939565,325
1686190355.8067124,325
1686190355.8186436,324
1686190355.8346565,323
1686190355.8472815,323
1686190355.8596292,323
1686190355.876017,324
1686190355.8884711,324
1686190355.904619,323
1686190355.9167666,322
1686190355.9297097,322
1686190355.945779,323
1686190355.9575408,323
1686190355.9702065,323
1686190355.9865324,322
1686190355.9982262,322
1686190356.0112057,322
1686190356.0272384,322
1686190356.0395446,323
1686190356.0522382,323
1686190356.0685265,322
1686190356.0802026,321
1686190356.0972075,320
1686190356.1092455,321
1686190356.1219006,321
1686190356.1382356,321
1686190356.150147,320
1686190356.1628,319
1686190356.178834,320
1686190356.190906,321
1686190356.2038093,321
1686190356.2200813,320
1686190356.2318053,320
1686190356.2483141,319
1686190356.2603393,320
1686190356.2734475,320
1686190356.289332,321
1686190356.3023984,320
1686190356.3143466,318
1686190356.330378,318
1686190356.3424077,319
1686190356.355118,319
1686190356.3711157,319
1686190356.3841267,319
1686190356.3961082,317
1686190356.4123,317
1686190356.4243832,318
1686190356.4412997,318
1686190356.4533558,318
1686190356.4655101,318
1686190356.4814472,319
1686190356.4944935,320
1686190356.5064301,322
1686190356.5225582,323
1686190356.5354319,324
1686190356.547862,324
1686190356.5635679,326
1686190356.5764928,327
1686190356.592809,329
1686190356.6055076,330
1686190356.6175046,331
1686190356.633487,330
1686190356.6455164,331
1686190356.6584945,333
1686190356.6744256,334
1686190356.686746,334
1686190356.699424,333
1686190356.7154272,333
1686190356.7284214,334
1686190356.7437437,336
1686190356.756951,338
1686190356.7689452,338
1686190356.785261,337
1686190356.7970169,338
1686190356.8100104,339
1686190356.8259923,340
1686190356.8379364,340
1686190356.8510785,339
1686190356.8669262,337
1686190356.8796203,337
1686190356.8917482,337
1686190356.9078636,337
1686190356.9205623,337
1686190356.9364953,335
1686190356.9493606,334
1686190356.960956,332
1686190356.9779177,332
1686190356.9900742,331
1686190357.0018888,328
1686190357.0190094,324
1686190357.0312471,320
1686190357.0435724,316
1686190357.0598443,313
1686190357.0725324,310
1686190357.0885122,306
1686190357.1005077,302
1686190357.1125715,300
1686190357.1295633,299
1686190357.1415858,299
1686190357.1538074,298
1686190357.1701398,297
1686190357.1828241,296
1686190357.1948555,295
1686190357.210809,296
1686190357.2238052,296
1686190357.2398114,295
1686190357.2521818,294
1686190357.2648654,293
1686190357.2809765,293
1686190357.2928889,294
1686190357.304935,294
1686190357.3218646,294
1686190357.3341932,293
1686190357.3468764,294
1686190357.3628724,296
1686190357.3748672,297
1686190357.387057,299
1686190357.4041827,299
1686190357.4159815,300
1686190357.4316416,301
1686190357.4443676,301
1686190357.4570823,302
1686190357.4730792,303
1686190357.4854274,302
1686190357.4980829,304
1686190357.5140827,310
1686190357.5260866,322
1686190357.539091,338
1686190357.5553784,356
1686190357.5674138,373
1686190357.5840855,387
1686190357.5960813,399
1686190357.6084077,409
1686190357.6251538,414
1686190357.637082,416
1686190357.6490853,414
1686190357.665353,411
1686190357.678409,407
1686190357.6903975,402
1686190357.7063956,396
1686190357.7193985,389
1686190357.7313943,382
1686190357.7474606,376
1686190357.7597375,370
1686190357.7765195,365
1686190357.7885048,359
1686190357.8004298,352
1686190357.8174334,345
1686190357.829424,337
1686190357.8414266,330
1686190357.8584282,320
1686190357.8704286,307
1686190357.882488,294
1686190357.8994389,281
1686190357.9115448,270
1686190357.9278107,260
1686190357.9404283,254
1686190357.9524338,248
1686190357.9689553,244
1686190357.9809985,242
1686190357.993949,242
1686190358.0100262,244
1686190358.0219724,246
1686190358.0340226,248
1686190358.0509686,250
1686190358.0632691,253
1686190358.078974,258
1686190358.0922756,262
1686190358.1041358,265
1686190358.1203494,268
1686190358.1330028,271
1686190358.1449687,274
1686190358.1610425,278
1686190358.1740406,282
1686190358.1859677,284
1686190358.2019827,286
1686190358.215046,288
1686190358.226976,291
1686190358.2432864,294
1686190358.2553573,296
1686190358.2713323,298
1686190358.284406,299
1686190358.296396,300
1686190358.3123875,302
1686190358.3253622,305
1686190358.3373125,306
1686190358.353646,307
1686190358.3663232,308
1686190358.378312,309
1686190358.3952746,310
1686190358.4071977,313
1686190358.4231868,313
1686190358.4358766,313
1686190358.4481175,314
1686190358.4647605,315
1686190358.4770732,316
1686190358.4890726,318
1686190358.505744,318
1686190358.517831,318
1686190358.5299842,318
1686190358.5459318,318
1686190358.5584207,319
1686190358.5711627,320
1686190358.5871785,320
1686190358.5998209,319
1686190358.6161299,319
1686190358.6282752,320
1686190358.6401286,321
1686190358.6571314,321
1686190358.6691291,321
1686190358.6813183,320
1686190358.6982005,319
1686190358.7101312,320
1686190358.7224092,321
1686190358.739136,321
1686190358.7513835,320
1686190358.767456,319
1686190358.780191,320
1686190358.7921317,320
1686190358.808403,321
1686190358.8211477,321
1686190358.8332262,320
1686190358.8493974,320
1686190358.86208,320
1686190358.8740778,320
1686190358.8900805,321
1686190358.9030838,320
1686190358.9150982,320
1686190358.9314268,319
1686190358.9434173,320
1686190358.960324,321
1686190358.9722037,321
1686190358.9852114,321
1686190359.0006783,320
1686190359.013551,319
1686190359.0260527,320
1686190359.0419087,320
1686190359.054542,320
1686190359.0664518,319
1686190359.0839844,318
1686190359.0951052,318
1686190359.1109822,319
1686190359.1239777,320
1686190359.1364627,319
1686190359.1524253,319
1686190359.1647534,318
1686190359.1774762,318
1686190359.1936028,319
1686190359.2054756,320
1686190359.2184825,319
1686190359.234542,318
1686190359.2464762,318
1686190359.2634776,319
1686190359.2755697,320
1686190359.2876756,320
1686190359.3044708,319
1686190359.3165712,318
1686190359.328787,319
1686190359.3455086,319
1686190359.3575122,320
1686190359.3694987,320
1686190359.3858256,319
1686190359.3985102,318
1686190359.4104965,318
1686190359.4268842,319
1686190359.4395144,320
1686190359.4558268,320
1686190359.467508,319
1686190359.4805105,319
1686190359.4968362,319
1686190359.5088089,320
1686190359.5214994,321
1686190359.5377803,320
1686190359.549892,319
1686190359.562677,319
1686190359.5788937,320
1686190359.591017,321
1686190359.607162,321
1686190359.619839,320
1686190359.6318362,320
1686190359.6483548,319
1686190359.660912,320
1686190359.6728458,320
1686190359.6888406,320
1686190359.7008295,319
1686190359.7139022,319
1686190359.7298326,319
1686190359.742151,320
1686190359.7548356,320
1686190359.771248,319
1686190359.783473,319
1686190359.799571,318
1686190359.8122435,318
1686190359.824472,319
1686190359.8402426,319
1686190359.8532429,318
1686190359.8652403,317
1686190359.881564,317
1686190359.8942835,318
1686190359.9062703,319
1686190359.922396,319
1686190359.9354572,318
1686190359.9514306,317
1686190359.9636765,317
1686190359.975502,318
1686190359.9924533,318
1686190360.0046937,318
1686190360.016761,317
1686190360.0334373,316
1686190360.0449357,316
1686190360.0580213,317
1686190360.0744486,318
1686190360.0864923,318
1686190360.1024423,317
1686190360.1148088,317
1686190360.1274548,317
1686190360.1441765,318
1686190360.1564405,319
1686190360.168671,318
1686190360.1846294,317
1686190360.1966279,317
1686190360.2086267,317
1686190360.2255716,318
1686190360.2378955,319
1686190360.2505836,318
1686190360.26682,318
1686190360.2785761,318
1686190360.2955766,319
1686190360.3075702,319
1686190360.3198948,319
1686190360.3365784,318
1686190360.3485708,318
1686190360.3608315,318
1686190360.3768694,319
1686190360.3898692,320
1686190360.4018705,320
1686190360.4179287,319
1686190360.4299319,318
1686190360.4468715,319
1686190360.459395,319
1686190360.4713829,320
1686190360.4876695,319
1686190360.5004487,319
1686190360.5123832,318
1686190360.5283916,319
1686190360.541386,320
1686190360.5535135,320
1686190360.5698154,319
1686190360.5823908,318
1686190360.5983593,318
1686190360.6110394,319
1686190360.6232362,319
1686190360.6394975,319
1686190360.6512327,318
1686190360.6634314,317
1686190360.6804404,317
1686190360.6924365,318
1686190360.704445,319
1686190360.7214403,318
1686190360.733429,317
1686190360.7458043,317
1686190360.7621052,317
1686190360.774785,318
1686190360.790284,318
1686190360.8032877,318
1686190360.8156114,318
1686190360.831524,317
1686190360.844424,318
1686190360.8566687,319
1686190360.8732252,319
1686190360.8855178,318
1686190360.8971434,317
1686190360.914219,317
1686190360.9264178,318
1686190360.9424877,319
1686190360.9548428,319
1686190360.9670281,318
1686190360.983702,318
1686190360.9955523,318
1686190361.0079093,319
1686190361.0239074,320
1686190361.037079,319
1686190361.0496583,319
1686190361.065538,318
1686190361.0772202,319
1686190361.0903466,320
1686190361.10656,320
1686190361.118636,319
1686190361.1352234,318
1686190361.1474102,318
1686190361.1594713,319
1686190361.1760643,319
1686190361.1883335,320
1686190361.2008123,319
1686190361.2164652,318
1686190361.2294555,318
1686190361.2414544,319
1686190361.2575269,320
1686190361.2698078,320
1686190361.2864556,319
1686190361.2985034,318
1686190361.3104618,318
1686190361.3274503,319
1686190361.3394644,319
1686190361.3514535,318
1686190361.3684494,317
1686190361.3804467,317
1686190361.3924458,317
1686190361.4096255,318
1686190361.4215174,319
1686190361.437513,318
1686190361.450352,317
1686190361.4625027,317
1686190361.478958,317
1686190361.49186,318
1686190361.5031116,318
1686190361.520103,317
1686190361.5321991,317
1686190361.543905,317
1686190361.5608032,318
1686190361.5728414,318
1686190361.5859277,318
1686190361.6022198,317
1686190361.614234,317
1686190361.6304042,317
1686190361.6425416,317
1686190361.6554801,318
1686190361.6718056,317
1686190361.6840415,316
1686190361.6961596,315
1686190361.712439,315
1686190361.7252672,316
1686190361.7373195,316
1686190361.7533088,315
1686190361.7661667,315
1686190361.7819326,317
1686190361.794446,321
1686190361.8068635,328
1686190361.823291,334
1686190361.8353066,340
1686190361.8481486,346
1686190361.8639941,350
1686190361.8761232,354
1686190361.8887422,354
1686190361.9043448,350
1686190361.9173791,342
1686190361.9294202,334
1686190361.94713,327
1686190361.9584777,321
1686190361.9740894,316
1686190361.987405,312
1686190361.9989514,308
1686190362.0151007,306
1686190362.0274596,305
1686190362.040866,306
1686190362.0564027,306
1686190362.0691109,305
1686190362.081372,304
1686190362.0973275,304
1686190362.1098843,306
1686190362.1258693,307
1686190362.1386113,308
1686190362.1509535,308
1686190362.1672535,308
1686190362.1793852,309
1686190362.1918359,311
1686190362.2084005,312
1686190362.220584,313
1686190362.2330902,312
1686190362.2488346,312
1686190362.260835,313
1686190362.277465,314
1686190362.2895217,315
1686190362.30248,315
1686190362.3181076,314
1686190362.3314462,313
1686190362.343616,314
1686190362.3593562,315
1686190362.3714523,316
1686190362.3842444,315
1686190362.4011343,314
1686190362.4133124,314
1686190362.425482,315
1686190362.4411335,316
1686190362.454324,315
1686190362.4704561,315
1686190362.48228,314
1686190362.4951744,314
1686190362.5117364,315
1686190362.5236752,316
1686190362.5356233,316
1686190362.552409,315
1686190362.5643451,314
1686190362.5769165,315
1686190362.593602,316
1686190362.6055415,316
1686190362.62194,315
1686190362.6342332,314
1686190362.6465187,314
1686190362.6627371,314
1686190362.6748526,315
1686190362.6874964,315
1686190362.7041702,314
1686190362.7162454,313
1686190362.7284427,313
1686190362.744834,313
1686190362.7570822,314
1686190362.7691236,313
1686190362.7852387,312
1686190362.7977262,310
1686190362.8140967,310
1686190362.826749,310
1686190362.8389826,310
1686190362.8550646,309
1686190362.867499,308
1686190362.8792999,308
1686190362.8963888,307
1686190362.908959,308
1686190362.9211533,308
1686190362.937296,306
1686190362.9488225,305
1686190362.966898,305
1686190362.9782603,305
1686190362.9906542,306
1686190363.0069993,306
1686190363.018979,306
1686190363.0317242,305
1686190363.047894,305
1686190363.0601866,306
1686190363.0725524,307
1686190363.0888295,306
1686190363.1014771,306
1686190363.117294,305
1686190363.1300845,306
1686190363.1419735,307
1686190363.1579738,308
1686190363.1708016,307
1686190363.1829648,307
1686190363.1995413,307
1686190363.2117453,308
1686190363.2240667,309
1686190363.2401738,310
1686190363.2524788,310
1686190363.264975,309
1686190363.2814088,309
1686190363.2933505,310
1686190363.3093386,312
1686190363.322346,312
1686190363.3343484,312
1686190363.3509884,312
1686190363.3633354,313
1686190363.3754795,315
1686190363.3913193,317
1686190363.4043272,319
1686190363.416654,319
1686190363.4330378,320
1686190363.4453878,322
1686190363.4616804,325
1686190363.4738805,327
1686190363.4858937,328
1686190363.5020278,328
1686190363.513971,330
1686190363.527104,332
1686190363.5434334,335
1686190363.555664,336
1686190363.5677595,337
1686190363.5843716,338
1686190363.5968785,339
1686190363.608836,340
1686190363.6250103,342
1686190363.6377585,343
1686190363.6539743,343
1686190363.666483,343
1686190363.6783519,343
1686190363.6952982,344
1686190363.707417,345
1686190363.7196765,345
1686190363.7365527,343
1686190363.7484686,343
1686190363.7605493,342
1686190363.776912,342
1686190363.7892344,342
1686190363.8052363,341
1686190363.81824,340
1686190363.829762,338
1686190363.846712,338
1686190363.8586962,338
1686190363.871424,337
1686190363.8871958,336
1686190363.899364,336
1686190363.9117174,335
1686190363.9285161,335
1686190363.9402962,336
1686190363.9571865,336
1686190363.969113,336
1686190363.98097,335
1686190363.9974248,335
1686190364.0103028,335
1686190364.0227532,336
1686190364.039212,335
1686190364.0512018,334
1686190364.063643,334
1686190364.0793078,335
1686190364.0923514,335
1686190364.1046715,336
1686190364.120653,335
1686190364.1333613,335
1686190364.1498346,335
1686190364.1622372,335
1686190364.1744642,336
1686190364.1901214,336
1686190364.2028217,334
1686190364.2153375,332
1686190364.2317739,330
1686190364.2441003,330
1686190364.256143,329
1686190364.2725587,329
1686190364.28517,327
1686190364.3006804,325
1686190364.3136015,324
1686190364.3250656,324
1686190364.3424106,324
1686190364.3544116,323
1686190364.3664384,321
1686190364.383472,319
1686190364.395529,319
1686190364.4079394,320
1686190364.4243603,320
1686190364.436409,319
1686190364.4488015,318
1686190364.4651334,317
1686190364.4768646,317
1686190364.493724,317
1686190364.5060012,317
1686190364.5184882,316
1686190364.5343919,315
1686190364.5463877,314
1686190364.5591393,315
1686190364.576148,316
1686190364.5880735,316
1686190364.6001189,315
1686190364.6166582,314
1686190364.6288686,314
1686190364.645206,315
1686190364.657347,316
1686190364.6691177,315
1686190364.6859612,314
1686190364.6984632,314
1686190364.7110617,313
1686190364.7264404,313
1686190364.7390873,314
1686190364.7520194,313
1686190364.7683756,312
1686190364.7804308,312
1686190364.7967052,311
1686190364.8086216,312
1686190364.8216097,313
1686190364.8381073,312
1686190364.8503926,311
1686190364.861844,310
1686190364.8788795,311
1686190364.8910422,312
1686190364.903467,312
1686190364.9193652,311
1686190364.932139,311
1686190364.9444656,311
1686190364.9603128,311
1686190364.97238,313
1686190364.9890132,313
1686190365.0019681,312
1686190365.0139568,312
1686190365.0301342,312
1686190365.0421505,312
1686190365.0543013,313
1686190365.0714428,312
1686190365.083637,312
1686190365.09578,311
1686190365.1120613,312
1686190365.1244678,314
1686190365.1409345,314
1686190365.1528459,314
1686190365.1648595,314
1686190365.1811903,314
1686190365.194369,315
1686190365.2059617,316
1686190365.222457,316
1686190365.2347498,315
1686190365.2470357,314
1686190365.2637837,314
1686190365.2754762,315
1686190365.288343,315
1686190365.3044114,315
1686190365.3164067,314
1686190365.3329995,314
1686190365.345495,313
1686190365.3574493,314
1686190365.374082,314
1686190365.386801,313
1686190365.3990917,311
1686190365.4154153,311
1686190365.4275968,311
1686190365.4396653,311
1686190365.4563503,311
1686190365.4687397,309
1686190365.484132,308
1686190365.4973676,307
1686190365.5089943,307
1686190365.5259938,307
1686190365.5384672,308
1686190365.5503721,307
1686190365.5668287,306
1686190365.5789812,306
1686190365.5909295,307
1686190365.60737,307
1686190365.6197677,307
1686190365.6364155,307
1686190365.6490116,307
1686190365.6605642,308
1686190365.6773045,309
1686190365.6905189,311
1686190365.7023447,311
1686190365.7182274,310
1686190365.730232,311
1686190365.7427065,312
1686190365.7593093,314
1686190365.7716663,315
1686190365.7843132,314
1686190365.8001397,314
1686190365.8130226,315
1686190365.8292277,316
1686190365.841379,318
1686190365.8534732,318
1686190365.8702536,317
1686190365.8823543,317
1686190365.8947122,318
1686190365.9102206,319
1686190365.9232812,321
1686190365.9354298,321
1686190365.9515026,321
1686190365.963655,321
1686190365.9805253,322
1686190365.9928157,323
1686190366.0050783,324
1686190366.0214355,323
1686190366.0334926,323
1686190366.0463848,322
1686190366.062102,322
1686190366.0740244,323
1686190366.0870214,324
1686190366.1034412,323
1686190366.1154006,323
1686190366.1314304,322
1686190366.144369,324
1686190366.156805,324
1686190366.173256,325
1686190366.1855967,324
1686190366.197567,324
1686190366.2137754,325
1686190366.2263424,325
1686190366.2387037,326
1686190366.2553065,325
1686190366.2667809,324
1686190366.278712,323
1686190366.296226,323
1686190366.3083584,324
1686190366.3241231,324
1686190366.3361843,322
1686190366.3493884,321
1686190366.3653731,321
1686190366.3775773,321
1686190366.3904433,322
1686190366.4064274,323
1686190366.418446,322
1686190366.4313302,321
1686190366.44744,322
1686190366.4594479,322
1686190366.475438,322
1686190366.4889612,322
1686190366.500581,321
1686190366.5166366,320
1686190366.5294855,320
1686190366.5410666,321
1686190366.5580678,321
1686190366.5702915,320
1686190366.582695,319
1686190366.599046,318
1686190366.6111033,319
1686190366.6237824,319
1686190366.6399508,319
1686190366.6516418,318
1686190366.6686077,317
1686190366.6807373,316
1686190366.6934373,317
1686190366.7094266,317
1686190366.7222035,318
1686190366.734846,317
1686190366.750241,316
1686190366.7623243,316
1686190366.7745762,316
1686190366.7910182,316
1686190366.803612,315
1686190366.8200774,314
1686190366.8332229,313
1686190366.8444517,313
1686190366.8614159,314
1686190366.8733523,314
1686190366.8858685,314
1686190366.9021306,313
1686190366.914291,313
1686190366.9264324,313
1686190366.9433498,314
1686190366.955473,314
1686190366.967468,313
1686190366.983492,312
1686190366.9964728,312
1686190367.0126145,313
1686190367.0245326,314
1686190367.0365224,314
1686190367.053524,313
1686190367.0665267,313
1686190367.0778966,313
1686190367.094646,314
1686190367.1065836,315
1686190367.1189365,315
1686190367.1355743,314
1686190367.1476538,314
1686190367.1636643,314
1686190367.1766455,315
1686190367.18844,315
1686190367.205184,315
1686190367.2174213,314
1686190367.229179,313
1686190367.2461104,314
1686190367.2581878,314
1686190367.2701113,315
1686190367.287183,313
1686190367.2993233,313
1686190367.3154433,312
1686190367.3281176,313
1686190367.3401332,314
1686190367.3561862,314
1686190367.3691163,313
1686190367.3811133,312
1686190367.3971279,311
1686190367.4101746,312
1686190367.4223447,313
1686190367.4384239,313
1686190367.4509249,312
1686190367.4634895,311
1686190367.4795783,311
1686190367.491804,312
1686190367.507807,312
1686190367.5208094,312
1686190367.5331304,311
1686190367.548806,310
1686190367.5618653,311
1686190367.5738099,311
1686190367.5898101,311
1686190367.602135,311
1686190367.6149006,311
1686190367.6311867,311
1686190367.6430967,311
1686190367.659651,312
1686190367.6719656,312
1686190367.6846557,311
1686190367.7007256,310
1686190367.712723,311
1686190367.7256534,311
1686190367.7419713,312
1686190367.7536447,313
1686190367.7659707,313
1686190367.7826412,312
1686190367.7950475,312
1686190367.8070505,314
1686190367.8230896,314
1686190367.8360338,314
1686190367.8523335,314
1686190367.864353,314
1686190367.8770914,315
1686190367.8935947,317
1686190367.9055197,318
1686190367.917589,319
1686190367.9343216,319
1686190367.9464753,321
1686190367.9586942,323
1686190367.9753509,326
1686190367.9876373,328
1686190368.0036519,329
1686190368.0157201,330
1686190368.0286415,331
1686190368.0447357,333
1686190368.0570035,335
1686190368.0696445,335
1686190368.0857673,336
1686190368.0973265,335
1686190368.1103156,336
1686190368.1263914,337
1686190368.1393206,338
1686190368.1543183,339
1686190368.167371,339
1686190368.179313,339
1686190368.1963134,341
1686190368.208313,343
1686190368.2203622,344
1686190368.2373207,344
1686190368.2493887,342
1686190368.261384,340
1686190368.2783093,338
1686190368.2895336,336
1686190368.3026838,333
1686190368.3191018,329
1686190368.3311043,324
1686190368.3479888,320
1686190368.3601613,318
1686190368.372058,316
1686190368.389066,314
1686190368.4012156,310
1686190368.4129891,307
1686190368.4299984,304
1686190368.4421268,302
1686190368.4543095,300
1686190368.4709947,299
1686190368.482989,296
1686190368.4993696,295
1686190368.5119936,296
1686190368.5239959,297
1686190368.5399904,299
1686190368.55205,299
1686190368.564996,299
1686190368.5809252,300
1686190368.5936558,302
1686190368.6055415,303
1686190368.622587,304
1686190368.6345782,303
1686190368.6469183,302
1686190368.6625738,301
1686190368.6755981,301
1686190368.6918335,301
1686190368.7045822,301
1686190368.7165916,301
1686190368.732863,301
1686190368.745538,301
1686190368.757552,303
1686190368.773601,304
1686190368.7858949,304
1686190368.7986083,304
1686190368.8143535,303
1686190368.8273425,304
1686190368.843457,305
1686190368.855398,307
1686190368.8683977,311
1686190368.8844693,318
1686190368.8963444,332
1686190368.9085996,351
1686190368.9256277,369
1686190368.937699,382
1686190368.949971,393
1686190368.966629,400
1686190368.978633,405
1686190368.9949708,408
1686190369.007629,408
1686190369.0191567,406
1686190369.0361164,399
1686190369.0480993,391
1686190369.0604134,381
1686190369.0771096,369
1686190369.089945,356
1686190369.1011004,339
1686190369.1180737,322
1686190369.1301496,306
1686190369.142139,293
1686190369.159067,281
1686190369.1711357,273
1686190369.1871233,265
1686190369.200067,260
1686190369.2121375,257
1686190369.2281375,257
1686190369.240069,258
1686190369.2531388,259
1686190369.2698698,261
1686190369.282071,263
1686190369.294137,265
1686190369.3103347,269
1686190369.3231122,273
1686190369.3385227,276
1686190369.3513932,278
1686190369.3630075,280
1686190369.3800054,283
1686190369.3923569,286
1686190369.404097,290
1686190369.4210105,292
1686190369.4331558,293
1686190369.4457097,295
1686190369.4622245,297
1686190369.4743996,300
1686190369.4862988,302
1686190369.5022774,303
1686190369.5147026,304
1686190369.531378,306
1686190369.5440571,308
1686190369.5561745,310
1686190369.5727384,311
1686190369.5850515,311
1686190369.5970497,312
1686190369.6133275,312
1686190369.6260548,314
1686190369.6380513,315
1686190369.6541278,316
1686190369.6670723,315
1686190369.683051,315
1686190369.6953647,316
1686190369.7076457,317
1686190369.723799,318
1686190369.736729,318
1686190369.7487981,317
1686190369.7652473,317
1686190369.7770011,317
1686190369.7897294,319
1686190369.8057897,319
1686190369.8180442,319
1686190369.833739,318
1686190369.8467245,318
1686190369.8591099,319
1686190369.8757253,319
1686190369.887729,319
1686190369.90005,319
1686190369.9167285,318
1686190369.9288628,317
1686190369.9410293,318
1686190369.9577465,318
1686190369.969795,318
1686190369.9817245,317
1686190369.9987285,316
1686190370.0107265,316
1686190370.027159,316
1686190370.0392406,317
1686190370.051494,316
1686190370.06816,315
1686190370.0801592,314
1686190370.0924573,314
1686190370.1092305,314
1686190370.121156,314
1686190370.1339474,313
1686190370.1502388,312
1686190370.1621838,311
1686190370.178163,311
1686190370.1912348,312
1686190370.2032359,312
1686190370.219215,311
1686190370.2321587,310
1686190370.2442458,309
1686190370.26064,309
1686190370.2727132,310
1686190370.2851574,309
1686190370.3013,308
1686190370.3140981,307
1686190370.3302476,307
1686190370.3420959,308
1686190370.3551025,308
1686190370.371147,308
1686190370.3833423,306
1686190370.3960156,306
1686190370.4120193,306
1686190370.42402,306
1686190370.4370158,307
1686190370.453345,306
1686190370.465026,305
1686190370.4780152,305
1686190370.4940968,305
1686190370.5060115,306
1686190370.52301,306
1686190370.5350099,306
1686190370.5470965,305
1686190370.564015,305
1686190370.5760334,306
1686190370.5880222,307
1686190370.6050205,308
1686190370.6170833,307
1686190370.6290126,307
1686190370.6456122,307
1686190370.6580155,309
1686190370.6742578,310
1686190370.687015,311
1686190370.6990163,311
1686190370.7150226,311
1686190370.7273586,312
1686190370.7400973,314
1686190370.7560134,315
1686190370.7680132,315
1686190370.7810135,315
1686190370.797331,316
1686190370.8093235,317
1686190370.821268,319
1686190370.83841,320
1686190370.850334,320
1686190370.8663163,320
1686190370.8792741,321
1686190370.8913503,322
1686190370.9079208,324
1686190370.9199584,324
1686190370.9329185,324
1686190370.9489183,324
1686190370.9609928,324
1686190370.973394,325
1686190370.9890244,326
1686190371.0020306,327
1686190371.0179548,326
1686190371.030956,326
1686190371.0430274,327
1686190371.0590074,328
1686190371.07196,329
1686190371.0841837,329
1686190371.0999544,329
1686190371.1123183,329
1686190371.125021,329
1686190371.1414952,331
1686190371.153588,331
1686190371.1690483,330
1686190371.1823509,329
1686190371.19503,329
1686190371.211013,330
1686190371.2233407,331
1686190371.235074,331
1686190371.2520132,330
1686190371.2640843,329
1686190371.2763605,330
1686190371.293014,331
1686190371.3050082,332
1686190371.3170137,332
1686190371.334265,331
1686190371.3462436,330
1686190371.3624113,330
1686190371.3745549,331
1686190371.3875504,332
1686190371.4032943,331
1686190371.4153008,331
1686190371.4282432,330
1686190371.4442399,331
1686190371.456557,331
1686190371.4683104,331
1686190371.4852445,331
1686190371.4975526,330
1686190371.5135634,330
1686190371.5262516,330
1686190371.538239,330
1686190371.5550742,330
1686190371.5669932,330
1686190371.579315,329
1686190371.596049,329
1686190371.6081378,329
1686190371.6202955,330
1686190371.637029,329
1686190371.648722,328
1686190371.6616678,328
1686190371.6779685,327
1686190371.6897194,328
1686190371.706666,328
1686190371.7186787,327
1686190371.7306697,326
1686190371.7473652,326
1686190371.759426,326
1686190371.772304,326
1686190371.7886055,326
1686190371.8004274,325
1686190371.813108,324
1686190371.8294523,323
1686190371.841409,324
1686190371.857408,324
1686190371.8704617,324
1686190371.8823917,323
1686190371.8994727,323
1686190371.911658,322
1686190371.9236555,323
1686190371.939844,323
1686190371.9515798,323
1686190371.9645784,322
1686190371.9805765,321
1686190371.9925828,322
1686190372.00857,322
1686190372.0216243,323
1686190372.0337183,322
1686190372.0505738,321
1686190372.062631,321
1686190372.0746415,321
1686190372.091571,321
1686190372.1045814,322
1686190372.1163466,321
1686190372.1321807,320
1686190372.1448648,320
1686190372.1570828,320
1686190372.1733696,321
1686190372.1856744,321
1686190372.201864,320
1686190372.2143703,320
1686190372.2261636,320
1686190372.2432811,320
1686190372.2554686,321
1686190372.2675972,321
1686190372.2838292,320
1686190372.2958293,320
1686190372.308822,320
1686190372.3251162,321
1686190372.3371131,321
1686190372.3536215,320
1686190372.3662999,320
1686190372.377576,319
1686190372.3941984,320
1686190372.407131,320
1686190372.4191694,320
1686190372.435585,320
1686190372.4480848,319
1686190372.4601338,318
1686190372.476809,319
1686190372.4885306,320
1686190372.5011961,319
1686190372.5173633,318
1686190372.5290194,318
1686190372.5463269,318
1686190372.5588083,318
1686190372.570663,319
1686190372.5873537,319
1686190372.5994227,318
1686190372.6119366,318
1686190372.6283517,318
1686190372.6403875,318
1686190372.6524181,319
1686190372.6687205,318
1686190372.6814106,317
1686190372.6970425,316
1686190372.7097948,317
1686190372.7224398,318
1686190372.7388535,318
1686190372.7508533,317
1686190372.7633336,316
1686190372.7797112,317
1686190372.7912498,317
1686190372.8043964,318
1686190372.8208787,318
1686190372.8324962,318
1686190372.8484957,317
1686190372.8615005,317
1686190372.8735225,318
1686190372.889545,319
1686190372.9024942,318
1686190372.9144988,318
1686190372.9308946,317
1686190372.9429557,318
1686190372.9549558,319
1686190372.9718914,319
1686190372.983953,319
1686190372.9968994,318
1686190373.012894,318
1686190373.0250115,319
1686190373.0414305,319
1686190373.0543847,320
1686190373.0663466,319
1686190373.082691,318
1686190373.0947025,318
1686190373.1073093,319
1686190373.1240366,319
1686190373.1360488,319
1686190373.148319,318
1686190373.1642528,316
1686190373.176628,316
1686190373.1924143,316
1686190373.2054386,317
1686190373.217526,317
1686190373.2343261,316
1686190373.2464304,317
1686190373.2584991,319
1686190373.275446,323
1686190373.287742,330
1686190373.30008,337
1686190373.3158276,346
1686190373.3290873,355
1686190373.3401072,363
1686190373.357106,368
1686190373.369558,370
1686190373.3861303,368
1686190373.3980951,362
1686190373.4104033,354
1686190373.4264934,343
1686190373.4391356,333
1686190373.451457,323
1686190373.467766,314
1686190373.4803448,307
1686190373.492479,302
1686190373.5087821,299
1686190373.520508,298
1686190373.5364234,296
1686190373.549387,295
1686190373.5618017,294
1686190373.5784192,295
1686190373.590711,296
1686190373.602141,298
1686190373.6194713,298
1686190373.631547,299
1686190373.6433618,300
1686190373.6604662,301
1686190373.672531,303
1686190373.6881962,305
1686190373.7008939,305
1686190373.7128477,305
1686190373.7295787,306
1686190373.7422104,308
1686190373.7549562,309
1686190373.7711391,309
1686190373.78304,309
1686190373.7954571,309
1686190373.8114862,310
1686190373.823845,311
1686190373.8364887,312
1686190373.852482,312
1686190373.8649304,311
1686190373.88127,311
1686190373.8932674,311
1686190373.9062316,312
1686190373.9225671,313
1686190373.9342124,313
1686190373.9469547,313
1686190373.9633937,313
1686190373.9753044,313
1686190373.9883168,314
1686190374.0044236,315
1686190374.0164216,315
1686190374.0332184,314
1686190374.045405,314
1686190374.057163,315
1686190374.0741866,316
1686190374.085815,316
1686190374.099034,315
1686190374.1144783,315
1686190374.1273255,315
1686190374.139476,316
1686190374.1558867,317
1686190374.1679313,317
1686190374.1804276,316
1686190374.1970909,316
1686190374.2086842,316
1686190374.225159,317
1686190374.2374687,317
1686190374.250105,317
1686190374.2662058,316
1686190374.2786562,316
1686190374.2912776,316
1686190374.3075898,317
1686190374.3195283,318
1686190374.3320808,317
1686190374.3484185,317
1686190374.3614106,317
1686190374.3773172,318
1686190374.389265,319
1686190374.4012754,319
1686190374.418325,318
1686190374.429655,318
1686190374.4428384,318
1686190374.459326,318
1686190374.471033,319
1686190374.4832532,319
1686190374.5001101,318
1686190374.5116842,317
1686190374.5244653,317
1686190374.5402987,318
1686190374.5532393,319
1686190374.5689805,318
1686190374.5818777,317
1686190374.5942316,316
1686190374.6105928,317
1686190374.62277,318
1686190374.6353414,318
1686190374.651428,317
1686190374.6640642,316
1686190374.6760886,316
1686190374.6918209,317
1686190374.704712,318
1686190374.7206569,318
1686190374.7333806,318
1686190374.7459404,317
1686190374.7622688,317
1686190374.7743764,318
1686190374.7863026,319
1686190374.8029964,319
1686190374.8152459,318
1686190374.8279998,318
1686190374.844231,318
1686190374.8562305,319
1686190374.8723147,319
1686190374.8848789,319
1686190374.897019,318
1686190374.9133275,317
1686190374.925755,318
1686190374.9381986,319
1686190374.9545481,319
1686190374.96654,318
1686190374.9793816,317
1686190374.995548,317
1686190375.007841,318
1686190375.0202107,319
1686190375.0365732,319
1686190375.0485451,318
1686190375.064531,317
1686190375.0765796,317
1686190375.0895448,318
1686190375.106312,318
1686190375.1183841,318
1686190375.1299598,317
1686190375.147251,317
1686190375.1594107,317
1686190375.1716864,318
1686190375.1882153,319
1686190375.2004404,318
1686190375.216031,317
1686190375.2290766,317
1686190375.240832,318
1686190375.2574613,318
1686190375.2703302,318
1686190375.2821789,318
1686190375.2986522,317
1686190375.310699,317
1686190375.3233833,318
1686190375.3393464,318
1686190375.3514018,318
1686190375.3634002,317
1686190375.3803835,317
1686190375.3922853,317
1686190375.409022,318
1686190375.4215887,319
1686190375.4336476,318
1686190375.4504392,318
1686190375.462391,317
1686190375.4747255,318
1686190375.4907875,318
1686190375.5030768,319
1686190375.5151103,318
1686190375.531844,318
1686190375.544408,318
1686190375.55982,318
1686190375.5732813,319
1686190375.5859172,319
1686190375.6014097,319
1686190375.614327,318
1686190375.6264129,318
1686190375.642695,319
1686190375.654739,319
1686190375.667437,319
1686190375.68344,319
1686190375.696086,319
1686190375.7111282,318
1686190375.724254,319
1686190375.7365382,320
1686190375.752581,320
1686190375.7655885,319
1686190375.7777228,319
1686190375.7944384,319
1686190375.8065338,320
1686190375.8185778,320
1686190375.8346453,320
1686190375.8471756,319
1686190375.859211,318
1686190375.8762078,319
1686190375.8878477,320
1686190375.9043584,320
1686190375.9163494,319
1686190375.9294558,318
1686190375.9459937,318
1686190375.9582865,319
1686190375.970334,319
1686190375.986187,319
1686190375.9993134,319
1686190376.0113966,318
1686190376.0275714,318
1686190376.0400753,319
1686190376.0554404,320
1686190376.069023,319
1686190376.0810723,318
1686190376.0971818,317
1686190376.1093578,317
1686190376.1220884,318
1686190376.1383262,318
1686190376.1504416,317
1686190376.162703,316
1686190376.1791692,316
1686190376.191361,316
1686190376.2074873,316
1686190376.2198265,317
1686190376.2318962,316
1686190376.2487996,314
1686190376.2611892,314
1686190376.2735908,315
1686190376.289447,315
1686190376.3016891,315
1686190376.3137465,313
1686190376.3307962,312
1686190376.342727,312
1686190376.355218,313
1686190376.3719873,313
1686190376.383715,313
1686190376.4001791,312
1686190376.4126544,311
1686190376.4249218,311
1686190376.4414303,312
1686190376.4533544,312
1686190376.4662266,312
1686190376.48224,311
1686190376.4945378,310
1686190376.5080135,311
1686190376.5230124,312
1686190376.5353684,313
1686190376.551491,312
1686190376.5640454,312
1686190376.5770454,312
1686190376.5924883,313
1686190376.6054134,314
1686190376.6173882,314
1686190376.6337316,313
1686190376.645774,312
1686190376.658465,313
1686190376.6747856,314
1686190376.6871772,315
1686190376.69884,315
1686190376.7152984,314
1686190376.727232,314
1686190376.7444646,314
1686190376.7575936,315
1686190376.768613,316
1686190376.7856238,316
1686190376.7971983,316
1686190376.809256,316
1686190376.8263998,316
1686190376.8386748,317
1686190376.8520515,318
1686190376.867089,318
1686190376.879324,318
1686190376.8953724,318
1686190376.9082694,319
1686190376.9204874,320
1686190376.9371376,320
1686190376.9491715,321
1686190376.9612107,320
1686190376.9782517,321
1686190376.9905005,322
1686190377.0020213,323
1686190377.0189655,323
1686190377.0313823,323
1686190377.0476177,324
1686190377.0591838,325
1686190377.072385,326
1686190377.0885034,327
1686190377.1007094,327
1686190377.113283,327
1686190377.1295128,328
1686190377.142052,329
1686190377.1540358,330
1686190377.170375,331
1686190377.182428,331
1686190377.1948397,331
1686190377.2114422,331
1686190377.223908,331
1686190377.239897,332
1686190377.25241,332
1686190377.2649932,331
1686190377.2807417,330
1686190377.2936413,330
1686190377.3055282,330
1686190377.3222024,331
1686190377.334173,330
1686190377.346362,328
1686190377.3629432,327
1686190377.3748057,327
1686190377.390818,327
1686190377.4036384,327
1686190377.4163852,326
1686190377.43242,325
1686190377.445035,324
1686190377.4569824,324
1686190377.4735825,325
1686190377.4856265,325
1686190377.4986637,324
1686190377.5142558,323
1686190377.526117,323
1686190377.539282,322
1686190377.5554347,323
1686190377.5672915,323
1686190377.5840933,321
1686190377.596298,320
1686190377.6084986,320
1686190377.625181,320
1686190377.6368012,321
1686190377.649681,320
1686190377.6663084,319
1686190377.678167,319
1686190377.6901019,319
1686190377.7072241,319
1686190377.719043,320
1686190377.7352977,319
1686190377.7477777,318
1686190377.7594807,317
1686190377.7764368,317
1686190377.7891798,318
1686190377.8006542,318
1686190377.8172266,318
1686190377.8294063,317
1686190377.8419988,317
1686190377.8586833,317
1686190377.8710191,318
1686190377.887184,318
1686190377.8994863,316
1686190377.91148,316
1686190377.928138,316
1686190377.9401271,316
1686190377.9527216,316
1686190377.9684415,317
1686190377.9814408,316
1686190377.994001,316
1686190378.0101655,316
1686190378.0222738,317
1686190378.0342715,318
1686190378.050403,318
1686190378.063401,317
1686190378.0791008,317
1686190378.091809,317
1686190378.1038196,318
1686190378.1204178,319
1686190378.1332555,318
1686190378.1453202,317
1686190378.1615689,317
1686190378.1734903,317
1686190378.1854818,318
1686190378.2026975,319
1686190378.2144759,318
1686190378.2309194,317
1686190378.2428715,316
1686190378.2561262,317
1686190378.272273,318
1686190378.2842636,317
1686190378.2966099,317
1686190378.3134167,316
1686190378.3255906,317
1686190378.337462,317
1686190378.3543243,318
1686190378.3664136,317
1686190378.3782532,316
1686190378.394734,316
1686190378.407548,316
1686190378.4232233,318
1686190378.4359255,318
1686190378.4484344,317
1686190378.4644792,316
1686190378.477241,316
1686190378.4893706,316
1686190378.5053666,317
1686190378.5177853,317
1686190378.5302162,316
1686190378.5458777,315
1686190378.5589318,316
1686190378.5751991,316
1686190378.587188,317
1686190378.599882,317
1686190378.615932,316
1686190378.6279802,315
1686190378.6409311,316
1686190378.656862,316
1686190378.6691742,317
1686190378.6818624,316
1686190378.6978679,315
1686190378.7098715,315
1686190378.7261395,315
1686190378.7388732,316
1686190378.7514746,315
1686190378.7677205,314
1686190378.7797906,314
1686190378.7925458,313
1686190378.80875,314
1686190378.8208077,315
1686190378.8335319,315
1686190378.8494964,314
1686190378.8618433,313
1686190378.8735468,313
1686190378.8904827,314
1686190378.902831,315
1686190378.9188187,314
1686190378.9315422,313
1686190378.9441364,312
1686190378.9601386,312
1686190378.9724634,313
1686190378.9842048,314
1686190379.0011947,313
1686190379.0134518,312
1686190379.0251539,312
1686190379.042137,313
1686190379.0541382,314
1686190379.070455,315
1686190379.0831947,313
1686190379.0951524,313
1686190379.111153,313
1686190379.1242058,314
1686190379.1363027,315
1686190379.152724,315
1686190379.1647344,315
1686190379.177372,315
1686190379.1936734,316
1686190379.2056596,317
1686190379.2186313,318
1686190379.2343862,319
1686190379.2464345,319
1686190379.2633915,320
1686190379.2755792,322
1686190379.2876885,325
1686190379.3043723,327
1686190379.316442,329
1686190379.3283722,331
1686190379.3454247,332
1686190379.3574405,335
1686190379.3697114,337
1686190379.3864522,339
1686190379.3983698,340
1686190379.4147258,339
1686190379.4264417,341
1686190379.4393682,342
1686190379.455528,343
1686190379.4675026,343
1686190379.4803276,342
1686190379.4970176,342
1686190379.508961,342
1686190379.5209525,342
1686190379.5380197,343
1686190379.5500252,343
1686190379.5662398,343
1686190379.5789578,343
1686190379.5910382,344
1686190379.6073132,345
1686190379.619026,345
1686190379.6320093,344
1686190379.64795,342
1686190379.660026,339
1686190379.6730154,338
1686190379.6889567,336
1686190379.7009494,334
1686190379.713952,331
1686190379.7299504,327
1686190379.7420177,323
1686190379.75836,321
1686190379.7703598,317
1686190379.7833526,313
1686190379.799367,308
1686190379.8113554,304
1686190379.8243065,301
1686190379.8406143,301
1686190379.8533018,300
1686190379.8653524,300
1686190379.882039,299
1686190379.894038,298
1686190379.9100409,297
1686190379.9230385,297
1686190379.935109,297
1686190379.9520552,295
1686190379.964036,293
1686190379.976038,291
1686190379.9923496,291
1686190380.0040727,291
1686190380.0171258,290
1686190380.0332608,289
1686190380.0450957,288
1686190380.0580409,288
1686190380.0740514,289
1686190380.0863676,291
1686190380.1031148,291
1686190380.1149654,292
1686190380.1277115,291
1686190380.144662,293
1686190380.1560688,295
1686190380.1687472,298
1686190380.185063,302
1686190380.1970086,309
1686190380.2093282,320
1686190380.226076,338
1686190380.238099,356
1686190380.2540777,371
1686190380.267003,382
1686190380.279075,389
1686190380.2960742,396
1686190380.3080008,399
1686190380.3202143,401
1686190380.336341,402
1686190380.3490672,399
1686190380.3610766,395
1686190380.377,391
1686190380.3899996,386
1686190380.405618,381
1686190380.4183404,374
1686190380.4309993,363
1686190380.4470744,351
1686190380.460019,337
1686190380.471006,324
1686190380.488076,309
1686190380.5000205,295
1686190380.5130787,281
1686190380.5290084,270
1686190380.5410724,261
1686190380.5528536,256
1686190380.569901,252
1686190380.5815973,250
1686190380.5985403,249
1686190380.6105459,249
1686190380.6229346,251
1686190380.6397946,253
1686190380.6520402,255
1686190380.6635513,258
1686190380.6806023,261
1686190380.6928885,265
1686190380.7046134,269
1686190380.7215521,274
1686190380.7336595,277
1686190380.7494802,280
1686190380.7627912,283
1686190380.774924,286
1686190380.7908382,290
1686190380.8033803,294
1686190380.8150952,296
1686190380.8320885,297
1686190380.844095,299
1686190380.8564234,301
1686190380.8732853,304
1686190380.8850894,306
1686190380.901151,307
1686190380.9141684,308
1686190380.9261606,308
1686190380.942161,311
1686190380.9551105,312
1686190380.9671597,313
1686190380.9831138,314
1686190380.996149,314
1686190381.0082238,315
1686190381.0243616,317
1686190381.0363598,318
1686190381.0492587,319
1686190381.065408,319
1686190381.07759,318
1686190381.093309,319
1686190381.106251,320
1686190381.1185763,322
1686190381.135253,322
1686190381.1473305,321
1686190381.1594095,321
1686190381.176307,322
1686190381.188323,323
1686190381.2005813,323
1686190381.2169316,322
1686190381.2289324,322
1686190381.2453122,321
1686190381.2578785,322
1686190381.2698061,323
1686190381.2866583,324
1686190381.2986326,323
1686190381.310946,322
1686190381.3276317,322
1686190381.33954,322
1686190381.3518438,323
1686190381.3685808,322
1686190381.380584,322
1686190381.3925643,320
1686190381.4095886,320
1686190381.421516,321
1686190381.4379008,321
1686190381.4506512,321
1686190381.4627838,320
1686190381.4795127,319
1686190381.4915872,319
1686190381.503521,319
1686190381.5195127,320
1686190381.53259,320
1686190381.5448632,319
1686190381.5605295,318
1686190381.5736008,319
1686190381.589516,320
1686190381.6015193,319
1686190381.6145704,319
1686190381.6305392,318
1686190381.6428077,318
1686190381.655508,318
1686190381.6716747,319
1686190381.6838639,318
1686190381.6955616,317
1686190381.7125924,316
1686190381.7248547,315
1686190381.7405095,316
1686190381.7535136,316
1686190381.7655187,316
1686190381.7825122,315
1686190381.79487,314
1686190381.8065057,314
1686190381.8228953,315
1686190381.835582,316
1686190381.8475692,316
1686190381.863803,315
1686190381.876637,315
1686190381.8888981,316
1686190381.9053264,317
1686190381.9175098,318
1686190381.933082,317
1686190381.9461408,316
1686190381.9583912,316
1686190381.9750702,317
1686190381.9871497,318
1686190381.9995854,318
1686190382.0156214,318
1686190382.0280735,316
1686190382.0407836,317
1686190382.0560338,317
1686190382.069038,318
1686190382.085329,317
1686190382.0970917,316
1686190382.1101062,316
1686190382.1265278,316
1686190382.138034,317
1686190382.150955,317
1686190382.1669588,317
1686190382.1796749,316
1686190382.191624,315
1686190382.2079926,316
1686190382.2207124,317
1686190382.2330952,318
1686190382.2486234,317
1686190382.2616994,317
1686190382.2776399,317
1686190382.289932,318
1686190382.3026488,319
1686190382.3182485,319
1686190382.3309925,318
1686190382.3436494,318
1686190382.3600435,318
1686190382.372122,319
1686190382.3847568,320
1686190382.4010441,319
1686190382.4131155,319
1686190382.4290469,319
1686190382.4414434,319
1686190382.454304,320
1686190382.4702532,321
1686190382.4822226,321
1686190382.4945452,319
1686190382.5112884,319
1686190382.523265,319
1686190382.5362282,320
1686190382.5522397,321
1686190382.5645504,320
1686190382.5805597,319
1686190382.593288,319
1686190382.605525,319
1686190382.621223,320
1686190382.6344898,320
1686190382.6464658,319
1686190382.662981,319
1686190382.6751134,318
1686190382.686909,319
1686190382.7039058,319
1686190382.7159243,319
1686190382.7279654,318
1686190382.7449846,318
1686190382.756972,318
1686190382.773226,319
1686190382.785967,320
1686190382.797987,319
1686190382.8149173,318
1686190382.826387,318
1686190382.8390036,319
1686190382.8559337,320
1686190382.8678384,320
1686190382.8797615,319
1686190382.8957794,318
1686190382.9088402,318
1686190382.9251013,318
1686190382.936834,319
1686190382.9498365,319
1686190382.9657679,318
1686190382.9780438,317
1686190382.9907615,318
1686190383.006861,319
1686190383.019096,319
1686190383.0312998,319
1686190383.0477676,318
1686190383.0604563,317
1686190383.0767646,317
1686190383.0887609,318
1686190383.1008317,318
1686190383.1178293,318
1686190383.1298358,317
1686190383.142076,317
1686190383.158557,317
1686190383.1706448,318
1686190383.1826212,318
1686190383.1996133,317
1686190383.2115555,317
1686190383.2238767,317
1686190383.2405496,318
1686190383.2525542,319
1686190383.268555,318
1686190383.2816362,318
1686190383.2936938,317
1686190383.3098738,317
1686190383.3226223,319
1686190383.334742,319
1686190383.3508599,319
1686190383.3629332,318
1686190383.3756287,317
1686190383.3915718,317
1686190383.404555,318
1686190383.4206283,319
1686190383.432909,318
1686190383.4445672,317
1686190383.4615555,317
1686190383.473653,318
1686190383.4859328,318
1686190383.50257,318
1686190383.5152438,317
1686190383.5269089,316
1686190383.543552,317
1686190383.5556493,318
1686190383.5676746,318
1686190383.5837276,319
1686190383.5966718,318
1686190383.6126807,318
1686190383.6247349,318
1686190383.6377423,319
1686190383.6538177,319
1686190383.6658292,319
1686190383.67877,318
1686190383.6950305,318
1686190383.707049,319
1686190383.7196825,319
1686190383.7367415,320
1686190383.7486825,319
1686190383.764071,318
1686190383.7770693,317
1686190383.7889156,318
1686190383.805964,319
1686190383.8180337,319
1686190383.8301816,318
1686190383.846965,317
1686190383.8589509,317
1686190383.8712275,318
1686190383.8872924,319
1686190383.899956,318
1686190383.9161935,317
1686190383.9280312,316
1686190383.9408238,317
1686190383.957144,318
1686190383.9698565,318
1686190383.981796,318
1686190383.9979005,317
1686190384.0106833,317
1686190384.0219483,317
1686190384.0392785,318
1686190384.0514565,318
1686190384.0638816,318
1686190384.080214,317
1686190384.091889,316
1686190384.107887,317
1686190384.1208959,317
1686190384.1328597,317
1686190384.149709,317
1686190384.1619976,316
1686190384.174314,316
1686190384.1903229,317
1686190384.203912,318
1686190384.2154136,318
1686190384.231406,318
1686190384.2442691,317
1686190384.2603238,318
1686190384.2722876,318
1686190384.2840958,319
1686190384.3014636,319
1686190384.3146453,318
1686190384.3259532,317
1686190384.3424153,318
1686190384.3545172,319
1686190384.3670952,319
1686190384.382933,319
1686190384.3948095,318
1686190384.4107573,318
1686190384.423775,319
1686190384.4358072,319
1686190384.4527617,319
1686190384.464898,319
1686190384.4767575,318
1686190384.4937568,317
1686190384.50585,318
1686190384.5178812,319
1686190384.533922,319
1686190384.5468638,318
1686190384.558951,317
1686190384.5756497,317
1686190384.5879374,318
1686190384.6042318,319
1686190384.6165586,319
1686190384.6291707,318
1686190384.6452124,317
1686190384.6576004,318
1686190384.670005,319
1686190384.6859984,320
1686190384.698642,319
1686190384.7109313,318
1686190384.7271254,318
1686190384.7389889,319
1686190384.7550724,320
1686190384.7682102,320
1686190384.7800653,320
1686190384.797016,318
1686190384.8090076,318
1686190384.8211317,319
1686190384.8378174,320
1686190384.849787,320
1686190384.861984,320
1686190384.8790913,319
1686190384.8910987,319
1686190384.903581,320
1686190384.9195766,320
1686190384.9311767,320
1686190384.9480908,319
1686190384.9609227,319
1686190384.9729357,319
1686190384.9892912,320
1686190385.0019717,320
1686190385.0135393,319
1686190385.0295806,318
1686190385.0424423,318
1686190385.0544176,318
1686190385.0705423,319
1686190385.0833218,319
1686190385.0992155,318
1686190385.1122625,317
1686190385.1244135,317
1686190385.1409686,318
1686190385.1534097,318
1686190385.1654074,318
1686190385.182491,317
1686190385.1944196,316
1686190385.206229,317
1686190385.2230027,317
1686190385.2353907,317
1686190385.246716,317
1686190385.2636483,316
1686190385.2756906,316
1686190385.2921956,317
1686190385.3047748,318
1686190385.3172746,321
1686190385.3335855,324
1686190385.3459096,330
1686190385.3578622,339
1686190385.3743885,350
1686190385.3863177,359
1686190385.3983774,367
1686190385.4149222,370
1686190385.4276433,371
1686190385.444016,369
1686190385.4564602,363
1686190385.4681437,354
1686190385.4843538,341
1686190385.4964228,329
1686190385.5096085,318
1686190385.5255294,311
1686190385.538378,306
1686190385.5503535,301
1686190385.5671413,298
1686190385.5794082,295
1686190385.5950885,294
1686190385.6074977,294
1686190385.6203313,294
1686190385.6365995,295
1686190385.648989,295
1686190385.661799,296
1686190385.6775885,297
1686190385.6892114,299
1686190385.702376,301
1686190385.7184286,302
1686190385.7304268,303
1686190385.7437363,304
1686190385.7595544,305
1686190385.7712936,307
1686190385.7876947,308
1686190385.8003573,309
1686190385.8128233,308
1686190385.829358,309
1686190385.8414211,309
1686190385.8544245,311
1686190385.8706667,312
1686190385.8823504,312
1686190385.8945444,311
1686190385.9111397,311
1686190385.9234838,312
1686190385.9391348,313
1686190385.951463,314
1686190385.9639792,314
1686190385.9806623,313
1686190385.993185,314
1686190386.0052345,315
1686190386.0215313,316
1686190386.034081,316
1686190386.0460145,315
1686190386.062371,315
1686190386.0744674,315
1686190386.08651,316
1686190386.1035197,317
1686190386.1157305,317
1686190386.1321082,316
1686190386.1443543,316
1686190386.156921,316
1686190386.173394,317
1686190386.1855106,318
1686190386.1974535,317
1686190386.2139597,316
1686190386.2263372,316
1686190386.2383482,317
1686190386.255022,318
1686190386.2668607,319
1686190386.2828715,318
1686190386.2959723,317
1686190386.3082976,317
1686190386.3246286,318
1686190386.3368466,319
1686190386.3485582,319
1686190386.3652928,318
1686190386.3772848,318
1686190386.3903422,318
1686190386.4063869,319
1686190386.4186962,319
1686190386.4346972,319
1686190386.4471242,318
1686190386.4594042,318
1686190386.4756873,318
1686190386.4884923,318
1686190386.5006878,319
1686190386.5171506,318
1686190386.5291762,317
1686190386.5420246,317
1686190386.5580828,317
1686190386.5704484,318
1686190386.5825927,319
1686190386.5986555,317
1686190386.611285,317
1686190386.6277823,318
1686190386.6399317,320
1686190386.6522975,323
1686190386.6688979,325
1686190386.6808982,327
1686190386.6931715,330
1686190386.7096667,334
1686190386.7214923,338
1686190386.7342038,341
1686190386.7498174,344
1686190386.7628193,346
1686190386.778694,348
1686190386.7914379,349
1686190386.8034456,351
1686190386.819867,351
1686190386.8324945,350
1686190386.8442924,347
1686190386.8615732,344
1686190386.8735871,340
1686190386.8851082,336
1686190386.902238,332
1686190386.914243,327
1686190386.9262588,320
1686190386.9426363,315
1686190386.9553106,313
1686190386.971415,311
1686190386.984,309
1686190386.9965923,307
1686190387.012171,305
1686190387.0246363,305
1686190387.0368612,306
1686190387.0540006,306
1686190387.066128,306
1686190387.078471,306
1686190387.0944543,306
1686190387.1071513,306
1686190387.1224246,308
1686190387.1357088,309
1686190387.1479912,310
1686190387.1644337,309
1686190387.1757376,309
1686190387.1887214,310
1686190387.2047205,311
1686190387.217537,312
1686190387.229406,311
1686190387.2464275,310
1686190387.258181,311
1686190387.273723,311
1686190387.287327,312
1686190387.2993412,313
1686190387.3162186,312
1686190387.3281572,311
1686190387.3404713,311
1686190387.3568332,312
1686190387.3690352,313
1686190387.381507,312
1686190387.3974621,311
1686190387.4095006,311
1686190387.4214475,311
1686190387.438456,312
1686190387.4505002,312
1686190387.466645,311
1686190387.479154,310
1686190387.4912202,310
1686190387.5080554,311
1686190387.5202947,312
1686190387.5328865,313
1686190387.5493646,312
1686190387.5612853,312
1686190387.573857,312
1686190387.5903301,314
1686190387.602568,315
1686190387.6191783,315
1686190387.6312366,314
1686190387.6436005,314
1686190387.6594205,314
1686190387.672406,316
1686190387.6844833,317
1686190387.7005348,316
1686190387.7123475,316
1686190387.7251751,315
1686190387.7420237,316
1686190387.7534184,317
1686190387.7703073,317
1686190387.7821598,316
1686190387.795158,315
1686190387.811509,315
1686190387.8240201,315
1686190387.8353941,316
1686190387.8522842,316
1686190387.864421,315
1686190387.8772037,315
1686190387.8930008,315
1686190387.905001,316
1686190387.9180045,317
1686190387.9344547,316
1686190387.946005,316
1686190387.9630115,315
1686190387.9750018,315
1686190387.9870243,316
1686190388.0029945,317
1686190388.0159967,316
1686190388.0279906,315
1686190388.0450082,315
1686190388.0569959,315
1686190388.069299,316
1686190388.0857828,316
1686190388.0971124,315
1686190388.1141162,315
1686190388.1264453,314
1686190388.13913,315
1686190388.155113,316
1686190388.1671138,316
1686190388.1792777,315
1686190388.1962776,315
1686190388.208279,315
1686190388.2207859,316
1686190388.2372794,316
1686190388.2492876,316
1686190388.2612855,315
1686190388.2781687,314
1686190388.2901819,314
1686190388.3061821,314
1686190388.3191793,315
1686190388.3311696,314
1686190388.348099,313
1686190388.3599787,313
1686190388.3719773,313
1686190388.387975,314
1686190388.4013486,314
1686190388.4129744,313
1686190388.4289827,312
1686190388.4429793,312
1686190388.4579842,312
1686190388.469973,313
1686190388.4829767,313
1686190388.4989774,312
1686190388.5109875,311
1686190388.5239873,311
1686190388.5399888,312
1686190388.5519848,313
1686190388.5649915,313
1686190388.5809908,312
1686190388.5929823,311
1686190388.6089764,312
1686190388.6219785,313
1686190388.6345868,313
1686190388.6505692,312
1686190388.6625707,311
1686190388.675575,311
1686190388.691573,311
1686190388.7035801,312
1686190388.7167315,312
1686190388.7330792,311
1686190388.7445853,311
1686190388.7575636,311
1686190388.7732277,312
1686190388.7862325,312
1686190388.8022282,312
1686190388.8143127,312
1686190388.827281,311
1686190388.8432372,311
1686190388.8556201,312
1686190388.86762,313
1686190388.8846705,312
1686190388.896621,312
1686190388.9086049,311
1686190388.925619,312
1686190388.9376209,313
1686190388.953605,314
1686190388.9666047,313
1686190388.9786048,312
1686190388.9946043,313
1686190389.0066051,314
1686190389.0196989,314
1686190389.0356095,315
1686190389.0476027,314
1686190389.060608,313
1686190389.0766056,313
1686190389.0886068,314
1686190389.101612,315
1686190389.1176093,315
1686190389.1296065,314
1686190389.1466117,313
1686190389.1586125,314
1686190389.170716,315
1686190389.1872816,316
1686190389.2001266,316
1686190389.211762,315
1686190389.2277563,315
1686190389.2407484,315
1686190389.252744,316
1686190389.2687452,317
1686190389.2817495,317
1686190389.2977455,316
1686190389.309743,316
1686190389.3227422,317
1686190389.338744,318
1686190389.3507388,318
1686190389.3637404,318
1686190389.3797617,317
1686190389.3917427,317
1686190389.4047425,319
1686190389.4207437,319
1686190389.4327388,320
1686190389.4487429,319
1686190389.461748,319
1686190389.4738312,319
1686190389.4898276,320
1686190389.502846,321
1686190389.514898,321
1686190389.5308962,320
1686190389.5438476,321
1686190389.555843,321
1686190389.5718813,322
1686190389.5848465,322
1686190389.5970514,322
1686190389.612826,321
1686190389.6258364,321
1686190389.6418355,322
1686190389.653898,322
1686190389.6668372,323
1686190389.6829557,322
1686190389.6949563,321
1686190389.7075534,321
1686190389.723951,322
1686190389.7359486,323
1686190389.747962,323
1686190389.764953,322
1686190389.7769585,321
1686190389.793145,321
1686190389.80613,322
1686190389.818125,322
1686190389.8343372,322
1686190389.8471816,321
1686190389.859124,321
1686190389.875191,321
1686190389.888148,322
1686190389.900126,322
1686190389.9161909,322
1686190389.9291286,321
1686190389.9445388,321
1686190389.957123,322
1686190389.9691212,323
1686190389.9862797,323
1686190389.9987073,323
1686190390.0102124,322
1686190390.0271602,322
1686190390.0392237,324
1686190390.0521646,324
1686190390.0681717,324
1686190390.0801759,324
1686190390.0922058,323
1686190390.109165,323
1686190390.121161,324
1686190390.1371613,324
1686190390.1501627,324
1686190390.1624057,324
1686190390.178604,323
1686190390.190365,324
1686190390.2032938,324
1686190390.2192912,325
1686190390.2314754,324
1686190390.2442944,323
1686190390.2608633,323
1686190390.2725978,324
1686190390.288638,324
1686190390.301602,325
1686190390.3136466,324
1686190390.3296425,323
1686190390.342602,323
1686190390.3545954,324
1686190390.3705947,324
1686190390.3835962,324
1686190390.3955948,324
1686190390.4116063,323
1686190390.4245942,323
1686190390.436602,324
1686190390.452613,324
1686190390.465594,324
1686190390.4818966,323
1686190390.4935992,322
1686190390.5066068,322
1686190390.5225937,323
1686190390.5346072,324
1686190390.5466669,322
1686190390.563988,322
1686190390.5756743,321
1686190390.5877037,321
1686190390.6047258,322
1686190390.6167226,322
1686190390.633217,321
1686190390.6457255,321
1686190390.6575515,321
1686190390.6743476,321
1686190390.6861691,322
1686190390.6984596,322
1686190390.7151656,321
1686190390.7275085,321
1686190390.739793,321
1686190390.756168,321
1686190390.7681735,322
1686190390.784703,321
1686190390.796795,320
1686190390.8093581,319
1686190390.8250766,319
1686190390.8380718,319
1686190390.8500812,318
1686190390.866083,317
1686190390.8790667,316
1686190390.891086,316
1686190390.9080808,316
1686190390.92008,317
1686190390.9320717,318
1686190390.9480698,317
1686190390.9610724,317
1686190390.9770734,318
1686190390.9890695,320
1686190391.0020685,322
1686190391.0180624,323
1686190391.031066,323
1686190391.0430746,324
1686190391.0590732,325
1686190391.0710673,327
1686190391.0840786,329
1686190391.1000636,331
1686190391.1120818,331
1686190391.1280663,332
1686190391.14107,333
1686190391.1530766,336
1686190391.1700697,337
1686190391.1820705,338
1686190391.1951084,338
1686190391.2110682,338
1686190391.2230704,340
1686190391.235535,343
1686190391.2520854,344
1686190391.2640774,344
1686190391.2761216,345
1686190391.2930703,345
1686190391.3050673,346
1686190391.3210707,346
1686190391.3330684,344
1686190391.3460684,341
1686190391.3620732,338
1686190391.374069,335
1686190391.3871257,333
1686190391.4027529,331
1686190391.4157486,327
1686190391.4278715,322
1686190391.443751,318
1686190391.4567451,314
1686190391.4729233,310
1686190391.485314,305
1686190391.497308,300
1686190391.513311,296
1686190391.5263124,293
1686190391.5388827,292
1686190391.5543213,292
1686190391.567317,292
1686190391.5793138,291
1686190391.5953178,291
1686190391.6083121,293
1686190391.6243112,294
1686190391.6373146,297
1686190391.6493163,298
1686190391.6653101,298
1686190391.677727,300
1686190391.6898034,301
1686190391.7058027,303
1686190391.7188103,306
1686190391.7308004,306
1686190391.7468004,307
1686190391.7598026,308
1686190391.7718,310
1686190391.7883837,312
1686190391.8003836,313
1686190391.8166497,313
1686190391.8293858,312
1686190391.8413818,311
1686190391.8573813,311
1686190391.8703947,310
1686190391.8827817,309
1686190391.8987787,309
1686190391.9107919,314
1686190391.9237819,326
1686190391.9397848,344
1686190391.951779,365
1686190391.9680521,384
1686190391.9804478,400
1686190391.9924815,412
1686190392.009442,420
1686190392.0214593,427
1686190392.0337536,430
1686190392.0506213,429
1686190392.0624504,427
1686190392.0744524,422
1686190392.0914495,417
1686190392.1035016,411
1686190392.1154425,402
1686190392.1324446,390
1686190392.1444395,376
1686190392.160453,361
1686190392.173457,346
1686190392.185444,329
1686190392.201445,310
1686190392.214441,292
1686190392.2264428,275
1686190392.242808,261
1686190392.2554438,251
1686190392.2674422,244
1686190392.283446,239
1686190392.2958667,235
1686190392.3124409,234
1686190392.3244445,234
1686190392.3364446,236
1686190392.3534446,239
1686190392.365446,241
1686190392.3784468,244
1686190392.3944468,247
1686190392.4064436,252
1686190392.4190965,256
1686190392.435445,260
1686190392.4474454,264
1686190392.4604416,267
1686190392.4764433,270
1686190392.488521,275
1686190392.5044863,278
1686190392.517441,282
1686190392.5295105,284
1686190392.545496,285
1686190392.5584507,288
1686190392.5704587,292
1686190392.5864458,294
1686190392.5994482,296
1686190392.611441,297
1686190392.6274426,298
1686190392.640447,301
1686190392.6564426,304
1686190392.668444,306
1686190392.681407,307
1686190392.6974,307
1686190392.7095468,308
1686190392.722405,310
1686190392.7384,312
1686190392.7504127,313
1686190392.763425,313
1686190392.7798345,313
1686190392.7917218,314
1686190392.807723,315
1686190392.820124,316
1686190392.8327224,316
1686190392.8487878,316
1686190392.8617246,316
1686190392.873808,316
1686190392.889834,317
1686190392.902349,318
1686190392.9148378,318
1686190392.9309094,317
1686190392.943295,317
1686190392.955831,317
1686190392.9718504,318
1686190392.9846063,318
1686190393.000199,318
1686190393.0131578,318
1686190393.025149,318
1686190393.0411484,319
1686190393.0541546,320
1686190393.0661745,320
1686190393.082207,319
1686190393.0951536,319
1686190393.1071498,319
1686190393.1231527,320
1686190393.135669,321
1686190393.1521752,321
1686190393.1641996,320
1686190393.1763172,319
1686190393.1932747,320
1686190393.2052646,320
1686190393.2177746,320
1686190393.2342672,320
1686190393.2462645,319
1686190393.2583196,318
1686190393.2752726,319
1686190393.2872682,320
1686190393.2992737,320
1686190393.3162684,319
1686190393.3282652,318
1686190393.344266,318
1686190393.3563194,319
1686190393.3692827,320
1686190393.3852284,320
1686190393.3982272,319
1686190393.410174,318
1686190393.426553,318
1686190393.4391801,319
1686190393.451173,319
1686190393.4671755,319
1686190393.4802785,318
1686190393.4961722,317
1686190393.508187,318
1686190393.5211794,319
1686190393.5371957,319
1686190393.5491872,318
1686190393.5611892,317
1686190393.5777526,317
1686190393.5898244,318
1686190393.602863,319
1686190393.6189263,320
1686190393.6318614,319
1686190393.6468635,318
1686190393.6599286,318
1686190393.6719239,319
1686190393.688566,320
1686190393.7005017,320
1686190393.7125416,319
1686190393.729544,319
1686190393.7415113,319
1686190393.754583,320
1686190393.7706738,321
1686190393.7824044,321
1686190393.795405,320
1686190393.8114083,320
1686190393.8235867,320
1686190393.8404083,321
1686190393.8524132,321
1686190393.8644118,321
1686190393.8814132,320
1686190393.8935552,320
1686190393.90547,320
1686190393.922408,321
1686190393.9344082,321
1686190393.9464698,321
1686190393.9634233,320
1686190393.975522,320
1686190393.9915524,321
1686190394.0035944,322
1686190394.0165522,322
1686190394.0325682,321
1686190394.0446239,321
1686190394.0576067,321
1686190394.073552,322
1686190394.0856097,323
1686190394.0985513,323
1686190394.1146243,322
1686190394.1265483,321
1686190394.1393032,322
1686190394.1557734,323
1686190394.1678634,324
1686190394.1841295,323
1686190394.1968513,323
1686190394.2087593,322
1686190394.2247658,323
1686190394.2378411,324
1686190394.2497766,324
1686190394.266763,323
1686190394.2788284,322
1686190394.2909818,322
1686190394.307087,323
1686190394.3198037,323
1686190394.3357992,323
1686190394.3485193,323
1686190394.360762,322
1686190394.3770552,322
1686190394.3896549,322
1686190394.401708,323
1686190394.4179964,323
1686190394.4296558,322
1686190394.442677,322
1686190394.4586735,322
1686190394.4707081,323
1686190394.4866693,323
1686190394.4999285,322
1686190394.5119274,321
1686190394.528717,321
1686190394.5407,321
1686190394.552649,322
1686190394.5697165,321
1686190394.581374,321
1686190394.5943081,320
1686190394.610476,320
1686190394.6226194,321
1686190394.6353817,321
1686190394.6513078,321
1686190394.6633394,321
1686190394.6792421,320
1686190394.6923063,321
1686190394.7042985,322
1686190394.7213008,322
1686190394.7332883,322
1686190394.7455645,321
1686190394.7623131,320
1686190394.7742403,321
1686190394.7868817,322
1686190394.8022535,322
1686190394.8152914,321
1686190394.8317256,319
1686190394.8439653,319
1686190394.856827,319
1686190394.8722277,320
1686190394.88454,321
1686190394.8973014,320
1686190394.9136443,319
1686190394.9255803,319
1686190394.9375815,319
1686190394.9546652,321
1686190394.966834,321
1686190394.9787133,319
1686190394.9957309,319
1686190395.007729,319
1686190395.024061,320
1686190395.0358326,320
1686190395.0488846,320
1686190395.06485,319
1686190395.0775435,319
1686190395.089577,319
1686190395.1055853,320
1686190395.1185756,320
1686190395.130639,319
1686190395.1465724,318
1686190395.159573,318
1686190395.1755736,318
1686190395.1881697,319
1686190395.2000964,319
1686190395.2162325,318
1686190395.228106,317
1686190395.2411768,317
1686190395.257167,317
1686190395.270074,319
1686190395.2820728,318
1686190395.2982368,317
1686190395.31114,317
1686190395.3272204,317
1686190395.3392158,318
1686190395.3520687,318
1686190395.3681276,318
1686190395.3800926,317
1686190395.392071,316
1686190395.4091382,316
1686190395.4210784,317
1686190395.4331224,318
1686190395.4501421,317
1686190395.462381,316
1686190395.4751163,315
1686190395.4912279,316
1686190395.503437,316
1686190395.5194893,317
1686190395.532384,316
1686190395.5440478,315
1686190395.5609763,315
1686190395.5732436,316
1686190395.5853708,316
1686190395.6020494,316
1686190395.613986,316
1686190395.626246,315
1686190395.6422393,315
1686190395.6541982,316
1686190395.6713402,317
1686190395.6836476,316
1686190395.6956892,316
1686190395.7117975,315
1686190395.7247808,315
1686190395.7370005,316
1686190395.7530212,316
1686190395.7653584,316
1686190395.778118,315
1686190395.7942545,314
1686190395.8062344,315
1686190395.818791,316
1686190395.8348718,316
1686190395.847304,316
1686190395.8640406,315
1686190395.8763587,315
1686190395.8885615,315
1686190395.9048865,316
1686190395.9165535,316
1686190395.9292502,316
1686190395.945466,315
1686190395.9574692,315
1686190395.970401,316
1686190395.9865053,317
1686190395.999066,317
1686190396.0151305,316
1686190396.0271115,316
1686190396.039722,316
1686190396.0564196,317
1686190396.0692635,317
1686190396.0808723,317
1686190396.0973423,316
1686190396.10985,316
1686190396.1220257,317
1686190396.1382208,317
1686190396.1502156,317
1686190396.1659472,316
1686190396.1793659,316
1686190396.1914318,315
1686190396.2072153,316
1686190396.2202654,316
1686190396.2323043,315
1686190396.2487657,314
1686190396.2606995,313
1686190396.2737014,313
1686190396.2897325,313
1686190396.3014016,314
1686190396.3144166,312
1686190396.3303576,311
1686190396.3432837,310
1686190396.3592634,310
1686190396.3714478,311
1686190396.3843987,311
1686190396.4004312,311
1686190396.4123456,310
1686190396.4250095,310
1686190396.4416552,312
1686190396.4539988,316
1686190396.4657652,321
1686190396.4822392,326
1686190396.4946887,330
1686190396.5110044,334
1686190396.5230436,338
1686190396.535371,340
1686190396.5516894,338
1686190396.563789,333
1686190396.5764892,326
1686190396.5932484,320
1686190396.6052475,314
1686190396.617546,307
1686190396.6342735,302
1686190396.6457436,298
1686190396.662472,295
1686190396.6748703,293
1686190396.6873896,293
1686190396.7034485,292
1686190396.7152853,291
1686190396.7280023,290
1686190396.7447755,290
1686190396.7567406,291
1686190396.7686808,291
1686190396.785452,292
1686190396.7973924,291
1686190396.809917,291
1686190396.8265178,291
1686190396.8387015,293
1686190396.8543565,294
1686190396.8670874,294
1686190396.8797412,293
1686190396.896223,293
1686190396.9080684,293
1686190396.920642,294
1686190396.93641,294
1686190396.9484105,294
1686190396.9612079,293
1686190396.9780562,293
1686190396.9901369,295
1686190397.0057974,296
1686190397.018738,297
1686190397.0307982,297
1686190397.0467913,297
1686190397.0597303,298
1686190397.0717936,300
1686190397.0877953,302
1686190397.0998993,302
1686190397.1128366,302
1686190397.1288984,302
1686190397.1408448,303
1686190397.1538496,305
1686190397.170527,306
1686190397.182699,307
1686190397.1989846,307
1686190397.2116346,307
1686190397.2235641,309
1686190397.2399518,310
1686190397.252376,311
1686190397.2643242,312
1686190397.2805252,312
1686190397.2933207,312
1686190397.3053198,313
1686190397.3223126,315
1686190397.334258,316
1686190397.3506768,316
1686190397.3623044,316
1686190397.3754256,317
1686190397.391562,318
1686190397.403466,319
1686190397.4161992,320
1686190397.4329488,320
1686190397.4443762,320
1686190397.4566183,321
1686190397.4731624,322
1686190397.4853892,324
1686190397.501742,324
1686190397.5143495,325
1686190397.526806,325
1686190397.5430386,325
1686190397.5554335,327
1686190397.567341,328
1686190397.5843751,328
1686190397.5956767,327
1686190397.6086774,327
1686190397.6245267,328
1686190397.6369739,328
1686190397.648952,329
1686190397.666085,329
1686190397.678401,328
1686190397.694381,328
1686190397.7065759,329
1686190397.7186162,330
1686190397.7358627,330
1686190397.7482114,329
1686190397.7602205,329
1686190397.7764328,329
1686190397.789023,329
1686190397.8003528,330
1686190397.817418,330
1686190397.8294835,330
1686190397.8453662,329
1686190397.858662,330
1686190397.8705013,331
1686190397.8873,331
1686190397.8994048,330
1686190397.9113781,330
1686190397.9277093,329
1686190397.939793,330
1686190397.952464,331
1686190397.9691968,331
1686190397.9814117,330
1686190397.9933457,329
1686190398.0100338,329
1686190398.022483,330
1686190398.0388558,330
1686190398.0513566,329
1686190398.0634043,329
1686190398.0797052,328
1686190398.0921524,328
1686190398.1043298,328
1686190398.1209927,329
1686190398.132388,329
1686190398.145288,328
1686190398.1613953,327
1686190398.1739454,327
1686190398.1893117,328
1686190398.2026951,328
1686190398.2150247,327
1686190398.2313793,326
1686190398.2433527,325
1686190398.2553954,325
1686190398.2723932,326
1686190398.2845693,326
1686190398.2964122,325
1686190398.313265,324
1686190398.3254704,324
1686190398.3415623,325
1686190398.3535657,325
1686190398.3665624,326
1686190398.3831286,324
1686190398.3950827,324
1686190398.4071891,324
1686190398.4235182,325
1686190398.435287,325
1686190398.4482973,325
1686190398.46468,324
1686190398.4766634,324
1686190398.4886672,325
1686190398.5057223,326
1686190398.5177197,327
1686190398.5343509,327
1686190398.5464008,326
1686190398.558885,325
1686190398.5752826,326
1686190398.5873904,327
1686190398.5999203,327
1686190398.6164298,326
1686190398.6286907,325
1686190398.6407905,325
1686190398.656819,326
1686190398.6692975,326
1686190398.6857958,325
1686190398.698131,324
1686190398.7101743,323
1686190398.727101,324
1686190398.739142,324
1686190398.7516475,325
1686190398.7683616,324
1686190398.7803178,323
1686190398.7923763,322
1686190398.8087773,322
1686190398.820858,323
1686190398.8333938,323
1686190398.849365,322
1686190398.8614843,321
1686190398.8784125,320
1686190398.8902867,320
1686190398.9023511,321
1686190398.9193542,321
1686190398.9310405,320
1686190398.9440362,319
1686190398.9602609,320
1686190398.9723628,320
1686190398.9850593,320
1686190399.0009582,320
1686190399.013757,319
1686190399.0297518,318
1686190399.0422714,318
1686190399.054291,319
1686190399.0709279,319
1686190399.0833726,319
1686190399.0949981,318
1686190399.112195,318
1686190399.123634,319
1686190399.1361403,319
1686190399.1521862,319
1686190399.1651323,319
1686190399.1811364,318
1686190399.1931503,318
1686190399.2058046,318
1686190399.2218113,319
1686190399.2348247,319
1686190399.2468035,318
1686190399.262848,317
1686190399.2758026,317
1686190399.2878032,318
1686190399.3044665,318
1686190399.3164346,318
1686190399.3286982,317
1686190399.3454142,316
1686190399.3574405,316
1686190399.3742125,317
1686190399.3862607,317
1686190399.3987007,316
1686190399.4152741,315
1686190399.4273286,315
1686190399.439687,315
1686190399.4557257,316
1686190399.467683,316
1686190399.4796817,316
1686190399.4967022,315
1686190399.508731,315
1686190399.5251946,316
1686190399.537494,317
1686190399.5497963,317
1686190399.5664837,316
1686190399.5783021,316
1686190399.5905466,316
1686190399.607393,317
1686190399.6200738,318
1686190399.6323602,317
1686190399.648416,316
1686190399.6604137,316
1686190399.6731403,316
1686190399.6897876,317
1686190399.701327,317
1686190399.7177389,317
1686190399.7306767,316
1686190399.7428997,316
1686190399.7586694,316
1686190399.7713451,317
1686190399.7828813,317
1686190399.8001466,316
1686190399.8121567,316
1686190399.8242154,316
1686190399.8410816,316
1686190399.853151,318
1686190399.868951,317
1686190399.8818734,317
1686190399.89396,316
1686190399.910426,317
1686190399.9223337,318
1686190399.9343383,319
1686190399.9513862,318
1686190399.963169,318
1686190399.9761274,317
1686190399.9923825,318
1686190400.0046284,319
1686190400.0206091,319
1686190400.0335517,319
1686190400.0456839,318
1686190400.0622704,318
1686190400.0743368,318
1686190400.0870147,319
1686190400.1033301,319
1686190400.115374,318
1686190400.1268446,317
1686190400.1438951,318
1686190400.1564746,318
1686190400.1688542,319
1686190400.1846015,318
1686190400.1973286,318
1686190400.21327,318
1686190400.2255852,317
1686190400.2382681,318
1686190400.2542822,319
1686190400.266408,319
1686190400.2792778,318
1686190400.295185,318
1686190400.3075733,318
1686190400.3203638,319
1686190400.336211,319
1686190400.3487515,319
1686190400.365134,318
1686190400.3775156,318
1686190400.389675,319
1686190400.405443,320
1686190400.4184082,319
1686190400.430414,318
1686190400.4464846,318
1686190400.4594915,318
1686190400.4714642,318
1686190400.4873953,319
1686190400.5003674,319
1686190400.5169635,318
1686190400.5285702,317
1686190400.5406206,317
1686190400.5580754,318
1686190400.56924,319
1686190400.582254,318
1686190400.5982633,317
1686190400.6105008,316
1686190400.6225643,317
1686190400.639637,318
1686190400.6515658,318
1686190400.6643631,318
1686190400.6803968,317
1686190400.6931338,317
1686190400.709315,317
1686190400.721276,318
1686190400.7333846,318
1686190400.750265,317
1686190400.7624516,317
1686190400.7744682,317
1686190400.7915807,317
1686190400.8035786,318
1686190400.8157837,318
1686190400.8323636,317
1686190400.844476,316
1686190400.8607981,317
1686190400.8732748,318
1686190400.885436,318
1686190400.9026046,318
1686190400.914244,317
1686190400.9262323,317
1686190400.9430375,318
1686190400.9545248,318
1686190400.9672081,319
1686190400.983217,318
1686190400.9952018,317
1686190401.0082,317
1686190401.024457,318
1686190401.036618,318
1686190401.0532515,318
1686190401.0652041,317
1686190401.0777953,317
1686190401.0944483,317
1686190401.1064446,317
1686190401.1191614,318
1686190401.1354997,317
1686190401.1474342,317
1686190401.1594214,316
1686190401.175755,316
1686190401.1881673,317
1686190401.2050326,318
1686190401.2170298,317
1686190401.2290268,317
1686190401.2453609,316
1686190401.2579904,317
1686190401.2697134,318
1686190401.2868037,318
1686190401.2991755,318
1686190401.3114057,317
1686190401.3275197,317
1686190401.3400772,318
1686190401.3563368,319
1686190401.369013,319
1686190401.3810604,319
1686190401.3973927,318
1686190401.409961,318
1686190401.4215496,319
1686190401.4382412,320
1686190401.4504316,320
1686190401.4624748,319
1686190401.4793973,319
1686190401.4913206,319
1686190401.50413,320
1686190401.5204449,321
1686190401.5324798,320
1686190401.5491517,319
1686190401.5611944,319
1686190401.5735743,319
1686190401.5897124,319
1686190401.6022506,320
1686190401.6141243,319
1686190401.6301813,319
1686190401.6428883,318
1686190401.6549146,319
1686190401.671895,320
1686190401.6842794,320
1686190401.700745,319
1686190401.712852,318
1686190401.724611,318
1686190401.7410345,319
1686190401.753631,320
1686190401.765607,320
1686190401.7819805,319
1686190401.7946258,318
1686190401.8063757,319
1686190401.8233814,320
1686190401.8356998,320
1686190401.8517108,320
1686190401.863757,319
1686190401.875742,319
1686190401.892703,320
1686190401.9047809,321
1686190401.917858,321
1686190401.9337966,320
1686190401.945803,319
1686190401.958075,319
1686190401.9748645,320
1686190401.9873176,321
1686190401.999531,320
1686190402.015542,319
1686190402.0275888,318
1686190402.0438483,318
1686190402.056868,319
1686190402.069099,319
1686190402.08554,319
1686190402.097547,318
1686190402.1095831,318
1686190402.1265297,318
1686190402.1387212,318
1686190402.1505432,319
1686190402.1675851,318
1686190402.1795504,317
1686190402.1960838,317
1686190402.2084677,318
1686190402.2206278,319
1686190402.2367024,319
1686190402.2491753,319
1686190402.2611723,318
1686190402.2778704,318
1686190402.289856,319
1686190402.3022661,320
1686190402.3189545,319
1686190402.3312316,318
1686190402.3432343,318
1686190402.3600378,318
1686190402.3719711,319
1686190402.3879564,320
1686190402.400974,320
1686190402.4131403,319
1686190402.4289556,319
1686190402.4420173,319
1686190402.453676,321
1686190402.4699268,322
1686190402.4829562,323
1686190402.4949281,324
1686190402.5109031,326
1686190402.5232604,328
1686190402.5399208,331
1686190402.5522654,333
1686190402.5639596,335
1686190402.5812588,336
1686190402.59353,339
1686190402.6057642,342
1686190402.6218112,345
1686190402.6337945,347
1686190402.6467974,346
1686190402.6631193,347
1686190402.6751523,348
1686190402.6907973,351
1686190402.703819,352
1686190402.7161226,353
1686190402.7324252,352
1686190402.7441025,352
1686190402.757098,350
1686190402.773538,347
1686190402.7854114,341
1686190402.7981,334
1686190402.8141038,325
1686190402.8271224,318
1686190402.8391373,311
1686190402.8552,306
1686190402.8678384,302
1686190402.884119,297
1686190402.8969212,294
1686190402.9089122,292
1686190402.9248738,292
1686190402.9369314,292
1686190402.9492557,292
1686190402.9658875,292
1686190402.9778893,293
1686190402.9901721,294
1686190403.0070605,296
1686190403.018867,298
1686190403.035263,300
1686190403.0478563,300
1686190403.0598514,301
1686190403.075928,303
1686190403.0889163,305
1686190403.1009808,306
1686190403.1169114,305
1686190403.1299257,305
1686190403.1419013,304
1686190403.1589017,305
1686190403.1709208,308
1686190403.1831553,310
1686190403.1998992,312
1686190403.2119267,315
1686190403.2278764,321
1686190403.2406774,330
1686190403.2521935,340
1686190403.2691572,349
1686190403.2813697,359
1686190403.2934914,368
1686190403.3096123,377
1686190403.322685,384
1686190403.3346171,391
1686190403.3509674,395
1686190403.3630183,394
1686190403.3796647,394
1686190403.3919146,394
1686190403.4041545,393
1686190403.4206583,389
1686190403.432953,385
1686190403.4446957,379
1686190403.4616325,374
1686190403.4736485,369
1686190403.4866314,364
1686190403.502657,357
1686190403.5153005,350
1686190403.5269442,345
1686190403.5435681,339
1686190403.5556602,336
1686190403.5722766,333
1686190403.58449,329
1686190403.5963233,324
1686190403.6132681,320
1686190403.625397,317
1686190403.6375618,315
1686190403.6542652,313
1686190403.6663706,311
1686190403.6785746,308
1686190403.6952667,307
1686190403.7073975,307
1686190403.7233293,305
1686190403.7356296,302
1686190403.7483258,295
1686190403.7643068,288
1686190403.7773046,282
1686190403.789311,274
1686190403.805358,266
1686190403.8173013,260
1686190403.8303058,253
1686190403.846621,247
1686190403.85864,245
1686190403.87437,244
1686190403.8873136,245
1686190403.899304,245
1686190403.9164014,246
1686190403.9283164,248
1686190403.9405956,251
1686190403.9573123,255
1686190403.9693055,258
1686190403.9813137,260
1686190403.998314,262
1686190404.0099332,265
1686190404.0229406,269
1686190404.0391989,273
1686190404.0512755,276
1686190404.0679219,279
1686190404.0800316,282
1686190404.0919788,286
1686190404.1089175,290
1686190404.1204178,295
1686190404.133284,298
1686190404.1494248,301
1686190404.1614306,304
1686190404.1744316,308
1686190404.1904185,312
1686190404.202675,315
1686190404.2195542,317
1686190404.2315736,318
1686190404.243617,319
1686190404.2599266,320
1686190404.2725677,322
1686190404.284551,322
1686190404.30092,320
1686190404.3136246,318
1686190404.3255565,317
1686190404.3425531,317
1686190404.3545563,317
1686190404.3668084,317
1686190404.382932,316
1686190404.3955557,315
1686190404.4115512,316
1686190404.4238753,317
1686190404.4366076,318
1686190404.4525645,318
1686190404.4645514,318
1686190404.4776034,317
1686190404.4939322,318
1686190404.5056589,319
1686190404.5181174,319
1686190404.5344944,319
1686190404.5471916,318
1686190404.5634003,318
1686190404.5752332,319
1686190404.588198,320
1686190404.6044178,320
1686190404.6166387,319
1686190404.6286638,319
1686190404.6446292,319
1686190404.6576257,320
1686190404.6701963,320
1686190404.6862035,320
1686190404.6986194,320
1686190404.7145944,319
1686190404.726979,320
1686190404.739598,321
1686190404.7566214,322
1686190404.76767,322
1686190404.7806268,321
1686190404.7966185,320
1686190404.808617,320
1686190404.8216312,321
1686190404.8376222,321
1686190404.8506079,321
1686190404.8626244,319
1686190404.878727,319
1686190404.8909204,319
1686190404.9074876,320
1686190404.9199305,320
1686190404.9316626,319
1686190404.9486768,318
1686190404.9606242,317
1686190404.9726267,317
1686190404.9896262,318
1686190405.001085,318
1686190405.0138113,316
1686190405.030476,315
1686190405.042579,316
1686190405.058792,316
1686190405.0715313,317
1686190405.0834913,316
1686190405.0997877,315
1686190405.112491,315
1686190405.1245,316
1686190405.140497,316
1686190405.1535456,317
1686190405.16548,316
1686190405.1814756,316
1686190405.1939037,315
1686190405.2064984,316
1686190405.2224953,317
1686190405.2353225,316
1686190405.251402,316
1686190405.2631345,315
1686190405.276133,315
1686190405.292452,315
1686190405.3051567,316
1686190405.3171477,315
1686190405.3331456,314
1686190405.3455234,314
1686190405.358156,314
1686190405.3741488,314
1686190405.386199,315
1686190405.4031599,314
1686190405.4153607,314
1686190405.4271495,313
1686190405.444969,314
1686190405.4562523,315
1686190405.4679053,316
1686190405.4849234,315
1686190405.496888,314
1686190405.5099382,314
1686190405.5262208,315
1686190405.5380652,316
1686190405.5538642,316
1686190405.5668328,316
1686190405.5788782,315
1686190405.5955496,315
1686190405.6075525,316
1686190405.6200185,317
1686190405.6365497,316
1686190405.648228,315
1686190405.6612358,314
1686190405.677547,314
1686190405.689245,315
1686190405.702236,315
1686190405.718467,315
1686190405.7302308,314
1686190405.7472372,313
1686190405.759594,314
1686190405.7712812,315
1686190405.7882257,315
1686190405.8002357,314
1686190405.8122194,313
1686190405.8292432,313
1686190405.8407252,314
1686190405.853771,314
1686190405.870235,314
1686190405.8823123,313
1686190405.8982656,312
1686190405.9105484,311
1686190405.9232562,312
1686190405.9392364,312
1686190405.9515812,312
1686190405.9642406,311
1686190405.9805617,310
1686190405.992316,310
1686190406.005236,311
1686190406.0212088,312
1686190406.0334685,311
1686190406.0462089,311
1686190406.0621912,310
1686190406.0743666,311
1686190406.091166,312
1686190406.1034389,312
1686190406.1151533,311
1686190406.1323318,310
1686190406.1443346,310
1686190406.156321,311
1686190406.172593,311
1686190406.184936,311
1686190406.1975973,310
1686190406.2142935,309
1686190406.2264462,309
1686190406.242714,310
1686190406.255402,311
1686190406.2674665,311
1686190406.2833884,310
1686190406.295701,310
1686190406.307579,310
1686190406.3245928,311
1686190406.3370998,312
1686190406.349062,312
1686190406.3651447,311
1686190406.3781073,311
1686190406.3941958,311
1686190406.4063811,312
1686190406.4191055,313
1686190406.435062,312
1686190406.4471176,312
1686190406.4600694,312
1686190406.476161,313
1686190406.4881024,314
1686190406.5004823,314
1686190406.5170567,313
1686190406.5298018,314
1686190406.5418131,314
1686190406.5580626,315
1686190406.5697463,316
1686190406.58679,316
1686190406.5990558,315
1686190406.6117358,316
1686190406.6277595,316
1686190406.640035,318
1686190406.6517465,319
1686190406.668738,318
1686190406.6807349,318
1686190406.6927953,318
1686190406.7099807,319
1686190406.7217493,320
1686190406.7377381,320
1686190406.7507327,320
1686190406.7628627,320
1686190406.7787476,320
1686190406.791754,321
1686190406.8033018,322
1686190406.820513,323
1686190406.83259,322
1686190406.8445399,322
1686190406.8608036,322
1686190406.8736129,324
1686190406.885716,324
1686190406.9015322,324
1686190406.91454,324
1686190406.9311435,324
1686190406.9429517,324
1686190406.954651,326
1686190406.9716504,326
1686190406.983954,326
1686190406.9956758,325
1686190407.0127184,325
1686190407.0251086,326
1686190407.037285,326
1686190407.0533035,326
1686190407.0659864,326
1686190407.0823388,325
1686190407.0944054,325
1686190407.1069012,326
1686190407.1227434,327
1686190407.1359072,327
1686190407.1479383,326
1686190407.1643858,326
1686190407.1761692,326
1686190407.188726,327
1686190407.2049987,328
1686190407.2176378,327
1686190407.2338674,326
1686190407.2462559,326
1686190407.25841,327
1686190407.2746084,328
1686190407.2868428,329
1686190407.299361,328
1686190407.316089,327
1686190407.3283374,326
1686190407.3405778,327
1686190407.356708,328
1686190407.3687603,328
1686190407.3821685,327
1686190407.3983812,327
1686190407.4103146,327
1686190407.4264553,327
1686190407.4384425,328
1686190407.4510052,328
1686190407.4673424,327
1686190407.479121,327
1686190407.491709,326
1686190407.5085006,327
1686190407.5203578,327
1686190407.5329323,327
1686190407.5490053,326
1686190407.561608,326
1686190407.5776174,326
1686190407.589819,327
1686190407.60276,327
1686190407.6189084,326
1686190407.6311147,326
1686190407.643602,326
1686190407.659668,327
1686190407.6716614,327
1686190407.6846213,328
1686190407.7007506,327
1686190407.7126646,326
1686190407.728607,326
1686190407.7416074,327
1686190407.7536058,327
1686190407.7696645,327
1686190407.7826145,326
1686190407.7948813,325
1686190407.810924,325
1686190407.82345,326
1686190407.8355033,326
1686190407.8521569,325
1686190407.8642209,325
1686190407.8763115,324
1686190407.893138,325
1686190407.9052515,326
1686190407.9217656,326
1686190407.9344487,325
1686190407.946446,324
1686190407.9633358,323
1686190407.9753587,324
1686190407.9868088,325
1686190408.0041716,324
1686190408.0161142,323
1686190408.0287335,322
1686190408.0454872,322
1686190408.0564802,323
1686190408.073685,324
1686190408.0858092,323
1686190408.0980911,322
1686190408.1140893,322
1686190408.1270945,322
1686190408.1390116,323
1686190408.155492,323
1686190408.167422,322
1686190408.180462,321
1686190408.196498,320
1686190408.2090676,321
1686190408.2211163,322
1686190408.2374127,322
1686190408.2494576,321
1686190408.2656934,320
1686190408.278417,320
1686190408.290991,320
1686190408.3072588,321
1686190408.3193479,321
1686190408.3318605,320
1686190408.3480215,319
1686190408.3596175,319
1686190408.3728495,319
1686190408.3901093,320
1686190408.4006307,319
1686190408.4168584,318
1686190408.4295473,317
1686190408.4423094,317
1686190408.4584618,317
1686190408.4705307,318
1686190408.4825437,317
1686190408.4995348,317
1686190408.5112867,318
1686190408.5238297,320
1686190408.5405526,322
1686190408.5527291,322
1686190408.5645776,322
1686190408.581472,321
1686190408.5939405,321
1686190408.6098833,321
1686190408.622528,320
1686190408.6349242,320
1686190408.650553,318
1686190408.6630955,317
1686190408.674948,317
1686190408.6919708,317
1686190408.7042692,318
1686190408.7167022,317
1686190408.7326849,316
1686190408.7447283,316
1686190408.7620258,316
1686190408.7734203,317
1686190408.7864444,318
1686190408.802523,317
1686190408.8148866,316
1686190408.8269103,316
1686190408.843855,317
1686190408.8560557,318
1686190408.8680243,318
1686190408.8848848,317
1686190408.8969867,316
1686190408.9132383,316
1686190408.925653,317
1686190408.937833,318
1686190408.9541028,317
1686190408.9665241,316
1686190408.9785273,316
1686190408.9953542,316
1686190409.0074384,317
1686190409.0194392,317
1686190409.0363607,316
1686190409.0483499,316
1686190409.0608773,316
1686190409.0768466,316
1686190409.0894337,317
1686190409.1057036,318
1686190409.1177118,317
1686190409.130307,316
1686190409.1466484,317
1686190409.158652,318
1686190409.1707814,318
1686190409.1869693,319
1686190409.1995382,318
1686190409.2122772,317
1686190409.2288404,318
1686190409.2408864,319
1686190409.2573586,320
1686190409.2696815,321
1686190409.2812207,321
1686190409.2981842,322
1686190409.310491,324
1686190409.323089,325
1686190409.3393183,327
1686190409.3518083,327
1686190409.3638268,328
1686190409.3803465,327
1686190409.3924155,327
1686190409.4087014,327
1686190409.421156,326
1686190409.4332395,324
1686190409.4494255,322
1686190409.46219,320
1686190409.474837,320
1686190409.4907856,320
1686190409.5032585,319
1686190409.515518,317
1686190409.5316849,316
1686190409.5443287,315
1686190409.555962,315
1686190409.5729856,316
1686190409.58503,316
1686190409.6010725,314
1686190409.6136997,314
1686190409.6259403,313
1686190409.6423461,314
1686190409.654853,315
1686190409.6664586,315
1686190409.6835122,314
1686190409.6957421,314
1686190409.7081664,316
1686190409.7241688,317
1686190409.7366729,317
1686190409.7529273,316
1686190409.7651644,316
1686190409.7775328,316
1686190409.7937143,317
1686190409.8053315,318
1686190409.8183298,318
1686190409.8344562,318
1686190409.8472295,317
1686190409.8599215,317
1686190409.875481,319
1686190409.8875256,320
1686190409.8998315,319
1686190409.916466,318
1686190409.9290612,318
1686190409.94501,318
1686190409.957738,318
1686190409.9699302,319
1686190409.9859893,317
1686190409.9986696,316
1686190410.0109048,317
1686190410.0274131,316
1686190410.0398557,317
1686190410.0520034,317
1686190410.0681744,316
1686190410.081121,314
1686190410.0969634,314
1686190410.1089566,316
1686190410.1215963,316
1686190410.1380386,317
1686190410.1503062,317
1686190410.162483,317
1686190410.178918,318
1686190410.1907227,319
1686190410.203603,321
1686190410.2195275,322
1686190410.232252,321
1686190410.2484758,321
1686190410.261027,322
1686190410.2724462,324
1686190410.2895272,324
1686190410.3014953,324
1686190410.3134065,322
1686190410.3307126,322
1686190410.3423607,322
1686190410.354402,323
1686190410.3714237,322
1686190410.3834212,321
1686190410.3962035,319
1686190410.411903,318
1686190410.4239082,317
1686190410.4412088,316
1686190410.4533865,315
1686190410.4654202,312
1686190410.481924,311
1686190410.4939237,309
1686190410.5066228,309
1686190410.522809,310
1686190410.5350316,309
1686190410.547532,308
1686190410.5638928,307
1686190410.5755463,308
1686190410.592583,310
1686190410.6044073,311
1686190410.6163921,312
1686190410.6333804,311
1686190410.6458075,311
1686190410.6574473,312
1686190410.6745226,314
1686190410.6863885,314
1686190410.6990862,313
1686190410.7153437,313
1686190410.7273338,313
1686190410.7401485,314
1686190410.7570996,314
1686190410.7680936,314
1686190410.7849867,313
1686190410.7974331,312
1686190410.8093019,312
1686190410.8258376,313
1686190410.8385372,313
1686190410.8504815,313
1686190410.8671296,312
1686190410.8792312,312
1686190410.8916376,312
1686190410.9081862,313
1686190410.9202688,313
1686190410.9363003,313
1686190410.9487772,313
1686190410.961097,312
1686190410.977411,313
1686190410.9894667,314
1686190411.0019982,314
1686190411.0184455,313
1686190411.030598,312
1686190411.0433416,312
1686190411.0594275,313
1686190411.071998,314
1686190411.0878365,313
1686190411.1005347,312
1686190411.1124978,311
1686190411.1288393,311
1686190411.1407416,311
1686190411.1538804,311
1686190411.1699252,310
1686190411.182053,309
1686190411.1957161,308
1686190411.2111413,307
1686190411.2232847,307
1686190411.235326,307
1686190411.2522125,305
1686190411.2643187,304
1686190411.2806811,302
1686190411.2924995,303
1686190411.3054466,302
1686190411.3214893,301
1686190411.3331876,300
1686190411.3454187,298
1686190411.3624218,297
1686190411.3751712,296
1686190411.3873138,296
1686190411.403687,294
1686190411.4152098,293
1686190411.4320278,291
1686190411.4440827,290
1686190411.4561334,290
1686190411.4733083,290
1686190411.4851303,289
1686190411.4980307,287
1686190411.5136073,286
1686190411.5263762,286
1686190411.5385215,286
1686190411.555208,286
1686190411.5673032,285
1686190411.5833712,284
1686190411.596433,283
1686190411.608527,284
1686190411.624691,285
1686190411.6371071,285
1686190411.6492963,285
1686190411.6652274,284
1686190411.6775823,284
1686190411.6899016,285
1686190411.706845,286
1686190411.7191355,286
1686190411.7312653,286
1686190411.7475097,286
1686190411.7599359,287
1686190411.7760885,288
1686190411.7886598,290
1686190411.8006244,290
1686190411.8165035,289
1686190411.8295274,290
1686190411.8413966,292
1686190411.858272,294
1686190411.8697932,295
1686190411.8829932,295
1686190411.899344,296
1686190411.911527,297
1686190411.9274335,299
1686190411.9394765,301
1686190411.9520957,302
1686190411.9687114,303
1686190411.9807627,303
1686190411.9934294,305
1686190412.0099747,307
1686190412.0228171,309
1686190412.034303,310
1686190412.0507345,311
1686190412.0630257,312
1686190412.075188,314
1686190412.091653,316
1686190412.1039352,319
1686190412.1196728,320
1686190412.1325974,321
1686190412.1446,322
1686190412.1605144,324
1686190412.1736584,326
1686190412.1859004,328
1686190412.2014945,329
1686190412.2144482,330
1686190412.226781,331
1686190412.2431793,332
1686190412.2556014,335
1686190412.2717712,336
1686190412.2842126,337
1686190412.29652,338
1686190412.3123531,340
1686190412.3253453,342
1686190412.336704,344
1686190412.3533406,345
1686190412.3661468,346
1686190412.3783286,346
1686190412.3947954,347
1686190412.4069352,349
1686190412.423336,350
1686190412.435235,350
1686190412.4476004,349
1686190412.4644153,349
1686190412.476525,350
1686190412.4885619,351
1686190412.505236,351
1686190412.5170636,350
1686190412.530081,349
1686190412.545898,348
1686190412.558549,349
1686190412.5711017,349
1686190412.5865834,349
1686190412.599553,348
1686190412.615565,346
1686190412.6283379,346
1686190412.6404827,346
1686190412.6564739,346
1686190412.669247,346
1686190412.6808825,344
1686190412.6977994,343
1686190412.7095387,343
1686190412.7225916,343
1686190412.7390776,343
1686190412.751087,342
1686190412.767328,340
1686190412.7799964,339
1686190412.7922957,339
1686190412.8083148,338
1686190412.8208284,338
1686190412.8325965,336
1686190412.8493612,334
1686190412.8609977,334
1686190412.873907,333
1686190412.8905907,334
1686190412.9028432,334
1686190412.9142132,332
1686190412.930649,331
1686190412.943153,331
1686190412.959979,331
1686190412.9724727,332
1686190412.9847836,332
1686190413.0010517,331
1686190413.01305,330
1686190413.0254946,331
1686190413.0415444,331
1686190413.0537326,331
1686190413.0664203,331
1686190413.0825112,329
1686190413.0950365,329
1686190413.111065,329
1686190413.1240458,330
1686190413.136222,330
1686190413.1524916,328
1686190413.1644032,327
1686190413.176502,326
1686190413.193516,327
1686190413.2059062,327
1686190413.2182379,326
1686190413.2343342,324
1686190413.246247,323
1686190413.2585964,323
1686190413.2756648,323
1686190413.287703,324
1686190413.3041313,323
1686190413.316555,322
1686190413.328611,322
1686190413.34455,322
1686190413.356531,323
1686190413.3695881,323
1686190413.3855171,323
1686190413.3975544,322
1686190413.410586,322
1686190413.426865,323
1686190413.4385364,324
1686190413.4555213,323
1686190413.4680345,323
1686190413.4805198,322
1686190413.4968326,321
1686190413.5085304,322
1686190413.5205798,322
1686190413.5375872,322
1686190413.549619,321
1686190413.5615475,320
1686190413.5785532,320
1686190413.5909226,320
1686190413.6068487,320
1686190413.6195962,319
1686190413.6315439,318
1686190413.6475298,317
1686190413.660552,318
1686190413.6725316,318
1686190413.6888878,317
1686190413.701565,316
1686190413.7135856,315
1686190413.7295794,315
1686190413.7424972,315
1686190413.7542322,316
1686190413.7709806,316
1686190413.7829187,316
1686190413.7988992,315
1686190413.8119242,315
1686190413.8239093,316
1686190413.8409314,317
1686190413.8529572,317
1686190413.864915,316
1686190413.880917,315
1686190413.8939288,315
1686190413.9060962,316
1686190413.9222338,316
1686190413.934933,314
1686190413.9503517,313
1686190413.963349,313
1686190413.9756992,313
1686190413.992374,314
1686190414.0043678,315
1686190414.0165434,315
1686190414.0324085,315
1686190414.045379,317
1686190414.057637,319
1686190414.073692,321
1686190414.0863924,323
1686190414.0979393,323
1686190414.1144104,324
1686190414.1273973,325
1686190414.1433854,327
1686190414.1556711,328
1686190414.1683993,329
1686190414.1844032,329
1686190414.1967127,330
1686190414.2094126,332
1686190414.2254095,335
1686190414.2376704,338
1686190414.249548,339
1686190414.2666016,341
1686190414.2787974,342
1686190414.2951982,343
1686190414.307403,343
1686190414.3194022,341
1686190414.335909,337
1686190414.3485646,331
1686190414.3605494,325
1686190414.376865,321
1686190414.3896115,317
1686190414.4016168,313
1686190414.4175508,309
1686190414.4305508,306
1686190414.4466915,304
1686190414.4588852,304
1686190414.4705415,305
1686190414.4875607,305
1686190414.499922,305
1686190414.51161,305
1686190414.5285418,306
1686190414.5415404,308
1686190414.5528517,311
1686190414.5695539,312
1686190414.58186,312
1686190414.5941553,313
1686190414.610628,315
1686190414.6225598,317
1686190414.6385539,319
1686190414.6517577,320
1686190414.663318,321
1686190414.6802742,321
1686190414.692272,322
1686190414.7043111,322
1686190414.7210445,321
1686190414.7332923,318
1686190414.7460585,315
1686190414.7619743,313
1686190414.7740626,312
1686190414.7903137,310
1686190414.8029933,310
1686190414.815047,309
1686190414.8319852,310
1686190414.8439636,315
1686190414.855937,322
1686190414.8728082,328
1686190414.8848128,336
1686190414.8968663,342
1686190414.9138305,351
1686190414.9252193,361
1686190414.9386656,372
1686190414.9546916,380
1686190414.9667218,386
1686190414.9826667,390
1686190414.9956155,394
1686190415.0076816,397
1686190415.0243647,397
1686190415.0363986,396
1686190415.0486512,392
1686190415.0653434,387
1686190415.0774934,383
1686190415.0896912,380
1686190415.106359,374
1686190415.1183817,369
1686190415.1344287,363
1686190415.1470945,357
1686190415.159132,352
1686190415.1760964,348
1686190415.1882255,344
1686190415.2001064,340
1686190415.2160044,335
1686190415.2293131,331
1686190415.241271,327
1686190415.2573254,323
1686190415.26999,319
1686190415.2862923,311
1686190415.2983012,301
1686190415.3110368,290
1686190415.3270469,281
1686190415.3389854,271
1686190415.3517728,262
1686190415.367937,254
1686190415.3805895,247
1686190415.3929918,244
1686190415.4091835,242
1686190415.4212623,242
1686190415.4339538,242
1686190415.4500995,243
1686190415.462149,246
1686190415.4784384,249
1686190415.4910917,254
1686190415.5030923,258
1686190415.520099,261
1686190415.5321636,265
1686190415.5450983,269
1686190415.560996,273
1686190415.5730488,279
1686190415.5853097,283
1686190415.6024504,286
1686190415.6139667,290
1686190415.6300166,294
1686190415.6429584,299
1686190415.655031,303
1686190415.6709008,307
1686190415.6829495,310
1686190415.6960096,314
1686190415.7119331,317
1686190415.7249677,321
1686190415.7370272,323
1686190415.7532265,325
1686190415.7656581,325
1686190415.7779334,326
1686190415.7940285,326
1686190415.80599,326
1686190415.8229604,327
1686190415.8349912,326
1686190415.8476882,324
1686190415.8639586,323
1686190415.875938,323
1686190415.888253,323
1686190415.9049537,322
1686190415.9170666,320
1686190415.928936,318
1686190415.9459813,317
1686190415.958009,316
1686190415.9745626,315
1686190415.9869561,314
1686190415.9989324,312
1686190416.014935,310
1686190416.0279644,308
1686190416.0399935,308
1686190416.055912,307
1686190416.0687213,306
1686190416.0806592,304
1686190416.0971906,303
1686190416.1091897,303
1686190416.1259894,303
1686190416.1377754,304
1686190416.1506867,304
1686190416.1670008,303
1686190416.1796677,304
1686190416.191752,305
1686190416.2077293,306
1686190416.2197194,307
1686190416.232689,307
1686190416.248678,307
1686190416.2610042,308
1686190416.2736824,309
1686190416.2898898,311
1686190416.3017225,311
1686190416.3187113,311
1686190416.3307567,311
1686190416.3426847,312
1686190416.3596447,313
1686190416.3717387,314
1686190416.383983,314
1686190416.400672,314
1686190416.4127178,314
1686190416.4248717,315
1686190416.4411776,316
1686190416.453335,318
1686190416.4694226,317
1686190416.4818344,317
1686190416.4948995,317
1686190416.5107234,318
1686190416.5233512,319
1686190416.535637,319
1686190416.5513592,319
1686190416.5644262,318
1686190416.5765944,318
1686190416.5927727,319
1686190416.6051934,320
1686190416.6210573,320
1686190416.6340246,319
1686190416.6459563,318
1686190416.6625361,318
1686190416.6744678,318
1686190416.6872525,319
1686190416.7032094,318
1686190416.7155333,317
1686190416.7276096,316
1686190416.7445521,316
1686190416.7567372,316
1686190416.7687137,316
1686190416.785471,315
1686190416.7974162,314
1686190416.8134184,314
1686190416.8264756,314
1686190416.8384728,315
1686190416.8554063,315
1686190416.8674033,315
1686190416.8794816,314
1686190416.8954322,314
1686190416.908427,314
1686190416.920523,315
1686190416.9366002,315
1686190416.9493892,314
1686190416.965462,313
1686190416.9781737,313
1686190416.9901574,313
1686190417.0064566,314
1686190417.0182126,313
1686190417.0311608,312
1686190417.0471432,311
1686190417.0601678,312
1686190417.0723894,313
1686190417.0883002,313
1686190417.1009922,312
1686190417.113321,311
1686190417.12906,311
1686190417.1420126,311
1686190417.1582317,312
1686190417.170332,312
1686190417.182027,311
1686190417.199085,310
1686190417.2115972,310
1686190417.2230299,311
1686190417.2402997,312
1686190417.2520206,312
1686190417.2645812,312
1686190417.2805953,311
1686190417.292847,312
1686190417.3096364,313
1686190417.3216035,313
1686190417.3339083,313
1686190417.3506863,312
1686190417.3625908,312
1686190417.3746498,312
1686190417.3913388,313
1686190417.4036407,314
1686190417.4163108,314
1686190417.4326243,313
1686190417.444308,313
1686190417.460665,314
1686190417.473759,315
1686190417.485409,315
1686190417.5023742,314
1686190417.5149097,313
1686190417.5268245,314
1686190417.543355,314
1686190417.5553772,315
1686190417.5676594,316
1686190417.5843875,315
1686190417.5965478,315
1686190417.609013,315
1686190417.625104,316
1686190417.637659,317
1686190417.6536572,317
1686190417.6660824,316
1686190417.6780808,316
1686190417.694166,316
1686190417.7071385,318
1686190417.7192907,318
1686190417.736114,318
1686190417.7481308,318
1686190417.7601864,317
1686190417.776111,318
1686190417.7891324,319
1686190417.805295,319
1686190417.8171134,319
1686190417.8301284,318
1686190417.8461428,318
1686190417.8581166,319
1686190417.8711429,320
1686190417.8872395,320
1686190417.8991718,319
1686190417.9121468,319
1686190417.9282157,319
1686190417.9401183,320
1686190417.952651,321
1686190417.968828,321
1686190417.9808226,320
1686190417.997775,320
1686190418.0094943,320
1686190418.0224922,321
1686190418.038846,321
1686190418.050493,321
1686190418.0635078,320
1686190418.0797405,320
1686190418.091895,321
1686190418.1045783,322
1686190418.1208646,322
1686190418.1325645,321
1686190418.148612,320
1686190418.161876,321
1686190418.1738784,322
1686190418.189932,323
1686190418.202901,323
1686190418.2149494,322
1686190418.2308757,322
1686190418.2428708,322
1686190418.2559447,323
1686190418.2722368,323
1686190418.2841969,323
1686190418.3005662,322
1686190418.3132825,322
1686190418.3249266,322
1686190418.3418915,323
1686190418.3538692,324
1686190418.3665006,323
1686190418.3827903,322
1686190418.3955188,322
1686190418.407493,322
1686190418.423536,323
1686190418.4358182,323
1686190418.4485118,322
1686190418.464834,321
1686190418.4765463,321
1686190418.4934916,322
1686190418.505839,323
1686190418.5174909,322
1686190418.5345616,322
1686190418.5465558,322
1686190418.5588684,322
1686190418.5755267,323
1686190418.587565,323
1686190418.599619,322
1686190418.6165178,322
1686190418.628608,322
1686190418.6445,322
1686190418.6575124,323
1686190418.6697888,324
1686190418.6854906,323
1686190418.6984947,322
1686190418.7105103,322
1686190418.7268333,322
1686190418.7390637,323
1686190418.7516344,323
1686190418.7688024,322
1686190418.780112,321
1686190418.7924614,321
1686190418.808692,322
1686190418.8207648,323
1686190418.8375082,323
1686190418.8498704,322
1686190418.8616514,321
1686190418.8781796,321
1686190418.8902402,322
1686190418.9031265,322
1686190418.9194472,322
1686190418.9315605,321
1686190418.9443235,320
1686190418.9604175,321
1686190418.9729414,322
1686190418.9886196,322
1686190419.0014684,322
1686190419.0135021,321
1686190419.0304234,320
1686190419.0423713,321
1686190419.0547886,322
1686190419.0706406,321
1686190419.082939,320
1686190419.0951107,320
1686190419.1117914,320
1686190419.1243274,320
1686190419.1405773,320
1686190419.1528857,321
1686190419.1648707,320
1686190419.1812148,319
1686190419.1938765,320
1686190419.2058697,321
1686190419.2219367,321
1686190419.2348702,320
1686190419.2468867,319
1686190419.2629323,319
1686190419.2748656,320
1686190419.2878911,321
1686190419.3038807,321
1686190419.3158815,320
1686190419.3328786,319
1686190419.3449178,319
1686190419.3568728,319
1686190419.3733003,319
1686190419.3862908,319
1686190419.3986475,318
1686190419.414873,317
1686190419.4268153,317
1686190419.4397085,317
1686190419.4561162,318
1686190419.4680262,317
1686190419.4836779,316
1686190419.4970355,315
1686190419.508744,315
1686190419.5254395,316
1686190419.5375063,317
1686190419.550564,316
1686190419.5664737,315
1686190419.5788429,315
1686190419.5912645,316
1686190419.6075842,317
1686190419.6195083,319
1686190419.632296,320
1686190419.6485593,320
1686190419.6607895,320
1686190419.6773605,321
1686190419.6895814,323
1686190419.7015765,322
1686190419.717539,321
1686190419.7303853,320
1686190419.7418733,319
1686190419.7595062,320
1686190419.771611,321
1686190419.783467,320
1686190419.7997966,319
1686190419.8124652,319
1686190419.8283677,319
1686190419.841093,320
1686190419.8532288,320
1686190419.869558,320
1686190419.8815892,319
1686190419.894161,319
1686190419.9102125,319
1686190419.9232183,320
1686190419.9350998,321
1686190419.9514632,320
1686190419.9634733,319
1686190419.9799602,319
1686190419.992485,319
1686190420.0043113,320
1686190420.0210102,320
1686190420.0334582,319
1686190420.0456936,318
1686190420.0618064,318
1686190420.0746236,319
1686190420.0870874,320
1686190420.1028304,320
1686190420.114859,319
1686190420.1272867,318
1686190420.1441014,318
1686190420.156352,319
1686190420.172489,319
1686190420.1852033,319
1686190420.1975813,318
1686190420.2135296,317
1686190420.226293,318
1686190420.2383213,319
1686190420.254596,319
1686190420.267006,318
1686190420.2784524,317
1686190420.2953322,317
1686190420.3075602,318
1686190420.3233674,319
1686190420.3364086,319
1686190420.3491068,318
1686190420.3654878,317
1686190420.3772175,317
1686190420.389371,318
1686190420.4063628,319
1686190420.4180574,319
1686190420.4306843,318
1686190420.447239,317
1686190420.459444,317
1686190420.4714987,318
1686190420.4875503,319
1686190420.5004025,318
1686190420.5165608,317
1686190420.5295606,316
1686190420.541497,317
1686190420.5575519,318
1686190420.5698032,318
1686190420.582343,317
1686190420.598828,316
1686190420.6110601,316
1686190420.6233234,317
1686190420.6396892,318
1686190420.6520343,318
1686190420.6683912,317
1686190420.6805089,317
1686190420.6933978,317
1686190420.7094493,318
1686190420.7215385,318
1686190420.733489,318
1686190420.7496483,317
1686190420.7622037,316
1686190420.7744782,317
1686190420.790831,317
1686190420.803328,318
1686190420.8198755,317
1686190420.832129,316
1686190420.8445346,316
1686190420.860531,317
1686190420.873308,318
1686190420.8855488,318
1686190420.9015908,318
1686190420.9137778,317
1686190420.926461,317
1686190420.9429834,318
1686190420.9552097,318
1686190420.9674828,318
1686190420.983474,318
1686190420.996206,317
1686190421.0123684,317
1686190421.0245337,318
1686190421.0368502,319
1686190421.0535407,318
1686190421.0656629,318
1686190421.0781214,317
1686190421.0943773,317
1686190421.1069064,318
1686190421.118958,319
1686190421.1351936,318
1686190421.1468956,317
1686190421.1638517,317
1686190421.1755471,318
1686190421.1885786,318
1686190421.2045612,318
1686190421.2165716,318
1686190421.229406,317
1686190421.2461655,317
1686190421.2581644,318
1686190421.2702942,318
1686190421.2871058,318
1686190421.2990282,318
1686190421.3106644,317
1686190421.328009,317
1686190421.3395462,318
1686190421.3555083,319
1686190421.3689995,319
1686190421.381189,318
1686190421.3972166,317
1686190421.4098432,318
1686190421.4222908,319
1686190421.4384065,319
1686190421.450835,319
1686190421.463161,317
1686190421.4795585,317
1686190421.491496,318
1686190421.5082045,319
1686190421.5202596,319
1686190421.532643,318
1686190421.54858,317
1686190421.5608575,317
1686190421.5736272,318
1686190421.5895078,318
1686190421.601718,318
1686190421.614429,317
1686190421.6311018,317
1686190421.6425443,317
1686190421.6589146,317
1686190421.6721346,318
1686190421.683522,318
1686190421.7001345,317
1686190421.7120917,317
1686190421.7251165,317
1686190421.7414868,318
1686190421.753597,318
1686190421.7656848,318
1686190421.7823448,317
1686190421.7943866,317
1686190421.8064065,317
1686190421.823491,318
1686190421.8359737,319
1686190421.8522396,318
1686190421.8636441,318
1686190421.87666,317
1686190421.892551,318
1686190421.904789,319
1686190421.9177866,318
1686190421.933981,318
1686190421.946321,317
1686190421.9585903,317
1686190421.9751515,318
1686190421.9873168,318
1686190422.00326,318
1686190422.016189,317
1686190422.027562,317
1686190422.0446231,317
1686190422.05647,318
1686190422.069366,319
1686190422.0857267,318
1686190422.0974982,318
1686190422.109976,317
1686190422.1260397,318
1686190422.1387696,319
1686190422.1540065,319
1686190422.1675134,318
1686190422.1795084,317
1686190422.1959016,317
1686190422.2076905,318
1686190422.2206693,318
1686190422.236583,318
1686190422.2494204,318
1686190422.2616594,317
1686190422.277518,317
1686190422.290315,318
1686190422.302049,318
1686190422.3187628,318
1686190422.3306046,317
1686190422.3475232,316
1686190422.360208,317
1686190422.3722205,318
1686190422.388423,318
1686190422.4004304,318
1686190422.4130266,317
1686190422.4297776,316
1686190422.4417706,317
1686190422.4538267,318
1686190422.469839,318
1686190422.482794,317
1686190422.4992497,316
1686190422.510785,316
1686190422.5237765,317
1686190422.540203,318
1686190422.5525484,318
1686190422.5645628,317
1686190422.58067,316
1686190422.5928338,316
1686190422.6054015,317
1686190422.6218176,318
1686190422.633968,318
1686190422.6466768,317
1686190422.6625814,316
1686190422.6755211,317
1686190422.691665,318
1686190422.7041152,318
1686190422.7160094,317
1686190422.733012,317
1686190422.7448652,316
1686190422.7567785,317
1686190422.7732866,318
1686190422.786218,318
1686190422.7982664,317
1686190422.8138819,316
1686190422.8267593,316
1686190422.8430274,316
1686190422.8550253,318
1686190422.8676047,318
1686190422.884223,317
1686190422.8964922,317
1686190422.9084775,317
1686190422.9246292,318
1686190422.9373548,318
1686190422.9495666,318
1686190422.965632,317
1686190422.9781086,317
1686190422.99463,317
1686190423.0073376,319
1686190423.0186749,319
1686190423.0356815,318
1686190423.0481553,317
1686190423.0602963,317
1686190423.0766978,317
1686190423.0892363,318
1686190423.1004684,318
1686190423.1176207,317
1686190423.1299157,317
1686190423.141645,316
1686190423.1589208,317
1686190423.171209,317
1686190423.187318,317
1686190423.1993437,316
1686190423.2114766,315
1686190423.2285783,315
1686190423.2405899,316
1686190423.2530646,316
1686190423.2692997,316
1686190423.2812774,315
1686190423.2934303,314
1686190423.3094273,315
1686190423.32217,316
1686190423.338703,316
1686190423.3512678,316
1686190423.36314,315
1686190423.3800526,314
1686190423.3917341,315
1686190423.4044142,316
1686190423.421032,316
1686190423.4329078,316
1686190423.445569,315
1686190423.4618683,315
1686190423.4735577,316
1686190423.4862049,316
1686190423.503402,316
1686190423.5150921,316
1686190423.5307746,315
1686190423.542876,315
1686190423.5557942,316
1686190423.5725522,316
1686190423.584713,316
1686190423.5971153,315
1686190423.613244,315
1686190423.6253033,315
1686190423.6375659,316
1686190423.6537707,316
1686190423.6662116,315
1686190423.6824822,314
1686190423.6952105,314
1686190423.707334,314
1686190423.7233815,314
1686190423.7353263,315
1686190423.7484844,314
1686190423.764545,312
1686190423.7769344,312
1686190423.7893574,313
1686190423.8055103,313
1686190423.8178546,313
1686190423.8343153,312
1686190423.8465493,311
1686190423.8584878,311
1686190423.8755744,312
1686190423.8875356,312
1686190423.899938,312
1686190423.9163501,311
1686190423.9291067,311
1686190423.9411469,311
1686190423.9573724,312
1686190423.969546,313
1686190423.981107,312
1686190423.9982884,312
1686190424.0104566,311
1686190424.0265665,312
1686190424.0389533,313
1686190424.0516953,313
1686190424.0676727,312
1686190424.0798995,311
1686190424.0920615,311
1686190424.1083872,312
1686190424.1212475,313
1686190424.1326554,313
1686190424.1497235,312
1686190424.161749,311
1686190424.1781597,311
1686190424.1901991,313
1686190424.2026377,313
1686190424.2195606,313
1686190424.23156,312
1686190424.2437518,312
1686190424.259829,313
1686190424.2728136,314
1686190424.285272,314
1686190424.3014708,314
1686190424.3133068,314
1686190424.329579,313
1686190424.3418312,314
1686190424.3547404,315
1686190424.371032,315
1686190424.3824878,315
1686190424.3953438,314
1686190424.4121828,314
1686190424.4242673,316
1686190424.4364412,317
1686190424.4529984,317
1686190424.4649334,316
1686190424.4775271,316
1686190424.4935524,316
1686190424.506043,317
1686190424.5225132,318
1686190424.5345259,318
1686190424.546519,317
1686190424.5635717,317
1686190424.576125,317
1686190424.5881696,319
1686190424.6040158,319
1686190424.6159642,319
1686190424.6292112,318
1686190424.6450899,318
1686190424.6574593,319
1686190424.673537,320
1686190424.6864488,321
1686190424.6993737,321
1686190424.715466,320
1686190424.7273185,320
1686190424.7396655,321
1686190424.7557487,322
1686190424.7684171,322
1686190424.7807279,322
1686190424.7972283,321
1686190424.8094773,321
1686190424.8214839,322
1686190424.8376489,323
1686190424.8501616,323
1686190424.8662357,322
1686190424.8787858,322
1686190424.890939,323
1686190424.9067392,323
1686190424.920222,324
1686190424.9322824,323
1686190424.9485278,323
1686190424.9602282,323
1686190424.9732783,323
1686190424.9895217,324
1686190425.0013304,324
1686190425.0180283,323
1686190425.0303285,323
1686190425.0420718,323
1686190425.0591857,323
1686190425.071061,324
1686190425.0833354,324
1686190425.1000383,323
1686190425.1120238,322
1686190425.124014,322
1686190425.141094,323
1686190425.1533546,323
1686190425.169017,322
1686190425.1820664,321
1686190425.194103,320
1686190425.2108378,320
1686190425.222907,320
1686190425.2354097,320
1686190425.2517817,320
1686190425.2638173,319
1686190425.2760696,319
1686190425.292497,319
1686190425.305106,320
1686190425.3171015,321
1686190425.3330312,321
1686190425.3450317,321
1686190425.36203,321
1686190425.3743534,323
1686190425.3869007,325
1686190425.4030871,327
1686190425.415047,327
1686190425.4271226,328
1686190425.4441006,330
1686190425.456095,334
1686190425.4680257,337
1686190425.484733,340
1686190425.496709,342
1686190425.513782,344
1686190425.5257154,347
1686190425.5377886,350
1686190425.5547342,352
1686190425.5667274,353
1686190425.5787165,353
1686190425.5957994,354
1686190425.6077335,354
1686190425.6197438,355
1686190425.6367855,355
1686190425.6487286,353
1686190425.6610496,351
1686190425.6777127,349
1686190425.6897342,348
1686190425.7060664,347
1686190425.7177722,346
1686190425.7307374,342
1686190425.7467847,340
1686190425.7598023,338
1686190425.771869,338
1686190425.7880726,337
1686190425.8008013,336
1686190425.8127391,334
1686190425.829083,333
1686190425.8410757,333
1686190425.8577127,333
1686190425.8700507,333
1686190425.882086,332
1686190425.898718,331
1686190425.9107404,331
1686190425.9230595,332
1686190425.9397438,333
1686190425.9518836,333
1686190425.9640386,333
1686190425.9808075,332
1686190425.9927552,332
1686190426.0050259,333
1686190426.0217366,334
1686190426.0337296,334
1686190426.0507298,333
1686190426.0627754,332
1686190426.0747786,333
1686190426.0909626,333
1686190426.1037364,332
1686190426.1157851,329
1686190426.1320732,323
1686190426.1444964,317
1686190426.1564145,309
1686190426.172825,302
1686190426.1852014,294
1686190426.2012165,287
1686190426.2142203,280
1686190426.2261972,275
1686190426.242486,272
1686190426.255237,271
1686190426.2673213,270
1686190426.2835455,270
1686190426.2956114,270
1686190426.3085556,272
1686190426.3242846,275
1686190426.3362954,279
1686190426.3532457,282
1686190426.3658528,285
1686190426.3779137,287
1686190426.3946059,291
1686190426.4066627,294
1686190426.4189107,297
1686190426.4356134,298
1686190426.4476569,298
1686190426.4591804,298
1686190426.475883,299
1686190426.4885578,299
1686190426.5006378,300
1686190426.516615,300
1686190426.5296328,300
1686190426.5458102,299
1686190426.5575976,302
1686190426.570568,304
1686190426.5866287,307
1686190426.5985703,312
1686190426.6115568,318
1686190426.6278138,329
1686190426.6399176,341
1686190426.6525605,354
1686190426.6688447,365
1686190426.6805704,374
1686190426.6966102,382
1686190426.7097275,387
1686190426.7218568,393
1686190426.7385406,394
1686190426.750594,396
1686190426.7628376,396
1686190426.779643,392
1686190426.7911286,390
1686190426.8040705,388
1686190426.820277,383
1686190426.8320804,379
1686190426.8485188,372
1686190426.8610685,366
1686190426.873408,362
1686190426.8900905,357
1686190426.9021356,353
1686190426.9143767,347
1686190426.9310725,343
1686190426.9431255,338
1686190426.955144,335
1686190426.9716187,332
1686190426.984341,329
1686190426.996024,325
1686190427.0127017,320
1686190427.0247698,318
1686190427.040759,316
1686190427.0537064,314
1686190427.0657096,309
1686190427.082721,303
1686190427.0947924,296
1686190427.1067927,288
1686190427.1241183,281
1686190427.1357002,273
1686190427.1477666,266
1686190427.1640375,259
1686190427.1767168,254
1686190427.1930487,251
1686190427.2050261,249
1686190427.217706,248
1686190427.2337308,248
1686190427.246024,248
1686190427.2580729,250
1686190427.275066,252
1686190427.287142,256
1686190427.2990484,258
1686190427.3160691,261
1686190427.3280926,264
1686190427.3400273,268
1686190427.357025,272
1686190427.3690796,276
1686190427.3853178,279
1686190427.398027,282
1686190427.410185,285
1686190427.4260218,289
1686190427.4383483,293
1686190427.4510753,297
1686190427.4670722,300
1686190427.4793253,302
1686190427.4921896,305
1686190427.5081792,308
1686190427.520106,312
1686190427.5361135,315
1686190427.5491526,316
1686190427.5611658,317
1686190427.578127,319
1686190427.5901396,321
1686190427.602495,323
1686190427.6188142,324
1686190427.6305053,324
1686190427.643509,323
1686190427.6599588,323
1686190427.671824,324
1686190427.6874204,324
1686190427.700763,323
1686190427.7124527,322
1686190427.7294471,320
1686190427.7415283,320
1686190427.7538197,320
1686190427.7705157,320
1686190427.7827525,319
1686190427.794812,318
1686190427.811453,317
1686190427.8241165,316
1686190427.8357646,316
1686190427.8526933,315
1686190427.8644502,314
1686190427.8808117,312
1686190427.893469,312
1686190427.9055336,312
1686190427.9214668,312
1686190427.9345188,311
1686190427.946794,310
1686190427.962764,309
1686190427.9754648,309
1686190427.9875233,310
1686190428.0036833,310
1686190428.0163867,310
1686190428.0324461,309
1686190428.0444198,309
1686190428.0573602,309
1686190428.0736074,310
1686190428.0859132,311
1686190428.0975127,310
1686190428.1145182,309
1686190428.1267872,309
1686190428.138698,309
1686190428.1554663,310
1686190428.1677623,310
1686190428.1835196,310
1686190428.1964512,309
1686190428.2088091,308
1686190428.224816,308
1686190428.2374694,309
1686190428.249553,308
1686190428.265453,307
1686190428.2785168,306
1686190428.2905257,306
1686190428.3064716,307
1686190428.3194644,307
1686190428.3316576,306
1686190428.3477645,305
1686190428.3604684,305
1686190428.3764496,305
1686190428.388791,306
1686190428.4014986,306
1686190428.4175024,305
1686190428.429518,304
1686190428.4415858,304
1686190428.4584627,305
1686190428.4712002,305
1686190428.4831288,306
1686190428.499455,305
1686190428.5114925,304
1686190428.5271833,304
1686190428.540127,305
1686190428.552465,306
1686190428.5691283,306
1686190428.581447,306
1686190428.5940542,305
1686190428.610169,306
1686190428.622304,307
1686190428.634039,308
1686190428.6510751,308
1686190428.6629648,308
1686190428.6753275,308
1686190428.6920354,309
1686190428.7039719,310
1686190428.7199647,310
1686190428.733277,310
1686190428.746058,310
1686190428.7619674,310
1686190428.7742622,311
1686190428.7860272,312
1686190428.80196,312
1686190428.8149674,312
1686190428.8269663,311
1686190428.8432922,312
1686190428.855978,313
1686190428.872281,314
1686190428.883965,314
1686190428.8968885,314
1686190428.9131565,313
1686190428.9258287,314
1686190428.9378834,315
1686190428.9541512,317
1686190428.966188,317
1686190428.9788783,316
1686190428.9949927,316
1686190429.0075877,317
1686190429.0230176,318
1686190429.036078,319
1686190429.0478587,319
1686190429.064933,318
1686190429.077145,318
1686190429.0895073,319
1686190429.1060102,321
1686190429.118334,321
1686190429.1302953,321
1686190429.146419,320
1686190429.1590626,321
1686190429.1709838,322
1686190429.1869895,323
1686190429.2001858,323
1686190429.2160456,322
1686190429.2281938,322
1686190429.24107,323
1686190429.2569907,323
1686190429.2700114,325
1686190429.2819827,324
1686190429.2982705,324
1686190429.309978,324
1686190429.3230066,324
1686190429.3390024,325
1686190429.3513052,326
1686190429.3670387,326
1686190429.3801026,325
1686190429.3923132,325
1686190429.408988,326
1686190429.4210572,327
1686190429.4339805,327
1686190429.4500268,326
1686190429.4620695,326
1686190429.4740458,326
1686190429.4910436,326
1686190429.5030494,327
1686190429.5149593,328
1686190429.5312815,327
1686190429.5440435,326
1686190429.5606198,327
1686190429.573046,328
1686190429.584978,328
1686190429.6009796,328
1686190429.6132824,328
1686190429.6260474,327
1686190429.642105,328
1686190429.6547682,329
1686190429.66704,330
1686190429.6829596,329
1686190429.6953275,329
1686190429.7115912,328
1686190429.724341,330
1686190429.7366436,331
1686190429.7526262,331
1686190429.7652934,330
1686190429.7774515,329
1686190429.7936416,330
1686190429.8062923,330
1686190429.8183582,331
1686190429.8346167,330
1686190429.8472724,329
1686190429.8632734,328
1686190429.875541,328
1686190429.8882918,329
1686190429.9039996,329
1686190429.916069,328
1686190429.9290135,327
1686190429.9450636,326
1686190429.9570615,327
1686190429.9700758,328
1686190429.9863188,328
1686190429.998325,327
1686190430.011071,326
1686190430.0270033,326
1686190430.0399985,326
1686190430.0560176,327
1686190430.0682151,327
1686190430.080106,327
1686190430.097087,326
1686190430.1091602,326
1686190430.121313,326
1686190430.138018,327
1686190430.150199,327
1686190430.162057,326
1686190430.1780565,325
1686190430.1910012,325
1686190430.2073817,326
1686190430.2200396,326
1686190430.2320051,326
1686190430.2480571,325
1686190430.2605686,324
1686190430.2730448,324
1686190430.2890291,325
1686190430.301696,326
1686190430.3135529,325
1686190430.330391,324
1686190430.3428254,324
1686190430.3545833,325
1686190430.3715036,326
1686190430.3832273,326
1686190430.3993979,325
1686190430.4119368,324
1686190430.4247875,324
1686190430.4405637,324
1686190430.452591,325
1686190430.4655633,325
1686190430.4818578,324
1686190430.4936192,323
1686190430.5064745,323
1686190430.5228248,324
1686190430.535538,325
1686190430.551655,324
1686190430.564246,323
1686190430.575723,322
1686190430.5926247,323
1686190430.6046042,323
1686190430.6169302,324
1686190430.6337543,323
1686190430.6459794,322
1686190430.658397,322
1686190430.674559,322
1686190430.6863015,323
1686190430.7025805,323
1686190430.7155747,322
1686190430.7277956,321
1686190430.7437649,321
1686190430.7564595,322
1686190430.7688756,322
1686190430.785383,322
1686190430.7974539,321
1686190430.809616,320
1686190430.8253849,320
1686190430.8383868,321
1686190430.850446,322
1686190430.866401,321
1686190430.8793871,320
1686190430.895455,320
1686190430.9074485,320
1686190430.9204,321
1686190430.9364505,321
1686190430.9484532,321
1686190430.960451,319
1686190430.9773996,319
1686190430.9897406,320
1686190431.0020764,320
1686190431.017862,320
1686190431.0308704,319
1686190431.046174,318
1686190431.05882,318
1686190431.0718155,318
1686190431.0878131,319
1686190431.0997188,319
1686190431.1127603,318
1686190431.1292615,317
1686190431.1414206,317
1686190431.1536698,317
1686190431.1699164,317
1686190431.1818779,317
1686190431.194399,315
1686190431.2117245,314
1686190431.2229106,314
1686190431.23955,314
1686190431.2522857,314
1686190431.2643223,314
1686190431.2803664,314
1686190431.2924316,314
1686190431.3054492,314
1686190431.321862,315
1686190431.333747,316
1686190431.3457673,316
1686190431.3624496,315
1686190431.3751166,316
1686190431.3905306,318
1686190431.4035316,319
1686190431.415189,319
1686190431.4314325,319
1686190431.444489,318
1686190431.45678,319
1686190431.4732418,320
1686190431.485372,321
1686190431.497682,320
1686190431.5137033,319
1686190431.5259874,319
1686190431.5423558,319
1686190431.5550935,320
1686190431.5670347,321
1686190431.5840757,320
1686190431.5962436,319
1686190431.6083677,319
1686190431.6244226,320
1686190431.637634,321
1686190431.6491718,321
1686190431.6659265,320
1686190431.677757,319
1686190431.6902103,318
1686190431.7066371,319
1686190431.7182634,319
1686190431.7348335,319
1686190431.747884,318
1686190431.7606537,317
1686190431.7761483,317
1686190431.7881432,318
1686190431.8011746,319
1686190431.817274,318
1686190431.8289468,317
1686190431.8419263,317
1686190431.857905,317
1686190431.8696747,318
1686190431.8864908,319
1686190431.8987446,318
1686190431.9113445,317
1686190431.9280717,317
1686190431.9400642,318
1686190431.9521158,319
1686190431.9687762,318
1686190431.9807923,318
1686190431.9934678,317
1686190432.0101237,317
1686190432.0218585,318
1686190432.0344088,318
1686190432.0503244,318
1686190432.0628254,318
1686190432.0789618,317
1686190432.091273,317
1686190432.1049883,318
1686190432.1210518,318
1686190432.1318507,318
1686190432.1448271,316
1686190432.161333,316
1686190432.17353,316
1686190432.185723,317
1686190432.2022126,317
1686190432.2142534,316
1686190432.2308326,315
1686190432.2424734,315
1686190432.2552052,315
1686190432.271948,315
1686190432.2842424,315
1686190432.2965336,314
1686190432.312299,312
1686190432.3248234,312
1686190432.3377814,312
1686190432.3531847,313
1686190432.3656983,313
1686190432.3824873,313
1686190432.3948133,312
1686190432.4068716,312
1686190432.4229975,314
1686190432.4353635,315
1686190432.448319,315
1686190432.4648364,314
1686190432.476646,314
1686190432.48908,315
1686190432.5056095,316
1686190432.5176005,317
1686190432.5297568,316
1686190432.5463362,315
1686190432.5581849,315
1686190432.5742335,316
1686190432.586905,316
1686190432.6000261,317
1686190432.6162624,316
1686190432.628265,315
1686190432.6404786,315
1686190432.656984,316
1686190432.6685328,317
1686190432.6808908,317
1686190432.6972935,316
1686190432.7102535,316
1686190432.7264721,317
1686190432.7381344,318
1686190432.7506397,319
1686190432.7673693,318
1686190432.7795713,317
1686190432.791841,317
1686190432.8085303,317
1686190432.8203588,319
1686190432.8332753,319
1686190432.849333,318
1686190432.8617353,317
1686190432.878182,317
1686190432.890232,318
1686190432.9025238,319
1686190432.9189396,319
1686190432.9311104,319
1686190432.94393,317
1686190432.9599524,317
1686190432.9722962,318
1686190432.9838517,319
1686190433.0012605,318
1686190433.0135665,317
1686190433.0250227,317
1686190433.041058,317
1686190433.0538797,318
1686190433.07039,318
1686190433.0828755,318
1686190433.094509,317
1686190433.1115656,316
1686190433.123693,317
1686190433.1367993,318
1686190433.1519053,318
1686190433.165112,318
1686190433.1772304,317
1686190433.193481,317
1686190433.20515,318
1686190433.2211654,318
1686190433.233987,319
1686190433.2468975,317
1686190433.262895,317
1686190433.27489,317
1686190433.2868898,318
1686190433.3038902,318
1686190433.3160572,318
1686190433.3280566,317
1686190433.3450572,316
1686190433.3570573,317
1686190433.3690572,317
1686190433.3850877,318
1686190433.3981054,318
1686190433.4141757,317
1686190433.4266577,316
1686190433.4387186,316
1686190433.4556425,317
1686190433.4678264,317
1686190433.4805946,316
1686190433.4967327,315
1686190433.5091658,315
1686190433.521211,315
1686190433.5378435,315
1686190433.5491226,314
1686190433.566178,313
1686190433.5784237,311
1686190433.5910006,310
1686190433.6069777,310
1686190433.6194072,310
1686190433.6318696,309
1686190433.6482193,307
1686190433.6604464,305
1686190433.6718874,304
1686190433.688366,304
1686190433.7011702,303
1686190433.717193,302
1686190433.730197,300
1686190433.7423425,298
1686190433.7587163,297
1686190433.771022,297
1686190433.7827365,296
1686190433.7997086,294
1686190433.811816,292
1686190433.8239477,290
1686190433.8408306,290
1686190433.8529785,290
1686190433.865487,289
1686190433.8818684,287
1686190433.8937142,285
1686190433.9097788,284
1686190433.9220388,284
1686190433.9352,284
1686190433.9511886,283
1686190433.9636958,281
1686190433.976012,279
1686190433.9920347,279
1686190434.0040767,279
1686190434.0165024,279
1686190434.0332644,279
1686190434.0456533,278
1686190434.0618005,277
1686190434.073597,278
1686190434.0866024,279
1686190434.1028788,280
1686190434.1148834,280
1686190434.1269765,280
1686190434.1440012,280
1686190434.155722,282
1686190434.1686637,283
1686190434.1838813,285
1686190434.196873,285
1686190434.2133482,285
1686190434.225642,286
1686190434.2375357,288
1686190434.254017,290
1686190434.2663453,292
1686190434.2789812,292
1686190434.2947154,293
1686190434.3077152,295
1686190434.319831,297
1686190434.3362172,300
1686190434.3482754,301
1686190434.3603313,302
1686190434.3772314,304
1686190434.3889315,306
1686190434.4056492,309
1686190434.417429,311
1686190434.430478,313
1686190434.44644,314
1686190434.459098,315
1686190434.4712913,318
1686190434.4870481,321
1686190434.4996138,322
1686190434.5123422,324
1686190434.5284126,325
1686190434.541263,326
1686190434.5569868,328
1686190434.569672,331
1686190434.5821643,332
1686190434.598456,333
1686190434.6100206,333
1686190434.6231482,335
1686190434.6391892,337
1686190434.6518393,339
1686190434.6638606,340
1686190434.6802986,340
1686190434.6926148,341
1686190434.7048914,342
1686190434.7208867,344
1686190434.7330513,345
1686190434.7499804,345
1686190434.762184,345
1686190434.7743595,346
1686190434.791021,347
1686190434.8027387,349
1686190434.8156228,350
1686190434.8320074,350
1686190434.8440533,350
1686190434.855919,350
1686190434.8729565,352
1686190434.8852673,353
1686190434.9012399,353
1686190434.913298,352
1686190434.926202,351
1686190434.941851,351
1686190434.9545898,351
1686190434.9672513,352
1686190434.9834244,351
1686190434.9953697,350
1686190435.008871,349
1686190435.0239213,349
1686190435.0365996,350
1686190435.0523994,350
1686190435.0653327,349
1686190435.077482,347
1686190435.093867,346
1686190435.106304,346
1686190435.1181765,347
1686190435.1348972,346
1686190435.1472483,344
1686190435.159598,342
1686190435.175918,342
1686190435.1877294,342
1686190435.1999314,342
1686190435.2163525,341
1686190435.2288725,340
1686190435.245504,338
1686190435.257565,338
1686190435.270098,338
1686190435.2858322,338
1686190435.2990181,337
1686190435.3109162,335
1686190435.3275232,334
1686190435.3398962,334
1686190435.3520424,333
1686190435.3687413,333
1686190435.3799293,332
1686190435.395943,330
1686190435.4098184,329
1686190435.4217598,329
1686190435.438206,329
1686190435.4505038,328
1686190435.4629092,327
1686190435.4788146,326
1686190435.4907932,325
1686190435.5035148,326
1686190435.5191433,326
1686190435.5322433,326
1686190435.5437822,324
1686190435.5607283,323
1686190435.5730913,323
1686190435.589028,324
1686190435.6016543,324
1686190435.6135547,323
1686190435.6305943,322
1686190435.642837,322
1686190435.654672,322
1686190435.6711702,323
1686190435.6831694,323
1686190435.6957312,322
1686190435.7119079,322
1686190435.7249918,321
1686190435.7409594,321
1686190435.7533517,322
1686190435.765412,322
1686190435.7813451,321
1686190435.7940273,320
1686190435.8066306,320
1686190435.823076,321
1686190435.835008,321
1686190435.8470886,321
1686190435.86384,320
1686190435.8761792,319
1686190435.887977,319
1686190435.9047875,319
1686190435.916961,320
1686190435.9336274,319
1686190435.9456224,318
1686190435.958278,318
1686190435.9745781,318
1686190435.9866278,319
1686190435.998963,319
1686190436.0149324,318
1686190436.0281005,317
1686190436.039983,317
1686190436.0558891,317
1686190436.0688767,318
1686190436.085273,318
1686190436.0974576,318
1686190436.1092923,317
1686190436.12603,317
1686190436.1389146,318
1686190436.1508584,318
1686190436.167066,318
1686190436.1787794,318
1686190436.1912134,317
1686190436.2080219,317
1686190436.220261,319
1686190436.2361026,319
1686190436.2491655,319
1686190436.261006,318
1686190436.2776222,318
1686190436.2901263,318
1686190436.301833,319
1686190436.3183753,319
1686190436.3306937,319
1686190436.343068,318
1686190436.3592286,318
1686190436.37189,319
1686190436.384241,320
1686190436.3996868,320
1686190436.412418,319
1686190436.4291062,319
1686190436.441088,319
1686190436.4536476,320
1686190436.4701061,321
1686190436.4826121,321
1686190436.4945447,320
1686190436.5108268,319
1686190436.523529,320
1686190436.536135,320
1686190436.5515225,320
1686190436.5645947,320
1686190436.580629,319
1686190436.5925837,319
1686190436.6046224,319
1686190436.6216035,320
1686190436.63387,320
1686190436.64559,319
1686190436.6625814,319
1686190436.6745937,319
1686190436.6875293,319
1686190436.7036014,320
1686190436.715524,320
1686190436.7315228,319
1686190436.7445252,319
1686190436.7567306,319
1686190436.7725868,319
1686190436.7855334,321
1686190436.7977972,320
1686190436.8138933,320
1686190436.8265896,319
1686190436.838691,320
1686190436.8545818,321
1686190436.8675807,322
1686190436.879751,321
1686190436.8955436,320
1686190436.9085803,320
1686190436.9246452,320
1686190436.9369311,321
1686190436.9496086,321
1686190436.9656024,320
1686190436.977535,319
1686190436.9895306,319
1686190437.006617,319
1686190437.0185292,320
1686190437.0305831,320
1686190437.04738,319
1686190437.0595658,319
1686190437.0758872,319
1686190437.0885324,320
1686190437.1005104,320
1686190437.116841,320
1686190437.1296065,319
1686190437.1415756,319
1686190437.1578841,319
1686190437.170176,320
1686190437.182917,321
1686190437.198428,320
1686190437.211501,319
1686190437.2237537,319
1686190437.2394924,320
1686190437.2524276,320
1686190437.2684262,320
1686190437.281012,318
1686190437.2930195,317
1686190437.310076,317
1686190437.3220658,318
1686190437.3343449,319
1686190437.3510585,320
1686190437.363005,321
1686190437.3753095,324
1686190437.3910203,327
1686190437.4040685,332
1686190437.420362,337
1686190437.4326518,342
1686190437.4453533,347
1686190437.4614174,352
1686190437.4735186,358
1686190437.486049,364
1686190437.502342,370
1686190437.514689,373
1686190437.5273979,376
1686190437.5433426,378
1686190437.5553591,379
1686190437.5713418,378
1686190437.584338,374
1686190437.5964124,367
1686190437.6124046,358
1686190437.6254094,347
1686190437.6377184,334
1686190437.653402,322
1686190437.6664221,310
1686190437.6784449,299
1686190437.6946707,290
1686190437.7063522,284
1686190437.7193377,281
1686190437.7353413,279
1686190437.7484233,277
1686190437.7643425,276
1686190437.7766514,276
1686190437.7883928,279
1686190437.8054092,281
1686190437.817503,284
1686190437.8293364,286
1686190437.84641,287
1686190437.8584082,289
1686190437.8707,293
1686190437.8873587,296
1686190437.899357,297
1686190437.915686,298
1686190437.928339,299
1686190437.9404933,299
1686190437.9563541,299
1686190437.9694216,299
1686190437.9817677,297
1686190437.9980505,297
1686190438.010403,296
1686190438.0223594,297
1686190438.0383961,301
1686190438.0513399,307
1686190438.0634332,315
1686190438.0797288,324
1686190438.0913424,335
1686190438.1086557,346
1686190438.120901,357
1686190438.133049,365
1686190438.1491625,371
1686190438.1619046,375
1686190438.173905,377
1686190438.1898293,380
1686190438.2029169,382
1686190438.2148454,381
1686190438.2308683,379
1686190438.2431982,376
1686190438.2599409,372
1686190438.2723653,370
1686190438.284501,365
1686190438.30087,360
1686190438.3129227,355
1686190438.3255005,349
1686190438.3414922,343
1686190438.354175,340
1686190438.3664987,335
1686190438.3822236,330
1686190438.3951292,325
1686190438.4111073,319
1686190438.4241142,316
1686190438.4361773,313
1686190438.4521,310
1686190438.4651878,307
1686190438.4771752,304
1686190438.4934452,301
1686190438.505555,300
1686190438.5176506,298
1686190438.533994,298
1686190438.5463238,296
1686190438.5589933,295
1686190438.5753202,294
1686190438.587015,293
1686190438.6040149,292
1686190438.6160676,289
1686190438.6286812,282
1686190438.645376,275
1686190438.656794,271
1686190438.6697974,267
1686190438.685781,264
1686190438.697783,260
1686190438.7107847,257
1686190438.726848,255
1686190438.7387793,254
1686190438.754724,255
1686190438.7679062,256
1686190438.7797885,257
1686190438.7957327,259
1686190438.8088548,262
1686190438.8207188,267
1686190438.8377893,272
1686190438.849731,276
1686190438.861806,278
1686190438.8787875,281
1686190438.890796,286
1686190438.9066806,290
1686190438.9197402,295
1686190438.9316616,299
1686190438.9479692,303
1686190438.9607437,307
1686190438.9726555,313
1686190438.989024,320
1686190439.0006607,324
1686190439.0137262,327
1686190439.0300512,329
1686190439.0423422,330
1686190439.0541058,331
1686190439.0711303,332
1686190439.0830553,332
1686190439.0993676,332
1686190439.1120522,330
1686190439.1242003,330
1686190439.1407855,329
1686190439.1529098,329
1686190439.1648147,327
1686190439.1817696,325
1686190439.1937566,323
1686190439.205702,321
1686190439.2227008,321
1686190439.2347012,320
1686190439.2507205,319
1686190439.2627592,317
1686190439.2757723,314
1686190439.2917616,312
1686190439.3047671,311
1686190439.316961,309
1686190439.333117,306
1686190439.3450437,304
1686190439.3570359,302
1686190439.3740811,301
1686190439.386275,301
1686190439.3980675,300
1686190439.4150195,298
1686190439.4270697,297
1686190439.4430108,297
1686190439.4560244,297
1686190439.4680707,299
1686190439.4850206,299
1686190439.497089,299
1686190439.5091968,299
1686190439.525376,301
1686190439.5380292,303
1686190439.550054,305
1686190439.5670173,306
1686190439.5790942,306
1686190439.5950103,306
1686190439.607068,307
1686190439.6201024,309
1686190439.6361206,310
1686190439.6480787,311
1686190439.661084,310
1686190439.677126,311
1686190439.6893668,312
1686190439.7010095,313
1686190439.7183833,314
1686190439.7303457,314
1686190439.7463567,314
1686190439.7590115,314
1686190439.7710743,315
1686190439.7873418,316
1686190439.8000174,317
1686190439.8123164,316
1686190439.828669,315
1686190439.8410838,316
1686190439.8530886,317
1686190439.8693156,318
1686190439.882065,318
1686190439.89424,317
1686190439.9110122,316
1686190439.923028,317
1686190439.9390767,318
1686190439.9510763,319
1686190439.9640737,319
1686190439.980562,318
1686190439.992078,318
1686190440.0040262,319
1686190440.02101,320
1686190440.0333822,320
1686190440.0450644,320
1686190440.0620754,319
1686190440.0743318,319
1686190440.0900207,320
1686190440.1030135,321
1686190440.1150727,321
1686190440.1310437,320
1686190440.1440032,319
1686190440.1560571,319
1686190440.1721315,320
1686190440.1851695,321
1686190440.1974442,320
1686190440.2134383,319
1686190440.225947,319
1686190440.238145,320
1686190440.254403,321
1686190440.2671447,322
1686190440.283236,321
1686190440.2953994,321
1686190440.308144,321
1686190440.3242671,321
1686190440.3366983,322
1686190440.349097,323
1686190440.3650258,322
1686190440.377433,321
1686190440.3900182,321
1686190440.4060755,322
1686190440.418323,323
1686190440.4340231,323
1686190440.447146,322
1686190440.4593387,322
1686190440.4760234,322
1686190440.488032,323
1686190440.5001023,324
1686190440.5170214,324
1686190440.5287979,323
1686190440.5410092,322
1686190440.5577278,323
1686190440.5698016,324
1686190440.5860434,324
1686190440.5987802,324
1686190440.6112356,323
1686190440.627124,322
1686190440.6398134,323
1686190440.6519237,323
1686190440.6680517,323
1686190440.6807795,323
1686190440.693065,322
1686190440.7090569,322
1686190440.721743,323
1686190440.7339733,324
1686190440.7499564,324
1686190440.762058,324
1686190440.7785509,323
1686190440.7905622,323
1686190440.803637,324
1686190440.820228,325
1686190440.8325508,325
1686190440.8447611,324
1686190440.860859,323
1686190440.8729239,324
1686190440.8856246,324
1686190440.9015586,325
1686190440.9136102,324
1686190440.9299574,323
1686190440.9424076,323
1686190440.9550567,323
1686190440.9713912,324
1686190440.9829607,324
1686190440.996016,324
1686190441.0120173,323
1686190441.0240152,323
1686190441.0370193,324
1686190441.0532818,325
1686190441.065926,325
1686190441.0779982,324
1686190441.0939827,323
1686190441.106005,323
1686190441.1229424,324
1686190441.1350062,325
1686190441.1472733,324
1686190441.1639984,323
1686190441.1762133,322
1686190441.1879437,323
1686190441.2049906,324
1686190441.2169988,324
1686190441.228926,323
1686190441.2459974,322
1686190441.258074,322
1686190441.2740076,322
1686190441.2870028,323
1686190441.2990093,324
1686190441.3155303,323
1686190441.3277726,322
1686190441.339498,322
1686190441.356519,322
1686190441.368455,323
1686190441.3807979,323
1686190441.3975065,322
1686190441.4094486,322
1686190441.4258075,322
1686190441.438502,323
1686190441.4506314,324
1686190441.4665062,323
1686190441.4794471,323
1686190441.4914827,322
1686190441.507424,322
1686190441.5204837,323
1686190441.532074,324
1686190441.5481436,323
1686190441.5611305,322
1686190441.5731294,322
1686190441.5891535,322
1686190441.6020865,323
1686190441.6184034,323
1686190441.6310809,322
1686190441.643234,321
1686190441.659405,321
1686190441.67214,322
1686190441.6841323,322
1686190441.7000773,322
1686190441.7123897,321
1686190441.7250655,321
1686190441.7418857,321
1686190441.7536335,322
1686190441.7696328,322
1686190441.7826302,321
1686190441.7946491,321
1686190441.8106358,320
1686190441.8227847,321
1686190441.835711,321
1686190441.851833,322
1686190441.8638313,321
1686190441.8769815,320
1686190441.8933322,320
1686190441.9054348,321
1686190441.9175794,321
1686190441.9334323,321
1686190441.9463885,320
1686190441.9619982,319
1686190441.9750245,319
1686190441.9866278,320
1686190442.003668,321
1686190442.0153022,321
1686190442.0282276,320
1686190442.044647,319
1686190442.0571868,319
1686190442.0690086,320
1686190442.0849903,320
1686190442.0970852,320
1686190442.113987,319
1686190442.127227,318
1686190442.139032,318
1686190442.1552901,319
1686190442.167496,319
1686190442.1797278,318
1686190442.1961596,317
1686190442.2078798,317
1686190442.2209454,317
1686190442.2369065,318
1686190442.2496898,318
1686190442.2649956,317
1686190442.2777278,316
1686190442.2907376,316
1686190442.306862,316
1686190442.3188758,317
1686190442.3313675,316
1686190442.3479297,315
1686190442.3598583,314
1686190442.3721116,314
1686190442.3878515,315
1686190442.4008543,316
1686190442.4128485,315
1686190442.4290388,314
1686190442.4420538,313
1686190442.4580922,313
1686190442.4701092,314
1686190442.4820347,315
1686190442.4990358,314
1686190442.5110362,313
1686190442.5238733,313
1686190442.5400481,313
1686190442.5520403,314
1686190442.5640926,314
1686190442.5806859,313
1686190442.5926862,313
1686190442.6096125,312
1686190442.6217742,313
1686190442.6337237,314
1686190442.6507285,313
1686190442.6627126,312
1686190442.6747282,312
1686190442.6917257,312
1686190442.704132,312
1686190442.7167163,313
1686190442.7327294,313
1686190442.744711,312
1686190442.7602036,312
1686190442.7731988,313
1686190442.7854786,314
1686190442.8013914,314
1686190442.8143826,314
1686190442.8264806,314
1686190442.8434048,314
1686190442.8548923,315
1686190442.8678308,316
1686190442.8841612,316
1686190442.896317,315
1686190442.908989,315
1686190442.9252045,315
1686190442.937381,316
1686190442.953398,317
1686190442.965854,317
1686190442.9785047,317
1686190442.9949737,316
1686190443.0071456,317
1686190443.0194337,318
1686190443.0356975,319
1686190443.04798,319
1686190443.0605018,318
1686190443.0765126,318
1686190443.0892482,319
1686190443.1050067,319
1686190443.1177485,319
1686190443.1301463,318
1686190443.1464345,318
1686190443.158675,317
1686190443.170663,317
1686190443.1869419,317
1686190443.1989474,317
1686190443.21222,316
1686190443.228439,316
1686190443.2404814,316
1686190443.2571847,316
1686190443.2687736,317
1686190443.2818887,317
1686190443.297352,316
1686190443.3106902,315
1686190443.3228183,316
1686190443.3389935,317
1686190443.3512313,318
1686190443.3630445,317
1686190443.3801548,317
1686190443.3919635,317
1686190443.404452,318
1686190443.4204826,319
1686190443.4330163,319
1686190443.4488611,319
1686190443.4609613,318
1686190443.4739568,318
1686190443.4904506,319
1686190443.5027063,320
1686190443.5151348,320
1686190443.5310013,320
1686190443.542998,320
1686190443.5560162,320
1686190443.572001,320
1686190443.584079,322
1686190443.60007,321
1686190443.6130254,321
1686190443.6255257,320
1686190443.6420188,320
1686190443.6540368,321
1686190443.666139,322
1686190443.6830075,321
1686190443.69515,320
1686190443.7078633,319
1686190443.723989,320
1686190443.7359085,320
1686190443.7480063,321
1686190443.7650046,320
1686190443.7771416,319
1686190443.7935114,319
1686190443.8059962,320
1686190443.8180425,321
1686190443.8346431,321
1686190443.8466554,320
1686190443.8586142,319
1686190443.8745928,319
1686190443.888019,320
1686190443.8999345,321
1686190443.9165885,321
1686190443.9282002,320
1686190443.9447167,319
1686190443.9573226,320
1686190443.9695606,320
1686190443.9863195,321
1686190443.9977047,320
1686190444.0109265,319
1686190444.0272782,319
1686190444.0393374,319
1686190444.0510738,320
1686190444.0676327,321
1686190444.0796313,320
1686190444.0960658,319
1686190444.1085427,320
1686190444.1210845,320
1686190444.1369522,321
1686190444.1499565,321
1686190444.162178,320
1686190444.1788423,320
1686190444.1909518,320
1686190444.2027285,321
1686190444.2195704,321
1686190444.2309744,321
1686190444.244109,320
1686190444.259609,320
1686190444.2726512,320
1686190444.2891984,320
1686190444.3006706,321
1686190444.313843,320
1686190444.3309278,319
1686190444.3423526,318
1686190444.354631,319
1686190444.3711653,320
1686190444.3833344,320
1686190444.3949947,319
1686190444.4117382,318
1686190444.4239268,318
1686190444.4400492,319
1686190444.452877,320
1686190444.4646094,319
1686190444.4817302,318
1686190444.4937277,318
1686190444.50601,318
1686190444.5228384,318
1686190444.5345829,319
1686190444.5466852,319
1686190444.5634224,318
1686190444.5756555,317
1686190444.5882285,317
1686190444.6038947,318
1686190444.6168745,319
1686190444.6330776,318
1686190444.645666,317
1686190444.6576724,317
1686190444.6742523,318
1686190444.6864443,319
1686190444.6986737,319
1686190444.7149518,319
1686190444.727541,318
1686190444.7389965,318
1686190444.7561264,319
1686190444.768065,319
1686190444.7841196,319
1686190444.797115,318
1686190444.809056,317
1686190444.8257391,318
1686190444.837734,318
1686190444.8502276,319
1686190444.8660743,318
1686190444.8790123,317
1686190444.8912425,317
1686190444.9076724,317
1686190444.9201202,318
1686190444.9359481,318
1686190444.9479508,318
1686190444.9610553,317
1686190444.9770365,317
1686190444.9896033,318
1686190445.0017023,318
1686190445.018153,318
1686190445.0303407,318
1686190445.0430708,317
1686190445.0587332,317
1686190445.070727,318
1686190445.0839446,319
1686190445.099602,319
1686190445.1126087,318
1686190445.1290078,317
1686190445.1410568,317
1686190445.1533923,318
1686190445.1698885,319
1686190445.1819322,318
1686190445.1937811,317
1686190445.210604,317
1686190445.2225888,317
1686190445.2345972,317
1686190445.2519488,318
1686190445.263591,317
1686190445.2796738,316
1686190445.292911,316
1686190445.3050666,317
1686190445.3214087,318
1686190445.3337908,318
1686190445.3458364,317
1686190445.3622139,316
1686190445.374801,316
1686190445.3867762,317
1686190445.4028275,318
1686190445.4152455,318
1686190445.427077,317
1686190445.4437776,316
1686190445.4563668,317
1686190445.473125,317
1686190445.4853117,318
1686190445.497247,318
1686190445.5132396,316
1686190445.526349,316
1686190445.53807,317
1686190445.5542915,318
1686190445.5669909,318
1686190445.5792704,318
1686190445.5956426,317
1686190445.607574,317
1686190445.6239572,317
1686190445.6364486,318
1686190445.6495144,319
1686190445.6648185,318
1686190445.6779125,317
1686190445.6899226,317
1686190445.7057877,318
1686190445.7177827,319
1686190445.7310393,319
1686190445.7467253,318
1686190445.7590656,318
1686190445.7748916,318
1686190445.7880337,319
1686190445.8003662,319
1686190445.81689,318
1686190445.8291733,317
1686190445.8412173,316
1686190445.8573282,317
1686190445.8702807,318
1686190445.882273,318
1686190445.8988237,317
1686190445.910906,316
1686190445.92331,316
1686190445.940035,316
1686190445.9517734,317
1686190445.9682934,317
1686190445.9805214,317
1686190445.992338,316
1686190446.0098648,316
1686190446.020935,317
1686190446.034177,317
1686190446.0503607,317
1686190446.0627718,317
1686190446.074758,317
1686190446.091239,317
1686190446.1030638,318
1686190446.1198888,318
1686190446.1315982,317
1686190446.1445794,316
1686190446.1612234,316
1686190446.1733248,317
1686190446.1853223,318
1686190446.2017214,319
1686190446.2139735,322
1686190446.2265606,322
1686190446.2426786,324
1686190446.2550097,327
1686190446.2709918,330
1686190446.283988,333
1686190446.2959306,336
1686190446.312129,338
1686190446.3249347,341
1686190446.3370848,340
1686190446.3534017,340
1686190446.365929,339
1686190446.377355,337
1686190446.3943856,336
1686190446.4069855,334
1686190446.418637,333
1686190446.4345489,331
1686190446.4470417,328
1686190446.463127,324
1686190446.475868,321
1686190446.487962,318
1686190446.5052302,316
1686190446.517319,315
1686190446.5287797,311
1686190446.5460286,309
1686190446.5581667,308
1686190446.5708086,308
1686190446.5865276,307
1686190446.5992696,306
1686190446.6150875,307
1686190446.6281717,304
1686190446.6404843,303
1686190446.6562834,304
1686190446.6690505,306
1686190446.6813035,308
1686190446.696711,310
1686190446.7097187,314
1686190446.7222373,318
1686190446.7385616,323
1686190446.7500901,328
1686190446.7628524,330
1686190446.7790203,330
1686190446.7914865,331
1686190446.8081257,331
1686190446.8197002,330
1686190446.8327541,327
1686190446.8493109,322
1686190446.8612485,318
1686190446.8738427,315
1686190446.8893669,313
1686190446.9023693,311
1686190446.914213,308
1686190446.9308655,306
1686190446.942913,304
1686190446.9598475,304
1686190446.972221,305
1686190446.9841485,305
1686190447.0005074,305
1686190447.0131092,303
1686190447.0252316,302
1686190447.0412073,303
1686190447.0533206,303
1686190447.066139,304
1686190447.0824811,303
1686190447.0946207,303
1686190447.1106722,302
1686190447.1234732,304
1686190447.1355376,306
1686190447.1519465,308
1686190447.1644197,311
1686190447.176483,313
1686190447.1930027,317
1686190447.20482,323
1686190447.2169635,330
1686190447.2339687,335
1686190447.2464302,339
1686190447.2589066,340
1686190447.2747376,341
1686190447.287215,341
1686190447.303062,342
1686190447.3161788,340
1686190447.3282146,338
1686190447.343856,335
1686190447.3571167,334
1686190447.3693218,333
1686190447.3852847,332
1686190447.397286,331
1686190447.410276,330
1686190447.4268553,329
1686190447.438915,331
1686190447.455181,330
1686190447.4676316,330
1686190447.4800508,329
1686190447.495601,327
1686190447.5085924,326
1686190447.5210679,325
1686190447.537235,323
1686190447.5496118,320
1686190447.5616481,313
1686190447.5773122,307
1686190447.590308,301
1686190447.6023767,296
1686190447.618846,291
1686190447.6311114,287
1686190447.6468456,283
1686190447.6599803,280
1686190447.6719725,280
1686190447.6887457,279
1686190447.7010076,279
1686190447.7134578,276
1686190447.7290978,274
1686190447.7416518,272
1686190447.7537239,270
1686190447.770228,269
1686190447.7829568,268
1686190447.799216,266
1686190447.8115177,264
1686190447.8234994,264
1686190447.840481,264
1686190447.8526633,266
1686190447.8650157,267
1686190447.8810666,267
1686190447.8928952,268
1686190447.9054801,271
1686190447.921917,274
1686190447.9339192,277
1686190447.9499204,279
1686190447.9629216,281
1686190447.974919,283
1686190447.9919188,286
1686190448.0039186,289
1686190448.0159886,292
1686190448.032014,294
1686190448.045014,296
1686190448.0570092,298
1686190448.0730157,300
1686190448.0860126,303
1686190448.0978987,305
1686190448.114625,306
1686190448.1270285,307
1686190448.1430218,309
1686190448.1550255,311
1686190448.168029,313
1686190448.1840296,314
1686190448.1960285,315
1686190448.2090259,315
1686190448.2243633,316
1686190448.23741,318
1686190448.249358,320
1686190448.2663574,320
1686190448.2783563,320
1686190448.2943556,321
1686190448.306357,322
1686190448.318769,323
1686190448.3357644,324
1686190448.3477726,325
1686190448.3597705,325
1686190448.3767684,325
1686190448.3887632,326
1686190448.4007647,327
1686190448.4173322,328
1686190448.4293325,328
1686190448.4423332,327
1686190448.4580145,327
1686190448.4709067,328
1686190448.4872196,329
1686190448.4991102,329
1686190448.5118947,329
1686190448.527568,328
1686190448.5405624,328
1686190448.553021,329
1686190448.5685604,330
1686190448.5815656,330
1686190448.5935624,329
1686190448.6095736,328
1686190448.6215909,329
1686190448.638591,330
1686190448.6505866,332
1686190448.6625924,331
1686190448.6795988,330
1686190448.691639,331
1686190448.7045882,332
1686190448.7206168,333
1686190448.7325914,334
1686190448.7446506,333
1686190448.7616913,332
1686190448.77375,332
1686190448.789994,333
1686190448.8026857,333
1686190448.8148444,333
1686190448.8306854,331
1686190448.8438318,330
1686190448.8557026,330
1686190448.8716846,330
1686190448.8846953,331
1686190448.896695,330
1686190448.9133875,330
1686190448.9256985,329
1686190448.937734,330
1686190448.953759,331
1686190448.9657483,332
1686190448.9826894,332
1686190448.994926,331
1686190449.0067573,331
1686190449.0237596,333
1686190449.0357578,335
1686190449.047691,335
1686190449.0647526,335
1686190449.0767517,335
1686190449.0887523,336
1686190449.10569,337
1686190449.1178863,338
1686190449.1338935,338
1686190449.145821,337
1686190449.158889,337
1686190449.175366,337
1686190449.1868854,338
1686190449.199816,339
1686190449.2161796,339
1686190449.2280436,338
1686190449.2410374,339
1686190449.2570877,340
1686190449.2690356,341
1686190449.2820325,342
1686190449.2981038,341
1686190449.3101044,340
1686190449.3260381,339
1686190449.3391018,337
1686190449.3510375,334
1686190449.3671055,329
1686190449.3800366,325
1686190449.3920298,320
1686190449.4084136,319
1686190449.420556,319
1686190449.4334548,321
1686190449.4494567,322
1686190449.4623735,325
1686190449.478362,329
1686190449.4903893,334
1686190449.502735,340
1686190449.5193963,343
1686190449.5317543,346
1686190449.5440552,347
1686190449.5600493,348
1686190449.5720453,348
1686190449.5852854,349
1686190449.6014857,347
1686190449.6134655,345
1686190449.62912,340
1686190449.6420598,336
1686190449.6541202,331
1686190449.6704526,326
1686190449.6830554,319
1686190449.6951141,313
1686190449.7110772,307
1686190449.7240891,304
1686190449.7362442,304
1686190449.7522602,306
1686190449.764283,314
1686190449.7772474,321
1686190449.7935495,333
1686190449.8055584,347
1686190449.82175,360
1686190449.8345523,370
1686190449.8466196,377
1686190449.8635619,383
1686190449.8755534,387
1686190449.8876083,390
1686190449.9037702,391
1686190449.9170747,392
1686190449.9287648,387
1686190449.9447782,383
1686190449.957828,379
1686190449.9734375,375
1686190449.9863977,368
1686190449.9983866,361
1686190450.0143886,353
1686190450.0273895,348
1686190450.0393884,342
1686190450.0554438,337
1686190450.06839,332
1686190450.080389,327
1686190450.0970757,324
1686190450.1093924,320
1686190450.1213915,317
1686190450.1379514,315
1686190450.1494508,313
1686190450.1663973,310
1686190450.1783905,306
1686190450.1913877,302
1686190450.2073896,299
1686190450.2194495,294
1686190450.2323928,288
1686190450.2484038,279
1686190450.2603867,272
1686190450.2723863,265
1686190450.2893875,262
1686190450.3013873,260
1686190450.3173928,259
1686190450.3303943,259
1686190450.342433,261
1686190450.3584476,264
1686190450.371396,269
1686190450.3833869,273
1686190450.3993955,277
1686190450.4124012,280
1686190450.4243867,284
1686190450.4404523,288
1686190450.4524527,294
1686190450.4693868,302
1686190450.4814606,309
1686190450.4943912,317
1686190450.510409,326
1686190450.5230308,333
1686190450.534443,340
1686190450.5515869,343
1686190450.564065,345
1686190450.5755424,346
1686190450.5925431,346
1686190450.604534,346
1686190450.6165895,346
1686190450.6335385,344
1686190450.6460266,342
1686190450.6618264,339
1686190450.6738274,338
1686190450.686772,337
1686190450.7027678,335
1686190450.7148287,332
1686190450.7277665,327
1686190450.7437856,321
1686190450.7557778,316
1686190450.768766,309
1686190450.7847624,303
1686190450.7967453,295
1686190450.812753,289
1686190450.8257444,284
1686190450.8378088,281
1686190450.8547566,279
1686190450.8667433,277
1686190450.8787446,276
1686190450.8958786,275
1686190450.9077573,276
1686190450.9197605,278
1686190450.9357433,280
1686190450.9487574,282
1686190450.9608107,284
1686190450.9767413,286
1686190450.9897416,288
1686190451.00581,291
1686190451.0178072,294
1686190451.0308976,296
1686190451.046792,297
1686190451.058792,299
1686190451.071746,302
1686190451.0878527,304
1686190451.0998583,306
1686190451.1128573,306
1686190451.1288378,307
1686190451.1410222,308
1686190451.157046,309
1686190451.1700594,311
1686190451.1820836,312
1686190451.1980972,312
1686190451.211046,312
1686190451.223047,313
1686190451.239102,314
1686190451.2520442,315
1686190451.2640455,316
1686190451.2801092,315
1686190451.2931154,315
1686190451.309046,315
1686190451.3213387,316
1686190451.3341193,317
1686190451.3500435,317
1686190451.3620088,316
1686190451.3750122,316
1686190451.3910015,316
1686190451.403061,318
1686190451.4150572,318
1686190451.431994,317
1686190451.4439955,317
1686190451.4560523,316
1686190451.4730039,317
1686190451.485451,318
1686190451.501051,318
1686190451.513993,318
1686190451.5264597,317
1686190451.5420516,317
1686190451.5550978,318
1686190451.5670073,319
1686190451.5830045,318
1686190451.5959933,317
1686190451.6079981,316
1686190451.6240537,317
1686190451.6369948,318
1686190451.6530654,318
1686190451.6651084,317
1686190451.6780572,316
1686190451.694049,316
1686190451.7059278,317
1686190451.7184415,318
1686190451.7355099,318
1686190451.7474427,317
1686190451.7595005,317
1686190451.7755,317
1686190451.7884398,317
1686190451.8004422,318
1686190451.816912,318
1686190451.829442,317
1686190451.8455005,316
1686190451.8578074,316
1686190451.870177,317
1686190451.8867252,317
1686190451.8991191,317
1686190451.9107027,316
1686190451.9277003,316
1686190451.939761,316
1686190451.9522736,317
1686190451.9682279,318
1686190451.9803338,317
1686190451.9972293,317
1686190452.00929,316
1686190452.02129,317
1686190452.0382402,318
1686190452.050294,318
1686190452.0632353,318
1686190452.0795538,317
1686190452.0909321,317
1686190452.1038926,318
1686190452.1198976,318
1686190452.1319425,318
1686190452.147945,317
1686190452.1609457,317
1686190452.1728804,317
1686190452.1898925,318
1686190452.2019458,318
1686190452.2139378,318
1686190452.230884,317
1686190452.242877,316
1686190452.25488,317
1686190452.2714896,317
1686190452.2834942,318
1686190452.2964952,318
1686190452.312547,317
1686190452.3245606,317
1686190452.3404946,318
1686190452.3534896,319
1686190452.365266,319
1686190452.3822248,318
1686190452.3942251,318
1686190452.4062283,318
1686190452.4232326,318
1686190452.435267,319
1686190452.4472241,319
1686190452.463474,319
1686190452.4765577,318
1686190452.4924734,318
1686190452.5052292,319
1686190452.517472,320
1686190452.5337365,319
1686190452.5461032,318
1686190452.5584745,318
1686190452.574599,318
1686190452.5866659,319
1686190452.5996149,320
1686190452.615602,319
1686190452.6280951,318
1686190452.6409385,318
1686190452.656838,319
1686190452.6690347,320
1686190452.684602,320
1686190452.6976006,319
1686190452.709601,318
1686190452.7266285,319
1686190452.7386186,319
1686190452.750607,320
1686190452.767728,320
1686190452.779795,319
1686190452.792118,318
1686190452.8079007,318
1686190452.8209074,319
1686190452.8370557,319
1686190452.8489642,319
1686190452.8614638,318
1686190452.8775766,317
1686190452.8905594,318
1686190452.9025633,319
1686190452.9191132,319
1686190452.9310505,318
1686190452.9430563,318
1686190452.9597085,317
1686190452.9717164,318
1686190452.987776,319
1686190453.0010378,320
1686190453.012782,319
1686190453.0297117,318
1686190453.0417087,318
1686190453.0537744,318
1686190453.0697749,319
1686190453.0827093,319
1686190453.0947793,318
1686190453.1107688,317
1686190453.1238546,317
1686190453.1357515,318
1686190453.152034,319
1686190453.1655416,318
1686190453.1806037,317
1686190453.193722,317
1686190453.2061024,317
1686190453.2218742,318
1686190453.2346253,319
1686190453.2468336,318
1686190453.2625725,317
1686190453.2755232,318
1686190453.2885334,318
1686190453.3039017,319
1686190453.3165102,319
1686190453.332668,318
1686190453.3448374,318
1686190453.356887,318
1686190453.3735042,318
1686190453.3855784,319
1686190453.398504,319
1686190453.414801,318
1686190453.4270248,317
1686190453.4393315,317
1686190453.4558792,317
1686190453.4672053,318
1686190453.480287,317
1686190453.4962764,316
1686190453.5102935,316
1686190453.5253708,316
1686190453.537091,317
1686190453.5492628,318
1686190453.5661736,317
1686190453.578318,316
1686190453.5907748,316
1686190453.6068242,317
1686190453.6189349,318
1686190453.6319466,318
1686190453.6479123,317
1686190453.659913,316
1686190453.6759121,316
1686190453.6889102,317
1686190453.7009108,318
1686190453.7169175,318
1686190453.7299173,318
1686190453.7419243,317
1686190453.758132,317
1686190453.770803,318
1686190453.7831836,319
1686190453.7999957,318
1686190453.8122163,318
1686190453.8272207,317
1686190453.8412242,318
1686190453.852568,319
1686190453.8693416,319
1686190453.8813453,318
1686190453.8935063,318
1686190453.9101756,318
1686190453.9222362,318
1686190453.934166,319
1686190453.9514983,319
1686190453.963043,318
1686190453.9761052,317
1686190453.9920685,317
1686190454.0047863,318
1686190454.020731,318
1686190454.0329375,318
1686190454.0456052,317
1686190454.0620368,316
1686190454.074012,316
1686190454.0864284,317
1686190454.1033237,317
1686190454.1153615,317
1686190454.1273727,316
1686190454.1433594,316
1686190454.1553948,316
1686190454.1719356,317
1686190454.1838036,317
1686190454.1968575,317
1686190454.212843,316
1686190454.2257888,316
1686190454.2378383,317
1686190454.2539196,318
1686190454.265844,318
1686190454.2788715,317
1686190454.294852,316
1686190454.30737,316
1686190454.3231585,317
1686190454.3360882,317
1686190454.3487215,316
1686190454.3651302,314
1686190454.3768678,313
1686190454.3888583,313
1686190454.4060283,313
1686190454.4181268,313
1686190454.4298394,312
1686190454.4468424,311
1686190454.4583366,312
1686190454.4711158,312
1686190454.487508,314
1686190454.4996994,316
1686190454.5157988,316
1686190454.528979,317
1686190454.541031,318
1686190454.5574186,320
1686190454.5694754,322
1686190454.5820084,322
1686190454.598599,321
1686190454.6105855,320
1686190454.6231751,319
1686190454.639401,320
1686190454.6513212,320
1686190454.6679163,319
1686190454.6800349,318
1686190454.6920757,317
1686190454.7085638,318
1686190454.7212076,319
1686190454.733046,319
1686190454.7501583,319
1686190454.7623425,318
1686190454.7743306,318
1686190454.7903376,318
1686190454.8024015,319
1686190454.8191545,319
1686190454.831173,319
1686190454.8441687,318
1686190454.8604453,318
1686190454.8724144,319
1686190454.8844235,320
1686190454.901426,320
1686190454.913662,319
1686190454.9254298,319
1686190454.9424176,319
1686190454.954415,320
1686190454.9664783,321
1686190454.9825706,320
1686190454.9955697,319
1686190455.011307,318
1686190455.0242643,319
1686190455.0362625,319
1686190455.0527637,320
1686190455.0652564,319
1686190455.0773523,318
1686190455.0933297,318
1686190455.1062682,319
1686190455.1182587,320
1686190455.1342618,320
1686190455.146262,319
1686190455.1632576,319
1686190455.1757543,319
1686190455.1873164,319
1686190455.2042582,320
1686190455.2162654,320
1686190455.2283118,319
1686190455.2452595,319
1686190455.2573183,319
1686190455.2702627,320
1686190455.2862728,320
1686190455.298313,320
1686190455.310268,319
1686190455.3274555,319
1686190455.33945,319
1686190455.3554816,320
1686190455.368154,320
1686190455.3805091,320
1686190455.3969383,319
1686190455.4089444,318
1686190455.4209409,319
1686190455.4379387,320
1686190455.449955,320
1686190455.461937,319
1686190455.4789388,318
1686190455.4909432,318
1686190455.5069914,319
1686190455.5199437,320
1686190455.53195,320
1686190455.5479355,319
1686190455.5609362,318
1686190455.5729373,319
1686190455.5889392,320
1686190455.6017234,321
1686190455.6139507,320
1686190455.6299362,319
1686190455.641947,319
1686190455.6579416,319
1686190455.671141,320
1686190455.6831913,320
1686190455.7002654,320
1686190455.7124057,319
1686190455.7243671,318
1686190455.7403967,319
1686190455.7533565,320
1686190455.7653625,320
1686190455.78203,319
1686190455.7933595,318
1686190455.8066363,318
1686190455.822359,319
1686190455.834385,319
1686190455.851362,319
1686190455.8633587,318
1686190455.8753593,318
1686190455.8923564,318
1686190455.904187,319
1686190455.9170053,320
1686190455.9330478,319
1686190455.9450107,319
1686190455.95801,318
1686190455.9745228,319
1686190455.9864872,319
1686190456.0024407,319
1686190456.01544,319
1686190456.0274985,318
1686190456.0441303,317
1686190456.056437,318
1686190456.0684347,318
1686190456.0848432,318
1686190456.0973713,317
1686190456.10885,317
1686190456.1258433,317
1686190456.1378486,317
1686190456.1538577,318
1686190456.1668432,318
1686190456.1784987,317
1686190456.1953514,317
1686190456.2073555,318
1686190456.220027,319
1686190456.2360141,319
1686190456.2490313,319
1686190456.2610383,318
1686190456.2775,317
1686190456.2895021,318
1686190456.3023667,319
1686190456.3188384,319
1686190456.331024,318
1686190456.3473005,317
1686190456.3601005,317
1686190456.371785,318
1686190456.3883703,318
1686190456.400538,318
1686190456.4120867,318
1686190456.42881,317
1686190456.4421499,317
1686190456.453803,318
1686190456.4700418,318
1686190456.482068,318
1686190456.4980578,318
1686190456.511126,317
1686190456.5235717,318
1686190456.5398324,319
1686190456.5522268,319
1686190456.5642734,319
1686190456.5806825,317
1686190456.5930843,317
1686190456.6051483,317
1686190456.6217244,318
1686190456.6342642,318
1686190456.6463265,317
1686190456.6630156,316
1686190456.6750362,316
1686190456.691021,316
1686190456.7030818,317
1686190456.7150857,317
1686190456.732171,316
1686190456.7443597,316
1686190456.7565768,316
1686190456.773495,317
1686190456.7855268,317
1686190456.7978163,317
1686190456.8142993,316
1686190456.825765,316
1686190456.8421566,316
1686190456.8555162,317
1686190456.867465,317
1686190456.8841722,316
1686190456.8963435,316
1686190456.907822,315
1686190456.9249644,316
1686190456.9371226,316
1686190456.9491007,317
1686190456.9651566,316
1686190456.9778752,315
1686190456.994478,314
1686190457.0061772,315
1686190457.0189745,316
1686190457.0348918,316
1686190457.048007,315
1686190457.0600336,314
1686190457.0764084,314
1686190457.0889547,315
1686190457.1012118,316
1686190457.116811,315
1686190457.129211,315
1686190457.1411068,314
1686190457.1577516,314
1686190457.170683,316
1686190457.1862614,316
1686190457.1998124,316
1686190457.2108667,315
1686190457.2279983,314
1686190457.240271,315
1686190457.2527897,316
1686190457.269168,316
1686190457.2811239,315
1686190457.2940953,314
1686190457.3098283,314
1686190457.3218215,315
1686190457.3387816,315
1686190457.350489,316
1686190457.3630373,315
1686190457.379833,314
1686190457.3916879,315
1686190457.4037375,315
1686190457.420794,316
1686190457.4324915,315
1686190457.4443984,314
1686190457.4613504,313
1686190457.4733503,314
1686190457.4862306,315
1686190457.502343,315
1686190457.5142677,315
1686190457.531321,314
1686190457.542928,314
1686190457.5558624,314
1686190457.5723343,315
1686190457.5838442,316
1686190457.5960572,315
1686190457.6127887,314
1686190457.624381,315
1686190457.6368825,315
1686190457.653794,316
1686190457.6655388,316
1686190457.6824799,315
1686190457.695057,315
1686190457.707111,315
1686190457.7229803,316
1686190457.7359955,317
1686190457.7479978,316
1686190457.7644558,316
1686190457.7762814,316
1686190457.7892957,316
1686190457.8050692,317
1686190457.8174355,318
1686190457.8340828,317
1686190457.8463233,317
1686190457.859261,317
1686190457.875178,317
1686190457.8873997,318
1686190457.8996055,318
1686190457.915588,318
1686190457.9281378,317
1686190457.9399786,317
1686190457.9565432,318
1686190457.9685395,319
1686190457.9812465,319
1686190457.998166,318
1686190458.01021,318
1686190458.026628,318
1686190458.0391476,319
1686190458.0510817,320
1686190458.0673428,319
1686190458.0791864,319
1686190458.0920255,319
1686190458.1082041,319
1686190458.1206033,320
1686190458.1331244,321
1686190458.1487606,320
1686190458.1614156,319
1686190458.1777399,319
1686190458.1907644,320
1686190458.2027683,321
1686190458.2191184,321
1686190458.2320843,320
1686190458.2433295,319
1686190458.2593205,319
1686190458.272038,320
1686190458.2842982,321
1686190458.3010483,321
1686190458.3130553,320
1686190458.3292599,319
1686190458.3416586,320
1686190458.3547106,321
1686190458.3708024,321
1686190458.3828077,321
1686190458.3951712,320
1686190458.4119282,319
1686190458.4239264,320
1686190458.4359732,321
1686190458.4520757,321
1686190458.4650238,321
1686190458.4766512,320
1686190458.4936085,320
1686190458.5061128,320
1686190458.5220056,321
1686190458.5344667,321
1686190458.547007,320
1686190458.563041,319
1686190458.5750706,319
1686190458.588029,320
1686190458.6041136,321
1686190458.6164963,321
1686190458.6290026,320
1686190458.645328,319
1686190458.6573253,319
1686190458.6729875,320
1686190458.6860828,321
1686190458.698365,320
1686190458.715,319
1686190458.7270505,319
1686190458.7390337,319
1686190458.7557783,320
1686190458.7678788,321
1686190458.780424,320
1686190458.7960548,319
1686190458.809197,319
1686190458.821126,320
1686190458.8371975,321
1686190458.850016,321
1686190458.8662505,319
1686190458.8787496,319
1686190458.8910635,319
1686190458.9074047,319
1686190458.91904,320
1686190458.9318025,320
1686190458.947629,318
1686190458.9609654,318
1686190458.9729488,318
1686190458.9889166,319
1686190459.0013423,320
1686190459.0177333,320
1686190459.0303986,319
1686190459.0423918,318
1686190459.0589516,319
1686190459.0710063,320
1686190459.082786,320
1686190459.1000063,320
1686190459.1121461,319
1686190459.1238246,319
1686190459.1401372,319
1686190459.152182,320
1686190459.169018,320
1686190459.1816938,319
1686190459.1938229,318
1686190459.210319,318
1686190459.2219565,319
1686190459.2347481,320
1686190459.251411,319
1686190459.2638514,319
1686190459.275802,318
1686190459.2921236,318
1686190459.304122,319
1686190459.3167408,320
1686190459.3332307,319
1686190459.345499,318
1686190459.3620458,318
1686190459.374051,318
1686190459.3866365,319
1686190459.4030068,320
1686190459.4150877,319
1686190459.4271226,318
1686190459.4433851,318
1686190459.4561357,319
1686190459.4679217,320
1686190459.4850035,320
1686190459.496284,319
1686190459.5134068,318
1686190459.525564,319
1686190459.5375452,320
1686190459.5543072,320
1686190459.5666587,320
1686190459.5783074,319
1686190459.5950494,318
1686190459.607666,319
1686190459.6200173,320
1686190459.635664,320
1686190459.6486707,319
1686190459.6647906,318
1686190459.6766837,318
1686190459.6896944,319
1686190459.7056966,319
1686190459.7180092,320
1686190459.73069,319
1686190459.7468674,318
1686190459.7590487,318
1686190459.770966,319
1686190459.7876885,320
1686190459.7996848,320
1686190459.8117473,319
1686190459.8286884,318
1686190459.8407426,318
1686190459.8567533,319
1686190459.869954,320
1686190459.8819675,319
1686190459.8983347,318
1686190459.9107819,318
1686190459.9224281,318
1686190459.9394321,318
1686190459.951533,319
1686190459.9634278,318
1686190459.9804313,317
1686190459.9926195,317
1686190460.0089703,317
1686190460.0218124,318
1686190460.03362,318
1686190460.0506294,317
1686190460.061737,317
1686190460.0746224,317
1686190460.090369,317
1686190460.103378,318
1686190460.115378,318
1686190460.131445,317
1686190460.1433928,317
1686190460.1563923,317
1686190460.1724389,318
1686190460.1853783,319
1686190460.2013776,318
1686190460.2133744,317
1686190460.2257214,317
1686190460.2424512,317
1686190460.25468,318
1686190460.2663648,318
1686190460.2834752,318
1686190460.295615,317
1686190460.3073578,316
1686190460.324363,317
1686190460.3367739,317
1686190460.352779,316
1686190460.3656595,315
1686190460.3776512,313
1686190460.3941376,314
1686190460.4061322,315
1686190460.4184499,316
1686190460.4351358,317
1686190460.447391,317
1686190460.4594903,318
1686190460.4761376,319
1686190460.4881363,321
1686190460.5044441,322
1686190460.5161529,323
1686190460.5292027,323
1686190460.5451543,324
1686190460.5574467,326
1686190460.5700362,328
1686190460.5858097,330
1686190460.5987468,331
1686190460.6107643,331
1686190460.6271214,333
1686190460.6397452,336
1686190460.6518219,339
1686190460.6681247,341
1686190460.6810448,342
1686190460.6967685,343
1686190460.7097828,343
1686190460.7218513,342
1686190460.7381082,338
1686190460.7501159,332
1686190460.7627835,324
1686190460.7792814,315
1686190460.7917454,309
1686190460.8032272,304
1686190460.8201168,300
1686190460.8321693,297
1686190460.848444,294
1686190460.8607447,293
1686190460.8727036,293
1686190460.889387,295
1686190460.9016876,297
1686190460.9143438,298
1686190460.9304373,299
1686190460.9424007,302
1686190460.9553502,305
1686190460.9713905,307
1686190460.9835665,310
1686190460.9960954,312
1686190461.011842,313
1686190461.0248675,315
1686190461.0408163,317
1686190461.0531173,320
1686190461.0657883,320
1686190461.082103,318
1686190461.0942395,315
1686190461.1059144,312
1686190461.122914,310
1686190461.1352427,308
1686190461.146932,306
1686190461.1639137,304
1686190461.1759932,304
1686190461.191994,306
1686190461.2048855,311
1686190461.217205,317
1686190461.2333045,324
1686190461.2453992,334
1686190461.257862,345
1686190461.2741594,356
1686190461.2868567,367
1686190461.29893,375
1686190461.3158586,380
1686190461.3278527,384
1686190461.343851,385
1686190461.35593,386
1686190461.3688583,385
1686190461.3845406,382
1686190461.3974254,378
1686190461.4094226,373
1686190461.4260426,369
1686190461.4377348,365
1686190461.4507306,360
1686190461.4670272,355
1686190461.4788592,351
1686190461.4917352,346
1686190461.5076778,344
1686190461.5197322,341
1686190461.536439,337
1686190461.5490108,333
1686190461.560987,328
1686190461.5779543,324
1686190461.590277,322
1686190461.6023517,319
1686190461.6182754,315
1686190461.6306505,310
1686190461.6432714,304
1686190461.6592886,296
1686190461.6719425,290
1686190461.6872716,282
1686190461.7006683,274
1686190461.7126117,267
1686190461.7293458,262
1686190461.7413242,259
1686190461.753577,258
1686190461.770287,259
1686190461.782394,260
1686190461.7946472,262
1686190461.8106437,264
1686190461.8230836,268
1686190461.8354182,273
1686190461.8520937,276
1686190461.8640823,279
1686190461.8807368,282
1686190461.8930027,286
1686190461.9047115,290
1686190461.9217117,296
1686190461.933713,302
1686190461.9457855,308
1686190461.962709,315
1686190461.9750566,323
1686190461.9867103,329
1686190462.0033507,334
1686190462.0160272,337
1686190462.032096,338
1686190462.045005,338
1686190462.0570745,339
1686190462.0733063,339
1686190462.085577,338
1686190462.0975678,337
1686190462.1142213,334
1686190462.126565,332
1686190462.1382976,331
1686190462.1552284,331
1686190462.1675756,330
1686190462.1802292,328
1686190462.1965537,327
1686190462.2085574,326
1686190462.2245524,325
1686190462.2368956,324
1686190462.24955,319
1686190462.2659028,314
1686190462.277619,308
1686190462.290391,302
1686190462.3062484,298
1686190462.319248,293
1686190462.3313475,288
1686190462.34758,283
1686190462.3602521,279
1686190462.3762486,277
1686190462.388246,277
1686190462.4013817,276
1686190462.4175122,275
1686190462.4295833,275
1686190462.4418955,275
1686190462.4585092,276
1686190462.4705806,278
1686190462.4825106,280
1686190462.4989839,280
1686190462.511048,281
1686190462.5269086,282
1686190462.5399415,284
1686190462.552217,286
1686190462.5689735,287
1686190462.5811179,288
1686190462.5929034,289
1686190462.609901,290
1686190462.6219661,293
1686190462.634302,294
1686190462.6509206,295
1686190462.6630154,295
1686190462.6749816,296
1686190462.691141,297
1686190462.704147,299
1686190462.7203138,300
1686190462.7324903,301
1686190462.7451406,300
1686190462.7613814,301
1686190462.7736576,302
1686190462.7860932,304
1686190462.8022947,304
1686190462.8140693,305
1686190462.8271344,305
1686190462.8432593,306
1686190462.855019,307
1686190462.871955,309
1686190462.8840325,309
1686190462.8962736,309
1686190462.9130259,309
1686190462.925126,310
1686190462.936964,312
1686190462.9539587,313
1686190462.9659696,314
1686190462.977954,314
1686190462.9949307,315
1686190463.0069141,316
1686190463.019556,318
1686190463.0357354,319
1686190463.047891,319
1686190463.0645962,319
1686190463.0769048,319
1686190463.08856,321
1686190463.1055665,322
1686190463.1176329,322
1686190463.129611,322
1686190463.1465588,322
1686190463.1585548,323
1686190463.1705525,324
1686190463.187565,324
1686190463.1995118,324
1686190463.2161803,324
1686190463.2282455,323
1686190463.2401803,323
1686190463.2569542,324
1686190463.2686613,325
1686190463.281643,324
1686190463.2978792,324
1686190463.3105361,324
1686190463.3220882,324
1686190463.3390934,325
1686190463.3511949,326
1686190463.3676367,325
1686190463.3800771,325
1686190463.3913476,325
1686190463.4084687,326
1686190463.4209235,327
1686190463.4329393,327
1686190463.4489214,326
1686190463.4619265,326
1686190463.4740465,326
1686190463.4899385,327
1686190463.5019345,328
1686190463.5149426,328
1686190463.53148,327
1686190463.5438244,327
1686190463.5604882,327
1686190463.5725396,329
1686190463.5844796,329
1686190463.600839,329
1686190463.6135244,329
1686190463.625522,329
1686190463.6415305,330
1686190463.6540294,331
1686190463.6666186,332
1686190463.6832056,331
1686190463.6953952,331
1686190463.7115963,331
1686190463.7235355,332
1686190463.736345,333
1686190463.7527761,333
1686190463.764624,333
1686190463.7772512,333
1686190463.793628,334
1686190463.805355,335
1686190463.8172586,336
1686190463.8345318,336
1686190463.8462627,335
1686190463.8622553,334
1686190463.8753633,334
1686190463.8873227,335
1686190463.9036329,335
1686190463.9165628,334
1686190463.928917,332
1686190463.9449139,332
1686190463.9575715,332
1686190463.9694836,332
1686190463.985426,332
1686190463.9984298,331
1686190464.0104275,330
1686190464.0264797,330
1686190464.039434,330
1686190464.0554256,330
1686190464.067751,330
1686190464.080427,329
1686190464.0967765,328
1686190464.1084845,328
1686190464.12143,328
1686190464.13743,328
1686190464.149738,328
1686190464.1614392,326
1686190464.1784256,326
1686190464.1911433,326
1686190464.2073946,327
1686190464.2199144,327
1686190464.2319078,326
1686190464.2481549,325
1686190464.2598305,325
1686190464.272832,325
1686190464.2888494,326
1686190464.3011186,326
1686190464.3141394,325
1686190464.329972,324
1686190464.3421783,324
1686190464.354847,325
1686190464.3708582,326
1686190464.3831804,326
1686190464.3997192,324
1686190464.4118605,324
1686190464.4235904,324
1686190464.4405596,325
1686190464.4525545,325
1686190464.4655383,324
1686190464.4815354,323
1686190464.493869,323
1686190464.5059228,323
1686190464.5225384,324
1686190464.535285,324
1686190464.5508263,323
1686190464.5635517,322
1686190464.5756166,321
1686190464.5915384,322
1686190464.6039786,323
1686190464.6169171,322
1686190464.6329088,321
1686190464.6449113,320
1686190464.657909,320
1686190464.6739235,321
1686190464.6859865,322
1686190464.7019234,321
1686190464.714981,320
1686190464.7272346,319
1686190464.7439187,320
1686190464.7559912,321
1686190464.7679164,321
1686190464.7849188,321
1686190464.7973893,320
1686190464.80923,319
1686190464.8259132,320
1686190464.8379805,321
1686190464.8506873,321
1686190464.865911,320
1686190464.8790889,320
1686190464.8949788,320
1686190464.9072087,321
1686190464.9199107,321
1686190464.9359124,321
1686190464.9479034,321
1686190464.9609766,320
1686190464.977227,320
1686190464.9889588,321
1686190465.0015764,322
1686190465.0178237,321
1686190465.030861,320
1686190465.0458903,320
1686190465.0592308,320
1686190465.071559,321
1686190465.0875127,321
1686190465.0997381,321
1686190465.112609,320
1686190465.1286116,319
1686190465.1406474,320
1686190465.1530383,320
1686190465.1690419,320
1686190465.1820388,320
1686190465.194036,319
1686190465.2106757,319
1686190465.2223082,319
1686190465.2391844,320
1686190465.2514532,320
1686190465.2638512,319
1686190465.2797418,318
1686190465.292938,319
1686190465.3048675,319
1686190465.3209825,320
1686190465.3329902,320
1686190465.3460968,319
1686190465.3627112,318
1686190465.374858,319
1686190465.3899333,319
1686190465.4026456,320
1686190465.4151294,319
1686190465.431558,318
1686190465.4442122,318
1686190465.4559364,318
1686190465.472922,319
1686190465.484919,319
1686190465.4986484,318
1686190465.5136864,318
1686190465.5257404,317
1686190465.5416722,318
1686190465.5546699,319
1686190465.567029,319
1686190465.582737,318
1686190465.5956795,318
1686190465.6076736,318
1686190465.6236715,319
1686190465.63568,320
1686190465.6486704,319
1686190465.6646738,319
1686190465.6776738,318
1686190465.6896698,319
1686190465.7057407,320
1686190465.7182984,320
1686190465.7344348,319
1686190465.747211,318
1686190465.7597885,318
1686190465.7758732,318
1686190465.788132,319
1686190465.800563,319
1686190465.816923,318
1686190465.829097,317
1686190465.8414457,317
1686190465.8575006,318
1686190465.870404,319
1686190465.8859868,319
1686190465.8990533,318
1686190465.91117,318
1686190465.927328,318
1686190465.9390597,319
1686190465.9521263,319
1686190465.9687462,318
1686190465.9805243,317
1686190465.9925952,316
1686190466.0095205,315
1686190466.0217762,315
1686190466.0346296,315
1686190466.051221,314
1686190466.0626087,313
1686190466.0786588,313
1686190466.0908685,314
1686190466.1036725,316
1686190466.1200817,317
1686190466.1321857,316
1686190466.144225,315
1686190466.1611888,315
1686190466.1730008,317
1686190466.1852791,318
1686190466.202234,317
1686190466.2140567,317
1686190466.23013,316
1686190466.242742,317
1686190466.254823,318
1686190466.2714953,318
1686190466.2831316,318
1686190466.2961283,318
1686190466.31179,318
1686190466.3247912,318
1686190466.3365486,319
1686190466.3531284,319
1686190466.3651297,319
1686190466.3821394,318
1686190466.3944743,318
1686190466.4067705,318
1686190466.4229908,319
1686190466.4354892,319
1686190466.4471736,318
1686190466.464099,317
1686190466.4763799,317
1686190466.488598,318
1686190466.5043437,318
1686190466.5173235,318
1686190466.5296595,317
1686190466.5463731,316
1686190466.5583682,317
1686190466.5744646,317
1686190466.5871325,318
1686190466.5991864,317
1686190466.6151123,316
1686190466.6281264,316
1686190466.640186,317
1686190466.6564548,317
1686190466.668256,318
1686190466.6813016,317
1686190466.6973221,316
1686190466.7101123,316
1686190466.7264078,317
1686190466.738439,318
1686190466.750482,318
1686190466.7670794,317
1686190466.77953,317
1686190466.7919405,316
1686190466.8078387,317
1686190466.8198948,318
1686190466.8329828,318
1686190466.8491158,317
1686190466.8614218,317
1686190466.877633,317
1686190466.891187,318
1686190466.9015484,318
1686190466.9180167,318
1686190466.9310796,317
1686190466.943368,317
1686190466.9592445,317
1686190466.9719474,318
1686190466.9843273,318
1686190467.000396,317
1686190467.012171,316
1686190467.0252645,316
1686190467.0408943,316
1686190467.0538588,317
1686190467.0693536,317
1686190467.0824192,316
1686190467.094355,315
1686190467.1111264,315
1686190467.1238031,316
1686190467.1350546,317
1686190467.151861,317
1686190467.1646848,316
1686190467.1761184,316
1686190467.1931179,316
1686190467.205024,317
1686190467.2211149,318
1686190467.2340558,318
1686190467.24634,317
1686190467.262999,316
1686190467.27494,317
1686190467.2871182,318
1686190467.3035657,318
1686190467.3155344,317
1686190467.328516,316
1686190467.3442373,316
1686190467.3565001,317
1686190467.369552,318
1686190467.3854861,318
1686190467.398171,317
1686190467.4143646,316
1686190467.4266062,317
1686190467.4388561,318
1686190467.4552577,318
1686190467.4678564,318
1686190467.4791334,317
1686190467.4958837,316
1686190467.508716,316
1686190467.5206876,317
1686190467.5365202,318
1686190467.549405,317
1686190467.5654433,316
1686190467.5778012,316
1686190467.5905044,316
1686190467.607016,317
1686190467.6187727,318
1686190467.631326,317
1686190467.647244,316
1686190467.659898,316
1686190467.6722972,317
1686190467.6888628,318
1686190467.700806,317
1686190467.7170086,316
1686190467.7299209,315
1686190467.7419724,316
1686190467.7582986,317
1686190467.7705576,317
1686190467.7831385,317
1686190467.799192,316
1686190467.810894,316
1686190467.8239627,316
1686190467.840369,317
1686190467.8520496,318
1686190467.8649008,317
1686190467.8810093,316
1686190467.893864,316
1686190467.9099362,317
1686190467.9221365,318
1686190467.934181,318
1686190467.951045,317
1686190467.9631834,317
1686190467.97536,317
1686190467.9914708,318
1686190468.003834,319
1686190468.0158393,318
1686190468.032849,317
1686190468.04519,317
1686190468.0611067,317
1686190468.0737052,318
1686190468.0859704,318
1686190468.1021342,318
1686190468.114136,317
1686190468.1271362,316
1686190468.1436048,317
1686190468.1559565,318
1686190468.1678438,318
1686190468.1839483,317
1686190468.1965356,316
1686190468.2088013,316
1686190468.2258277,317
1686190468.237077,318
1686190468.2541013,318
1686190468.26587,317
1686190468.2778752,316
1686190468.2944267,316
1686190468.307167,317
1686190468.3191767,318
1686190468.3355896,318
1686190468.3481808,317
1686190468.3606753,317
1686190468.377133,317
1686190468.3887808,318
1686190468.4048898,319
1686190468.4174018,318
1686190468.4300551,317
1686190468.4463217,317
1686190468.4588938,317
1686190468.471102,318
1686190468.4875946,318
1686190468.499623,318
1686190468.5112348,317
1686190468.5282416,317
1686190468.5407066,318
1686190468.5566046,319
1686190468.5689998,319
1686190468.5816278,318
1686190468.5980258,317
1686190468.609689,317
1686190468.6228824,318
1686190468.6381736,318
1686190468.6514258,318
1686190468.6635249,317
1686190468.6795073,317
1686190468.6921093,317
1686190468.7047262,318
1686190468.7207918,318
1686190468.7330666,318
1686190468.749128,317
1686190468.7620876,317
1686190468.7743168,317
1686190468.7902553,318
1686190468.802145,318
1686190468.815109,318
1686190468.831203,317
1686190468.843779,317
1686190468.8562982,317
1686190468.872141,318
1686190468.8841774,318
1686190468.900463,317
1686190468.9137983,317
1686190468.924878,317
1686190468.942125,318
1686190468.9542665,318
1686190468.9666877,318
1686190468.9831355,317
1686190468.9949758,316
1686190469.0075061,317
1686190469.0234165,318
1686190469.036427,318
1686190469.0519037,318
1686190469.06514,317
1686190469.0766408,317
1686190469.0937912,317
1686190469.1060705,318
1686190469.1178956,318
1686190469.1348164,317
1686190469.146212,317
1686190469.158196,316
1686190469.1758237,317
1686190469.1880095,318
1686190469.2000325,318
1686190469.2163496,317
1686190469.2288618,316
1686190469.2449653,316
1686190469.256973,317
1686190469.2691004,318
1686190469.285973,317
1686190469.2984984,317
1686190469.3105247,316
1686190469.3265865,316
1686190469.339288,317
1686190469.3515944,318
1686190469.3679159,317
1686190469.3802974,317
1686190469.3962917,316
1686190469.4090478,317
1686190469.421184,318
1686190469.4376752,318
1686190469.4500775,317
1686190469.4619381,317
1686190469.4784515,317
1686190469.490728,317
1686190469.5031035,318
1686190469.5191789,318
1686190469.5321317,317
1686190469.5482264,317
1686190469.5608256,317
1686190469.5721009,318
1686190469.5891633,318
1686190469.6012063,318
1686190469.6131537,316
1686190469.6301668,316
1686190469.642662,316
1686190469.6542628,318
1686190469.6709917,318
1686190469.6830068,317
1686190469.695058,316
1686190469.7121427,316
1686190469.7243047,317
1686190469.7409241,318
1686190469.752698,319
1686190469.765382,318
1686190469.782009,317
1686190469.7938797,317
1686190469.8064075,318
1686190469.822135,319
1686190469.8344052,319
1686190469.8468904,318
1686190469.8629994,317
1686190469.8750856,318
1686190469.892128,318
1686190469.9048083,319
1686190469.9168549,318
1686190469.932929,317
1686190469.9455624,317
1686190469.9581363,317
1686190469.9737704,318
1686190469.986471,319
1686190469.9985008,318
1686190470.0150976,317
1686190470.0265641,317
1686190470.0396516,318
1686190470.056246,319
1686190470.067896,319
1686190470.0843456,318
1686190470.0971482,317
1686190470.1088512,317
1686190470.1260543,318
1686190470.137458,319
1686190470.150465,319
1686190470.166154,318
1686190470.1791809,317
1686190470.1913292,317
1686190470.207609,318
1686190470.2200904,319
1686190470.2363276,318
1686190470.2488697,317
1686190470.2609172,317
1686190470.277034,317
1686190470.2896953,318
1686190470.301529,318
1686190470.318235,317
1686190470.3299022,316
1686190470.34291,316
1686190470.358868,317
1686190470.3709266,318
1686190470.3869696,318
1686190470.4002433,317
1686190470.412766,317
1686190470.429137,316
1686190470.4410362,317
1686190470.453544,318
1686190470.4700272,318
1686190470.4822385,317
1686190470.4945579,317
1686190470.5105927,317
1686190470.523141,318
1686190470.5350842,318
1686190470.5516007,318
1686190470.564059,317
1686190470.5803483,317
1686190470.5929728,317
1686190470.6049025,318
1686190470.6206844,318
1686190470.6338584,318
1686190470.6451905,317
1686190470.6619346,317
1686190470.6748981,318
1686190470.6870239,319
1686190470.7029686,319
1686190470.7149708,318
1686190470.731853,317
1686190470.7437725,317
1686190470.7557476,318
1686190470.7727313,319
1686190470.7849388,319
1686190470.796856,318
1686190470.8138037,317
1686190470.825546,318
1686190470.838814,319
1686190470.8545206,319
1686190470.867326,318
1686190470.8793132,317
1686190470.8959305,317
1686190470.9079266,317
1686190470.9246747,318
1686190470.9366755,318
1686190470.9488692,318
1686190470.9651053,317
1686190470.978,317
1686190470.9898145,318
1686190471.0063763,318
1686190471.018187,318
1686190471.0301821,317
1686190471.0475838,317
1686190471.059622,317
1686190471.075662,318
1686190471.0882845,319
1686190471.100566,318
1686190471.116849,317
1686190471.1293411,317
1686190471.1408877,317
1686190471.1577024,318
1686190471.1704154,319
1686190471.1823535,318
1686190471.1984224,317
1686190471.2107286,317
1686190471.22635,317
1686190471.2396655,318
1686190471.2523715,318
1686190471.268701,317
1686190471.2803543,317
1686190471.2926986,317
1686190471.3093626,317
1686190471.3219442,318
1686190471.3339238,318
1686190471.349879,317
1686190471.362873,317
1686190471.3750412,317
1686190471.3909433,318
1686190471.402884,319
1686190471.420214,319
1686190471.4321933,318
1686190471.444544,318
1686190471.4601994,318
1686190471.4732,319
1686190471.4852061,319
1686190471.5012069,318
1686190471.514332,317
1686190471.5262473,317
1686190471.5425572,317
1686190471.5552614,319
1686190471.5713081,319
1686190471.5831268,318
1686190471.5963879,317
1686190471.6123803,317
1686190471.6243937,318
1686190471.6370661,319
1686190471.653123,319
1686190471.665386,318
1686190471.6781268,317
1686190471.694084,317
1686190471.7068298,318
1686190471.7191417,319
1686190471.735629,318
1686190471.7473695,317
1686190471.7641332,316
1686190471.7762592,317
1686190471.7883968,318
1686190471.8051212,319
1686190471.817065,319
1686190471.8287547,317
1686190471.8460717,317
1686190471.8577602,317
1686190471.8710093,317
1686190471.8867366,317
1686190471.898775,316
1686190471.9157271,314
1686190471.927709,314
1686190471.939703,316
1686190471.9567666,318
1686190471.968857,319
1686190471.9809856,319
1686190471.9977145,320
1686190472.0097861,322
1686190472.022252,324
1686190472.0377693,327
1686190472.0507138,329
1686190472.066716,329
1686190472.0790288,331
1686190472.091773,333
1686190472.1077015,336
1686190472.1196594,338
1686190472.1327548,339
1686190472.1491165,340
1686190472.1606863,341
1686190472.1737714,344
1686190472.1900275,347
1686190472.201684,349
1686190472.2146876,349
1686190472.230688,348
1686190472.2430348,345
1686190472.2591696,342
1686190472.27161,338
1686190472.283654,331
1686190472.3007739,322
1686190472.3126898,312
1686190472.3251953,305
1686190472.341693,300
1686190472.3536897,296
1686190472.365759,293
1686190472.3827662,290
1686190472.3947732,289
1686190472.410961,290
1686190472.4237678,292
1686190472.4357586,293
1686190472.4516973,295
1686190472.4646916,297
1686190472.4767647,300
1686190472.4927478,304
1686190472.5056903,308
1686190472.517761,312
1686190472.5340834,314
1686190472.5463583,317
1686190472.5582879,320
1686190472.5742824,322
1686190472.5873542,325
1686190472.603624,325
1686190472.6153426,325
1686190472.6278255,323
1686190472.644276,321
1686190472.6562316,318
1686190472.6692321,315
1686190472.6855423,311
1686190472.6972914,306
1686190472.7103043,303
1686190472.726295,302
1686190472.7382345,301
1686190472.755304,301
1686190472.7679374,302
1686190472.779868,304
1686190472.796176,310
1686190472.807862,319
1686190472.8208754,329
1686190472.83686,339
1686190472.8488605,349
1686190472.8618631,357
1686190472.8781152,366
1686190472.8905928,375
1686190472.9059093,382
1686190472.9189317,387
1686190472.9318707,389
1686190472.9479835,389
1686190472.9598796,390
1686190472.9721797,390
1686190472.9888434,387
1686190473.0008407,382
1686190473.0126317,376
1686190473.0297084,370
1686190473.0416956,365
1686190473.053962,360
1686190473.0706494,353
1686190473.0829859,347
1686190473.098691,340
1686190473.1116507,334
1686190473.1236331,329
1686190473.1397069,326
1686190473.152701,321
1686190473.1647122,316
1686190473.1806502,312
1686190473.1936316,309
1686190473.2056973,308
1686190473.2224205,306
1686190473.2344193,304
1686190473.2503998,302
1686190473.263409,300
1686190473.2754111,299
1686190473.2913525,298
1686190473.304348,295
1686190473.3164265,289
1686190473.332419,281
1686190473.344418,273
1686190473.3573482,267
1686190473.373407,262
1686190473.3860705,257
1686190473.398138,254
1686190473.41507,251
1686190473.426879,251
1686190473.4430838,252
1686190473.455809,255
1686190473.4677198,257
1686190473.4844275,260
1686190473.497311,262
1686190473.5086157,267
1686190473.525454,271
1686190473.5377908,276
1686190473.5495162,281
1686190473.5664601,285
1686190473.5785503,290
1686190473.5948079,298
1686190473.6075273,305
1686190473.619457,312
1686190473.6364577,318
1686190473.6485186,321
1686190473.660459,324
1686190473.6768026,327
1686190473.6884537,329
1686190473.701528,330
1686190473.7176952,330
1686190473.7304628,330
1686190473.745458,330
1686190473.758801,330
1686190473.7704697,330
1686190473.7875473,329
1686190473.7996745,327
1686190473.811457,326
1686190473.82853,326
1686190473.840465,326
1686190473.85251,326
1686190473.869459,325
1686190473.8815181,324
1686190473.8938022,322
1686190473.910472,320
1686190473.9225566,317
1686190473.9385178,313
1686190473.951481,308
1686190473.9635565,303
1686190473.9798846,299
1686190473.9914813,295
1686190474.004541,292
1686190474.0205357,290
1686190474.0324643,287
1686190474.045501,285
1686190474.0618048,284
1686190474.0737813,286
1686190474.0905669,287
1686190474.1028175,289
1686190474.114634,289
1686190474.1315434,290
1686190474.143475,292
1686190474.1555345,295
1686190474.1726663,298
1686190474.184454,300
1686190474.1964564,301
1686190474.2134602,302
1686190474.2254796,304
1686190474.2375782,307
1686190474.254305,309
1686190474.2662215,310
1686190474.2823255,310
1686190474.295316,311
1686190474.3075595,313
1686190474.3240333,315
1686190474.3359442,316
1686190474.348665,316
1686190474.3645892,316
1686190474.3766482,317
1686190474.389659,318
1686190474.4056094,320
1686190474.4179041,320
1686190474.4346604,319
1686190474.4465878,319
1686190474.4586499,320
1686190474.4756618,321
1686190474.4876323,322
1686190474.4995844,321
1686190474.5170195,320
1686190474.5287788,320
1686190474.5409048,321
1686190474.5575905,321
1686190474.569885,322
1686190474.5859237,321
1686190474.5986676,320
1686190474.6108441,321
1686190474.6275885,321
1686190474.6389656,322
1686190474.651586,322
1686190474.6675868,321
1686190474.6806476,320
1686190474.692657,321
1686190474.7089157,321
1686190474.7206724,322
1686190474.7336695,322
1686190474.7498097,320
1686190474.7622375,320
1686190474.7781558,320
1686190474.7901669,321
1686190474.8028677,321
1686190474.8195567,321
1686190474.8318505,320
1686190474.8438294,319
1686190474.8600607,320
1686190474.8730645,321
1686190474.8851244,321
1686190474.9013913,320
1686190474.913401,320
1686190474.9300625,319
1686190474.942338,320
1686190474.9543133,321
1686190474.9711363,321
1686190474.9834032,320
1686190474.9960647,320
1686190475.012079,320
1686190475.024141,320
1686190475.0366364,321
1686190475.0526297,321
1686190475.0655808,319
1686190475.0775876,319
1686190475.0936146,319
1686190475.1058896,320
1686190475.1225572,320
1686190475.13491,320
1686190475.1466322,320
1686190475.1635597,319
1686190475.1755784,320
1686190475.1879342,321
1686190475.2046342,321
1686190475.2169044,321
1686190475.2289112,320
1686190475.2455628,320
1686190475.2578201,321
1686190475.2738457,322
1686190475.2867343,322
1686190475.2985833,322
1686190475.315024,321
1686190475.327067,321
1686190475.3390107,322
1686190475.3560805,323
1686190475.3683343,323
1686190475.3805974,322
1686190475.3964744,321
1686190475.409476,322
1686190475.4254906,322
1686190475.4382627,323
1686190475.4502954,323
1686190475.4662557,322
1686190475.479196,321
1686190475.4911864,322
1686190475.5072577,322
1686190475.520189,322
1686190475.5322688,322
1686190475.5483255,320
1686190475.560862,320
1686190475.5729437,321
1686190475.5898614,322
1686190475.601797,322
1686190475.618128,321
1686190475.6307938,320
1686190475.6428688,320
1686190475.659134,320
1686190475.6711228,321
1686190475.6838071,321
1686190475.6998377,320
1686190475.7117932,320
1686190475.725839,320
1686190475.7408187,321
1686190475.7535622,322
1686190475.7697377,321
1686190475.7819023,321
1686190475.7945628,320
1686190475.8105874,321
1686190475.822546,322
1686190475.8354902,322
1686190475.8515582,321
1686190475.863551,321
1686190475.8765469,321
1686190475.8924851,321
1686190475.90549,322
1686190475.9164948,322
1686190475.9335387,321
1686190475.9455345,321
1686190475.9626899,321
1686190475.9746804,322
1686190475.986151,323
1686190476.0028722,322
1686190476.0155988,321
1686190476.0272653,320
1686190476.0443351,321
1686190476.0563447,322
1686190476.0686054,322
1686190476.0855608,321
1686190476.0977385,320
1686190476.1132717,320
1686190476.1262596,320
1686190476.1383536,321
1686190476.154278,321
1686190476.167316,321
1686190476.1792767,320
1686190476.1952589,320
1686190476.207314,320
1686190476.220257,321
1686190476.2363226,321
1686190476.248325,320
1686190476.2653518,319
1686190476.2772765,320
1686190476.2894409,320
1686190476.3063304,321
1686190476.3182623,320
1686190476.3312588,320
1686190476.3473291,319
1686190476.3593135,319
1686190476.3713915,320
1686190476.3883376,320
1686190476.4004924,320
1686190476.412637,319
1686190476.4300342,318
1686190476.4417584,319
1686190476.4575555,320
1686190476.4703374,320
1686190476.4822552,320
1686190476.498362,319
1686190476.5113149,319
1686190476.5232677,320
1686190476.5396087,320
1686190476.551959,320
1686190476.5636728,319
1686190476.5808299,318
1686190476.5930972,318
1686190476.6094651,319
1686190476.6226418,319
1686190476.6340835,319
1686190476.6496975,317
1686190476.6626906,317
1686190476.6750832,317
1686190476.6914809,318
1686190476.7037466,318
1686190476.7157536,317
1686190476.7316506,315
1686190476.7446523,315
1686190476.7567797,315
1686190476.7733555,316
1686190476.7858164,315
1686190476.8020196,314
1686190476.813971,312
1686190476.8261356,311
1686190476.8431966,311
1686190476.855293,311
1686190476.8670306,310
1686190476.8838935,308
1686190476.8961558,307
1686190476.9086921,306
1686190476.9247494,306
1686190476.9379706,306
1686190476.953251,305
1686190476.9660196,303
1686190476.978161,302
1686190476.9945276,302
1686190477.0066488,302
1686190477.0190513,301
1686190477.035596,300
1686190477.0469418,298
1686190477.059972,297
1686190477.0759556,297
1686190477.0889454,298
1686190477.104007,298
1686190477.1170125,297
1686190477.1289434,296
1686190477.1450932,296
1686190477.1580935,297
1686190477.1700873,298
1686190477.1870856,298
1686190477.1990852,297
1686190477.2111464,296
1686190477.227625,297
1686190477.2400827,298
1686190477.2522092,299
1686190477.268102,299
1686190477.281173,299
1686190477.2971392,299
1686190477.3091326,301
1686190477.3220904,302
1686190477.3380656,304
1686190477.3510559,304
1686190477.3630602,304
1686190477.3798268,305
1686190477.391517,307
1686190477.404082,309
1686190477.4201548,310
1686190477.4327028,310
1686190477.4490798,310
1686190477.4616508,311
1686190477.4734182,313
1686190477.4901001,314
1686190477.5026786,315
1686190477.5144317,315
1686190477.5311959,316
1686190477.5433092,317
1686190477.555646,318
1686190477.5715365,320
1686190477.5835428,320
1686190477.5964653,320
1686190477.612393,321
1686190477.6254501,323
1686190477.6418307,325
1686190477.6540022,327
1686190477.6663077,328
1686190477.6822262,329
1686190477.6942322,330
1686190477.7072911,332
1686190477.7234914,333
1686190477.7360299,335
1686190477.7480373,335
1686190477.7641542,335
1686190477.7770267,336
1686190477.7931745,338
1686190477.8051033,341
1686190477.817415,342
1686190477.834543,342
1686190477.8468068,342
1686190477.8582513,344
1686190477.8751545,345
1686190477.8872077,346
1686190477.8996365,345
1686190477.9154484,345
1686190477.9282382,344
1686190477.9405668,344
1686190477.9569595,345
1686190477.968955,345
1686190477.985547,343
1686190477.9980376,342
1686190478.0102053,341
1686190478.0268674,341
1686190478.0387058,342
1686190478.0512118,342
1686190478.067289,341
1686190478.080039,341
1686190478.0920186,341
1686190478.108882,341
1686190478.119932,342
1686190478.1371748,341
1686190478.149707,340
1686190478.161131,339
1686190478.1781526,340
1686190478.1901567,341
1686190478.2021146,341
1686190478.2191248,340
1686190478.2316246,340
1686190478.2437563,339
1686190478.2599497,339
1686190478.2724,340
1686190478.2883997,340
1686190478.3011587,339
1686190478.3132026,338
1686190478.329587,338
1686190478.3421555,339
1686190478.354016,339
1686190478.3702633,339
1686190478.3830671,337
1686190478.396249,336
1686190478.4117355,336
1686190478.4240427,335
1686190478.4361718,335
1686190478.4518259,333
1686190478.4650438,332
1686190478.4814239,330
1686190478.49306,329
1686190478.5058095,329
1686190478.5220997,328
1686190478.5348938,326
1686190478.546437,325
1686190478.562816,324
1686190478.57509,324
1686190478.587205,324
1686190478.604175,325
1686190478.616398,324
1686190478.6330395,323
1686190478.6450887,323
1686190478.6571712,323
1686190478.6740828,324
1686190478.685688,324
1686190478.69764,322
1686190478.7149515,322
1686190478.7263017,322
1686190478.7391012,323
1686190478.7559192,323
1686190478.7679706,322
1686190478.7802353,321
1686190478.7963388,320
1686190478.8091223,320
1686190478.8246949,321
1686190478.8378177,321
1686190478.8496592,320
1686190478.866154,319
1686190478.8781478,318
1686190478.8904452,318
1686190478.907382,318
1686190478.9194953,319
1686190478.932031,317
1686190478.9484735,316
1686190478.9599164,315
1686190478.976513,315
1686190478.9889984,316
1686190479.001042,316
1686190479.0181043,315
1686190479.0303648,314
1686190479.0423703,313
1686190479.0589626,314
1686190479.0706935,315
1686190479.083649,314
1686190479.0996625,313
1686190479.1121504,313
1686190479.128159,313
1686190479.1407404,314
1686190479.152873,315
1686190479.1689973,314
1686190479.1818926,313
1686190479.1948457,313
1686190479.2100122,313
1686190479.22212,314
1686190479.2350907,314
1686190479.2513437,313
1686190479.2630534,312
1686190479.2759979,312
1686190479.2922776,313
1686190479.304356,313
1686190479.3202145,313
1686190479.3331978,312
1686190479.3449566,311
1686190479.362066,312
1686190479.373834,312
1686190479.3862646,313
1686190479.4030912,312
1686190479.416021,312
1686190479.4270427,311
1686190479.4438438,312
1686190479.45589,312
1686190479.4727652,313
1686190479.4848816,313
1686190479.4970992,312
1686190479.5129938,312
1686190479.5252614,312
1686190479.53818,313
1686190479.5541923,314
1686190479.5661936,313
1686190479.5791912,312
1686190479.5954092,312
1686190479.607371,313
1686190479.6229982,314
1686190479.636001,314
1686190479.6481736,314
1686190479.6648726,313
1686190479.6771212,313
1686190479.6898713,314
1686190479.7056415,315
1686190479.7183318,315
1686190479.7306917,314
1686190479.7465732,313
1686190479.7592385,314
1686190479.7717924,315
1686190479.7872694,315
1686190479.8003466,315
1686190479.8168163,313
1686190479.8280034,313
1686190479.8408942,313
1686190479.8576066,314
1686190479.8700874,314
1686190479.882098,313
1686190479.8987727,313
1686190479.9112036,313
1686190479.9231987,314
1686190479.9392998,315
1686190479.9513502,315
1686190479.9681122,314
1686190479.9811068,313
1686190479.992941,314
1686190480.008985,315
1686190480.0209854,315
1686190480.0329933,315
1686190480.0501065,314
1686190480.0621843,314
1686190480.0742588,314
1686190480.0911639,315
1686190480.1031632,316
1686190480.119696,315
1686190480.1317327,315
1686190480.1442695,315
1686190480.1608932,316
1686190480.1728394,316
1686190480.185043,317
1686190480.2015648,316
1686190480.2135403,315
1686190480.2261403,315
1686190480.2419717,316
1686190480.2550218,317
1686190480.2670577,317
1686190480.2835016,316
1686190480.295943,315
1686190480.3117292,316
1686190480.324714,317
1686190480.3368263,317
1686190480.3531544,317
1686190480.3649063,316
1686190480.3774319,316
1686190480.3939714,316
1686190480.406506,317
1686190480.418396,318
1686190480.4350977,317
1686190480.447274,316
1686190480.4638405,316
1686190480.475883,317
1686190480.4878829,317
1686190480.504403,317
1686190480.5170832,316
1686190480.5291774,315
1686190480.5454738,316
1686190480.5580611,316
1686190480.5699842,317
1686190480.5864115,317
1686190480.5987039,316
1686190480.6112869,316
1686190480.6272585,316
1686190480.6398377,317
1686190480.6560726,318
1686190480.6680052,318
1686190480.6806757,317
1686190480.6966717,316
1686190480.7086027,317
1686190480.7210813,318
1686190480.738156,318
1686190480.7503514,318
1686190480.7623243,317
1686190480.779055,317
1686190480.7912295,318
1686190480.8080313,318
1686190480.8200781,318
1686190480.8321009,318
1686190480.8483853,317
1686190480.8611882,317
1686190480.8735693,318
1686190480.8892953,318
1686190480.9020689,318
1686190480.9142213,317
1686190480.9309185,316
1686190480.943071,316
1686190480.9581606,317
1686190480.9718711,317
1686190480.983179,316
1686190481.0002801,315
1686190481.012175,314
1686190481.0250435,315
1686190481.0413132,316
1686190481.0533884,316
1686190481.0651355,315
1686190481.0826616,314
1686190481.0936928,314
1686190481.1087112,314
1686190481.122978,315
1686190481.1347957,315
1686190481.1517394,314
1686190481.1645124,313
1686190481.1757896,313
1686190481.192727,313
1686190481.204725,314
1686190481.217282,313
1686190481.233415,312
1686190481.2453685,311
1686190481.2583692,311
1686190481.2743657,312
1686190481.2871397,312
1686190481.3033218,312
1686190481.3156033,311
1686190481.3276532,310
1686190481.343704,311
1686190481.355747,312
1686190481.3688123,312
1686190481.3850956,311
1686190481.3975568,310
1686190481.4105597,310
1686190481.4260597,310
1686190481.4385471,311
1686190481.4510722,311
1686190481.4671414,310
1686190481.4791381,309
1686190481.4951978,309
1686190481.5077791,310
1686190481.520497,311
1686190481.5360882,310
1686190481.5490658,310
1686190481.5611835,309
1686190481.5776215,310
1686190481.5903585,311
1686190481.6022496,312
1686190481.6184185,312
1686190481.6303616,311
1686190481.6476946,311
1686190481.6599877,312
1686190481.672042,313
1686190481.6884496,313
1686190481.7004383,313
1686190481.712919,312
1686190481.7285738,312
1686190481.7415712,313
1686190481.7541444,314
1686190481.7702959,315
1686190481.7828367,314
1686190481.798663,314
1686190481.811335,314
1686190481.8238127,315
1686190481.8399384,316
1686190481.8516226,316
1686190481.8646913,315
1686190481.8807373,315
1686190481.8931754,315
1686190481.9051464,317
1686190481.9211993,317
1686190481.9341474,317
1686190481.9459107,316
1686190481.9621642,316
1686190481.975111,317
1686190481.9920318,318
1686190482.0031335,318
1686190482.0156736,318
1686190482.0324705,317
1686190482.0445452,317
1686190482.0566123,318
1686190482.0726082,319
1686190482.0859237,319
1686190482.0978677,318
1686190482.114288,317
1686190482.1265104,318
1686190482.1423907,319
1686190482.1552403,320
1686190482.1674814,320
1686190482.1840024,319
1686190482.1958842,320
1686190482.208328,320
1686190482.2250996,320
1686190482.2370422,321
1686190482.2490776,321
1686190482.2651403,320
1686190482.2776008,320
1686190482.2937942,321
1686190482.3066707,322
1686190482.3191996,323
1686190482.3351367,322
1686190482.347237,321
1686190482.3601298,321
1686190482.3760934,322
1686190482.3890247,322
1686190482.4013772,322
1686190482.4170756,321
1686190482.4296877,320
1686190482.4420824,320
1686190482.4583757,321
1686190482.4704225,322
1686190482.4871426,321
1686190482.4993494,320
1686190482.5120075,320
1686190482.528018,320
1686190482.5400157,321
1686190482.5528588,321
1686190482.5690887,320
1686190482.581033,319
1686190482.5933635,319
1686190482.6096466,319
1686190482.6221318,320
1686190482.6387746,320
1686190482.6509795,320
1686190482.6630902,319
1686190482.679424,319
1686190482.692086,320
1686190482.7039268,320
1686190482.719998,321
1686190482.7326796,320
1686190482.745684,319
1686190482.7615738,319
1686190482.7734778,321
1686190482.7862475,322
1686190482.8023312,321
1686190482.8141723,320
1686190482.831231,320
1686190482.8431962,320
1686190482.8551722,321
1686190482.872237,322
1686190482.8841734,322
1686190482.8965075,321
1686190482.9131699,321
1686190482.9251735,321
1686190482.9371789,322
1686190482.9539664,323
1686190482.966136,322
1686190482.982189,321
1686190482.994965,321
1686190483.0072224,321
1686190483.0229917,322
1686190483.035957,322
1686190483.0479643,321
1686190483.0645778,320
1686190483.0772223,321
1686190483.0892868,321
1686190483.1052895,322
1686190483.1175532,321
1686190483.1343,320
1686190483.1462808,320
1686190483.1588497,320
1686190483.1750996,321
1686190483.18709,321
1686190483.1990285,320
1686190483.2160525,319
1686190483.2283602,319
1686190483.2403548,319
1686190483.257099,320
1686190483.2693415,320
1686190483.2816691,318
1686190483.297629,317
1686190483.3096445,317
1686190483.3266177,318
1686190483.3389437,319
1686190483.3509135,319
1686190483.3677032,318
1686190483.379617,318
1686190483.3923936,319
1686190483.4086392,320
1686190483.4207456,321
1686190483.4329326,321
1686190483.4496908,321
1686190483.4621289,321
1686190483.4779382,322
1686190483.4906373,324
1686190483.5026596,325
1686190483.5187857,325
1686190483.531538,325
1686190483.543473,325
1686190483.5602677,326
1686190483.572246,327
1686190483.5845594,327
1686190483.6012576,326
1686190483.613319,326
1686190483.6257994,326
1686190483.6419437,326
1686190483.6544168,327
1686190483.6707501,327
1686190483.6824014,326
1686190483.695429,326
1686190483.7114592,326
1686190483.723477,327
1686190483.7363977,327
1686190483.75255,327
1686190483.764684,326
1686190483.7763922,325
1686190483.7934203,326
1686190483.8057408,327
1686190483.8217547,327
1686190483.834396,327
1686190483.8467433,327
1686190483.863471,327
1686190483.8753948,328
1686190483.887416,329
1686190483.9036806,329
1686190483.916401,328
1686190483.9286842,327
1686190483.9454641,326
1686190483.9574597,326
1686190483.9697459,326
1686190483.9854994,324
1686190483.9984531,323
1686190484.014469,322
1686190484.0271385,321
1686190484.0394425,322
1686190484.0554228,322
1686190484.067422,321
1686190484.07987,320
1686190484.096727,319
1686190484.1086588,320
1686190484.1213882,321
1686190484.1374035,323
1686190484.1494477,324
1686190484.1661122,324
1686190484.1780534,326
1686190484.1911094,328
1686190484.2072244,330
1686190484.2196405,331
1686190484.2322402,331
1686190484.2482214,330
1686190484.2601109,327
1686190484.2724795,323
1686190484.289187,318
1686190484.301159,312
1686190484.31745,305
1686190484.330181,300
1686190484.3421032,297
1686190484.3581064,296
1686190484.3711772,296
1686190484.383455,295
1686190484.3991067,296
1686190484.4121683,298
1686190484.4242566,302
1686190484.4411063,308
1686190484.4531653,313
1686190484.4653995,316
1686190484.4814615,319
1686190484.4941258,322
1686190484.510169,325
1686190484.5221734,326
1686190484.5341635,327
1686190484.5512223,324
1686190484.5631242,322
1686190484.5761147,319
1686190484.5921297,316
1686190484.6044476,313
1686190484.6162043,310
1686190484.6331007,306
1686190484.6454527,303
1686190484.661483,302
1686190484.6742926,301
1686190484.6864438,302
1686190484.7021704,303
1686190484.7151773,307
1686190484.727161,312
1686190484.7440875,322
1686190484.7561915,333
1686190484.7680311,345
1686190484.7848153,353
1686190484.7967427,361
1686190484.8088481,370
1686190484.8257704,378
1686190484.8378117,383
1686190484.8537924,384
1686190484.8655639,388
1686190484.879309,386
1686190484.8952432,385
1686190484.9077847,383
1686190484.9192429,381
1686190484.9363337,377
1686190484.9485512,371
1686190484.9602442,367
1686190484.9773304,362
1686190484.9894328,358
1686190485.0057802,354
1686190485.0174937,348
1686190485.0304291,342
1686190485.0474286,339
1686190485.0594318,334
1686190485.0714273,332
1686190485.0874271,328
1686190485.0995057,324
1686190485.1125038,320
1686190485.1287694,317
1686190485.1414437,316
1686190485.1568656,315
1686190485.1697657,311
1686190485.1817763,308
1686190485.1987567,305
1686190485.2107694,306
1686190485.222982,305
1686190485.238752,303
1686190485.2517488,301
1686190485.264027,300
1686190485.2807796,298
1686190485.2927651,298
1686190485.3049068,296
1686190485.3215454,292
1686190485.3337495,285
1686190485.3500376,277
1686190485.361751,270
1686190485.374696,263
1686190485.3917246,259
1686190485.4032636,255
1686190485.4150805,251
1686190485.4317572,250
1686190485.443752,250
1686190485.4560966,253
1686190485.4728415,255
1686190485.4847991,258
1686190485.5011053,260
1686190485.513896,264
1686190485.525769,267
1686190485.5427585,273
1686190485.5547533,278
1686190485.5667691,282
1686190485.5828192,286
1686190485.5957599,290
1686190485.6078727,296
1686190485.6247885,303
1686190485.636842,309
1686190485.648906,313
1686190485.6652079,317
1686190485.6780057,319
1686190485.694025,322
1686190485.7059987,325
1686190485.7182791,326
1686190485.7350035,326
1686190485.7472317,325
1686190485.7593482,324
1686190485.776013,325
1686190485.7881746,324
1686190485.8003244,323
1686190485.8170695,321
1686190485.8295498,320
1686190485.845333,319
1686190485.858023,319
1686190485.870141,320
1686190485.886073,318
1686190485.8980572,317
1686190485.9110107,316
1686190485.9273565,316
1686190485.9400673,315
1686190485.9521606,314
1686190485.9683316,312
1686190485.9810867,310
1686190485.9970715,307
1686190486.0089998,306
1686190486.0212944,306
1686190486.0380116,304
1686190486.0500002,301
1686190486.062764,299
1686190486.0789363,298
1686190486.0906775,297
1686190486.1036901,297
1686190486.119732,296
1686190486.131987,295
1686190486.1447442,293
1686190486.1609504,294
1686190486.1726456,295
1686190486.189774,296
1686190486.2017682,296
1686190486.2139697,295
1686190486.2307215,295
1686190486.2437022,296
1686190486.255051,297
1686190486.2710788,298
1686190486.2839959,298
1686190486.2961385,298
1686190486.3123434,299
1686190486.3250163,300
1686190486.3410623,302
1686190486.3540022,302
1686190486.3661473,302
1686190486.3822317,302
1686190486.3941624,303
1686190486.406687,305
1686190486.4232335,306
1686190486.4351318,306
1686190486.4478745,305
1686190486.4637508,305
1686190486.4767542,306
1686190486.488722,307
1686190486.5047288,308
1686190486.517427,307
1686190486.5336778,306
1686190486.5456288,306
1686190486.5585678,307
1686190486.574846,308
1686190486.5868497,308
1686190486.5991662,307
1686190486.615845,307
1686190486.6279318,307
1686190486.6401503,308
1686190486.6558497,309
1686190486.6689737,309
1686190486.684991,309
1686190486.6970263,309
1686190486.7100775,310
1686190486.7261784,311
1686190486.7381537,313
1686190486.751031,312
1686190486.7669919,312
1686190486.77928,312
1686190486.7919729,313
1686190486.8079975,314
1686190486.8203003,315
1686190486.836291,315
1686190486.849044,314
1686190486.8613014,315
1686190486.8773062,316
1686190486.8899746,317
1686190486.9021983,318
1686190486.9183073,318
1686190486.9309711,318
1686190486.943227,318
1686190486.9600496,319
1686190486.9717858,321
1686190486.984063,321
1686190487.0007975,321
1686190487.012826,321
1686190487.0287156,322
1686190487.0417345,324
1686190487.0537293,326
1686190487.0697763,328
1686190487.0817175,328
1686190487.094782,329
1686190487.111256,331
1686190487.123723,333
1686190487.135726,335
1686190487.1517737,336
1686190487.1639965,336
1686190487.1801531,337
1686190487.1928663,339
1686190487.2049897,342
1686190487.222022,344
1686190487.234094,345
1686190487.2462873,346
1686190487.2623007,347
1686190487.2752368,349
1686190487.2872488,351
1686190487.3034914,351
1686190487.3162158,351
1686190487.3281522,350
1686190487.3442152,350
1686190487.3570993,350
1686190487.3741663,351
1686190487.3854547,350
1686190487.3971593,349
1686190487.4141436,347
1686190487.4261549,347
1686190487.439176,346
1686190487.4549446,346
1686190487.4677155,345
1686190487.4799478,343
1686190487.4959924,342
1686190487.5086513,342
1686190487.524658,342
1686190487.5367224,342
1686190487.5496604,341
1686190487.5658433,340
1686190487.577987,340
1686190487.5906565,341
1686190487.6067894,341
1686190487.618999,341
1686190487.631036,340
1686190487.6477227,338
1686190487.659781,338
1686190487.676047,338
1686190487.6887803,338
1686190487.7011435,337
1686190487.717103,335
1686190487.7297957,334
1686190487.741959,333
1686190487.7577245,333
1686190487.7708104,332
1686190487.782797,331
1686190487.7987885,330
1686190487.8117356,328
1686190487.8238301,328
1686190487.8397365,328
1686190487.85279,327
1686190487.8688,325
1686190487.8807256,324
1686190487.8937285,323
1686190487.909854,323
1686190487.921786,323
1686190487.9347405,323
1686190487.9507961,322
1686190487.9633636,321
1686190487.9752073,321
1686190487.991209,321
1686190488.0042272,322
1686190488.0202093,321
1686190488.0325751,320
1686190488.0452597,320
1686190488.0608366,320
1686190488.0738509,322
1686190488.085729,323
1686190488.1023388,322
1686190488.1144028,321
1686190488.1263542,321
1686190488.1434076,321
1686190488.1556396,322
1686190488.167674,323
1686190488.1836648,322
1686190488.196726,320
1686190488.213219,320
1686190488.2255535,320
1686190488.2372577,320
1686190488.2539382,320
1686190488.2663574,318
1686190488.2786715,317
1686190488.2949905,317
1686190488.3067105,317
1686190488.3193276,318
1686190488.335398,317
1686190488.3477633,316
1686190488.36438,314
1686190488.3764067,315
1686190488.389156,315
1686190488.4050362,316
1686190488.4181232,315
1686190488.4301038,314
1686190488.4466147,313
1686190488.4583724,314
1686190488.4710448,315
1686190488.4876,315
1686190488.499382,314
1686190488.5161402,313
1686190488.5280774,313
1686190488.5400333,313
1686190488.5570974,314
1686190488.569096,313
1686190488.5815606,312
1686190488.5980282,311
1686190488.6100261,311
1686190488.6224291,311
1686190488.6384006,312
1686190488.6513882,311
1686190488.663493,310
1686190488.679518,310
1686190488.6914892,310
1686190488.7084897,311
1686190488.7204967,311
1686190488.7324898,311
1686190488.7494915,310
1686190488.7614925,310
1686190488.7734895,311
1686190488.7905476,312
1686190488.8025682,312
1686190488.8144941,312
1686190488.8314953,311
1686190488.8435702,311
1686190488.8597066,312
1686190488.872671,313
1686190488.884955,313
1686190488.900861,312
1686190488.9135365,311
1686190488.9260004,311
1686190488.9415283,312
1686190488.9545274,313
1686190488.966276,312
1686190488.983058,311
1686190488.9952567,311
1686190489.007046,311
1686190489.0241747,312
1686190489.0362115,312
1686190489.0522053,311
1686190489.0646038,310
1686190489.0772538,310
1686190489.0934825,310
1686190489.1059744,310
1686190489.1183116,309
1686190489.1341317,308
1686190489.14655,307
1686190489.1591656,307
1686190489.1758595,308
1686190489.1880202,309
1686190489.2040234,309
1686190489.2168288,309
1686190489.2284362,309
1686190489.2443666,309
1686190489.257368,310
1686190489.2692175,311
1686190489.286436,311
1686190489.2983365,311
1686190489.3109639,311
1686190489.3269842,311
1686190489.3392625,313
1686190489.3558815,313
1686190489.3673966,314
1686190489.380182,313
1686190489.3968248,313
1686190489.4084055,314
1686190489.4212708,316
1686190489.4372108,316
1686190489.4499445,315
1686190489.4621036,314
1686190489.4788082,314
1686190489.4907558,315
1686190489.503791,316
1686190489.5193698,316
1686190489.531067,315
1686190489.5483112,315
1686190489.5597556,315
1686190489.5726786,316
1686190489.5888734,316
1686190489.6008804,316
1686190489.6142316,315
1686190489.6299374,315
1686190489.641862,315
1686190489.6546261,316
1686190489.6710756,316
1686190489.6837373,315
1686190489.6995935,313
1686190489.71206,313
1686190489.7244606,314
1686190489.7401896,315
1686190489.7531817,315
1686190489.7650533,314
1686190489.781231,313
1686190489.794087,313
1686190489.8064814,314
1686190489.8221087,314
1686190489.8350036,314
1686190489.847314,313
1686190489.8631556,313
1686190489.875698,313
1686190489.891745,314
1686190489.9049165,316
1686190489.9160755,315
1686190489.93283,314
1686190489.945703,314
1686190489.9573143,315
1686190489.9738894,316
1686190489.985984,316
1686190489.9990761,315
1686190490.0153024,314
1686190490.0271478,314
1686190490.043013,314
1686190490.0563192,315
1686190490.0685308,315
1686190490.0848036,314
1686190490.0970967,314
1686190490.1096537,314
1686190490.1260471,315
1686190490.1383812,316
1686190490.15032,316
1686190490.1666074,315
1686190490.1806576,315
1686190490.1952798,315
1686190490.2072554,316
1686190490.2200747,317
1686190490.2360713,316
1686190490.2489698,315
1686190490.2610025,315
1686190490.277173,315
1686190490.2891934,316
1686190490.3021183,317
1686190490.3182,316
1686190490.3308997,316
1686190490.3430634,316
1686190490.3590627,317
1686190490.3717434,318
1686190490.3871453,318
1686190490.4000254,317
1686190490.4120893,316
1686190490.4281805,316
1686190490.4410925,318
1686190490.4537022,318
1686190490.469766,318
1686190490.482202,317
1686190490.4940834,316
1686190490.510155,316
1686190490.5231678,317
1686190490.5387607,318
1686190490.5518231,317
1686190490.5639737,316
1686190490.5806296,316
1686190490.5923743,316
1686190490.6058223,317
1686190490.6219888,317
1686190490.6343343,316
1686190490.6453874,316
1686190490.6624453,316
1686190490.6741278,317
1686190490.6910205,318
1686190490.7030625,318
1686190490.7152152,317
1686190490.7321162,316
1686190490.7439268,317
1686190490.7559776,318
1686190490.772565,318
1686190490.7850637,318
1686190490.7978115,317
1686190490.8140519,316
1686190490.8260396,316
1686190490.8381116,317
1686190490.8547308,318
1686190490.8670726,317
1686190490.8829553,316
1686190490.8961165,316
1686190490.9081697,316
1686190490.9245434,317
1686190490.9370763,317
1686190490.9489553,316
1686190490.9655159,315
1686190490.9779465,315
1686190490.9897554,316
1686190491.0064144,317
1686190491.0187724,317
1686190491.0350559,316
1686190491.0474415,316
1686190491.0590453,316
1686190491.0760481,317
1686190491.088453,318
1686190491.100045,318
1686190491.1170886,317
1686190491.129235,316
1686190491.1417902,317
1686190491.157879,318
1686190491.1702886,318
1686190491.1828427,317
1686190491.1985466,317
1686190491.2112858,316
1686190491.227612,317
1686190491.2391148,318
1686190491.2521095,317
1686190491.268196,316
1686190491.2811806,315
1686190491.2931151,315
1686190491.309379,316
1686190491.3215232,316
1686190491.3341272,316
1686190491.3501713,315
1686190491.3621774,314
1686190491.3791301,315
1686190491.3911686,316
1686190491.4034107,316
1686190491.420011,316
1686190491.4324334,315
1686190491.444679,315
1686190491.4607675,315
1686190491.4733386,316
1686190491.4856348,317
1686190491.5019324,316
1686190491.5139554,315
1686190491.5300083,314
1686190491.5426946,316
1686190491.5547264,316
1686190491.57183,316
1686190491.5838327,316
1686190491.5961897,315
1686190491.6120121,315
1686190491.6245494,316
1686190491.6366038,316
1686190491.6538875,316
1686190491.6661088,315
1686190491.6776667,315
1686190491.6946065,315
1686190491.7067242,316
1686190491.7231464,316
1686190491.7352011,316
1686190491.747125,315
1686190491.764078,315
1686190491.7767475,315
1686190491.7880883,316
1686190491.804574,316
1686190491.8172517,316
1686190491.8293095,315
1686190491.8462172,315
1686190491.8581538,316
1686190491.8742113,317
1686190491.8871205,317
1686190491.899353,316
1686190491.9150538,315
1686190491.9280555,315
1686190491.9397016,316
1686190491.956822,317
1686190491.9691267,317
1686190491.9811542,316
1686190491.9978898,316
1686190492.0091383,316
1686190492.0261824,317
1686190492.038073,318
1686190492.0501642,318
1686190492.067105,317
1686190492.0794828,316
1686190492.0920076,317
1686190492.1076736,318
1686190492.1201217,319
1686190492.1327097,318
1686190492.14917,317
1686190492.1616225,317
1686190492.1736696,318
1686190492.189411,319
1686190492.2023556,319
1686190492.2190702,318
1686190492.2311518,318
1686190492.2434337,318
1686190492.25958,319
1686190492.2719784,320
1686190492.2840798,319
1686190492.3007958,318
1686190492.3128765,318
1686190492.3247766,318
1686190492.341588,319
1686190492.3539712,320
1686190492.3703198,319
1686190492.3821669,318
1686190492.3941634,318
1686190492.4115098,318
1686190492.423069,319
1686190492.4350564,319
1686190492.4522908,318
1686190492.4646285,318
1686190492.4770079,318
1686190492.4929485,319
1686190492.5056024,319
1686190492.517138,319
1686190492.5341976,318
1686190492.546742,318
1686190492.562371,318
1686190492.5753863,319
1686190492.587387,319
1686190492.6040075,319
1686190492.615978,318
1686190492.6284316,318
1686190492.6448512,318
1686190492.656907,319
1686190492.668975,320
1686190492.6858609,320
1686190492.6978478,319
1686190492.7142377,319
1686190492.7268193,320
1686190492.739097,321
1686190492.755427,321
1686190492.7672412,320
1686190492.7793615,319
1686190492.796167,319
1686190492.808529,319
1686190492.8206077,320
1686190492.837097,319
1686190492.8490977,319
1686190492.8651288,318
1686190492.8782945,318
1686190492.889778,319
1686190492.9070187,320
1686190492.9184217,320
1686190492.931436,319
1686190492.94743,318
1686190492.960454,319
1686190492.9721303,320
1686190492.9879715,320
1686190493.0011585,320
1686190493.0133417,319
1686190493.0290928,318
1686190493.0419993,319
1686190493.057812,320
1686190493.070186,320
1686190493.082977,319
1686190493.0991664,318
1686190493.111531,318
1686190493.12411,318
1686190493.1399767,319
1686190493.1528127,319
1686190493.1652453,318
1686190493.1816216,317
1686190493.1937053,317
1686190493.2097147,318
1686190493.221995,318
1686190493.2347968,318
1686190493.2511191,317
1686190493.2630372,316
1686190493.275803,316
1686190493.2920032,317
1686190493.303764,317
1686190493.3166351,317
1686190493.3329432,316
1686190493.3450422,316
1686190493.3570507,316
1686190493.3736753,317
1686190493.3852365,318
1686190493.402193,317
1686190493.4146945,316
1686190493.427188,315
1686190493.4428122,316
1686190493.4558828,317
1686190493.4677453,317
1686190493.4839907,316
1686190493.4964502,316
1686190493.5087483,316
1686190493.5251613,317
1686190493.5371618,318
1686190493.5531752,317
1686190493.5663543,317
1686190493.577723,316
1686190493.5947216,316
1686190493.6076765,317
1686190493.6200182,318
1686190493.6356685,317
1686190493.6489437,317
1686190493.6599848,317
1686190493.677103,317
1686190493.689066,318
1686190493.7050707,318
1686190493.718134,318
1686190493.7301338,317
1686190493.7467253,317
1686190493.759121,318
1686190493.7711375,319
1686190493.7871475,319
1686190493.800065,318
1686190493.8121128,317
1686190493.828762,318
1686190493.840363,319
1686190493.8531332,319
1686190493.869434,319
1686190493.8813188,318
1686190493.8979483,317
1686190493.910222,318
1686190493.9227889,319
1686190493.9387317,320
1686190493.9507396,319
1686190493.9627259,318
1686190493.9797454,318
1686190493.9922407,319
1686190494.0046132,320
1686190494.0201147,320
1686190494.0331123,320
1686190494.0498152,319
1686190494.0618646,319
1686190494.0740342,320
1686190494.0911233,321
1686190494.1030543,321
1686190494.1150885,320
1686190494.1315374,319
1686190494.1439924,319
1686190494.1561723,320
1686190494.1727445,321
1686190494.1850119,320
1686190494.200566,319
1686190494.213739,319
1686190494.226041,320
1686190494.242152,320
1686190494.2540662,321
1686190494.2666776,320
1686190494.2830122,319
1686190494.2950187,319
1686190494.3071427,320
1686190494.3240635,320
1686190494.3363986,321
1686190494.3481908,320
1686190494.365312,319
1686190494.377244,319
1686190494.393184,320
1686190494.4055483,321
1686190494.4181697,320
1686190494.4341714,320
1686190494.4461708,319
1686190494.4591978,319
1686190494.475182,320
1686190494.4874146,321
1686190494.5001807,320
1686190494.5166824,319
1686190494.528242,319
1686190494.544169,319
1686190494.5574853,320
1686190494.5691757,321
1686190494.5860517,320
1686190494.597742,319
1686190494.6108644,318
1686190494.6263342,319
1686190494.640059,319
1686190494.651382,319
1686190494.6676462,318
1686190494.680344,317
1686190494.6926243,317
1686190494.709293,317
1686190494.7207885,318
1686190494.7372444,318
1686190494.7502527,317
1686190494.7622435,316
1686190494.7786899,316
1686190494.7908576,317
1686190494.8028166,317
1686190494.8196895,316
1686190494.831684,314
1686190494.8440123,314
1686190494.860661,314
1686190494.8726857,315
1686190494.8892033,314
1686190494.901036,313
1686190494.9140332,312
1686190494.9299788,311
1686190494.9421444,312
1686190494.9549887,313
1686190494.9711676,312
1686190494.983273,311
1686190494.9959824,309
1686190495.0120268,308
1686190495.0239942,309
1686190495.040255,309
1686190495.052963,308
1686190495.0650325,306
1686190495.08129,306
1686190495.093974,305
1686190495.106002,306
1686190495.1222987,306
1686190495.134995,306
1686190495.1472454,305
1686190495.1633136,306
1686190495.1759849,306
1686190495.1875875,309
1686190495.204604,311
1686190495.216591,311
1686190495.2326381,313
1686190495.2456832,315
1686190495.2579007,319
1686190495.2735896,322
1686190495.2867827,326
1686190495.2982092,328
1686190495.3158228,332
1686190495.3270395,336
1686190495.3397603,341
1686190495.3560793,345
1686190495.3680263,347
1686190495.3847122,347
1686190495.3967175,345
1686190495.4087582,342
1686190495.4257245,337
1686190495.4387174,329
1686190495.4507113,319
1686190495.4667158,309
1686190495.4797237,300
1686190495.4906995,294
1686190495.5077276,290
1686190495.5197148,286
1686190495.5320258,283
1686190495.548721,281
1686190495.5607216,280
1686190495.576761,281
1686190495.589749,283
1686190495.6017451,284
1686190495.6178052,285
1686190495.6307588,286
1686190495.6428664,289
1686190495.659052,291
1686190495.6717927,295
1686190495.683734,297
1686190495.7000625,298
1686190495.711802,300
1686190495.728229,303
1686190495.7405596,306
1686190495.753572,309
1686190495.769645,309
1686190495.7817178,310
1686190495.7941303,310
1686190495.8107536,311
1686190495.82272,311
1686190495.8357806,310
1686190495.8517818,308
1686190495.8637764,308
1686190495.8803174,306
1686190495.89278,308
1686190495.904783,309
1686190495.9211726,310
1686190495.9337828,310
1686190495.945761,313
1686190495.9617672,320
1686190495.97478,327
1686190495.9866111,337
1686190496.0026567,345
1686190496.015699,354
1686190496.0275962,363
1686190496.0444446,371
1686190496.0566068,379
1686190496.0726116,386
1686190496.0846138,390
1686190496.097715,392
1686190496.1136708,394
1686190496.1266549,396
1686190496.1379433,395
1686190496.1556609,393
1686190496.1669266,389
1686190496.1789796,383
1686190496.1960294,379
1686190496.20841,375
1686190496.2243989,370
1686190496.2364004,367
1686190496.2484605,362
1686190496.2653987,356
1686190496.2775393,352
1686190496.289754,349
1686190496.30647,346
1686190496.3183837,344
1686190496.3303847,339
1686190496.3474107,334
1686190496.3594038,332
1686190496.3717074,331
1686190496.3884044,328
1686190496.400407,326
1686190496.416388,323
1686190496.4293997,321
1686190496.4414928,320
1686190496.4577122,319
1686190496.4703903,318
1686190496.4824047,316
1686190496.4987116,314
1686190496.511452,313
1686190496.5234046,313
1686190496.5399349,313
1686190496.5524666,311
1686190496.568442,307
1686190496.5803974,300
1686190496.593405,294
1686190496.6094003,288
1686190496.622019,282
1686190496.634411,275
1686190496.6504228,269
1686190496.6625414,264
1686190496.674636,263
1686190496.6915505,263
1686190496.7035391,265
1686190496.7198381,266
1686190496.7325225,268
1686190496.7445269,270
1686190496.760524,274
1686190496.7725294,279
1686190496.785818,282
1686190496.8018327,286
1686190496.814119,289
1686190496.825791,293
1686190496.8428621,298
1686190496.8548648,304
1686190496.8671155,309
1686190496.8837924,314
1686190496.8958588,319
1686190496.9120533,322
1686190496.9247377,327
1686190496.9370306,331
1686190496.9537477,332
1686190496.9657247,332
1686190496.9780369,333
1686190496.9943533,334
1686190497.0063453,335
1686190497.0190647,335
1686190497.035115,334
1686190497.0470705,332
1686190497.0640645,331
1686190497.0760489,331
1686190497.0884168,331
1686190497.1050496,330
1686190497.117358,328
1686190497.129385,326
1686190497.1460602,325
1686190497.1580477,323
1686190497.1704242,321
1686190497.1870692,317
1686190497.199333,313
1686190497.211053,309
1686190497.2280717,306
1686190497.2402256,304
1686190497.2561104,303
1686190497.269075,301
1686190497.2810621,299
1686190497.2971382,297
1686190497.3094597,297
1686190497.3221672,298
1686190497.3383088,298
1686190497.3504045,298
1686190497.3630965,297
1686190497.3793933,298
1686190497.3910823,299
1686190497.4081047,301
1686190497.4203546,303
1686190497.4320822,303
1686190497.449343,304
1686190497.4613879,305
1686190497.4733698,306
1686190497.4901214,308
1686190497.502102,309
1686190497.51436,310
1686190497.5310893,310
1686190497.5430958,311
1686190497.5591424,313
1686190497.5720928,315
1686190497.5842304,315
1686190497.6004074,315
1686190497.6130817,315
1686190497.6250954,316
1686190497.641409,317
1686190497.654099,318
1686190497.6661065,317
1686190497.6820886,317
1686190497.6947067,317
1686190497.7074382,318
1686190497.723378,319
1686190497.7353764,319
1686190497.7524085,318
1686190497.7643924,318
1686190497.7763817,318
1686190497.7934282,318
1686190497.8053858,319
1686190497.8176904,318
1686190497.8343618,317
1686190497.8463624,316
1686190497.858416,316
1686190497.8746367,316
1686190497.887396,317
1686190497.9033675,316
1686190497.9156928,314
1686190497.9283764,314
1686190497.944607,314
1686190497.9566405,314
1686190497.9693327,314
1686190497.9852803,313
1686190497.9976032,312
1686190498.009888,311
1686190498.026997,311
1686190498.039004,312
1686190498.0549955,312
1686190498.0669808,311
1686190498.0800028,310
1686190498.0962782,310
1686190498.1079497,311
1686190498.1212008,311
1686190498.1369662,310
1686190498.1490114,309
1686190498.161963,309
1686190498.1781387,309
1686190498.1905317,310
1686190498.20295,311
1686190498.2189631,310
1686190498.2310045,309
1686190498.2472641,309
1686190498.2600064,310
1686190498.2719705,310
1686190498.2881413,311
1686190498.3012486,310
1686190498.3134181,310
1686190498.3294983,310
1686190498.342151,311
1686190498.3544798,312
1686190498.370493,312
1686190498.3831522,311
1686190498.3992932,311
1686190498.411209,311
1686190498.4232183,312
1686190498.440219,313
1686190498.4524841,314
1686190498.4644785,313
1686190498.4811633,313
1686190498.4933481,313
1686190498.505405,315
1686190498.5214176,315
1686190498.5344338,315
1686190498.5467365,315
1686190498.5624807,314
1686190498.5754235,316
1686190498.591659,317
1686190498.604379,318
1686190498.616464,317
1686190498.632385,317
1686190498.6453395,317
1686190498.657438,318
1686190498.673339,320
1686190498.6854088,320
1686190498.6983345,319
1686190498.715349,319
1686190498.726653,320
1686190498.7433681,321
1686190498.755319,322
1686190498.7673383,322
1686190498.784343,321
1686190498.7963228,321
1686190498.8083897,322
1686190498.8252928,323
1686190498.8376071,323
1686190498.8496058,322
1686190498.8666592,322
1686190498.8785949,322
1686190498.8946526,323
1686190498.9073014,323
1686190498.9192784,324
1686190498.9362967,323
1686190498.9485626,323
1686190498.9605253,322
1686190498.9766586,324
1686190498.9892898,325
1686190499.0012946,325
1686190499.0172884,324
1686190499.0303473,324
1686190499.0422761,324
1686190499.0585897,325
1686190499.071296,326
1686190499.0872815,325
1686190499.099066,325
1686190499.112077,325
1686190499.128066,325
1686190499.1400986,326
1686190499.1530743,326
1686190499.169314,326
1686190499.1820853,325
1686190499.1940787,325
1686190499.210076,326
1686190499.2223852,327
1686190499.2380686,327
1686190499.2510846,326
1686190499.2630708,325
1686190499.280069,325
1686190499.2920833,326
1686190499.3043885,327
1686190499.3210528,326
1686190499.333052,325
1686190499.3453672,325
1686190499.3620489,325
1686190499.3740573,326
1686190499.3862855,326
1686190499.4026897,326
1686190499.4146779,325
1686190499.4307408,325
1686190499.4436903,326
1686190499.4558117,326
1686190499.47201,327
1686190499.4846926,326
1686190499.4967308,325
1686190499.5128584,325
1686190499.5258965,326
1686190499.537609,326
1686190499.5543087,326
1686190499.5666044,326
1686190499.5826075,325
1686190499.5952961,325
1686190499.607963,325
1686190499.623659,326
1686190499.6364598,326
1686190499.6485944,325
1686190499.6652815,324
1686190499.677292,324
1686190499.6892965,325
1686190499.7051747,325
1686190499.7181873,324
1686190499.73431,323
1686190499.7466104,322
1686190499.759275,323
1686190499.7754602,323
1686190499.7880507,323
1686190499.7996368,322
1686190499.816641,321
1686190499.8290367,321
1686190499.8410926,322
1686190499.8577392,322
1686190499.869728,322
1686190499.8821292,320
1686190499.8982518,319
1686190499.9103084,320
1686190499.9272597,320
1686190499.9390104,321
1686190499.9518557,321
1686190499.9677136,320
1686190499.9806836,319
1686190499.9928625,319
1686190500.0090199,320
1686190500.0210729,321
1686190500.0330806,320
1686190500.05007,319
1686190500.0620646,319
1686190500.078065,319
1686190500.091071,320
1686190500.1030612,320
1686190500.1192193,319
1686190500.1320937,318
1686190500.1442297,318
1686190500.160101,318
1686190500.1730359,319
1686190500.1852953,318
1686190500.2008517,317
1686190500.2130353,316
1686190500.2300346,317
1686190500.2420928,317
1686190500.2540855,317
1686190500.2710326,317
1686190500.2830436,316
1686190500.2950442,315
1686190500.312034,316
1686190500.324081,316
1686190500.3360808,317
1686190500.3530354,316
1686190500.3650408,315
1686190500.3770442,314
1686190500.3940642,315
1686190500.4060357,316
1686190500.422041,316
1686190500.4352722,315
1686190500.4470572,314
1686190500.4630907,314
1686190500.4760349,315
1686190500.4880314,316
1686190500.504081,316
1686190500.5170379,315
1686190500.5290513,314
1686190500.5450938,315
1686190500.557091,316
1686190500.5730624,316
1686190500.5860822,316
1686190500.598065,314
1686190500.6151006,314
1686190500.6271105,315
1686190500.639153,316
1686190500.6561031,316
1686190500.6682346,316
1686190500.6802332,316
1686190500.6971018,315
1686190500.7099185,316
1686190500.721123,317
1686190500.7380707,318
1686190500.7496607,317
1686190500.7668493,317
1686190500.7791662,317
1686190500.791214,319
1686190500.807128,319
1686190500.819991,319
1686190500.832033,318
1686190500.8490193,318
1686190500.8610678,318
1686190500.8734083,319
1686190500.8897924,320
1686190500.9020538,320
1686190500.9182708,319
1686190500.9302895,319
1686190500.942497,319
1686190500.959364,320
1686190500.971523,321
1686190500.9835656,320
1686190501.0002847,319
1686190501.012863,319
1686190501.0248876,319
1686190501.0411863,320
1686190501.0531027,320
1686190501.0655465,319
1686190501.082181,318
1686190501.0942178,318
1686190501.1102989,319
1686190501.123273,320
1686190501.1353204,319
1686190501.1511142,319
1686190501.164078,318
1686190501.1760697,319
1686190501.191981,320
1686190501.20526,321
1686190501.2169802,320
1686190501.2331793,320
1686190501.2459795,320
1686190501.2619793,321
1686190501.273965,322
1686190501.2869651,323
1686190501.3029795,323
1686190501.3149722,324
1686190501.3270993,324
1686190501.3440504,325
1686190501.3560479,327
1686190501.3685083,326
1686190501.3845098,326
1686190501.3975096,325
1686190501.413571,328
1686190501.4255116,330
1686190501.4385102,332
1686190501.4545684,334
1686190501.4671104,335
1686190501.478567,336
1686190501.4955528,338
1686190501.5075722,340
1686190501.5195644,341
1686190501.536538,340
1686190501.5485544,339
1686190501.56052,338
1686190501.577606,337
1686190501.5897093,336
1686190501.6057394,334
1686190501.6185887,332
1686190501.6305878,331
1686190501.646585,329
1686190501.6595876,328
1686190501.671644,327
1686190501.687696,324
1686190501.6996417,320
1686190501.7128932,316
1686190501.728299,313
1686190501.7412999,312
1686190501.757343,311
1686190501.7693038,309
1686190501.782183,307
1686190501.7989445,306
1686190501.8112087,306
1686190501.8236518,307
1686190501.8396385,306
1686190501.8519979,305
1686190501.8640733,304
1686190501.8809803,305
1686190501.893391,306
1686190501.909316,307
1686190501.9219584,308
1686190501.9341905,309
1686190501.9501872,309
1686190501.9636376,310
1686190501.9751425,312
1686190501.9911938,315
1686190502.0040128,317
1686190502.0156364,318
1686190502.0321803,319
1686190502.0442057,321
1686190502.0571232,322
1686190502.073142,323
1686190502.0858858,323
1686190502.1016464,321
1686190502.114053,320
1686190502.1262238,320
1686190502.1423495,320
1686190502.1552281,319
1686190502.1671424,317
1686190502.1840978,315
1686190502.1964717,313
1686190502.20886,312
1686190502.2244904,312
1686190502.2374198,312
1686190502.2531734,311
1686190502.2653773,310
1686190502.2776587,310
1686190502.294149,311
1686190502.3061502,312
1686190502.3190985,312
1686190502.3353865,311
1686190502.3474736,311
1686190502.3596506,312
1686190502.3767848,313
1686190502.388736,314
1686190502.4012196,314
1686190502.4165275,313
1686190502.430019,314
1686190502.4461882,315
1686190502.45815,316
1686190502.4702337,316
1686190502.4871216,316
1686190502.4989123,317
1686190502.5119643,318
1686190502.5279918,321
1686190502.5404086,325
1686190502.5526567,328
1686190502.5693524,331
1686190502.5812933,333
1686190502.5974202,336
1686190502.6094806,340
1686190502.6214244,343
1686190502.6387782,344
1686190502.6506085,345
1686190502.6632712,346
1686190502.6796246,345
1686190502.691684,346
1686190502.7041273,346
1686190502.7205925,344
1686190502.7321687,342
1686190502.7488167,340
1686190502.761138,339
1686190502.7732153,338
1686190502.7901227,337
1686190502.802691,335
1686190502.8150575,333
1686190502.8311877,332
1686190502.8433518,331
1686190502.8551228,331
1686190502.8718598,330
1686190502.8838625,328
1686190502.8963053,326
1686190502.9131973,326
1686190502.925407,328
1686190502.941072,328
1686190502.9540608,329
1686190502.9660106,328
1686190502.9820774,329
1686190502.9942756,331
1686190503.0072763,332
1686190503.023843,334
1686190503.0357513,335
1686190503.0484633,334
1686190503.0644557,335
1686190503.0761068,335
1686190503.0935307,335
1686190503.1056442,334
1686190503.118418,332
1686190503.1344054,329
1686190503.1465483,326
1686190503.1581771,323
1686190503.1752663,319
1686190503.1877615,316
1686190503.199161,312
1686190503.2161415,307
1686190503.2282073,303
1686190503.2407806,299
1686190503.2573104,296
1686190503.2693126,293
1686190503.2859862,289
1686190503.2981346,286
1686190503.3101032,285
1686190503.326685,285
1686190503.3386252,286
1686190503.350931,285
1686190503.3670647,285
1686190503.3800864,285
1686190503.391922,285
1686190503.4084318,286
1686190503.420451,286
1686190503.437409,286
1686190503.4492188,286
1686190503.461959,285
1686190503.4781897,285
1686190503.4903722,286
1686190503.502707,286
1686190503.5192463,285
1686190503.5315323,284
1686190503.5431132,284
1686190503.5602665,285
1686190503.5718746,286
1686190503.588495,286
1686190503.601221,286
1686190503.6136348,286
1686190503.630038,288
1686190503.6421597,290
1686190503.6541557,293
1686190503.670086,294
1686190503.6832137,295
1686190503.6950908,297
1686190503.7111049,299
1686190503.723664,302
1686190503.736087,303
1686190503.752519,304
1686190503.7651927,304
1686190503.7811894,306
1686190503.793902,308
1686190503.8061764,309
1686190503.8223386,310
1686190503.8348274,311
1686190503.8470833,311
1686190503.8632905,312
1686190503.875485,314
1686190503.887845,315
1686190503.903574,315
1686190503.916178,315
1686190503.932314,315
1686190503.9449637,317
1686190503.9575133,318
1686190503.9739568,319
1686190503.9860854,319
1686190503.9984446,318
1686190504.0145156,318
1686190504.0266702,319
1686190504.0396993,320
1686190504.0555444,320
1686190504.0680153,320
1686190504.0806465,320
1686190504.0963068,320
1686190504.1083786,321
1686190504.1256175,322
1686190504.1374917,322
1686190504.1500072,321
1686190504.1660316,321
1686190504.1789575,321
1686190504.190274,323
1686190504.2072978,323
1686190504.2196856,323
1686190504.231102,322
1686190504.2486405,322
1686190504.2600977,322
1686190504.2781386,323
1686190504.2888494,323
1686190504.301755,322
1686190504.317594,321
1686190504.3300087,320
1686190504.3421543,321
1686190504.3596523,321
1686190504.371234,321
1686190504.3828294,320
1686190504.3996124,319
1686190504.41219,319
1686190504.427972,320
1686190504.4401872,321
1686190504.4528906,321
1686190504.468953,320
1686190504.4817564,320
1686190504.493715,320
1686190504.510087,321
1686190504.5223424,321
1686190504.534974,321
1686190504.5513508,319
1686190504.5631993,319
1686190504.5762017,319
1686190504.5924406,320
1686190504.604653,320
1686190504.6206305,319
1686190504.6332777,318
1686190504.645077,318
1686190504.661987,318
1686190504.6741118,319
1686190504.6860912,319
1686190504.7030232,318
1686190504.7154248,318
1686190504.7270954,317
1686190504.743615,318
1686190504.7562046,319
1686190504.771643,318
1686190504.7846308,317
1686190504.797275,316
1686190504.8138227,316
1686190504.8261185,317
1686190504.8381195,318
1686190504.8540285,317
1686190504.8667324,316
1686190504.8783026,316
1686190504.8953147,316
1686190504.9074113,317
1686190504.9200635,318
1686190504.9361277,317
1686190504.9481115,316
1686190504.964423,316
1686190504.977357,316
1686190504.9893773,317
1686190505.0061364,316
1686190505.0183551,316
1686190505.030552,315
1686190505.046994,315
1686190505.0592866,316
1686190505.070827,317
1686190505.0880282,316
1686190505.1002018,316
1686190505.1166623,315
1686190505.1286056,316
1686190505.140644,317
1686190505.1571743,317
1686190505.1697075,316
1686190505.1817498,315
1686190505.1977446,315
1686190505.2107077,316
1686190505.222743,316
1686190505.2393496,316
1686190505.2520363,316
1686190505.2641444,315
1686190505.2804773,315
1686190505.2922037,316
1686190505.3092062,317
1686190505.3210886,317
1686190505.3339155,316
1686190505.3500926,316
1686190505.362198,316
1686190505.3749611,317
1686190505.3910732,318
1686190505.4031649,317
1686190505.4149828,317
1686190505.431621,317
1686190505.444219,317
1686190505.4602778,319
1686190505.473085,319
1686190505.4851246,318
1686190505.5015059,318
1686190505.5135896,318
1686190505.526174,319
1686190505.5428188,320
1686190505.5544133,320
1686190505.567393,319
1686190505.5837538,319
1686190505.5961418,319
1686190505.6122494,319
1686190505.624797,320
1686190505.636069,320
1686190505.6530712,319
1686190505.6652436,318
1686190505.6779246,318
1686190505.6935542,319
1686190505.706032,320
1686190505.7186954,319
1686190505.73521,318
1686190505.7468348,318
1686190505.7589972,319
1686190505.776124,319
1686190505.78816,320
1686190505.8043134,319
1686190505.8168535,319
1686190505.8293266,319
1686190505.8459241,320
1686190505.8579066,321
1686190505.8702476,321
1686190505.8866596,320
1686190505.8986626,320
1686190505.9109757,320
1686190505.9278212,320
1686190505.9398336,321
1686190505.955907,321
1686190505.9685705,320
1686190505.9813638,320
1686190505.9973617,320
1686190506.0094762,321
1686190506.021425,321
1686190506.0383866,320
1686190506.0504522,319
1686190506.0623646,319
1686190506.078985,320
1686190506.0911038,320
1686190506.1070924,321
1686190506.1201196,320
1686190506.1321692,320
1686190506.1484084,320
1686190506.161122,321
1686190506.1730921,322
1686190506.1894536,322
1686190506.2021601,321
1686190506.2137494,320
1686190506.230775,320
1686190506.2426007,321
1686190506.2552524,322
1686190506.27128,321
1686190506.2835264,320
1686190506.300234,319
1686190506.3128352,320
1686190506.3248804,320
1686190506.341625,320
1686190506.3531253,319
1686190506.3658183,318
1686190506.382136,318
1686190506.3941276,318
1686190506.406816,319
1686190506.4231296,319
1686190506.4351327,318
1686190506.4514635,317
1686190506.4638276,318
1686190506.475884,318
1686190506.4928324,319
1686190506.5050526,319
1686190506.5175996,318
1686190506.5338383,317
1686190506.5458317,318
1686190506.558297,318
1686190506.5746257,319
1686190506.5866485,318
1686190506.599256,317
1686190506.6149633,317
1686190506.6279883,317
1686190506.644017,318
1686190506.656991,318
1686190506.668988,318
1686190506.6849802,317
1686190506.6970372,317
1686190506.7099957,318
1686190506.726373,320
1686190506.7381773,320
1686190506.7510047,319
1686190506.7670207,319
1686190506.7788956,320
1686190506.796333,322
1686190506.808399,323
1686190506.8204474,323
1686190506.8367357,323
1686190506.8493984,323
1686190506.8613899,324
1686190506.877684,325
1686190506.8896942,327
1686190506.9023726,326
1686190506.9183762,326
1686190506.9304776,327
1686190506.9474816,328
1686190506.9596796,329
1686190506.9714112,329
1686190506.988417,328
1686190507.0009937,328
1686190507.013117,328
1686190507.029455,329
1686190507.0416002,330
1686190507.0534086,330
1686190507.070423,329
1686190507.0823448,328
1686190507.0943387,327
1686190507.11136,326
1686190507.1233287,324
1686190507.139067,321
1686190507.1521184,317
1686190507.1643307,314
1686190507.181028,311
1686190507.1932871,311
1686190507.2049973,309
1686190507.2220182,308
1686190507.234099,308
1686190507.246012,308
1686190507.2630267,309
1686190507.2750134,310
1686190507.2909956,312
1686190507.3040192,313
1686190507.3160608,313
1686190507.3326018,314
1686190507.3446617,316
1686190507.3566966,319
1686190507.3736103,320
1686190507.385604,319
1686190507.3973875,319
1686190507.4143333,320
1686190507.4264145,322
1686190507.4383476,321
1686190507.4553483,319
1686190507.4673345,318
1686190507.4833333,314
1686190507.49633,313
1686190507.508466,313
1686190507.524429,312
1686190507.5373502,310
1686190507.5494087,311
1686190507.5655355,313
1686190507.5783582,320
1686190507.5903533,327
1686190507.606347,335
1686190507.619361,343
1686190507.6353521,352
1686190507.64743,361
1686190507.6603644,368
1686190507.6763515,375
1686190507.688665,381
1686190507.7003956,384
1686190507.7174587,386
1686190507.7298326,389
1686190507.7419937,389
1686190507.7578614,388
1686190507.7708747,385
1686190507.786946,381
1686190507.7988615,376
1686190507.8108666,371
1686190507.8280122,368
1686190507.8408906,362
1686190507.8528833,354
1686190507.8690414,349
1686190507.8811898,343
1686190507.8928583,339
1686190507.9099276,336
1686190507.9218764,331
1686190507.933915,325
1686190507.9508605,321
1686190507.9629235,317
1686190507.9788744,314
1686190507.991877,311
1686190508.0041466,307
1686190508.0201793,302
1686190508.0329282,296
1686190508.0448604,291
1686190508.061402,286
1686190508.0734146,280
1686190508.0861003,273
1686190508.1024413,267
1686190508.1140957,263
1686190508.1305819,260
1686190508.1429198,260
1686190508.1558754,260
1686190508.17146,260
1686190508.1844652,261
1686190508.196458,264
1686190508.2131236,268
1686190508.2254126,272
1686190508.2374358,276
1686190508.253714,279
1686190508.2664118,282
1686190508.278592,286
1686190508.2947435,291
1686190508.307402,294
1686190508.3233998,297
1686190508.3356984,300
1686190508.348408,302
1686190508.3645148,307
1686190508.3764284,311
1686190508.3894093,315
1686190508.4054449,319
1686190508.4174402,322
1686190508.4303858,324
1686190508.4461372,327
1686190508.458498,330
1686190508.4752054,331
1686190508.487187,331
1686190508.4996386,330
1686190508.5161602,330
1686190508.5284817,330
1686190508.540478,330
1686190508.5571256,330
1686190508.5694866,328
1686190508.5814576,327
1686190508.5981314,326
1686190508.6101458,326
1686190508.626202,325
1686190508.639025,323
1686190508.6512482,319
1686190508.667729,316
1686190508.679728,314
1686190508.6927164,312
1686190508.7087247,310
1686190508.720959,306
1686190508.732659,303
1686190508.7494109,300
1686190508.7620916,299
1686190508.77408,299
1686190508.79006,299
1686190508.8030832,298
1686190508.819061,297
1686190508.8311265,298
1686190508.843376,299
1686190508.8607628,300
1686190508.8727534,301
1686190508.8847406,301
1686190508.9010448,301
1686190508.912742,302
1686190508.925565,304
1686190508.9422984,305
1686190508.9543562,305
1686190508.970302,305
1686190508.9833076,305
1686190508.9953203,306
1686190509.0116541,308
1686190509.0236564,309
1686190509.0363603,308
1686190509.052611,308
1686190509.0642908,309
1686190509.0772917,310
1686190509.0936117,311
1686190509.10533,312
1686190509.1177428,311
1686190509.1345952,310
1686190509.1465719,311
1686190509.1632006,312
1686190509.1755075,313
1686190509.1882398,314
1686190509.2042398,313
1686190509.2165577,312
1686190509.2282126,313
1686190509.2448962,314
1686190509.256918,315
1686190509.269973,314
1686190509.2859013,313
1686190509.2981522,313
1686190509.3149,314
1686190509.327146,315
1686190509.3392217,315
1686190509.355922,315
1686190509.3680305,314
1686190509.3802133,314
1686190509.3969038,315
1686190509.408957,316
1686190509.4213839,316
1686190509.4379244,315
1686190509.44941,315
1686190509.4658792,316
1686190509.4785206,317
1686190509.4908226,318
1686190509.5065105,318
1686190509.519581,317
1686190509.5317707,317
1686190509.5485072,318
1686190509.5606096,319
1686190509.5725067,320
1686190509.588865,319
1686190509.6016314,319
1686190509.6137648,319
1686190509.6305504,319
1686190509.6425302,320
1686190509.6584542,321
1686190509.6705186,320
1686190509.6834755,320
1686190509.699459,320
1686190509.7124848,321
1686190509.7244778,322
1686190509.740248,322
1686190509.7523386,321
1686190509.765276,320
1686190509.7816026,321
1686190509.7933576,322
1686190509.810276,322
1686190509.8222876,322
1686190509.8352997,321
1686190509.8512855,321
1686190509.8632846,321
1686190509.8755915,322
1686190509.8923793,322
1686190509.9043355,322
1686190509.9162977,321
1686190509.9332964,321
1686190509.9450703,321
1686190509.9580386,322
1686190509.9740148,322
1686190509.9868417,321
1686190510.0029876,321
1686190510.0160096,321
1686190510.0271125,322
1686190510.044048,323
1686190510.0559862,323
1686190510.0683181,322
1686190510.0849733,321
1686190510.0969758,321
1686190510.1094463,322
1686190510.1259995,323
1686190510.1379728,323
1686190510.1543105,322
1686190510.1669993,321
1686190510.1790454,322
1686190510.1950526,322
1686190510.2069747,323
1686190510.2199678,322
1686190510.2360475,321
1686190510.2483473,321
1686190510.2609818,321
1686190510.277052,322
1686190510.288976,322
1686190510.3049731,322
1686190510.3182886,321
1686190510.330982,321
1686190510.3469834,322
1686190510.3592496,323
1686190510.3713326,323
1686190510.387971,322
1686190510.4002512,321
1686190510.4120502,322
1686190510.4289787,322
1686190510.441095,323
1686190510.4533238,322
1686190510.4699814,321
1686190510.4819958,321
1686190510.4979794,321
1686190510.5109854,322
1686190510.5230782,322
1686190510.5392923,321
1686190510.551984,320
1686190510.5640223,319
1686190510.5804229,320
1686190510.592011,321
1686190510.604449,321
1686190510.6212785,320
1686190510.6339788,320
1686190510.649281,320
1686190510.6623073,321
1686190510.6746516,321
1686190510.6912868,321
1686190510.70334,320
1686190510.7156906,320
1686190510.7319984,320
1686190510.7439406,321
1686190510.7559211,322
1686190510.7729924,321
1686190510.7851884,320
1686190510.7969303,319
1686190510.8146284,320
1686190510.8262167,321
1686190510.8422925,321
1686190510.8551426,320
1686190510.8672273,319
1686190510.8838308,319
1686190510.895918,319
1686190510.9078774,320
1686190510.924833,320
1686190510.9368057,319
1686190510.9490213,318
1686190510.9650655,318
1686190510.9770677,319
1686190510.9940033,320
1686190511.00614,319
1686190511.0181398,318
1686190511.0354414,318
1686190511.0473368,318
1686190511.0590043,319
1686190511.0760167,319
1686190511.0883088,319
1686190511.100794,318
1686190511.1167428,318
1686190511.1287932,319
1686190511.1447818,320
1686190511.1577008,320
1686190511.169964,319
1686190511.1861808,319
1686190511.198884,319
1686190511.2108295,319
1686190511.2277668,320
1686190511.239886,320
1686190511.2527726,319
1686190511.2687871,318
1686190511.280789,318
1686190511.2930896,319
1686190511.3088415,320
1686190511.3217962,319
1686190511.337233,318
1686190511.350197,317
1686190511.3625395,318
1686190511.3790925,318
1686190511.3920772,319
1686190511.4037116,318
1686190511.419715,317
1686190511.4327142,317
1686190511.4447253,317
1686190511.4613194,318
1686190511.4727683,318
1686190511.4889116,317
1686190511.502118,317
1686190511.5141268,317
1686190511.530915,318
1686190511.5430572,319
1686190511.5551715,319
1686190511.571236,317
1686190511.5836823,317
1686190511.596334,318
1686190511.6122851,318
1686190511.6243205,319
1686190511.6372697,319
1686190511.6529531,318
1686190511.6652188,318
1686190511.6822655,318
1686190511.6940653,319
1686190511.7063968,320
1686190511.7229428,319
1686190511.7354903,318
1686190511.7479959,318
1686190511.7641485,318
1686190511.7762148,320
1686190511.788215,319
1686190511.8052251,318
1686190511.8172133,318
1686190511.83328,317
1686190511.8462157,319
1686190511.8582132,319
1686190511.8742795,319
1686190511.8862796,317
1686190511.8992217,317
1686190511.9152205,317
1686190511.927586,318
1686190511.9392142,319
1686190511.956218,318
1686190511.9682088,317
1686190511.9850776,317
1686190511.9975827,318
1686190512.0094764,319
1686190512.0264258,319
1686190512.038791,318
1686190512.050575,317
1686190512.067137,317
1686190512.0795498,318
1686190512.092059,319
1686190512.1081152,318
1686190512.1203914,317
1686190512.1329172,317
1686190512.1489034,317
1686190512.1617682,318
1686190512.1780396,319
1686190512.1900082,318
1686190512.2017484,317
1686190512.2190597,316
1686190512.2311256,317
1686190512.243939,318
1686190512.2597122,318
1686190512.2720065,318
1686190512.2845714,316
1686190512.3006842,316
1686190512.312978,317
1686190512.3289695,318
1686190512.341604,318
1686190512.3539286,317
1686190512.3706226,316
1686190512.382178,316
1686190512.3951178,317
1686190512.4111793,318
1686190512.423195,317
1686190512.4352467,316
1686190512.4519331,316
1686190512.4646099,316
1686190512.480591,318
1686190512.4931216,319
1686190512.5058308,318
1686190512.521617,318
1686190512.5342782,318
1686190512.546594,319
1686190512.5630653,320
1686190512.5753653,321
1686190512.5872302,321
1686190512.6040535,320
1686190512.6161149,320
1686190512.6285715,321
1686190512.6446376,322
1686190512.6568108,322
1686190512.6726487,321
1686190512.6862736,320
1686190512.697711,321
1686190512.7144196,321
1686190512.726659,322
1686190512.738675,322
1686190512.755625,320
1686190512.7677414,320
1686190512.7801342,320
1686190512.7956843,321
1686190512.8082695,321
1686190512.8240538,320
1686190512.8370438,319
1686190512.8490458,319
1686190512.8663313,319
1686190512.8781374,320
1686190512.89083,320
1686190512.9067962,320
1686190512.9188566,319
1686190512.9315596,319
1686190512.9475918,319
1686190512.9600627,320
1686190512.972411,320
1686190512.989369,320
1686190513.0013683,319
1686190513.0173109,319
1686190513.0298991,320
1686190513.042097,321
1686190513.0581908,320
1686190513.070865,319
1686190513.0830262,318
1686190513.099273,318
1686190513.1115384,319
1686190513.1240623,319
1686190513.1402938,318
1686190513.152274,317
1686190513.1690536,317
1686190513.1813092,317
1686190513.1933076,318
1686190513.2095993,318
1686190513.2216506,317
1686190513.2347221,316
1686190513.2510633,316
1686190513.2632878,317
1686190513.2752285,318
1686190513.2912905,318
1686190513.304252,317
1686190513.3202314,316
1686190513.3322449,316
1686190513.345239,317
1686190513.3614488,317
1686190513.3739052,317
1686190513.3859696,316
1686190513.4027374,315
1686190513.4148703,316
1686190513.4264598,317
1686190513.4438548,318
1686190513.4552994,317
1686190513.4682298,316
1686190513.4844017,315
1686190513.4962387,316
1686190513.5131204,317
1686190513.5256424,318
1686190513.5379858,316
1686190513.5541174,315
1686190513.5659504,316
1686190513.5786731,317
1686190513.5943134,318
1686190513.606832,317
1686190513.6200535,316
1686190513.6359997,315
1686190513.6482615,315
1686190513.6642077,316
1686190513.6768825,317
1686190513.6891828,316
1686190513.7053547,315
1686190513.717542,315
1686190513.7296453,315
1686190513.7461884,316
1686190513.7588985,316
1686190513.7711997,315
1686190513.7873251,314
1686190513.7993348,314
1686190513.8122134,314
1686190513.828478,315
1686190513.8407314,316
1686190513.8570974,314
1686190513.8685894,314
1686190513.8820326,314
1686190513.8979433,315
1686190513.9101975,316
1686190513.9229114,316
1686190513.9383109,314
1686190513.950841,314
1686190513.9631877,314
1686190513.9794152,315
1686190513.9923322,316
1686190514.008976,315
1686190514.0202348,314
1686190514.0332859,314
1686190514.0498683,314
1686190514.0621946,315
1686190514.0742133,315
1686190514.0901573,314
1686190514.102942,313
1686190514.1151495,313
1686190514.1312318,314
1686190514.1434212,315
1686190514.1600044,314
1686190514.172331,313
1686190514.1844327,313
1686190514.2014759,313
1686190514.2137465,314
1686190514.225906,315
1686190514.242213,314
1686190514.2547445,315
1686190514.2667763,314
1686190514.282866,313
1686190514.2954926,315
1686190514.3072546,316
1686190514.3233085,316
1686190514.3368435,317
1686190514.3528826,318
1686190514.365099,319
1686190514.3772006,322
1686190514.393831,325
1686190514.4053152,327
1686190514.4179497,329
1686190514.4339936,333
1686190514.4462428,337
1686190514.459234,341
1686190514.4756813,344
1686190514.4871843,345
1686190514.5042264,345
1686190514.5160124,346
1686190514.5288968,346
1686190514.5459285,346
1686190514.557659,344
1686190514.5700486,341
1686190514.586099,338
1686190514.5981836,336
1686190514.6103103,334
1686190514.6265264,332
1686190514.6393094,328
1686190514.6513598,325
1686190514.6677794,322
1686190514.6802316,320
1686190514.696427,318
1686190514.708629,315
1686190514.7215745,311
1686190514.7372575,308
1686190514.7500274,305
1686190514.7622037,304
1686190514.7782679,303
1686190514.7902753,301
1686190514.8032548,299
1686190514.819322,298
1686190514.8319354,299
1686190514.8484333,301
1686190514.8598173,303
1686190514.8725958,304
1686190514.8893232,304
1686190514.901612,306
1686190514.9138849,307
1686190514.9302604,309
1686190514.942485,310
1686190514.9544883,311
1686190514.971219,311
1686190514.9832864,311
1686190514.9990182,312
1686190515.0124652,314
1686190515.0247786,315
1686190515.040482,315
1686190515.0531316,315
1686190515.0651748,315
1686190515.0813081,316
1686190515.0940256,318
1686190515.1060684,318
1686190515.1226487,317
1686190515.1350534,316
1686190515.1472712,317
1686190515.163174,318
1686190515.1762073,319
1686190515.1924329,318
1686190515.2046325,317
1686190515.216675,317
1686190515.2336745,318
1686190515.2456963,319
1686190515.2578986,319
1686190515.2742424,319
1686190515.2863164,318
1686190515.2990537,317
1686190515.3151712,318
1686190515.3275032,319
1686190515.3433762,319
1686190515.3560936,318
1686190515.368784,318
1686190515.3847833,318
1686190515.3967822,319
1686190515.4087853,319
1686190515.4254174,320
1686190515.4378288,319
1686190515.4498568,318
1686190515.4664893,318
1686190515.4788074,320
1686190515.4949603,320
1686190515.5076766,320
1686190515.5198205,319
1686190515.5363543,318
1686190515.548667,319
1686190515.5609038,320
1686190515.57819,320
1686190515.5900166,319
1686190515.6016455,318
1686190515.6185353,318
1686190515.6303163,318
1686190515.6426516,319
1686190515.6593165,319
1686190515.6713572,318
1686190515.688063,317
1686190515.700378,318
1686190515.7126966,319
1686190515.72847,319
1686190515.7412012,319
1686190515.7544765,318
1686190515.7696536,317
1686190515.7820275,317
1686190515.7947109,318
1686190515.810364,319
1686190515.8232124,318
1686190515.8393526,317
1686190515.851819,317
1686190515.8656473,318
1686190515.8803995,319
1686190515.8926218,319
1686190515.9046752,318
1686190515.9214828,317
1686190515.9340317,317
1686190515.946285,318
1686190515.9623713,319
1686190515.9741096,319
1686190515.9871287,317
1686190516.0031743,316
1686190516.0152361,317
1686190516.031361,317
1686190516.0442924,318
1686190516.0567589,318
1686190516.072996,316
1686190516.0851867,316
1686190516.0972214,316
1686190516.1131902,317
1686190516.1261244,317
1686190516.1382031,317
1686190516.1550174,315
1686190516.1673377,315
1686190516.18328,316
1686190516.1953378,316
1686190516.2078404,317
1686190516.2254994,316
1686190516.2365086,315
1686190516.2490776,315
1686190516.2655876,316
1686190516.2778652,316
1686190516.290262,316
1686190516.3062074,315
1686190516.317998,314
1686190516.3351188,314
1686190516.3473365,314
1686190516.3593438,315
1686190516.3759005,314
1686190516.3884313,313
1686190516.4009242,312
1686190516.4168267,312
1686190516.4294555,312
1686190516.4412234,312
1686190516.4573033,311
1686190516.4700186,309
1686190516.482234,309
1686190516.4990509,309
1686190516.511047,310
1686190516.5275602,310
1686190516.5401304,308
1686190516.552266,307
1686190516.568565,306
1686190516.5806096,307
1686190516.5930107,307
1686190516.6095219,307
1686190516.621855,306
1686190516.634236,305
1686190516.6501799,305
1686190516.6621978,306
1686190516.678554,306
1686190516.6914942,306
1686190516.703664,304
1686190516.720193,304
1686190516.7324767,304
1686190516.7449174,304
1686190516.761229,305
1686190516.773233,304
1686190516.78571,303
1686190516.8021197,303
1686190516.814167,304
1686190516.8305917,304
1686190516.8429098,305
1686190516.8554964,304
1686190516.8716667,303
1686190516.8839262,304
1686190516.8962705,305
1686190516.912949,305
1686190516.924313,305
1686190516.9372768,304
1686190516.953902,304
1686190516.9654658,305
1686190516.9775314,306
1686190516.994809,307
1686190517.0070214,307
1686190517.0230136,306
1686190517.0357516,306
1686190517.0477335,307
1686190517.0637941,309
1686190517.0764096,310
1686190517.088869,309
1686190517.1054242,309
1686190517.117415,309
1686190517.1299481,310
1686190517.1462402,311
1686190517.158277,312
1686190517.1742213,312
1686190517.1870089,312
1686190517.199908,312
1686190517.2161324,313
1686190517.2281408,315
1686190517.2400324,314
1686190517.2573211,314
1686190517.269221,314
1686190517.28085,314
1686190517.2973094,315
1686190517.3092694,316
1686190517.322268,316
1686190517.338929,316
1686190517.3502116,316
1686190517.3671818,317
1686190517.3797934,318
1686190517.3916879,319
1686190517.4082372,318
1686190517.4202263,318
1686190517.4330673,318
1686190517.4493153,319
1686190517.4617193,321
1686190517.4734418,321
1686190517.4904613,320
1686190517.5024483,320
1686190517.5180302,320
1686190517.531053,322
1686190517.54403,323
1686190517.5593262,322
1686190517.5720997,322
1686190517.5845253,322
1686190517.6001928,322
1686190517.61325,324
1686190517.6252823,324
1686190517.6417542,324
1686190517.6535885,323
1686190517.6703472,323
1686190517.6822045,324
1686190517.694253,325
1686190517.7114213,325
1686190517.7237513,324
1686190517.7352653,323
1686190517.752285,323
1686190517.764193,323
1686190517.7762086,324
1686190517.793212,323
1686190517.8055372,322
1686190517.8179705,322
1686190517.8342645,322
1686190517.8465352,323
1686190517.862628,324
1686190517.8752172,324
1686190517.8876271,323
1686190517.9043138,322
1686190517.9162607,323
1686190517.9282668,324
1686190517.9442508,325
1686190517.9572744,325
1686190517.9692624,324
1686190517.985197,324
1686190517.9982483,325
1686190518.014223,326
1686190518.0262651,327
1686190518.039258,326
1686190518.0552778,326
1686190518.0672605,326
1686190518.0792718,327
1686190518.0964124,328
1686190518.1083539,328
1686190518.120699,327
1686190518.1374195,327
1686190518.1494272,327
1686190518.1616328,328
1686190518.1779091,329
1686190518.19062,328
1686190518.2071068,327
1686190518.2192714,326
1686190518.2312725,327
1686190518.2475493,327
1686190518.260287,328
1686190518.2722023,327
1686190518.2882564,326
1686190518.3012707,324
1686190518.3135498,324
1686190518.3298404,325
1686190518.3419838,326
1686190518.358021,326
1686190518.3710306,328
1686190518.3830354,332
1686190518.3992898,337
1686190518.4113576,343
1686190518.4239643,346
1686190518.43996,348
1686190518.452965,351
1686190518.4650404,354
1686190518.4809628,356
1686190518.4929795,358
1686190518.5059872,357
1686190518.5224783,356
1686190518.5342867,355
1686190518.5510314,355
1686190518.5632,355
1686190518.574961,355
1686190518.5920339,353
1686190518.6040366,351
1686190518.6162822,349
1686190518.6329641,349
1686190518.64512,349
1686190518.657019,347
1686190518.6740706,345
1686190518.686135,342
1686190518.7024174,340
1686190518.7150872,339
1686190518.7272394,338
1686190518.743417,336
1686190518.755424,334
1686190518.7680905,333
1686190518.7844286,333
1686190518.79609,334
1686190518.8090892,334
1686190518.825713,332
1686190518.837778,329
1686190518.8537066,328
1686190518.8657084,327
1686190518.8787704,328
1686190518.89539,328
1686190518.9073818,329
1686190518.9193842,330
1686190518.9357414,334
1686190518.9477942,340
1686190518.9606938,347
1686190518.9766893,352
1686190518.9887304,356
1686190519.0016978,358
1686190519.0177283,360
1686190519.0297873,362
1686190519.0459535,362
1686190519.0588782,360
1686190519.0713124,356
1686190519.0872977,352
1686190519.0993059,347
1686190519.1123135,344
1686190519.1282597,340
1686190519.1402342,334
1686190519.1532428,328
1686190519.1694255,321
1686190519.1815484,314
1686190519.197251,306
1686190519.2102344,296
1686190519.2226324,287
1686190519.2393098,278
1686190519.2516794,273
1686190519.2633092,270
1686190519.2802541,268
1686190519.2922368,265
1686190519.3043132,263
1686190519.3212461,261
1686190519.3333092,260
1686190519.3455226,261
1686190519.3612432,262
1686190519.3743598,263
1686190519.3899312,263
1686190519.402946,265
1686190519.4151711,267
1686190519.4308753,270
1686190519.4439733,273
1686190519.4559429,275
1686190519.4718816,277
1686190519.4846354,281
1686190519.4969509,285
1686190519.5136588,289
1686190519.5256712,293
1686190519.5419436,295
1686190519.5546932,297
1686190519.5669215,300
1686190519.583039,303
1686190519.5952628,306
1686190519.607695,309
1686190519.6237028,310
1686190519.6359546,312
1686190519.6486573,314
1686190519.664646,318
1686190519.6770442,320
1686190519.6931002,322
1686190519.7064097,323
1686190519.7182448,322
1686190519.7343767,323
1686190519.7471218,323
1686190519.7592785,323
1686190519.7759745,317
1686190519.787632,315
1686190519.800289,316
1686190519.8158634,318
1686190519.8289232,326
1686190519.841034,332
1686190519.8568578,338
1686190519.8699238,343
1686190519.8858712,349
1686190519.8981783,353
1686190519.9109159,357
1686190519.9268544,358
1686190519.9388545,358
1686190519.9518735,357
1686190519.9680562,356
1686190519.9799213,355
1686190519.9928777,353
1686190520.0091283,350
1686190520.0216968,346
1686190520.036866,343
1686190520.049859,341
1686190520.0621674,339
1686190520.0789192,336
1686190520.0910344,332
1686190520.1028535,329
1686190520.1199162,326
1686190520.13185,324
1686190520.1439252,323
1686190520.1608558,321
1686190520.1728668,319
1686190520.1882539,315
1686190520.201522,313
1686190520.2135327,310
1686190520.2302692,306
1686190520.2425184,300
1686190520.2552276,293
1686190520.2709851,287
1686190520.2829206,284
1686190520.2959867,283
1686190520.312159,283
1686190520.3238862,283
1686190520.3368556,284
1686190520.3528707,285
1686190520.364856,287
1686190520.3818753,290
1686190520.3940716,293
1686190520.4061759,294
1686190520.422933,295
1686190520.4350314,296
1686190520.4468684,298
1686190520.4639165,300
1686190520.4759328,301
1686190520.4879112,301
1686190520.5048633,302
1686190520.5169506,303
1686190520.5331852,305
1686190520.5458803,307
1686190520.5579681,307
1686190520.574163,307
1686190520.5861878,308
1686190520.5988677,309
1686190520.6152165,311
1686190520.6271765,312
1686190520.6398513,312
1686190520.6559236,312
1686190520.6679194,312
1686190520.6808832,313
1686190520.6969213,314
1686190520.7094297,315
1686190520.7260985,314
1686190520.7378528,313
1686190520.7501717,313
1686190520.766923,313
1686190520.779037,315
1686190520.790906,314
1686190520.807919,313
1686190520.81985,312
1686190520.832171,312
1686190520.8488724,313
1686190520.8609526,314
1686190520.876771,314
1686190520.8894777,313
1686190520.9018073,313
1686190520.9183092,313
1686190520.9302952,314
1686190520.9429832,315
1686190520.9590237,314
1686190520.9710243,314
1686190520.9840333,314
1686190521.0003111,314
1686190521.0122917,315
1686190521.0279849,315
1686190521.041035,315
1686190521.0532753,314
1686190521.070013,314
1686190521.082391,315
1686190521.094104,316
1686190521.110823,316
1686190521.122588,316
1686190521.135531,315
1686190521.1515758,316
1686190521.163521,317
1686190521.176587,318
1686190521.1926346,317
1686190521.2055488,316
1686190521.2215977,316
1686190521.233573,316
1686190521.2455158,317
1686190521.2625225,318
1686190521.274612,317
1686190521.2870739,316
1686190521.3030033,316
1686190521.3153563,317
1686190521.3280745,318
1686190521.3440757,318
1686190521.3560934,317
1686190521.3720632,316
1686190521.3851347,317
1686190521.3973138,317
1686190521.4140894,318
1686190521.426013,318
1686190521.4380043,317
1686190521.4550667,317
1686190521.467005,317
1686190521.4790084,318
1686190521.4960747,318
1686190521.5080748,318
1686190521.521026,317
1686190521.5371258,317
1686190521.549105,317
1686190521.5651639,319
1686190521.5780892,319
1686190521.5900218,318
1686190521.6060808,317
1686190521.6180592,317
1686190521.6312811,318
1686190521.6470098,319
1686190521.659011,320
1686190521.6720965,319
1686190521.688077,319
1686190521.7001126,319
1686190521.717012,320
1686190521.7293468,321
1686190521.7413807,320
1686190521.7580607,319
1686190521.7700627,319
1686190521.7823668,319
1686190521.7990904,320
1686190521.8110063,321
1686190521.8230581,320
1686190521.840078,319
1686190521.8524995,319
1686190521.8681042,319
1686190521.881021,320
1686190521.8930972,320
1686190521.9093242,320
1686190521.9220731,319
1686190521.9340198,319
1686190521.950347,319
1686190521.9630902,320
1686190521.9750218,320
1686190521.9917133,319
1686190522.0037878,319
1686190522.0157342,319
1686190522.032793,320
1686190522.044786,320
1686190522.0607874,320
1686190522.0737143,319
1686190522.085775,318
1686190522.1017256,319
1686190522.1141636,320
1686190522.1267788,320
1686190522.142781,320
1686190522.15571,319
1686190522.167786,319
1686190522.1837518,319
1686190522.1959558,320
1686190522.2117732,320
1686190522.2247295,319
1686190522.2370176,318
1686190522.253789,318
1686190522.2659001,319
1686190522.278025,320
1686190522.294714,320
1686190522.306724,319
1686190522.3188088,318
1686190522.3357952,318
1686190522.3477805,320
1686190522.3600307,320
1686190522.376808,320
1686190522.3889425,319
1686190522.4049175,318
1686190522.4171534,319
1686190522.4298897,320
1686190522.44585,320
1686190522.4581459,320
1686190522.4708397,318
1686190522.4868362,318
1686190522.4988964,319
1686190522.5119066,319
1686190522.527894,319
1686190522.5399084,318
1686190522.555888,317
1686190522.568846,317
1686190522.5808449,318
1686190522.5968869,318
1686190522.6098704,318
1686190522.6219122,317
1686190522.6389089,316
1686190522.650843,316
1686190522.6628923,317
1686190522.679177,317
1686190522.691854,317
1686190522.7081554,315
1686190522.7199063,314
1686190522.7329106,315
1686190522.7491727,316
1686190522.76116,316
1686190522.7739148,314
1686190522.7901633,313
1686190522.8021698,312
1686190522.8149061,313
1686190522.83081,313
1686190522.8433208,313
1686190522.8553088,312
1686190522.871328,311
1686190522.8843803,311
1686190522.9008925,311
1686190522.9131322,312
1686190522.9254074,312
1686190522.9417703,311
1686190522.9538198,310
1686190522.9665725,310
1686190522.9823658,310
1686190522.9949377,311
1686190523.0074253,311
1686190523.0234094,309
1686190523.0353503,309
1686190523.052531,309
1686190523.0645905,310
1686190523.0765731,311
1686190523.0926535,310
1686190523.10554,309
1686190523.117552,309
1686190523.134274,310
1686190523.1465418,311
1686190523.1585205,311
1686190523.1753206,310
1686190523.1873567,310
1686190523.1992655,310
1686190523.2159977,311
1686190523.227851,312
1686190523.2448525,312
1686190523.257117,311
1686190523.2692587,311
1686190523.2855544,311
1686190523.2983644,313
1686190523.3108175,313
1686190523.3264494,313
1686190523.3387632,313
1686190523.3514025,313
1686190523.3673477,313
1686190523.3792896,314
1686190523.395936,315
1686190523.4079258,315
1686190523.420914,314
1686190523.4369247,315
1686190523.4489758,316
1686190523.4609756,318
1686190523.477914,318
1686190523.4900873,317
1686190523.502019,317
1686190523.5190296,317
1686190523.5310209,318
1686190523.5470617,319
1686190523.5600824,319
1686190523.5722957,318
1686190523.5881681,318
1686190523.6011982,319
1686190523.613722,320
1686190523.6293344,320
1686190523.6423192,320
1686190523.6545122,319
1686190523.6710498,319
1686190523.6830504,319
1686190523.6953862,320
1686190523.712025,320
1686190523.7240536,320
1686190523.7402816,319
1686190523.752455,319
1686190523.7647774,319
1686190523.781504,320
1686190523.7933571,320
1686190523.8054075,320
1686190523.8217213,319
1686190523.8349638,319
1686190523.8462567,320
1686190523.8632963,320
1686190523.875949,320
1686190523.8918533,319
1686190523.9038515,318
1686190523.916595,318
1686190523.933121,319
1686190523.945351,320
1686190523.9575858,319
1686190523.9743218,318
1686190523.985328,319
1686190523.9987059,320
1686190524.014484,322
1686190524.0263293,324
1686190524.0438008,325
1686190524.056016,326
1686190524.0680773,328
1686190524.084676,331
1686190524.096737,334
1686190524.1087317,335
1686190524.1256669,335
1686190524.1370287,335
1686190524.1500726,334
1686190524.1657932,332
1686190524.179006,330
1686190524.1911438,326
1686190524.2071986,322
1686190524.2200603,320
1686190524.2359483,319
1686190524.2483594,319
1686190524.2599528,319
1686190524.2770212,319
1686190524.289238,318
1686190524.301566,318
1686190524.318118,319
1686190524.3302827,321
1686190524.3423245,321
1686190524.3586144,321
1686190524.3716137,320
1686190524.3873107,320
1686190524.3990996,321
1686190524.4121265,322
1686190524.428331,322
1686190524.4400897,322
1686190524.4527907,321
1686190524.4697688,321
1686190524.4813867,322
1686190524.4933424,323
1686190524.5105155,323
1686190524.5225823,322
1686190524.5350046,321
1686190524.5510697,322
1686190524.5639505,323
1686190524.580135,324
1686190524.59235,323
1686190524.6045618,322
1686190524.621127,322
1686190524.6333005,322
1686190524.645932,323
1686190524.6619596,323
1686190524.6745908,322
1686190524.686315,321
1686190524.7026346,321
1686190524.7160616,322
1686190524.7311044,322
1686190524.7440376,322
1686190524.7562623,322
1686190524.7722602,321
1686190524.7843597,321
1686190524.7973096,322
1686190524.8132646,323
1686190524.8250868,322
1686190524.8376727,322
1686190524.854444,321
1686190524.8662577,322
1686190524.879135,323
1686190524.8949456,323
1686190524.907918,323
1686190524.9240117,322
1686190524.9363518,322
1686190524.9490085,322
1686190524.9652162,323
1686190524.977693,323
1686190524.9893181,322
1686190525.005424,321
1686190525.0178018,321
1686190525.0309346,321
1686190525.046726,322
1686190525.0593832,322
1686190525.07566,321
1686190525.0878348,320
1686190525.099908,320
1686190525.116956,321
1686190525.128745,322
1686190525.1407433,321
1686190525.1574295,320
1686190525.1694117,319
1686190525.1822112,320
1686190525.1982248,321
1686190525.2109816,322
1686190525.2267416,321
1686190525.239751,320
1686190525.251802,320
1686190525.268123,320
1686190525.2798548,321
1686190525.2928507,321
1686190525.3092084,320
1686190525.3214955,319
1686190525.3336587,319
1686190525.3502665,319
1686190525.3625193,320
1686190525.3748882,320
1686190525.3913476,319
1686190525.4033194,318
1686190525.4193292,319
1686190525.4319935,320
1686190525.4443223,320
1686190525.4599926,319
1686190525.4722748,318
1686190525.4850273,318
1686190525.501962,319
1686190525.5138826,320
1686190525.526222,320
1686190525.5429244,319
1686190525.5548418,318
1686190525.5710707,318
1686190525.5835671,319
1686190525.595502,320
1686190525.6118631,320
1686190525.624643,319
1686190525.63656,319
1686190525.652504,319
1686190525.6652553,319
1686190525.6773553,320
1686190525.6935852,319
1686190525.706453,318
1686190525.7189302,318
1686190525.735174,317
1686190525.7473574,318
1686190525.7640264,319
1686190525.7760792,318
1686190525.7879329,317
1686190525.8045561,317
1686190525.8170567,318
1686190525.829575,319
1686190525.8457663,319
1686190525.8575454,318
1686190525.8695412,317
1686190525.8876178,317
1686190525.8989239,318
1686190525.914734,318
1686190525.9277482,319
1686190525.93967,318
1686190525.956529,317
1686190525.9685779,317
1686190525.9810038,318
1686190525.9972324,318
1686190526.0092888,318
1686190526.0210736,318
1686190526.0382192,317
1686190526.0505793,318
1686190526.0665493,318
1686190526.0791547,319
1686190526.0912051,319
1686190526.1079726,318
1686190526.1195896,318
1686190526.1324122,318
1686190526.1488445,319
1686190526.1612022,319
1686190526.173173,318
1686190526.1897402,317
1686190526.2019682,317
1686190526.2145784,318
1686190526.2305138,319
1686190526.2431042,319
1686190526.2593513,317
1686190526.2717075,317
1686190526.2833946,317
1686190526.3005888,318
1686190526.3120246,318
1686190526.3249743,318
1686190526.3416126,317
1686190526.3532085,316
1686190526.365826,316
1686190526.3819957,317
1686190526.3947265,318
1686190526.4108849,317
1686190526.4228754,316
1686190526.435859,316
1686190526.4518368,316
1686190526.4637508,318
1686190526.475765,317
1686190526.492428,317
1686190526.5050893,316
1686190526.5169685,316
1686190526.5334473,316
1686190526.545568,317
1686190526.5586402,317
1686190526.5749743,316
1686190526.5869448,315
1686190526.6032643,315
1686190526.6162567,316
1686190526.6285253,317
1686190526.6439948,316
1686190526.656324,315
1686190526.668645,315
1686190526.6852405,316
1686190526.6974685,317
1686190526.710555,317
1686190526.7260501,316
1686190526.7384565,315
1686190526.754824,315
1686190526.7675328,316
1686190526.7795765,317
1686190526.7953331,317
1686190526.8080013,316
1686190526.8207283,315
1686190526.8363707,315
1686190526.8492208,316
1686190526.861366,316
1686190526.8773952,316
1686190526.8893611,315
1686190526.9054773,314
1686190526.91852,315
1686190526.9305873,316
1686190526.9475176,316
1686190526.9600186,315
1686190526.9713817,314
1686190526.987811,314
1686190527.0007348,315
1686190527.0130174,316
1686190527.0296373,316
1686190527.0418882,315
1686190527.0535457,315
1686190527.069785,314
1686190527.0824997,316
1686190527.0996654,316
1686190527.1113322,317
1686190527.1239238,316
1686190527.140037,315
1686190527.1523395,315
1686190527.1646833,316
1686190527.1805167,316
1686190527.192637,317
1686190527.2057917,315
1686190527.2213745,315
1686190527.2341235,316
1686190527.2505076,317
1686190527.262683,317
1686190527.2752376,317
1686190527.2915845,316
1686190527.303486,316
1686190527.3162017,316
1686190527.3324323,318
1686190527.344532,318
1686190527.3565364,317
1686190527.3737175,317
1686190527.3861144,317
1686190527.4014723,317
1686190527.4147112,318
1686190527.4259367,319
1686190527.443117,318
1686190527.4555774,317
1686190527.467965,317
1686190527.4836872,318
1686190527.4960468,319
1686190527.508104,319
1686190527.525277,318
1686190527.536978,318
1686190527.5492399,318
1686190527.5662954,319
1686190527.5782838,319
1686190527.5949464,319
1686190527.6068485,318
1686190527.6186996,317
1686190527.6354523,318
1686190527.64802,319
1686190527.6600811,319
1686190527.6762228,319
1686190527.6881788,318
1686190527.7012634,318
1686190527.7173374,319
1686190527.730009,320
1686190527.7461264,320
1686190527.758771,319
1686190527.7708166,319
1686190527.7870162,319
1686190527.7995772,320
1686190527.8115616,320
1686190527.8276026,319
1686190527.8404083,319
1686190527.852642,318
1686190527.8692408,318
1686190527.8816566,319
1686190527.8942115,320
1686190527.910231,319
1686190527.9225829,318
1686190527.938618,318
1686190527.9509962,319
1686190527.962654,320
1686190527.9798691,320
1686190527.991946,319
1686190528.0042615,318
1686190528.0205927,318
1686190528.0325868,319
1686190528.0451412,320
1686190528.0616064,319
1686190528.0734837,318
1686190528.0899732,318
1686190528.1022367,318
1686190528.1142626,319
1686190528.1315398,319
1686190528.1434906,319
1686190528.155897,318
1686190528.1719627,317
1686190528.1844442,318
1686190528.196749,319
1686190528.2130792,319
1686190528.225711,318
1686190528.241406,317
1686190528.2534077,317
1686190528.2666638,318
1686190528.2829294,319
1686190528.2944577,319
1686190528.3072333,319
1686190528.3232646,318
1686190528.3357077,318
1686190528.3483522,318
1686190528.3643467,319
1686190528.3768194,319
1686190528.3883574,318
1686190528.4051583,317
1686190528.4177575,317
1686190528.4348829,318
1686190528.4468632,319
1686190528.4591596,318
1686190528.4744737,317
1686190528.487204,317
1686190528.5000138,317
1686190528.5165145,318
1686190528.5283225,318
1686190528.5410142,317
1686190528.5570624,317
1686190528.5697577,317
1686190528.5854948,317
1686190528.5975573,318
1686190528.610305,318
1686190528.626977,317
1686190528.6390147,316
1686190528.6509578,316
1686190528.6669545,317
1686190528.6800218,318
1686190528.691971,318
1686190528.7080042,317
1686190528.721028,317
1686190528.7369993,317
1686190528.7489843,318
1686190528.7615035,319
1686190528.778173,318
1686190528.7903082,317
1686190528.8020766,317
1686190528.8193808,317
1686190528.8317428,318
1686190528.8439379,319
1686190528.8597832,318
1686190528.8725572,317
1686190528.8842788,317
1686190528.9013271,318
1686190528.9138083,319
1686190528.9298966,319
1686190528.941944,318
1686190528.953961,317
1686190528.9709206,317
1686190528.9827147,318
1686190528.9954581,319
1686190529.0120156,319
1686190529.02436,318
1686190529.036314,318
1686190529.0523024,318
1686190529.0643678,319
1686190529.0813034,319
1686190529.0933044,319
1686190529.1053164,318
1686190529.1226475,318
1686190529.1345727,318
1686190529.146875,319
1686190529.1625636,320
1686190529.1755714,319
1686190529.1879227,317
1686190529.2042084,317
1686190529.2167635,318
1686190529.2291348,319
1686190529.2454178,319
1686190529.2571278,318
1686190529.274082,318
1686190529.2860746,318
1686190529.2983758,318
1686190529.3145704,319
1686190529.3266,319
1686190529.3390086,318
1686190529.3560646,317
1686190529.3680537,317
1686190529.3803737,318
1686190529.397065,318
1686190529.409215,317
1686190529.4253912,316
1686190529.4373462,316
1686190529.4500594,316
1686190529.4663932,317
1686190529.4784265,317
1686190529.491119,316
1686190529.5070634,315
1686190529.5193973,315
1686190529.5320597,316
1686190529.5486033,317
1686190529.5601115,317
1686190529.5771217,316
1686190529.5890472,316
1686190529.601116,316
1686190529.6180658,317
1686190529.6301148,318
1686190529.6424305,318
1686190529.6590667,317
1686190529.6710508,317
1686190529.6831071,317
1686190529.7000687,318
1686190529.7121198,320
1686190529.7243915,320
1686190529.7410548,320
1686190529.753126,321
1686190529.7693696,325
1686190529.7813895,330
1686190529.7940464,336
1686190529.8103719,340
1686190529.8221166,346
1686190529.835062,351
1686190529.8510616,356
1686190529.86335,360
1686190529.8760781,363
1686190529.8923354,363
1686190529.904414,363
1686190529.921103,362
1686190529.9334295,361
1686190529.9453716,359
1686190529.9621298,358
1686190529.9741096,354
1686190529.9864051,351
1686190530.0031228,350
1686190530.0150657,349
1686190530.0271585,348
1686190530.0441163,345
1686190530.0560565,342
1686190530.0723474,341
1686190530.085063,340
1686190530.0971196,339
1686190530.1133246,338
1686190530.1250432,335
1686190530.1381273,332
1686190530.154046,330
1686190530.1670551,329
1686190530.1790667,328
1686190530.1950638,325
1686190530.2073457,323
1686190530.2201567,322
1686190530.236727,321
1686190530.2481291,324
1686190530.2651398,325
1686190530.2773187,326
1686190530.2890596,327
1686190530.306268,328
1686190530.318321,330
1686190530.3303201,331
1686190530.34625,333
1686190530.3593314,332
1686190530.371315,334
1686190530.38725,333
1686190530.4002523,337
1686190530.4163175,338
1686190530.4286284,340
1686190530.441269,337
1686190530.4576,335
1686190530.4697177,332
1686190530.4822404,331
1686190530.4979286,329
1686190530.5109801,326
1686190530.5231402,322
1686190530.538912,318
1686190530.5519872,313
1686190530.5640156,309
1686190530.5809376,304
1686190530.5929682,298
1686190530.608908,290
1686190530.6216414,281
1686190530.6335795,271
1686190530.6496575,263
1686190530.661621,255
1686190530.6745706,248
1686190530.6911097,241
1686190530.7031448,237
1686190530.7156708,234
1686190530.7316763,234
1686190530.744596,234
1686190530.7606215,234
1686190530.7729328,235
1686190530.7850204,238
1686190530.8016684,242
1686190530.8133383,246
1686190530.8264132,249
1686190530.8426921,252
1686190530.8546627,255
1686190530.86637,259
1686190530.8833418,263
1686190530.895409,268
1686190530.9084156,272
1686190530.9244385,275
1686190530.937022,278
1686190530.9534051,283
1686190530.9653444,287
1686190530.977339,291
1686190530.9933965,294
1686190531.0063596,296
1686190531.018689,299
1686190531.0353355,303
1686190531.0473394,308
1686190531.060485,311
1686190531.076342,313
1686190531.0884109,315
1686190531.1044564,318
1686190531.116718,319
1686190531.1290336,320
1686190531.145776,319
1686190531.1577244,318
1686190531.1707168,320
1686190531.186715,326
1686190531.1987255,335
1686190531.2114499,344
1686190531.2268672,354
1686190531.239926,361
1686190531.2559247,367
1686190531.267874,372
1686190531.2809358,374
1686190531.2971976,375
1686190531.3091993,374
1686190531.3218877,372
1686190531.338343,371
1686190531.3504558,369
1686190531.3627965,368
1686190531.3794534,366
1686190531.3914607,362
1686190531.4037669,359
1686190531.4210777,356
1686190531.4330614,355
1686190531.4485703,353
1686190531.4613178,352
1686190531.4733882,349
1686190531.4900365,348
1686190531.502275,347
1686190531.5145051,347
1686190531.5302196,346
1686190531.5432117,346
1686190531.5552855,344
1686190531.5712798,343
1686190531.5842216,343
1686190531.600289,342
1686190531.612354,341
1686190531.6254168,340
1686190531.6414218,337
1686190531.653403,335
1686190531.6653476,334
1686190531.682361,333
1686190531.6944206,331
1686190531.7066693,328
1686190531.723428,326
1686190531.7354214,325
1686190531.7513502,326
1686190531.7644155,326
1686190531.7764192,325
1686190531.7926114,324
1686190531.8044076,324
1686190531.8174086,324
1686190531.833706,325
1686190531.8463504,325
1686190531.8587306,324
1686190531.8743525,321
1686190531.8866816,319
1686190531.899415,317
1686190531.9154258,316
1686190531.9277253,314
1686190531.9444163,311
1686190531.9567895,309
1686190531.9684107,308
1686190531.9856532,308
1686190531.9976873,308
1686190532.0094035,309
1686190532.0264184,308
1686190532.0383584,308
1686190532.0503561,309
1686190532.0673516,311
1686190532.0793502,314
1686190532.0957015,315
1686190532.1084116,316
1686190532.1207285,316
1686190532.13695,317
1686190532.1489372,318
1686190532.1617272,319
1686190532.177673,317
1686190532.1900074,315
1686190532.2027147,314
1686190532.2186527,314
1686190532.2307334,314
1686190532.2437289,314
1686190532.2597249,312
1686190532.2719755,311
1686190532.2886894,311
1686190532.3006828,312
1686190532.312953,313
1686190532.328673,312
1686190532.3416667,311
1686190532.3536115,310
1686190532.369941,310
1686190532.3826153,311
1686190532.3949134,311
1686190532.4106185,311
1686190532.423685,310
1686190532.440634,310
1686190532.451959,310
1686190532.4646323,311
1686190532.4809093,313
1686190532.4929426,314
1686190532.5056117,314
1686190532.5218985,315
1686190532.5336645,316
1686190532.5465746,318
1686190532.5629056,319
1686190532.574922,319
1686190532.5915604,319
1686190532.6039531,320
1686190532.6164315,321
1686190532.6325645,321
1686190532.6446075,322
1686190532.6570792,320
1686190532.6736486,319
1686190532.6855917,319
1686190532.6975791,319
1686190532.7146442,318
1686190532.7267823,317
1686190532.7390134,316
1686190532.75566,314
1686190532.7678525,315
1686190532.7838976,316
1686190532.7965765,316
1686190532.8086429,315
1686190532.8245802,314
1686190532.836899,314
1686190532.8497283,314
1686190532.8655937,315
1686190532.8776517,316
1686190532.890653,315
1686190532.9066453,314
1686190532.9189265,314
1686190532.9346511,314
1686190532.9479005,315
1686190532.9598987,314
1686190532.9765959,313
1686190532.988579,312
1686190533.0008895,312
1686190533.01766,313
1686190533.0295959,314
1686190533.041583,313
1686190533.058648,312
1686190533.0706742,311
1686190533.0865824,310
1686190533.0986438,310
1686190533.1117523,309
1686190533.1282883,306
1686190533.140318,304
1686190533.152879,302
1686190533.16885,302
1686190533.1810994,302
1686190533.1937892,300
1686190533.2097206,299
1686190533.2217321,298
1686190533.2347922,298
1686190533.2511947,299
1686190533.2627141,300
1686190533.2792454,300
1686190533.291979,300
1686190533.3039618,300
1686190533.3199713,302
1686190533.3331287,304
1686190533.3449056,305
1686190533.3612192,305
1686190533.3739707,305
1686190533.3860705,305
1686190533.401899,307
1686190533.4149022,308
1686190533.4309645,310
1686190533.442968,310
1686190533.4559758,309
1686190533.4722226,310
1686190533.4839034,311
1686190533.496967,313
1686190533.5130281,313
1686190533.5252194,313
1686190533.5378966,312
1686190533.5542676,312
1686190533.565901,314
1686190533.5782418,315
1686190533.5950022,314
1686190533.6069841,314
1686190533.6233687,313
1686190533.636168,314
1686190533.6481988,315
1686190533.6641083,316
1686190533.6771703,315
1686190533.6891859,314
1686190533.7054193,315
1686190533.718102,316
1686190533.730102,317
1686190533.7464433,317
1686190533.7584138,317
1686190533.7751667,316
1686190533.7871132,316
1686190533.799111,317
1686190533.8162613,318
1686190533.828595,318
1686190533.840319,317
1686190533.8573277,316
1686190533.8693564,317
1686190533.8813467,317
1686190533.8983238,318
1686190533.910328,318
1686190533.9262679,317
1686190533.9391067,317
1686190533.9511044,317
1686190533.967343,319
1686190533.980094,319
1686190533.9920974,319
1686190534.0080824,318
1686190534.021056,318
1686190534.0333865,319
1686190534.0491269,319
1686190534.0621274,320
1686190534.074167,319
1686190534.0902674,319
1686190534.103055,319
1686190534.119119,320
1686190534.131063,320
1686190534.1440642,320
1686190534.1600647,319
1686190534.1721041,319
1686190534.1842768,319
1686190534.2014976,320
1686190534.2135627,320
1686190534.2260802,320
1686190534.24249,319
1686190534.2544274,319
1686190534.2702622,319
1686190534.2830656,320
1686190534.2951233,321
1686190534.3120716,320
1686190534.3237133,319
1686190534.3356981,319
1686190534.3527277,319
1686190534.3646982,320
1686190534.3775814,320
1686190534.393755,319
1686190534.405775,319
1686190534.4179826,319
1686190534.4347563,320
1686190534.4477031,321
1686190534.4627128,321
1686190534.4757006,320
1686190534.487937,319
1686190534.504358,319
1686190534.5170116,321
1686190534.5290694,321
1686190534.545543,320
1686190534.5568976,319
1686190534.5700831,319
1686190534.5861542,320
1686190534.5978467,321
1686190534.6144063,322
1686190534.6273863,321
1686190534.639294,320
1686190534.6556273,320
1686190534.6680255,321
1686190534.6807852,321
1686190534.696697,322
1686190534.7091858,321
1686190534.7217233,320
1686190534.7373972,320
1686190534.7503145,321
1686190534.766172,321
1686190534.778912,321
1686190534.7912564,320
1686190534.8066928,319
1686190534.819645,320
1686190534.8315735,321
1686190534.848331,321
1686190534.860244,320
1686190534.8730822,319
1686190534.888557,318
1686190534.9017696,318
1686190534.913884,319
1686190534.9306383,320
1686190534.942558,319
1686190534.9585469,318
1686190534.9715438,318
1686190534.9835474,318
1686190534.9995418,319
1686190535.011554,319
1686190535.0245528,318
1686190535.040544,317
1686190535.052555,317
1686190535.0645554,318
1686190535.0815458,319
1686190535.0938563,319
1686190535.1095517,317
1686190535.1225479,317
1686190535.134543,317
1686190535.1515439,318
1686190535.1635404,319
1686190535.1755989,318
1686190535.1922693,317
1686190535.2042062,317
1686190535.2169504,317
1686190535.233506,318
1686190535.2459931,319
1686190535.2611616,318
1686190535.274161,317
1686190535.2868521,317
1686190535.30302,317
1686190535.315312,318
1686190535.3276463,318
1686190535.3433554,317
1686190535.3563876,317
1686190535.368133,317
1686190535.3849385,318
1686190535.3968847,319
1686190535.409033,318
1686190535.425473,317
1686190535.4383655,316
1686190535.454379,317
1686190535.4664285,319
1686190535.479145,320
1686190535.4955037,321
1686190535.507574,322
1686190535.5200548,323
1686190535.5357738,325
1686190535.5484934,326
1686190535.5617738,326
1686190535.5783467,323
1686190535.5898254,319
1686190535.6058686,316
1686190535.6186578,315
1686190535.63045,314
1686190535.64678,313
1686190535.6586752,312
1686190535.6713302,311
1686190535.6874583,312
1686190535.6996326,313
1686190535.7125735,315
1686190535.7286987,315
1686190535.741597,315
1686190535.7538757,316
1686190535.7699835,318
1686190535.7824981,320
1686190535.7986271,321
1686190535.8108659,320
1686190535.8228617,319
1686190535.839902,319
1686190535.8515697,320
1686190535.8642242,321
1686190535.8804193,321
1686190535.89246,320
1686190535.9044013,319
1686190535.920712,318
1686190535.9338014,319
1686190535.9500952,319
1686190535.9627721,319
1686190535.9746308,317
1686190535.9906504,317
1686190536.003087,317
1686190536.0156972,318
1686190536.0321674,319
1686190536.0441554,319
1686190536.0563653,317
1686190536.0726967,317
1686190536.0856373,318
1686190536.1016252,319
1686190536.1141627,320
1686190536.1265237,320
1686190536.1427147,319
1686190536.1544287,319
1686190536.1670797,319
1686190536.1837559,320
1686190536.1957617,321
1686190536.2083158,318
1686190536.2247245,317
1686190536.2364202,315
1686190536.2494216,315
1686190536.2650716,315
1686190536.2779067,314
1686190536.294212,313
1686190536.3067534,312
1686190536.3189654,312
1686190536.3351524,312
1686190536.3472865,313
1686190536.359669,312
1686190536.3761337,312
1686190536.388698,312
1686190536.4007053,313
1686190536.41676,314
1686190536.429684,315
1686190536.444796,314
1686190536.45774,314
1686190536.4705997,314
1686190536.486749,315
1686190536.498697,316
1686190536.5106866,317
1686190536.5274677,316
1686190536.5399437,316
1686190536.5518043,316
1686190536.5680034,317
1686190536.5801585,318
1686190536.5927553,318
1686190536.6091366,317
1686190536.6221025,317
1686190536.6383278,317
1686190536.650809,318
1686190536.662962,319
1686190536.679449,319
1686190536.6918128,318
1686190536.7039301,318
1686190536.7194684,319
1686190536.732462,320
1686190536.7449915,320
1686190536.761392,320
1686190536.773386,319
1686190536.7899466,318
1686190536.8019915,319
1686190536.8142998,320
1686190536.8308918,320
1686190536.8430316,319
1686190536.8556602,318
1686190536.8722503,318
1686190536.8840864,319
1686190536.8960958,320
1686190536.9120612,319
1686190536.9251635,319
1686190536.9402752,318
1686190536.9536939,318
1686190536.9652014,319
1686190536.981713,320
1686190536.994654,320
1686190537.006645,319
1686190537.0235882,319
1686190537.035903,319
1686190537.0474,320
1686190537.064336,320
1686190537.076282,320
1686190537.089354,319
1686190537.1044402,319
1686190537.1177387,320
1686190537.1338081,320
1686190537.1458504,321
1686190537.1587663,319
1686190537.1749747,318
1686190537.1868613,319
1686190537.1988614,320
1686190537.2161853,320
1686190537.227991,320
1686190537.2404678,319
1686190537.256991,319
1686190537.2691028,319
1686190537.2853212,320
1686190537.2969398,321
1686190537.3098931,320
1686190537.3259008,319
1686190537.3389592,319
1686190537.3509798,319
1686190537.3674784,320
1686190537.3794677,320
1686190537.3919399,319
1686190537.4076695,318
1686190537.4202023,318
1686190537.4328835,318
1686190537.4494753,319
1686190537.4615355,319
1686190537.4775848,318
1686190537.4894247,317
1686190537.5025136,317
1686190537.5185263,318
1686190537.5312338,319
1686190537.5437503,318
1686190537.5597112,317
1686190537.5720801,317
1686190537.584659,317
1686190537.600566,318
1686190537.6125948,319
1686190537.62926,318
1686190537.641787,317
1686190537.654551,316
1686190537.669944,317
1686190537.6819355,318
1686190537.6944454,318
1686190537.711687,317
1686190537.7239695,316
1686190537.735394,316
1686190537.7524433,317
1686190537.7647655,318
1686190537.7806623,317
1686190537.7936103,316
1686190537.805248,316
1686190537.8215988,316
1686190537.8345478,317
1686190537.846498,318
1686190537.8625646,317
1686190537.874721,316
1686190537.8873677,316
1686190537.9040296,316
1686190537.9161088,317
1686190537.9281356,317
1686190537.9449563,316
1686190537.9571126,316
1686190537.9730482,315
1686190537.9849753,316
1686190537.9983218,317
1686190538.0146916,317
1686190538.02648,316
1686190538.0391686,315
1686190538.055658,315
1686190538.0676641,316
1686190538.0802433,316
1686190538.0966837,316
1686190538.1089704,315
1686190538.125111,314
1686190538.1374505,314
1686190538.1498892,315
1686190538.1661842,316
1686190538.1785429,315
1686190538.1904945,314
1686190538.2069597,313
1686190538.2185445,314
1686190538.231558,314
1686190538.2475579,315
1686190538.260311,314
1686190538.2758255,313
1686190538.288996,312
1686190538.3012102,313
1686190538.3173404,314
1686190538.3300378,314
1686190538.3421724,313
1686190538.3579667,312
1686190538.3708339,313
1686190538.3830857,314
1686190538.3996508,314
1686190538.4116497,314
1686190538.4236994,313
1686190538.441391,313
1686190538.452624,314
1686190538.4692285,315
1686190538.481285,315
1686190538.493073,315
1686190538.5101101,313
1686190538.5220866,313
1686190538.5348723,313
1686190538.5504272,315
1686190538.5634792,315
1686190538.5758216,314
1686190538.5918965,313
1686190538.603799,313
1686190538.620885,313
1686190538.632885,314
1686190538.6454494,315
1686190538.6615942,313
1686190538.6736581,313
1686190538.6863086,312
1686190538.7024925,313
1686190538.7145815,314
1686190538.7272923,313
1686190538.7434747,311
1686190538.755988,311
1686190538.7680542,311
1686190538.7843673,312
1686190538.796368,312
1686190538.8132422,311
1686190538.825389,310
1686190538.8377452,309
1686190538.854176,310
1686190538.8657274,311
1686190538.8783321,311
1686190538.89517,310
1686190538.9076967,308
1686190538.9198139,308
1686190538.9364588,308
1686190538.9483244,309
1686190538.964347,309
1686190538.9767013,307
1686190538.9893894,306
1686190539.0050688,306
1686190539.0180671,307
1686190539.0298438,308
1686190539.046741,307
1686190539.0588577,306
1686190539.0706732,305
1686190539.0875778,305
1686190539.09994,306
1686190539.1156824,307
1686190539.1286669,306
1686190539.1410077,305
1686190539.156503,305
1686190539.169552,305
1686190539.1816597,306
1686190539.1977203,307
1686190539.2107768,306
1686190539.2229683,306
1686190539.2390149,306
1686190539.2513754,307
1686190539.2639668,307
1686190539.2802927,307
1686190539.2924058,307
1686190539.3089395,306
1686190539.321159,307
1686190539.3335948,308
1686190539.349351,309
1686190539.361366,308
1686190539.374488,308
1686190539.3908617,307
1686190539.4027307,308
1686190539.41453,309
1686190539.4312093,310
1686190539.4439282,310
1686190539.4602275,309
1686190539.4722102,310
1686190539.484519,311
1686190539.5015116,312
1686190539.51341,312
1686190539.5254087,311
1686190539.5416577,311
1686190539.5545979,311
1686190539.5668828,312
1686190539.5829942,313
1686190539.5958931,314
1686190539.6079693,313
1686190539.6237442,313
1686190539.6363788,313
1686190539.6537526,314
1686190539.6650748,315
1686190539.6766784,314
1686190539.6933038,313
1686190539.7061658,313
1686190539.7185552,313
1686190539.7345061,314
1686190539.7469842,315
1686190539.7592804,314
1686190539.7757704,314
1686190539.7879436,314
1686190539.8046556,315
1686190539.81671,316
1686190539.828959,317
1686190539.8447857,317
1686190539.8567235,317
1686190539.869494,317
1686190539.8862824,319
1686190539.897828,320
1686190539.9103894,321
1686190539.9274344,320
1686190539.9398308,321
1686190539.955956,321
1686190539.9684365,323
1686190539.9804497,324
1686190539.9962971,324
1686190540.0085566,324
1686190540.0217578,324
1686190540.0375092,325
1686190540.0496979,326
1686190540.062214,327
1686190540.0784476,327
1686190540.0913236,326
1686190540.1035361,326
1686190540.11999,327
1686190540.1322455,328
1686190540.1473877,328
1686190540.1609814,327
1686190540.1726205,327
1686190540.1886423,327
1686190540.2016213,328
1686190540.214069,329
1686190540.230015,328
1686190540.2421548,327
1686190540.254881,327
1686190540.2706716,327
1686190540.2838423,328
1686190540.299958,328
1686190540.3119097,327
1686190540.3243036,326
1686190540.3401384,325
1686190540.3530264,325
1686190540.365722,326
1686190540.3813841,325
1686190540.394154,324
1686190540.4067576,322
1686190540.4223685,322
1686190540.4353878,322
1686190540.4475334,322
1686190540.463794,321
1686190540.4760828,320
1686190540.4918892,318
1686190540.5046728,318
1686190540.5163662,318
1686190540.5335622,319
1686190540.5457401,318
1686190540.5575132,316
1686190540.5744903,315
1686190540.586508,315
1686190540.5989795,315
1686190540.6150203,315
1686190540.6272821,314
1686190540.643512,312
1686190540.656207,312
1686190540.668726,312
1686190540.6851702,313
1686190540.6971767,313
1686190540.7094848,312
1686190540.7255418,311
1686190540.7381694,310
1686190540.7501674,311
1686190540.766896,312
1686190540.778881,312
1686190540.7952082,311
1686190540.8078861,311
1686190540.8200154,311
1686190540.836099,312
1686190540.8491035,314
1686190540.8611126,314
1686190540.8774283,314
1686190540.889102,314
1686190540.9021108,315
1686190540.9185061,317
1686190540.9304297,318
1686190540.94287,318
1686190540.9585488,318
1686190540.9716928,318
1686190540.987874,319
1686190540.9999058,320
1686190541.0125499,321
1686190541.029078,320
1686190541.0410085,319
1686190541.0534656,320
1686190541.0694675,321
1686190541.0825224,322
1686190541.0944796,323
1686190541.1111112,322
1686190541.123467,322
1686190541.1394634,323
1686190541.15144,324
1686190541.1640975,325
1686190541.1801383,325
1686190541.1930597,324
1686190541.2049415,324
1686190541.2221446,324
1686190541.2336795,326
1686190541.2460449,327
1686190541.2618446,326
1686190541.2747624,326
1686190541.2907808,326
1686190541.303043,328
1686190541.3156984,329
1686190541.3317294,330
1686190541.343984,330
1686190541.3568351,332
1686190541.3730483,331
1686190541.3851647,334
1686190541.396836,336
1686190541.4140759,342
1686190541.426167,345
1686190541.4381583,348
1686190541.4548707,351
1686190541.4669266,354
1686190541.4831774,356
1686190541.4958217,358
1686190541.507899,357
1686190541.5248365,356
1686190541.536825,356
1686190541.5488715,355
1686190541.5648284,354
1686190541.5778203,352
1686190541.5898204,351
1686190541.6058824,348
1686190541.618829,347
1686190541.634819,347
1686190541.6474946,346
1686190541.6594932,345
1686190541.675499,343
1686190541.6875503,342
1686190541.7009575,341
1686190541.7165537,339
1686190541.729563,336
1686190541.7416892,332
1686190541.7575557,328
1686190541.7709668,325
1686190541.78229,324
1686190541.7994857,322
1686190541.8115368,320
1686190541.827478,318
1686190541.8398585,317
1686190541.8518012,318
1686190541.8687522,320
1686190541.880478,322
1686190541.893477,323
1686190541.9094744,324
1686190541.9214733,328
1686190541.93422,332
1686190541.9510815,335
1686190541.9624283,338
1686190541.979194,342
1686190541.9914567,342
1686190542.003358,341
1686190542.02009,341
1686190542.032128,342
1686190542.0447807,341
1686190542.060852,338
1686190542.0728421,334
1686190542.0858498,332
1686190542.1017704,329
1686190542.1140985,326
1686190542.1267917,322
1686190542.1427715,318
1686190542.1548238,315
1686190542.1717846,313
1686190542.1839945,311
1686190542.196775,308
1686190542.2127757,303
1686190542.2250106,298
1686190542.2368171,293
1686190542.2533793,289
1686190542.2657034,284
1686190542.2774441,281
1686190542.294381,278
1686190542.3064227,276
1686190542.3228066,276
1686190542.335708,277
1686190542.3473918,278
1686190542.364386,279
1686190542.3764582,278
1686190542.3883533,279
1686190542.4052997,282
1686190542.4172893,284
1686190542.429612,288
1686190542.4463704,289
1686190542.458621,291
1686190542.4742906,294
1686190542.4873006,297
1686190542.499355,300
1686190542.5155275,303
1686190542.528208,305
1686190542.540296,307
1686190542.5562277,309
1686190542.5692618,312
1686190542.5812166,315
1686190542.5972788,318
1686190542.6102214,319
1686190542.6222613,320
1686190542.6385128,322
1686190542.6512635,326
1686190542.667397,327
1686190542.679783,329
1686190542.6912673,329
1686190542.7081692,327
1686190542.7201726,328
1686190542.7323322,327
1686190542.7492104,324
1686190542.7613182,321
1686190542.773865,317
1686190542.789889,313
1686190542.8025851,311
1686190542.8188925,310
1686190542.8305376,309
1686190542.8435364,310
1686190542.8595417,310
1686190542.8718817,314
1686190542.8845508,318
1686190542.9008842,322
1686190542.9125621,325
1686190542.925554,327
1686190542.9417424,329
1686190542.9535682,330
1686190542.969882,332
1686190542.982642,332
1686190542.9948058,330
1686190543.01161,326
1686190543.0235457,323
1686190543.0358658,321
1686190543.052568,320
1686190543.064594,319
1686190543.0766294,316
1686190543.0928864,313
1686190543.1055577,312
1686190543.1175797,311
1686190543.1339068,310
1686190543.146554,310
1686190543.1628816,308
1686190543.1752524,307
1686190543.1876197,306
1686190543.204146,307
1686190543.2162497,307
1686190543.2282443,305
1686190543.2442415,302
1686190543.2572064,297
1686190543.2694848,291
1686190543.286118,288
1686190543.298086,284
1686190543.314161,283
1686190543.3268094,281
1686190543.3388085,282
1686190543.3555708,284
1686190543.3675623,287
1686190543.379618,290
1686190543.3965654,292
1686190543.408712,293
1686190543.420889,295
1686190543.4367988,298
1686190543.4495544,301
1686190543.4615614,302
1686190543.4781804,303
1686190543.490608,304
1686190543.506887,305
1686190543.5195563,307
1686190543.5315983,308
1686190543.547878,308
1686190543.559838,308
1686190543.5725625,309
1686190543.5888233,310
1686190543.60135,312
1686190543.6135669,313
1686190543.6298394,314
1686190543.641894,314
1686190543.6585689,315
1686190543.6705585,317
1686190543.68288,319
1686190543.6995308,322
1686190543.7112331,323
1686190543.7232301,323
1686190543.740235,324
1686190543.752519,327
1686190543.7645164,329
1686190543.7811317,330
1686190543.7935116,330
1686190543.8095782,330
1686190543.8225098,330
1686190543.8345122,332
1686190543.8511448,333
1686190543.8635292,334
1686190543.875382,334
1686190543.892018,334
1686190543.9040046,335
1686190543.9162867,336
1686190543.9330266,338
1686190543.9460618,338
1686190543.957374,337
1686190543.9740539,338
1686190543.9860423,339
1686190544.0023608,340
1686190544.0151093,341
1686190544.0270445,340
1686190544.043121,339
1686190544.0560212,339
1686190544.0680053,340
1686190544.0843246,341
1686190544.0970142,341
1686190544.1090696,340
1686190544.1260207,339
1686190544.1380074,339
1686190544.1542168,339
1686190544.1661527,339
1686190544.178653,338
1686190544.195326,336
1686190544.2071588,335
1686190544.2198303,335
1686190544.2360208,335
1686190544.2478278,335
1686190544.2608285,333
1686190544.2768269,331
1686190544.2891657,330
1686190544.3011708,330
1686190544.317826,331
1686190544.3299403,330
1686190544.3466983,329
1686190544.3584378,328
1686190544.3714218,327
1686190544.387675,327
1686190544.3994277,327
1686190544.4116898,327
1686190544.4283495,325
1686190544.4406216,325
1686190544.4527166,325
1686190544.4695098,325
1686190544.4818997,325
1686190544.4981954,324
1686190544.5099258,323
1686190544.5226576,322
1686190544.5393374,322
1686190544.5513504,323
1686190544.5634072,323
1686190544.5800402,322
1686190544.5920289,320
1686190544.6040895,319
1686190544.6210468,320
1686190544.6333625,320
1686190544.6490865,320
1686190544.66214,319
1686190544.6744094,318
1686190544.6900334,318
1686190544.7025898,319
1686190544.7156248,320
1686190544.7319248,319
1686190544.7439067,318
1686190544.7565224,317
1686190544.7722502,317
1686190544.7843182,318
1686190544.79726,318
1686190544.813387,318
1686190544.826264,317
1686190544.8418314,316
1686190544.8541324,317
1686190544.866814,318
1686190544.8828208,318
1686190544.895155,317
1686190544.907812,316
1686190544.9237988,316
1686190544.9361496,317
1686190544.948821,318
1686190544.9658072,318
1686190544.9768698,318
1686190544.992866,317
1686190545.0060568,317
1686190545.0181208,318
1686190545.034823,319
1686190545.0468044,319
1686190545.0588129,318
1686190545.0757446,317
1686190545.0877936,318
1686190545.100477,319
1686190545.1164632,319
1686190545.1287844,319
1686190545.1412132,318
1686190545.1573248,317
1686190545.1700456,317
1686190545.185965,318
1686190545.1982126,318
1686190545.2110283,318
1686190545.2269633,317
1686190545.2390277,317
1686190545.2520027,317
1686190545.2679355,318
1686190545.280937,319
1686190545.292964,317
1686190545.3089373,317
1686190545.3209944,316
1686190545.3379405,317
1686190545.349939,318
1686190545.3619387,317
1686190545.378947,317
1686190545.390938,316
1686190545.4032717,316
1686190545.4193134,317
1686190545.4319398,317
1686190545.4445417,316
1686190545.4606125,315
1686190545.4729857,315
1686190545.489295,316
1686190545.5016146,317
1686190545.5138245,317
1686190545.530809,316
1686190545.5428104,315
1686190545.554807,315
1686190545.5708792,316
1686190545.583151,317
1686190545.5958052,317
1686190545.6118174,317
1686190545.6238098,316
1686190545.6368055,317
1686190545.6531365,318
1686190545.665812,319
1686190545.681797,319
1686190545.6938035,318
1686190545.7057922,317
1686190545.7227862,317
1686190545.7347915,318
1686190545.7468019,318
1686190545.763089,318
1686190545.7759552,317
1686190545.787999,316
1686190545.8047845,317
1686190545.8170254,318
1686190545.8330476,318
1686190545.8457336,317
1686190545.8577335,316
1686190545.8737352,316
1686190545.8868005,317
1686190545.8987362,318
1686190545.9147894,317
1686190545.9277453,316
1686190545.9399133,316
1686190545.9557977,316
1686190545.968803,317
1686190545.9848943,317
1686190545.99709,317
1686190546.0097923,316
1686190546.0258167,315
1686190546.038118,316
1686190546.0497785,317
1686190546.0666413,317
1686190546.0794673,317
1686190546.0917118,316
1686190546.1079147,316
1686190546.1200712,317
1686190546.1321166,318
1686190546.1488864,319
1686190546.161071,319
1686190546.177849,318
1686190546.1895173,318
1686190546.201572,319
1686190546.2184715,320
1686190546.2304718,320
1686190546.2424502,319
1686190546.259454,318
1686190546.2719748,318
1686190546.28392,319
1686190546.3006165,320
1686190546.3128777,320
1686190546.328752,319
1686190546.341124,318
1686190546.3537984,319
1686190546.369819,320
1686190546.381817,321
1686190546.3948326,320
1686190546.4107711,319
1686190546.4235916,320
1686190546.4358308,320
1686190546.4513497,321
1686190546.4641566,320
1686190546.4802544,319
1686190546.4923234,318
1686190546.5052884,318
1686190546.5217934,319
1686190546.5337408,319
1686190546.5457482,319
1686190546.5617497,318
1686190546.574747,317
1686190546.5867517,317
1686190546.6027486,318
1686190546.6157448,318
1686190546.6277466,318
1686190546.6438026,316
1686190546.656796,316
1686190546.6727405,316
1686190546.68477,317
1686190546.6967404,317
1686190546.7137382,316
1686190546.7258532,315
1686190546.7377398,314
1686190546.7549803,315
1686190546.767687,316
1686190546.7794304,316
1686190546.795512,315
1686190546.807822,314
1686190546.824197,313
1686190546.8362885,314
1686190546.849426,314
1686190546.8659232,314
1686190546.8777795,312
1686190546.89043,311
1686190546.9064765,311
1686190546.9187748,311
1686190546.9303946,311
1686190546.9477274,309
1686190546.959866,308
1686190546.9720917,306
1686190546.988485,306
1686190547.000831,305
1686190547.0167785,304
1686190547.0288732,302
1686190547.041058,300
1686190547.0576148,299
1686190547.069618,299
1686190547.0826168,298
1686190547.0990648,297
1686190547.1114109,296
1686190547.1241636,295
1686190547.1397367,295
1686190547.1526031,296
1686190547.1685557,297
1686190547.1809437,297
1686190547.193215,296
1686190547.209758,295
1686190547.221765,296
1686190547.2347977,296
1686190547.2508316,296
1686190547.2624476,296
1686190547.2750313,295
1686190547.2909408,295
1686190547.303954,295
1686190547.319934,296
1686190547.3320324,296
1686190547.3449855,296
1686190547.3609824,295
1686190547.3735325,295
1686190547.385718,297
1686190547.4013984,298
1686190547.4143956,299
1686190547.4263945,298
1686190547.4425259,298
1686190547.4550202,299
1686190547.4678636,301
1686190547.4842782,303
1686190547.4962132,304
1686190547.512961,305
1686190547.5246878,305
1686190547.5373254,307
1686190547.5537753,308
1686190547.5660648,310
1686190547.5779474,311
1686190547.593963,311
1686190547.6065257,312
1686190547.619209,314
1686190547.6357696,316
1686190547.6478796,317
1686190547.6645813,317
1686190547.676634,317
1686190547.6885512,317
1686190547.7051957,318
1686190547.7172334,320
1686190547.729985,320
1686190547.745957,318
1686190547.7583778,319
1686190547.7704172,320
1686190547.786492,322
1686190547.7995162,323
1686190547.8118904,323
1686190547.8284502,322
1686190547.8404326,322
1686190547.856278,322
1686190547.8683715,324
1686190547.8806987,326
1686190547.8970082,326
1686190547.9100466,329
1686190547.9223397,331
1686190547.9381514,337
1686190547.951207,343
1686190547.9632099,348
1686190547.9799037,354
1686190547.9919593,353
1686190548.008207,355
1686190548.020394,353
1686190548.0330367,351
1686190548.0495253,347
1686190548.061244,343
1686190548.074059,339
1686190548.0902703,337
1686190548.1019726,336
1686190548.1148546,336
1686190548.1316624,334
1686190548.1435263,332
1686190548.1596227,330
1686190548.1712918,329
1686190548.1846185,328
1686190548.2001667,328
1686190548.2131643,326
1686190548.2253659,324
1686190548.241447,324
1686190548.2533805,326
1686190548.2663813,327
1686190548.2821026,328
1686190548.2954803,330
1686190548.3075275,330
1686190548.3234775,333
1686190548.3361473,337
1686190548.3522515,342
1686190548.3649614,344
1686190548.3769107,347
1686190548.3933525,345
1686190548.4055793,345
1686190548.4178872,346
1686190548.4342551,346
1686190548.446628,345
1686190548.459113,342
1686190548.4751074,339
1686190548.487792,335
1686190548.5039327,332
1686190548.516468,329
1686190548.5280058,324
1686190548.5445223,320
1686190548.5568004,316
1686190548.5696452,315
1686190548.5855904,314
1686190548.597983,313
1686190548.6102195,311
1686190548.6268926,310
1686190548.6388772,310
1686190548.6518614,311
1686190548.667946,312
1686190548.6797435,312
1686190548.696563,310
1686190548.7085238,308
1686190548.7208025,306
1686190548.7373784,304
1686190548.749803,303
1686190548.7619488,300
1686190548.7786782,298
1686190548.7901082,295
1686190548.8030033,295
1686190548.8194783,296
1686190548.8312624,295
1686190548.8479815,295
1686190548.860422,294
1686190548.8725884,295
1686190548.8890107,297
1686190548.9015493,299
1686190548.913649,301
1686190548.9299567,303
1686190548.9417517,304
1686190548.9537911,304
1686190548.9705782,307
1686190548.9831104,310
1686190548.9991553,312
1686190549.0121577,312
1686190549.0243263,313
1686190549.039933,314
1686190549.0528674,316
1686190549.0649276,317
1686190549.0815005,318
1686190549.0937676,317
1686190549.1055744,316
1686190549.122383,317
1686190549.1344237,318
1686190549.147079,318
1686190549.1633384,318
1686190549.1754727,317
1686190549.1914573,317
1686190549.2046514,318
1686190549.2167928,319
1686190549.2331433,320
1686190549.2447982,319
1686190549.2577317,320
1686190549.2740989,321
1686190549.28629,323
1686190549.2986598,324
1686190549.3149781,324
1686190549.32702,324
1686190549.3438156,324
1686190549.355966,325
1686190549.3682528,326
1686190549.384633,327
1686190549.3966336,327
1686190549.4090574,327
1686190549.4255686,327
1686190549.437508,328
1686190549.4495187,329
1686190549.4667559,330
1686190549.4787588,329
1686190549.4903858,329
1686190549.5072994,329
1686190549.5199711,330
1686190549.5360422,331
1686190549.5486214,331
1686190549.5598483,331
1686190549.5770836,331
1686190549.5891323,332
1686190549.601373,333
1686190549.6180449,334
1686190549.6302104,334
1686190549.6427464,333
1686190549.6590064,333
1686190549.671463,334
1686190549.6878934,334
1686190549.6999667,334
1686190549.7118492,333
1686190549.7289097,331
1686190549.7405488,330
1686190549.7527864,329
1686190549.769358,329
1686190549.7819612,328
1686190549.794211,326
1686190549.8104398,323
1686190549.8226378,323
1686190549.8347087,323
1686190549.8511086,323
1686190549.8638227,323
1686190549.8802056,321
1686190549.8919973,320
1686190549.904897,319
1686190549.921136,319
1686190549.9335535,320
1686190549.9456744,319
1686190549.9620779,318
1686190549.9743474,317
1686190549.9876802,317
1686190550.002529,318
1686190550.015636,318
1686190550.031789,317
1686190550.0438344,315
1686190550.0564892,314
1686190550.072821,313
1686190550.0849757,313
1686190550.09797,312
1686190550.1134772,311
1686190550.1255286,309
1686190550.1378229,309
1686190550.1548035,310
1686190550.166229,310
1686190550.1834931,310
1686190550.195677,309
1686190550.2080371,309
1686190550.2235873,309
1686190550.235775,310
1686190550.2487729,311
1686190550.2648158,311
1686190550.2774117,310
1686190550.289185,310
1686190550.3057415,311
1686190550.3181207,312
1686190550.331348,313
1686190550.3471003,313
1686190550.3596141,312
1686190550.3758085,312
1686190550.387853,312
1686190550.4,313
1686190550.416062,313
1686190550.428996,313
1686190550.4415135,312
1686190550.4576094,311
1686190550.4693713,313
1686190550.4825594,313
1686190550.498338,313
1686190550.511006,312
1686190550.5275538,312
1686190550.5391314,313
1686190550.5515141,314
1686190550.5680068,315
1686190550.5800624,314
1686190550.5922122,314
1686190550.6092157,313
1686190550.621473,314
1686190550.6337016,315
1686190550.6506863,315
1686190550.6624207,315
1686190550.6788723,314
1686190550.6908994,315
1686190550.7035906,316
1686190550.7199552,316
1686190550.7321467,316
1686190550.743972,316
1686190550.7609503,315
1686190550.773272,315
1686190550.7846296,316
1686190550.8017912,317
1686190550.8137095,317
1686190550.8263552,316
1686190550.8428414,316
1686190550.8548892,316
1686190550.8708956,317
1686190550.8828905,317
1686190550.895954,317
1686190550.9114304,316
1686190550.9239068,316
1686190550.9373,317
1686190550.9530287,318
1686190550.9655607,319
1686190550.977945,318
1686190550.9944637,317
1686190551.006193,317
1686190551.0225623,318
1686190551.0348067,320
1686190551.0466506,320
1686190551.0633934,318
1686190551.0762484,318
1686190551.088526,318
1686190551.104141,319
1686190551.116742,320
1686190551.129568,319
1686190551.1464655,318
1686190551.1576936,318
1686190551.170425,319
1686190551.1869025,319
1686190551.1985524,320
1686190551.2155733,319
1686190551.2279558,318
1686190551.239883,318
1686190551.256142,318
1686190551.2679858,319
1686190551.2809687,319
1686190551.296931,318
1686190551.309823,317
1686190551.321738,317
1686190551.3384867,318
1686190551.3504088,319
1686190551.3670084,319
1686190551.3792498,318
1686190551.3918169,317
1686190551.407771,318
1686190551.4198658,319
1686190551.432526,320
1686190551.4488163,319
1686190551.4612782,318
1686190551.4731174,318
1686190551.4899652,318
1686190551.5020676,319
1686190551.517818,320
1686190551.5308917,319
1686190551.5429358,319
1686190551.5589342,318
1686190551.5713336,319
1686190551.5833902,320
1686190551.600369,319
1686190551.612862,318
1686190551.6256742,317
1686190551.6411755,318
1686190551.6530724,319
1686190551.665899,319
1686190551.6825387,319
1686190551.694876,318
1686190551.7108145,318
1686190551.7232368,318
1686190551.734811,319
1686190551.7519834,320
1686190551.763813,319
1686190551.7758605,319
1686190551.7929072,319
1686190551.8048823,319
1686190551.817199,320
1686190551.8340526,320
1686190551.8469734,320
1686190551.8622248,319
1686190551.8748422,319
1686190551.887191,319
1686190551.9031792,320
1686190551.9158657,320
1686190551.9280071,319
1686190551.9446757,319
1686190551.956924,319
1686190551.9690506,319
1686190551.9857287,320
1686190551.9977791,320
1686190552.013846,319
1686190552.0266979,319
1686190552.038225,319
1686190552.0545382,320
1686190552.0670009,320
1686190552.0797393,320
1686190552.0954955,319
1686190552.107556,319
1686190552.1209033,319
1686190552.1369932,320
1686190552.1492095,321
1686190552.1617806,320
1686190552.177451,319
1686190552.1898973,319
1686190552.2067497,319
1686190552.2187338,320
1686190552.231207,320
1686190552.247555,318
1686190552.2595372,318
1686190552.2722096,318
1686190552.2881634,318
1686190552.300858,319
1686190552.3130527,319
1686190552.329169,318
1686190552.3418531,318
1686190552.3581495,318
1686190552.3701866,319
1686190552.3828561,320
1686190552.398892,319
1686190552.4111779,319
1686190552.4238577,318
1686190552.439924,319
1686190552.4519246,319
1686190552.464857,320
1686190552.4809515,319
1686190552.4931264,318
1686190552.5058043,318
1686190552.5217807,319
1686190552.534118,319
1686190552.5507865,319
1686190552.5627856,319
1686190552.5747833,318
1686190552.5917907,318
1686190552.603876,319
1686190552.6167865,320
1686190552.6328716,319
1686190552.644854,319
1686190552.6573737,318
1686190552.6727717,318
1686190552.6858134,320
1686190552.7018867,320
1686190552.7138634,319
1686190552.726881,318
1686190552.7428148,318
1686190552.7551627,319
1686190552.7678175,320
1686190552.7842605,320
1686190552.796324,319
1686190552.8085403,318
1686190552.8252618,319
1686190552.8374827,319
1686190552.8532617,320
1686190552.8662517,320
1686190552.8782632,320
1686190552.894919,319
1686190552.906957,319
1686190552.9189377,320
1686190552.9358625,320
1686190552.9478498,319
1686190552.9601402,319
1686190552.976359,318
1686190552.988465,319
1686190553.0013871,320
1686190553.0175722,321
1686190553.029391,323
1686190553.0454159,324
1686190553.0587575,327
1686190553.0704322,331
1686190553.0874195,335
1686190553.0995305,337
1686190553.1113203,338
1686190553.1275651,341
1686190553.1405027,342
1686190553.1528544,345
1686190553.1688745,346
1686190553.1805458,346
1686190553.19756,345
1686190553.2098646,345
1686190553.2225401,343
1686190553.23856,344
1686190553.250548,344
1686190553.2631578,344
1686190553.2794273,343
1686190553.292174,343
1686190553.3041708,343
1686190553.3201096,343
1686190553.3331158,342
1686190553.3452585,338
1686190553.3614743,333
1686190553.3735337,330
1686190553.3900533,328
1686190553.402389,327
1686190553.4150338,325
1686190553.4311318,324
1686190553.4437177,324
1686190553.4557266,323
1686190553.4716377,325
1686190553.4846487,327
1686190553.4966605,328
1686190553.5132968,328
1686190553.525381,331
1686190553.5417666,334
1686190553.5543,338
1686190553.5666492,343
1686190553.5822852,346
1686190553.5942883,348
1686190553.6072857,351
1686190553.6236277,352
1686190553.6362932,354
1686190553.6483011,354
1686190553.6646347,352
1686190553.6772444,351
1686190553.692765,346
1686190553.7051935,346
1686190553.717936,345
1686190553.7339675,340
1686190553.746645,337
1686190553.7587175,331
1686190553.7749732,327
1686190553.78765,323
1686190553.799803,319
1686190553.8163037,315
1686190553.8283508,309
1686190553.840307,304
1686190553.8573036,299
1686190553.8694878,294
1686190553.8855038,288
1686190553.8982005,282
1686190553.9103365,276
1686190553.9270034,271
1686190553.9390056,268
1686190553.9510546,267
1686190553.9682252,265
1686190553.9793284,264
1686190553.992584,263
1686190554.0086615,263
1686190554.0207052,266
1686190554.036902,269
1686190554.049774,271
1686190554.0618885,273
1686190554.078431,274
1686190554.090414,278
1686190554.1030939,281
1686190554.1190925,284
1686190554.1314359,287
1686190554.144094,289
1686190554.1605632,291
1686190554.172555,294
1686190554.1847892,298
1686190554.2011874,301
1686190554.2131205,303
1686190554.2300856,305
1686190554.2421622,307
1686190554.2547643,310
1686190554.2710838,313
1686190554.283081,316
1686190554.2958264,318
1686190554.311845,319
1686190554.3241003,320
1686190554.336771,322
1686190554.352771,324
1686190554.3650455,324
1686190554.3810778,325
1686190554.393754,325
1686190554.4060478,324
1686190554.4227536,325
1686190554.4347582,323
1686190554.4468722,320
1686190554.4630737,316
1686190554.475755,312
1686190554.4883993,309
1686190554.5044265,308
1686190554.5165882,310
1686190554.5327196,310
1686190554.545446,311
1686190554.5573957,313
1686190554.5737238,317
1686190554.5860426,320
1686190554.5980513,324
1686190554.6150422,327
1686190554.6270468,330
1686190554.639119,333
1686190554.6560442,337
1686190554.6681216,339
1686190554.680618,339
1686190554.6966345,338
1686190554.7091212,337
1686190554.7248065,337
1686190554.7377932,336
1686190554.7500384,336
1686190554.766795,335
1686190554.778864,333
1686190554.790806,332
1686190554.8069637,330
1686190554.8198678,330
1686190554.8320222,329
1686190554.8477957,326
1686190554.8608072,323
1686190554.87685,319
1686190554.889336,315
1686190554.9009833,311
1686190554.9179838,305
1686190554.9299977,299
1686190554.942351,293
1686190554.9590597,290
1686190554.9713392,289
1686190554.9830773,289
1686190555.0001464,289
1686190555.012354,289
1686190555.0244963,290
1686190555.0411475,292
1686190555.0531456,295
1686190555.0694795,298
1686190555.0811617,299
1686190555.0942466,300
1686190555.1104794,301
1686190555.1221335,303
1686190555.1351366,304
1686190555.1514783,306
1686190555.1641486,306
1686190555.1762025,306
1686190555.1924255,306
1686190555.2045074,307
1686190555.221429,308
1686190555.2334285,309
1686190555.2454288,308
1686190555.2617495,306
1686190555.2744317,306
1686190555.2864335,307
1686190555.3030887,308
1686190555.3154364,307
1686190555.3276172,306
1686190555.343561,305
1686190555.3564572,305
1686190555.372559,306
1686190555.3852165,307
1686190555.397316,307
1686190555.4135413,306
1686190555.425558,306
1686190555.438544,306
1686190555.4546332,307
1686190555.4670026,308
1686190555.478528,307
1686190555.49553,307
1686190555.5077643,307
1686190555.519529,309
1686190555.536531,310
1686190555.5488403,311
1686190555.5645807,310
1686190555.5771148,310
1686190555.5897338,311
1686190555.6057322,313
1686190555.6187375,314
1686190555.6307213,314
1686190555.6466808,314
1686190555.65968,314
1686190555.671689,315
1686190555.687759,317
1686190555.6996927,318
1686190555.71673,319
1686190555.7287467,319
1686190555.7409723,320
1686190555.7576487,322
1686190555.769659,324
1686190555.7819822,326
1686190555.7987092,326
1686190555.8106687,326
1686190555.8226511,327
1686190555.8396537,329
1686190555.8516648,331
1686190555.8639934,332
1686190555.8806553,332
1686190555.892877,332
1686190555.909098,334
1686190555.9207685,335
1686190555.933775,336
1686190555.9502509,335
1686190555.962661,335
1686190555.9747272,334
1686190555.9909194,335
1686190556.002912,335
1686190556.0158541,336
1686190556.032753,336
1686190556.0447464,335
1686190556.0608156,335
1686190556.0727453,336
1686190556.0847492,336
1686190556.1018486,337
1686190556.1139407,336
1686190556.1263542,335
1686190556.1428251,335
1686190556.1550171,336
1686190556.1671808,337
1686190556.1838384,338
1686190556.195882,338
1686190556.2117968,338
1686190556.2242565,339
1686190556.2368023,340
1686190556.2528405,342
1686190556.2657897,342
1686190556.2778778,341
1686190556.2942498,341
1686190556.3059282,342
1686190556.3189092,343
1686190556.335204,344
1686190556.3471708,343
1686190556.3598382,342
1686190556.3761525,341
1686190556.3882523,341
1686190556.4048114,341
1686190556.4175286,340
1686190556.4289382,339
1686190556.4457097,337
1686190556.4582188,336
1686190556.47054,336
1686190556.4865513,336
1686190556.498996,336
1686190556.5113218,334
1686190556.5276496,333
1686190556.539914,332
1686190556.5561206,332
1686190556.5686514,332
1686190556.5808988,331
1686190556.5975995,329
1686190556.609581,327
1686190556.6218596,326
1686190556.6375804,326
1686190556.6505804,326
1686190556.6628656,325
1686190556.6795852,323
1686190556.691332,322
1686190556.704034,322
1686190556.7200963,322
1686190556.732361,322
1686190556.7480347,321
1686190556.7611077,320
1686190556.7734506,320
1686190556.7896814,320
1686190556.802002,321
1686190556.814027,320
1686190556.8307126,319
1686190556.8427281,318
1686190556.855036,319
1686190556.8717916,319
1686190556.883713,320
1686190556.8997746,319
1686190556.9128544,319
1686190556.9247632,319
1686190556.941466,320
1686190556.9535027,321
1686190556.9655604,322
1686190556.9824905,321
1686190556.994559,320
1686190557.0065622,320
1686190557.0234914,320
1686190557.0354872,320
1686190557.0518441,320
1686190557.06449,319
1686190557.0765064,317
1686190557.092837,316
1686190557.1044981,316
1686190557.1175969,316
1686190557.1345966,314
1686190557.1460454,313
1686190557.1583667,311
1686190557.1750476,311
1686190557.1866171,311
1686190557.1993134,311
1686190557.2160032,310
1686190557.2280698,309
1686190557.2444344,308
1686190557.2570093,309
1686190557.2692318,309
1686190557.2850065,309
1686190557.29707,309
1686190557.3100054,308
1686190557.3260777,307
1686190557.3383262,308
1686190557.351008,309
1686190557.3671215,309
1686190557.3791547,309
1686190557.3960252,309
1686190557.4078586,309
1686190557.4198658,310
1686190557.4368598,311
1686190557.4492373,311
1686190557.4615371,309
1686190557.477625,308
1686190557.4899018,309
1686190557.5025764,309
1686190557.5191178,309
1686190557.5314107,309
1686190557.54653,307
1686190557.5598335,307
1686190557.5718756,307
1686190557.588537,308
1686190557.600592,309
1686190557.6128685,309
1686190557.6295488,308
1686190557.6417887,308
1686190557.6542218,309
1686190557.6705291,310
1686190557.6825628,310
1686190557.6947732,309
1686190557.7117314,308
1686190557.72378,308
1686190557.7401123,309
1686190557.7521307,310
1686190557.7641914,309
1686190557.78102,308
1686190557.793362,307
1686190557.805451,307
1686190557.8215797,308
1686190557.8338497,309
1686190557.846891,308
1686190557.863126,308
1686190557.8749318,308
1686190557.8915973,309
1686190557.9035828,310
1686190557.9156556,311
1686190557.93285,310
1686190557.944899,309
1686190557.9565837,309
1686190557.9735456,310
1686190557.9859862,311
1686190557.998144,310
1686190558.0144718,309
1686190558.0271885,308
1686190558.0390599,308
1686190558.0547817,309
1686190558.0678034,310
1686190558.084015,309
1686190558.0961182,308
1686190558.1083386,308
1686190558.1243515,308
1686190558.137561,310
1686190558.1493475,311
1686190558.165401,310
1686190558.1783464,309
1686190558.1903484,309
1686190558.2063959,310
1686190558.219335,311
1686190558.2353506,311
1686190558.2473946,310
1686190558.260021,309
1686190558.2764888,310
1686190558.289001,311
1686190558.3006773,312
1686190558.3175771,313
1686190558.329938,312
1686190558.3419232,311
1686190558.3579166,312
1686190558.3703985,313
1686190558.3869045,313
1686190558.399469,313
1686190558.4115477,312
1686190558.4278743,312
1686190558.4401896,312
1686190558.4529636,313
1686190558.4685948,314
1686190558.4808273,313
1686190558.49289,312
1686190558.5101337,312
1686190558.5229383,313
1686190558.5344355,314
1686190558.5510483,314
1686190558.5640745,313
1686190558.5794888,313
1686190558.5917208,313
1686190558.6043718,314
1686190558.6208344,315
1686190558.6330175,315
1686190558.6450155,314
1686190558.6617136,313
1686190558.6737075,314
1686190558.6856902,315
1686190558.7027187,315
1686190558.7148972,315
1686190558.731582,314
1686190558.7438822,314
1686190558.75607,314
1686190558.7721527,315
1686190558.78425,316
1686190558.7970896,316
1686190558.8128746,315
1686190558.8252969,315
1686190558.837009,315
1686190558.854021,316
1686190558.8667576,316
1686190558.87888,316
1686190558.894662,315
1686190558.9074078,315
1686190558.923845,316
1686190558.9358947,317
1686190558.9478738,317
1686190558.9649446,316
1686190558.9768908,315
1686190558.989362,316
1686190559.0058084,317
1686190559.0176592,318
1686190559.0306015,317
1686190559.046606,317
1686190559.0583916,317
1686190559.0755117,317
1686190559.0878377,318
1686190559.0998733,318
1686190559.1154695,318
1686190559.1282008,317
1686190559.1408474,317
1686190559.1568563,317
1686190559.1694927,318
1686190559.1815321,318
1686190559.1983097,317
1686190559.210535,317
1686190559.2266514,317
1686190559.2393906,318
1686190559.2515013,319
1686190559.267777,318
1686190559.2795923,318
1686190559.2927225,317
1686190559.3088768,318
1686190559.3208685,319
1686190559.3330564,320
1686190559.3496833,319
1686190559.3619218,318
1686190559.373899,318
1686190559.3907683,319
1686190559.4029973,320
1686190559.4191957,320
1686190559.431931,319
1686190559.4440348,318
1686190559.4606142,318
1686190559.472843,319
1686190559.4849627,320
1686190559.5023127,320
1686190559.5135748,320
1686190559.5252724,319
1686190559.5422833,319
1686190559.5545173,320
1686190559.5709274,320
1686190559.5826817,320
1686190559.5958157,319
1686190559.611839,318
1686190559.6238332,319
1686190559.6362948,320
1686190559.6529117,320
1686190559.6651604,320
1686190559.6774802,319
1686190559.6934893,319
1686190559.7060866,319
1686190559.718074,320
1686190559.7344754,320
1686190559.746692,320
1686190559.7637546,319
1686190559.775927,319
1686190559.7880883,320
1686190559.8046434,321
1686190559.816608,321
1686190559.829114,320
1686190559.8453286,319
1686190559.8573713,320
1686190559.8697052,321
1686190559.886431,321
1686190559.898533,321
1686190559.9151018,320
1686190559.9273307,319
1686190559.9402883,319
1686190559.956368,320
1686190559.9682388,320
1686190559.980596,319
1686190559.9973943,318
1686190560.0085366,318
1686190560.0217524,318
1686190560.0375922,319
1686190560.0495865,319
1686190560.066644,318
1686190560.0788076,317
1686190560.0912495,317
1686190560.1072612,318
1686190560.1197934,319
1686190560.1314473,319
1686190560.1483371,318
1686190560.160338,317
1686190560.1723397,318
1686190560.1896596,318
1686190560.2018073,319
1686190560.2136621,318
1686190560.230157,317
1686190560.2427263,317
1686190560.2590413,318
1686190560.2712414,319
1686190560.2832239,320
1686190560.2997894,319
1686190560.312001,318
1686190560.3248658,318
1686190560.3405452,319
1686190560.3528645,320
1686190560.3649065,320
1686190560.381873,320
1686190560.3944612,319
1686190560.4102135,319
1686190560.4228277,320
1686190560.4347868,320
1686190560.4508927,320
1686190560.4638326,319
1686190560.4762945,318
1686190560.4923968,318
1686190560.505358,320
1686190560.516769,320
1686190560.5333512,320
1686190560.54592,319
1686190560.5614545,318
1686190560.5747218,319
1686190560.5866854,320
1686190560.6030655,321
1686190560.6149313,320
1686190560.6278954,319
1686190560.6438181,319
1686190560.6558182,320
1686190560.6698098,321
1686190560.6845546,320
1686190560.697612,320
1686190560.7095263,319
1686190560.7256162,319
1686190560.7381766,320
1686190560.7546217,320
1686190560.7666144,320
1686190560.7795548,319
1686190560.7959125,318
1686190560.8076274,318
1686190560.82043,319
1686190560.8361673,320
1686190560.8484297,319
1686190560.8614047,318
1686190560.877111,318
1686190560.8897977,318
1686190560.9064922,319
1686190560.917809,320
1686190560.9306188,319
1686190560.947244,318
1686190560.9590116,318
1686190560.972088,318
1686190560.9875667,319
1686190561.0007536,319
1686190561.0129259,318
1686190561.0291164,317
1686190561.0414762,317
1686190561.053623,317
1686190561.070005,318
1686190561.0816686,318
1686190561.0986583,316
1686190561.1111019,316
1686190561.1235921,316
1686190561.139238,317
1686190561.1517785,317
1686190561.1638408,316
1686190561.1808412,316
1686190561.192554,315
1686190561.205166,316
1686190561.2209458,317
1686190561.2332377,317
1686190561.2499049,317
1686190561.2625456,316
1686190561.274851,316
1686190561.2908318,317
1686190561.303026,318
1686190561.3157482,318
1686190561.332029,317
1686190561.3440402,317
1686190561.3569238,317
1686190561.3732321,318
1686190561.385371,319
1686190561.4013894,318
1686190561.414117,317
1686190561.4261642,317
1686190561.442559,318
1686190561.4548512,319
1686190561.4670513,319
1686190561.483042,318
1686190561.4958453,318
1686190561.5077834,317
1686190561.5246918,318
1686190561.5367885,319
1686190561.5490952,319
1686190561.5656512,318
1686190561.577886,317
1686190561.594576,317
1686190561.6058202,318
1686190561.6187825,319
1686190561.6352565,319
1686190561.646782,319
1686190561.6602395,318
1686190561.6762767,318
1686190561.6882932,319
1686190561.7008579,319
1686190561.7166386,319
1686190561.7295067,318
1686190561.745842,317
1686190561.7579656,318
1686190561.7698405,318
1686190561.7869842,318
1686190561.798802,317
1686190561.8116603,316
1686190561.827794,316
1686190561.840079,317
1686190561.8521297,318
1686190561.8687942,317
1686190561.8811216,317
1686190561.893523,316
1686190561.909512,317
1686190561.9220042,318
1686190561.9379506,318
1686190561.9506376,319
1686190561.962848,318
1686190561.9789665,317
1686190561.9915452,317
1686190562.0038142,318
1686190562.021419,318
1686190562.0322416,318
1686190562.044786,316
1686190562.0615366,316
1686190562.0735493,316
1686190562.089659,317
1686190562.10239,317
1686190562.1147723,316
1686190562.1303456,315
1686190562.1433413,315
1686190562.155352,316
1686190562.171856,316
1686190562.183856,317
1686190562.1958625,316
1686190562.21291,314
1686190562.2247865,314
1686190562.2409906,315
1686190562.2538,315
1686190562.266213,315
1686190562.2824123,314
1686190562.2948463,313
1686190562.3071237,313
1686190562.32294,313
1686190562.3350005,314
1686190562.3479378,313
1686190562.364532,311
1686190562.3766024,311
1686190562.3889465,311
1686190562.40529,312
1686190562.417234,312
1686190562.4335651,311
1686190562.4465413,310
1686190562.4584663,309
1686190562.4749734,309
1686190562.4872005,310
1686190562.49903,310
1686190562.5163422,308
1686190562.528138,307
1686190562.5401514,307
1686190562.5561674,308
1686190562.5690331,309
1686190562.5849895,308
1686190562.597472,306
1686190562.6098106,306
1686190562.6263273,306
1686190562.6386862,307
1686190562.65123,307
1686190562.6672182,306
1686190562.679158,306
1686190562.6920786,305
1686190562.7083867,306
1686190562.7206006,307
1686190562.7369523,307
1686190562.7490537,306
1686190562.7608848,305
1686190562.7780898,305
1686190562.7898757,305
1686190562.8028073,306
1686190562.8185096,306
1686190562.830469,306
1686190562.8432279,305
1686190562.8593152,306
1686190562.8720026,307
1686190562.8843555,307
1686190562.9005384,307
1686190562.9132457,307
1686190562.9296412,306
1686190562.9418907,307
1686190562.9538915,308
1686190562.9706988,309
1686190562.9822958,309
1686190562.9951105,308
1686190563.0113184,308
1686190563.023915,309
1686190563.0360043,310
1686190563.0519145,310
1686190563.064159,310
1686190563.0804954,309
1686190563.0935104,310
1686190563.105493,311
1686190563.122049,312
1686190563.133683,313
1686190563.1463943,312
1686190563.1622078,312
1686190563.1755054,312
1686190563.1876128,313
1686190563.2036731,314
1686190563.2160738,315
1686190563.2288468,314
1686190563.2449996,314
1686190563.2565372,315
1686190563.2732043,317
1686190563.2856233,318
1686190563.2975736,318
1686190563.314416,317
1686190563.3266304,318
1686190563.3386302,319
1686190563.3556287,320
1686190563.367711,321
1686190563.379758,320
1686190563.3957603,320
1686190563.408767,320
1686190563.4247618,321
1686190563.4374409,322
1686190563.4494374,323
1686190563.4653876,322
1686190563.4778712,322
1686190563.4906619,322
1686190563.5070925,324
1686190563.5195816,324
1686190563.5318267,324
1686190563.548196,324
1686190563.5606132,323
1686190563.576445,324
1686190563.5885487,326
1686190563.6014879,326
1686190563.6170213,326
1686190563.629609,325
1686190563.6423297,325
1686190563.6583283,326
1686190563.6708672,327
1686190563.682924,327
1686190563.699607,326
1686190563.7114139,326
1686190563.7241998,326
1686190563.7401934,327
1686190563.7528734,328
1686190563.768903,328
1686190563.7816465,327
1686190563.793643,327
1686190563.8101153,327
1686190563.8218033,328
1686190563.8348224,329
1686190563.850827,328
1686190563.8631396,327
1686190563.875823,326
1686190563.8919892,327
1686190563.90375,328
1686190563.920351,328
1686190563.932447,328
1686190563.9454446,327
1686190563.9614003,327
1686190563.9736586,328
1686190563.9864616,329
1686190564.0023835,328
1686190564.0143867,327
1686190564.0273857,326
1686190564.0434437,327
1686190564.0555272,327
1686190564.068443,328
1686190564.0843804,327
1686190564.0963888,326
1686190564.1130474,326
1686190564.1250765,326
1686190564.1373453,327
1686190564.1540763,328
1686190564.166451,327
1686190564.178434,326
1686190564.1951516,326
1686190564.2074254,326
1686190564.220092,327
1686190564.2363005,327
1686190564.248087,326
1686190564.264144,324
1686190564.2771554,324
1686190564.289097,325
1686190564.3054578,325
1686190564.3181622,325
1686190564.3308127,323
1686190564.346095,323
1686190564.35895,322
1686190564.370984,323
1686190564.3877218,323
1686190564.3994365,323
1686190564.4154284,322
1686190564.428449,322
1686190564.4407482,322
1686190564.4574976,323
1686190564.4694293,324
1686190564.4815035,323
1686190564.4977818,322
1686190564.510503,323
1686190564.5229104,323
1686190564.539142,325
1686190564.5511296,327
1686190564.5638528,327
1686190564.5798364,327
1686190564.592171,328
1686190564.60892,332
1686190564.6211357,338
1686190564.6334813,344
1686190564.6499176,348
1686190564.6618328,353
1686190564.67395,357
1686190564.6908376,361
1686190564.7029066,364
1686190564.7148979,365
1686190564.731936,364
1686190564.743759,364
1686190564.7598214,362
1686190564.772453,362
1686190564.784694,360
1686190564.801458,357
1686190564.8133917,352
1686190564.8253934,346
1686190564.8423862,343
1686190564.85446,341
1686190564.8665078,337
1686190564.8834736,334
1686190564.895488,331
1686190564.9077077,329
1686190564.924394,329
1686190564.9366283,329
1686190564.9525976,328
1686190564.9653454,327
1686190564.9772806,326
1686190564.9936063,325
1686190565.0063534,326
1686190565.0183647,327
1686190565.0346441,326
1686190565.047284,324
1686190565.0593514,324
1686190565.0756183,326
1686190565.0882819,326
1686190565.1044312,327
1686190565.1165657,327
1686190565.1282792,326
1686190565.145279,326
1686190565.1582897,327
1686190565.169556,329
1686190565.1863005,331
1686190565.198833,331
1686190565.210331,332
1686190565.2274315,332
1686190565.2396066,333
1686190565.2557294,335
1686190565.2674093,336
1686190565.2804298,334
1686190565.296183,333
1686190565.3091233,332
1686190565.3215082,332
1686190565.337812,330
1686190565.350478,327
1686190565.3625476,323
1686190565.3788135,321
1686190565.3914778,317
1686190565.403653,315
1686190565.4198637,312
1686190565.4315495,309
1686190565.4485388,306
1686190565.4604962,302
1686190565.4727843,300
1686190565.489531,298
1686190565.5019119,293
1686190565.5138626,286
1686190565.530551,279
1686190565.5425904,272
1686190565.554549,267
1686190565.5715468,264
1686190565.5836346,262
1686190565.5995026,258
1686190565.612559,258
1686190565.6245706,259
1686190565.6411653,260
1686190565.6531403,262
1686190565.665205,264
1686190565.6821508,266
1686190565.694137,268
1686190565.7070699,273
1686190565.7224612,277
1686190565.7351427,281
1686190565.74721,283
1686190565.7634962,285
1686190565.7761416,288
1686190565.7921395,291
1686190565.8042066,294
1686190565.8168585,296
1686190565.8335395,297
1686190565.8455923,299
1686190565.8578463,303
1686190565.874596,307
1686190565.8865225,311
1686190565.898584,313
1686190565.9155962,315
1686190565.927593,318
1686190565.9435806,320
1686190565.9565246,322
1686190565.96852,324
1686190565.984852,324
1686190565.9975374,324
1686190566.0095804,322
1686190566.0255923,323
1686190566.0375245,320
1686190566.050601,319
1686190566.0665286,315
1686190566.078526,312
1686190566.0955923,310
1686190566.1075327,310
1686190566.1196883,312
1686190566.1367571,312
1686190566.1487827,314
1686190566.1614358,315
1686190566.1777425,317
1686190566.1898081,320
1686190566.2019978,323
1686190566.218754,326
1686190566.230974,328
1686190566.2430112,330
1686190566.2597027,333
1686190566.2717793,336
1686190566.2876892,337
1686190566.2998855,336
1686190566.3127644,335
1686190566.3287716,334
1686190566.3414059,333
1686190566.3537102,333
1686190566.3699927,333
1686190566.3820233,332
1686190566.3947625,330
1686190566.4111023,329
1686190566.4230027,328
1686190566.438741,327
1686190566.4517603,324
1686190566.4637454,320
1686190566.480188,313
1686190566.4925654,308
1686190566.505424,304
1686190566.5214272,301
1686190566.533963,299
1686190566.5455053,298
1686190566.5625243,298
1686190566.574976,300
1686190566.5908003,302
1686190566.6034412,303
1686190566.61576,304
1686190566.6324224,304
1686190566.644428,305
1686190566.6566935,307
1686190566.673339,308
1686190566.6854167,309
1686190566.6974137,308
1686190566.7133498,308
1686190566.726041,308
1686190566.738211,310
1686190566.75503,310
1686190566.7667263,310
1686190566.7838113,309
1686190566.7957714,309
1686190566.8077717,309
1686190566.824782,310
1686190566.836976,310
1686190566.848859,310
1686190566.8657222,308
1686190566.8778338,307
1686190566.890039,308
1686190566.9067395,308
1686190566.9186711,308
1686190566.9346676,307
1686190566.947301,305
1686190566.9596102,305
1686190566.9763641,305
1686190566.9883425,306
1686190567.0013113,306
1686190567.017295,305
1686190567.0293293,304
1686190567.0413833,304
1686190567.0580425,305
1686190567.0703342,306
1686190567.0829835,306
1686190567.0989854,305
1686190567.1113324,305
1686190567.1273627,305
1686190567.1400585,307
1686190567.1519842,308
1686190567.167989,307
1686190567.1811602,307
1686190567.1930616,307
1686190567.209991,308
1686190567.2220554,310
1686190567.234212,311
1686190567.2499926,310
1686190567.2630749,310
1686190567.2792652,311
1686190567.2909813,313
1686190567.304054,314
1686190567.320368,315
1686190567.3323975,315
1686190567.344463,316
1686190567.3614678,317
1686190567.3734152,318
1686190567.3854024,320
1686190567.4024656,320
1686190567.4144728,320
1686190567.430413,321
1686190567.443361,323
1686190567.455413,326
1686190567.4717593,328
1686190567.4843423,329
1686190567.4964247,330
1686190567.51295,331
1686190567.5252383,334
1686190567.5367334,336
1686190567.5534701,338
1686190567.5661273,339
1686190567.5782216,340
1686190567.594764,341
1686190567.6071265,343
1686190567.6233664,345
1686190567.6354504,346
1686190567.6481261,346
1686190567.6641302,346
1686190567.6764731,347
1686190567.6884928,349
1686190567.7052095,350
1686190567.717185,350
1686190567.7299044,350
1686190567.7459483,349
1686190567.7588134,349
1686190567.7748873,350
1686190567.7871208,350
1686190567.7988732,350
1686190567.8158863,349
1686190567.827889,348
1686190567.8401442,348
1686190567.8568406,348
1686190567.8688204,349
1686190567.8808115,347
1686190567.897871,346
1686190567.9098265,345
1686190567.9221394,345
1686190567.938816,346
1686190567.9508107,345
1686190567.9671867,343
1686190567.979897,342
1686190567.9918149,341
1686190568.0078156,341
1686190568.0208879,340
1686190568.0329413,339
1686190568.0488162,337
1686190568.0618117,336
1686190568.0739503,335
1686190568.0898726,335
1686190568.1023538,335
1686190568.1184225,333
1686190568.131352,332
1686190568.143443,331
1686190568.160098,331
1686190568.1721115,331
1686190568.1841476,330
1686190568.200477,328
1686190568.213203,327
1686190568.2256758,326
1686190568.24193,326
1686190568.2543383,326
1686190568.2693224,325
1686190568.282293,324
1686190568.295334,322
1686190568.3110657,323
1686190568.323713,323
1686190568.3363957,323
1686190568.352395,322
1686190568.364708,321
1686190568.3767676,320
1686190568.3931966,321
1686190568.4053886,322
1686190568.4177883,322
1686190568.4342737,321
1686190568.4460766,320
1686190568.4630024,320
1686190568.4753444,320
1686190568.4872742,320
1686190568.50341,320
1686190568.516361,318
1686190568.5288918,317
1686190568.5459092,316
1686190568.5579653,317
1686190568.5692167,317
1686190568.5859363,316
1686190568.5982752,315
1686190568.6138835,314
1686190568.6268902,314
1686190568.6389604,315
1686190568.6552756,315
1686190568.6679437,314
1686190568.6799688,313
1686190568.6963036,312
1686190568.7088904,312
1686190568.7212133,313
1686190568.736946,312
1686190568.7499413,311
1686190568.7619789,310
1686190568.7782233,309
1686190568.790896,309
1686190568.807211,310
1686190568.8192244,309
1686190568.8318906,308
1686190568.8478901,307
1686190568.8599505,307
1686190568.8724751,308
1686190568.8889573,308
1686190568.900971,308
1686190568.913155,307
1686190568.9295223,306
1686190568.9415402,306
1686190568.958473,307
1686190568.9704719,307
1686190568.9827883,306
1686190568.9995375,305
1686190569.0115588,304
1686190569.0240304,305
1686190569.0403938,305
1686190569.0523863,305
1686190569.0650673,305
1686190569.08114,304
1686190569.0934474,303
1686190569.1091316,304
1686190569.122165,305
1686190569.1346433,305
1686190569.150908,304
1686190569.1636553,303
1686190569.175696,304
1686190569.1917179,305
1686190569.2036471,306
1686190569.2167025,306
1686190569.232996,305
1686190569.2448626,305
1686190569.2576337,306
1686190569.2740796,307
1686190569.2866035,308
1686190569.302235,308
1686190569.3148444,307
1686190569.3269708,307
1686190569.3433514,307
1686190569.356349,308
1686190569.3678422,309
1686190569.3839371,308
1686190569.396944,307
1686190569.4092295,307
1686190569.4257855,308
1686190569.4378695,309
1686190569.4542553,309
1686190569.4660938,308
1686190569.478093,308
1686190569.4946685,308
1686190569.5072856,310
1686190569.519757,311
1686190569.5365338,310
1686190569.5485244,309
1686190569.560646,309
1686190569.577049,309
1686190569.588603,311
1686190569.602222,311
1686190569.618112,310
1686190569.6299765,309
1686190569.6466575,309
1686190569.65891,310
1686190569.6714613,311
1686190569.6872327,311
1686190569.7001948,310
1686190569.712193,309
1686190569.7284923,309
1686190569.740251,310
1686190569.7532046,311
1686190569.769459,311
1686190569.781256,310
1686190569.7972567,310
1686190569.8102105,310
1686190569.8222425,311
1686190569.839267,312
1686190569.8512435,311
1686190569.8637085,310
1686190569.880208,310
1686190569.892748,311
1686190569.904903,312
1686190569.9211478,313
1686190569.933412,312
1686190569.9496667,311
1686190569.9617898,311
1686190569.9743807,312
1686190569.9900782,313
1686190570.0031483,313
1686190570.0159569,313
1686190570.0313208,312
1686190570.0440679,313
1686190570.0561187,314
1686190570.0729263,315
1686190570.0849757,315
1686190570.0976098,314
1686190570.1133487,314
1686190570.126001,314
1686190570.1414342,315
1686190570.153941,316
1686190570.1669788,315
1686190570.1836011,314
1686190570.1949995,314
1686190570.2073805,314
1686190570.2243652,315
1686190570.2363694,316
1686190570.248359,315
1686190570.2653253,314
1686190570.2773035,314
1686190570.293617,315
1686190570.3055952,315
1686190570.3186634,316
1686190570.3347304,316
1686190570.3471057,316
1686190570.3600736,317
1686190570.376189,318
1686190570.3876681,318
1686190570.400646,317
1686190570.4168663,316
1686190570.4286947,315
1686190570.444796,315
1686190570.4578223,316
1686190570.4699602,317
1686190570.4856896,316
1686190570.49868,315
1686190570.5106735,315
1686190570.5274816,316
1686190570.5398836,317
1686190570.5518208,318
1686190570.5677133,317
1686190570.580374,316
1686190570.5929139,317
1686190570.6092334,318
1686190570.6208284,319
1686190570.6379797,319
1686190570.650288,319
1686190570.6622975,318
1686190570.677999,318
1686190570.690482,320
1686190570.7037754,320
1686190570.7198305,320
1686190570.7319853,319
1686190570.7443335,319
1686190570.7603338,320
1686190570.7731106,321
1686190570.788773,321
1686190570.8015602,321
1686190570.8139887,320
1686190570.8305504,320
1686190570.842807,321
1686190570.8549798,322
1686190570.8710728,322
1686190570.8838573,321
1686190570.8960226,320
1686190570.9122183,319
1686190570.9245117,320
1686190570.9366052,320
1686190570.9529443,319
1686190570.9658148,317
1686190570.981947,316
1686190570.9943314,316
1686190571.006492,318
1686190571.0226798,318
1686190571.0349376,317
1686190571.0469866,316
1686190571.0638726,317
1686190571.075915,318
1686190571.08798,319
1686190571.104882,320
1686190571.1171753,320
1686190571.1338122,319
1686190571.1455805,319
1686190571.1584103,320
1686190571.1742039,322
1686190571.1869464,322
1686190571.1990361,322
1686190571.2158442,322
1686190571.2278707,322
1686190571.2401984,323
1686190571.2567058,324
1686190571.2685275,323
1686190571.284903,322
1686190571.2970147,322
1686190571.309766,321
1686190571.325862,321
1686190571.3382618,322
1686190571.3513134,321
1686190571.3662534,321
1686190571.3792322,322
1686190571.391865,324
1686190571.408048,326
1686190571.4201388,328
1686190571.4327826,329
1686190571.4489331,330
1686190571.4606936,333
1686190571.4773421,337
1686190571.489489,340
1686190571.502688,342
1686190571.5187473,346
1686190571.530363,350
1686190571.5427399,354
1686190571.559747,357
1686190571.571361,361
1686190571.5843143,363
1686190571.6007063,362
1686190571.6124206,360
1686190571.6291082,356
1686190571.641661,352
1686190571.6541004,345
1686190571.6702156,338
1686190571.682176,331
1686190571.6946175,326
1686190571.7103667,321
1686190571.722664,318
1686190571.7356975,315
1686190571.751997,313
1686190571.7640157,311
1686190571.7768028,308
1686190571.7929275,307
1686190571.8049924,309
1686190571.8214202,311
1686190571.8341131,310
1686190571.8461661,311
1686190571.8625872,313
1686190571.8748224,316
1686190571.8870893,317
1686190571.9037626,318
1686190571.91579,317
1686190571.9278054,318
1686190571.9441876,320
1686190571.9568837,324
1686190571.9724426,324
1686190571.9853246,322
1686190571.997933,317
1686190572.014132,311
1686190572.0264282,306
1686190572.0387368,302
1686190572.0551054,297
1686190572.0673401,293
1686190572.079781,289
1686190572.0959835,287
1686190572.1081498,287
1686190572.1207154,287
1686190572.1370053,285
1686190572.1486704,283
1686190572.1656792,282
1686190572.1773705,283
1686190572.1905644,286
1686190572.206728,289
1686190572.218997,289
1686190572.2310436,290
1686190572.2470384,292
1686190572.259918,295
1686190572.2716715,297
1686190572.28844,300
1686190572.3000157,301
1686190572.3163743,302
1686190572.3295317,303
1686190572.341696,305
1686190572.3577578,306
1686190572.3707128,307
1686190572.382759,308
1686190572.3988554,308
1686190572.4115016,309
1686190572.4238715,311
1686190572.439975,312
1686190572.452037,311
1686190572.4688356,310
1686190572.481046,310
1686190572.4931853,309
1686190572.510272,309
1686190572.5227551,309
1686190572.5341527,308
1686190572.5500684,306
1686190572.5629506,305
1686190572.575588,304
1686190572.5916917,305
1686190572.6036878,305
1686190572.6157563,304
1686190572.6329112,303
1686190572.6446884,303
1686190572.6611931,304
1686190572.6727629,305
1686190572.6858933,305
1686190572.7025623,305
1686190572.7144828,304
1686190572.7259588,304
1686190572.7427177,306
1686190572.7547386,307
1686190572.7670987,306
1686190572.7838268,305
1686190572.796708,305
1686190572.8127112,305
1686190572.8248022,307
1686190572.8366923,307
1686190572.8538783,306
1686190572.8658807,305
1686190572.8779016,304
1686190572.894499,305
1686190572.9065475,305
1686190572.918553,305
1686190572.935551,304
1686190572.9479382,303
1686190572.9637547,303
1686190572.976473,303
1686190572.9890776,304
1686190573.004697,303
1686190573.017696,302
1686190573.0298822,300
1686190573.0466986,301
1686190573.0585613,302
1686190573.07082,302
1686190573.0869637,302
1686190573.1002064,301
1686190573.1119297,300
1686190573.1276054,301
1686190573.140106,302
1686190573.156608,303
1686190573.1689825,303
1686190573.1809871,303
1686190573.197788,303
1686190573.209828,304
1686190573.2227173,306
1686190573.2388432,306
1686190573.250726,307
1686190573.2636373,307
1686190573.2797413,307
1686190573.2917445,309
1686190573.3077989,311
1686190573.3202794,311
1686190573.3330686,312
1686190573.3493452,312
1686190573.3613007,313
1686190573.374031,315
1686190573.3905108,316
1686190573.4025047,317
1686190573.4142683,317
1686190573.4306843,317
1686190573.443431,318
1686190573.459311,320
1686190573.47219,321
1686190573.4847255,322
1686190573.500997,322
1686190573.5126023,322
1686190573.525484,324
1686190573.5419028,325
1686190573.554102,326
1686190573.5661473,326
1686190573.5827148,326
1686190573.5952325,327
1686190573.6073866,329
1686190573.6237738,330
1686190573.6354945,331
1686190573.652508,331
1686190573.6647341,331
1686190573.6772044,332
1686190573.693595,334
1686190573.7055945,335
1686190573.7176523,335
1686190573.7347198,335
1686190573.7463589,335
1686190573.7593637,336
1686190573.7746692,338
1686190573.7879467,339
1686190573.80369,339
1686190573.816633,339
1686190573.8287218,339
1686190573.8444424,341
1686190573.8574722,342
1686190573.8697877,343
1686190573.8866367,342
1686190573.8988407,341
1686190573.9106543,341
1686190573.9271774,343
1686190573.9391825,343
1686190573.9517965,343
1686190573.967882,342
1686190573.980027,342
1686190573.996758,342
1686190574.0087214,342
1686190574.0206752,343
1686190574.0371368,342
1686190574.0493124,341
1686190574.0619283,340
1686190574.078405,340
1686190574.0903056,340
1686190574.1023672,340
1686190574.119651,338
1686190574.1319604,336
1686190574.1477373,335
1686190574.1604087,335
1686190574.172404,336
1686190574.1890154,335
1686190574.2008853,334
1686190574.2139404,333
1686190574.2296627,333
1686190574.242401,333
1686190574.2541351,333
1686190574.271154,332
1686190574.2830284,331
1686190574.2998219,330
1686190574.3117144,330
1686190574.3237526,330
1686190574.340455,330
1686190574.352884,329
1686190574.3651512,327
1686190574.381843,326
1686190574.3937223,326
1686190574.406058,327
1686190574.422645,326
1686190574.4346812,325
1686190574.4474912,323
1686190574.463165,323
1686190574.4757109,323
1686190574.4917867,324
1686190574.5038579,323
1686190574.516899,321
1686190574.532927,320
1686190574.5453157,320
1686190574.5576422,320
1686190574.5742576,320
1686190574.5864165,320
1686190574.5981555,319
1686190574.615068,318
1686190574.6269274,318
1686190574.6424894,319
1686190574.6556892,319
1686190574.668501,319
1686190574.6844575,318
1686190574.6964633,318
1686190574.7092745,319
1686190574.725554,320
1686190574.737871,320
1686190574.7497816,320
1686190574.7667134,319
1686190574.7788763,319
1686190574.790879,320
1686190574.8077502,321
1686190574.819804,321
1686190574.8361342,320
1686190574.8476405,319
1686190574.8601537,319
1686190574.87717,320
1686190574.8893495,320
1686190574.9016943,319
1686190574.9177253,318
1686190574.9297402,318
1686190574.94267,318
1686190574.9588223,319
1686190574.9709966,320
1686190574.9875054,319
1686190575.000185,318
1686190575.0123265,318
1686190575.0287604,319
1686190575.0409842,319
1686190575.0536141,319
1686190575.069677,319
1686190575.0815017,318
1686190575.0941875,317
1686190575.1103528,318
1686190575.1229506,319
1686190575.1350565,318
1686190575.1509678,317
1686190575.1636565,317
1686190575.179976,317
1686190575.1919656,318
1686190575.2048514,318
1686190575.220656,317
1686190575.2327378,316
1686190575.245759,316
1686190575.2622397,316
1686190575.2738311,317
1686190575.2868323,317
1686190575.3028293,316
1686190575.3150914,316
1686190575.331792,316
1686190575.343709,317
1686190575.3562062,318
1686190575.372705,318
1686190575.3846948,317
1686190575.3967013,316
1686190575.413707,317
1686190575.4256957,318
1686190575.4377556,318
1686190575.4545507,318
1686190575.4665027,317
1686190575.482551,317
1686190575.4955132,317
1686190575.5075567,318
1686190575.5238287,319
1686190575.5365124,318
1686190575.5487983,318
1686190575.5648158,317
1686190575.577499,318
1686190575.5895002,319
1686190575.605817,319
1686190575.6185033,318
1686190575.6304922,317
1686190575.647261,317
1686190575.659266,318
1686190575.675303,319
1686190575.6880155,319
1686190575.7000365,318
1686190575.7162015,317
1686190575.7287776,317
1686190575.7407646,318
1686190575.757649,319
1686190575.7699995,318
1686190575.7818465,317
1686190575.7985125,317
1686190575.810509,317
1686190575.8268964,318
1686190575.8395464,319
1686190575.8515835,318
1686190575.8685284,317
1686190575.8805373,317
1686190575.892518,317
1686190575.908828,319
1686190575.921521,319
1686190575.9337635,318
1686190575.9498467,317
1686190575.9625216,316
1686190575.9787788,317
1686190575.9908638,317
1686190576.0035481,317
1686190576.019546,316
1686190576.0318842,316
1686190576.0446255,315
1686190576.0608044,316
1686190576.0728745,316
1686190576.0846772,315
1686190576.1016884,314
1686190576.1135428,313
1686190576.126602,314
1686190576.1425624,315
1686190576.1548502,316
1686190576.17152,316
1686190576.1832438,316
1686190576.1965318,318
1686190576.212391,320
1686190576.225392,322
1686190576.2366962,325
1686190576.2534146,328
1686190576.2656262,330
1686190576.2774336,333
1686190576.29379,336
1686190576.3063517,341
1686190576.3227198,343
1686190576.3353548,343
1686190576.3472035,344
1686190576.363193,345
1686190576.3761992,345
1686190576.388511,345
1686190576.4042788,345
1686190576.4172096,343
1686190576.4292018,342
1686190576.445495,340
1686190576.4578671,340
1686190576.470531,339
1686190576.4867485,338
1686190576.49886,336
1686190576.5155668,335
1686190576.5277238,334
1686190576.5395923,334
1686190576.5565796,333
1686190576.5685744,330
1686190576.5808744,328
1686190576.5976782,327
1686190576.609751,327
1686190576.6222043,327
1686190576.6382213,327
1686190576.6501758,326
1686190576.6661954,326
1686190576.6794908,326
1686190576.6917188,325
1686190576.7081397,325
1686190576.7201328,322
1686190576.7324474,319
1686190576.7491412,317
1686190576.7611427,316
1686190576.773182,315
1686190576.7902105,316
1686190576.8022037,315
1686190576.8182054,314
1686190576.8305545,315
1686190576.8432107,319
1686190576.8588967,320
1686190576.8718305,324
1686190576.8840384,325
1686190576.8998508,327
1686190576.9122875,330
1686190576.9248612,335
1686190576.9408493,339
1686190576.9538636,343
1686190576.9659133,348
1686190576.9818373,351
1686190576.9948354,353
1686190577.010937,357
1686190577.023036,357
1686190577.035155,355
1686190577.0518553,352
1686190577.063842,351
1686190577.0768595,349
1686190577.0928907,346
1686190577.1048412,341
1686190577.1171405,336
1686190577.1338491,331
1686190577.14616,326
1686190577.1621768,322
1686190577.1748452,318
1686190577.1872036,312
1686190577.2031872,304
1686190577.2159314,296
1686190577.2278595,288
1686190577.2442422,281
1686190577.2568755,275
1686190577.2688806,269
1686190577.2850506,264
1686190577.2978206,260
1686190577.3098001,259
1686190577.3268247,259
1686190577.3388197,260
1686190577.3547976,260
1686190577.367109,261
1686190577.3798137,263
1686190577.3958037,266
1686190577.407872,271
1686190577.4208307,274
1686190577.4371204,276
1686190577.44886,278
1686190577.46118,281
1686190577.4778726,284
1686190577.490203,288
1686190577.505799,290
1686190577.5187998,291
1686190577.5312266,292
1686190577.547809,294
1686190577.559822,297
1686190577.5717936,298
1686190577.5885913,299
1686190577.6005588,299
1686190577.612586,300
1686190577.6296692,302
1686190577.6415298,305
1686190577.6538558,308
1686190577.6705298,309
1686190577.6827736,310
1686190577.698856,311
1686190577.7115571,313
1686190577.7236671,316
1686190577.7399635,316
1686190577.7522712,317
1686190577.7642848,317
1686190577.7811728,317
1686190577.792977,316
1686190577.8052304,315
1686190577.8220255,313
1686190577.8342695,310
1686190577.849959,308
1686190577.8631742,307
1686190577.8746667,306
1686190577.891605,307
1686190577.9039166,308
1686190577.915655,310
1686190577.9326434,312
1686190577.9450011,316
1686190577.9566195,320
1686190577.9737206,322
1686190577.9858546,325
1686190578.0019338,328
1686190578.0146112,331
1686190578.0266068,334
1686190578.04293,337
1686190578.055617,339
1686190578.0676136,339
1686190578.0839155,339
1686190578.096618,338
1686190578.1086948,338
1686190578.1245933,337
1686190578.1376212,335
1686190578.1496105,332
1686190578.1655827,330
1686190578.1780117,328
1686190578.194547,326
1686190578.2065995,323
1686190578.2188725,319
1686190578.235555,313
1686190578.2475424,308
1686190578.2605271,305
1686190578.2765608,303
1686190578.2888627,302
1686190578.300548,301
1686190578.317571,300
1686190578.329812,300
1686190578.345887,301
1686190578.3585243,303
1686190578.37084,304
1686190578.3874683,304
1686190578.3994915,304
1686190578.4117894,305
1686190578.428485,307
1686190578.4404676,309
1686190578.4526746,309
1686190578.4684832,309
1686190578.480566,309
1686190578.496913,310
1686190578.5101728,312
1686190578.5221767,313
1686190578.538855,313
1686190578.55087,312
1686190578.5635526,312
1686190578.5794952,312
1686190578.5921838,313
1686190578.6045442,314
1686190578.6204975,313
1686190578.633184,312
1686190578.645273,313
1686190578.661244,313
1686190578.6741936,314
1686190578.690194,314
1686190578.7021713,314
1686190578.714523,313
1686190578.7314322,313
1686190578.7432346,314
1686190578.7559428,314
1686190578.7719207,314
1686190578.783982,313
1686190578.796938,312
1686190578.8132527,312
1686190578.8249223,313
1686190578.84193,314
1686190578.8541424,313
1686190578.8666272,312
1686190578.8828511,312
1686190578.894917,313
1686190578.907602,314
1686190578.9236116,314
1686190578.9361885,314
1686190578.9479222,313
1686190578.9647944,313
1686190578.9770708,314
1686190578.9887807,315
1686190579.005795,315
1686190579.017947,314
1686190579.0338387,314
1686190579.046999,314
1686190579.0582876,315
1686190579.0753524,316
1686190579.0876431,316
1686190579.0993237,316
1686190579.1163976,315
1686190579.12861,316
1686190579.1403997,317
1686190579.1573296,318
1686190579.1695955,317
1686190579.1858444,317
1686190579.1981845,316
1686190579.210248,317
1686190579.2266934,318
1686190579.2389944,318
1686190579.2517347,317
1686190579.2672987,316
1686190579.2802234,316
1686190579.292346,317
1686190579.3090215,318
1686190579.321031,318
1686190579.337036,317
1686190579.3490906,317
1686190579.3617406,317
1686190579.3784094,318
1686190579.3909888,319
1686190579.4027398,319
1686190579.4187932,319
1686190579.431738,319
1686190579.4437363,319
1686190579.4598436,320
1686190579.4718485,321
1686190579.4848332,321
1686190579.5008845,320
1686190579.5128512,320
1686190579.5298352,321
1686190579.5418327,322
1686190579.5538847,323
1686190579.5703874,322
1686190579.5823712,321
1686190579.5953863,321
1686190579.611428,322
1686190579.623388,323
1686190579.6363838,323
1686190579.652438,322
1686190579.664711,322
1686190579.6813848,322
1686190579.6934333,323
1686190579.7056997,324
1686190579.7223856,323
1686190579.7344394,323
1686190579.746392,322
1686190579.7634075,322
1686190579.775432,323
1686190579.7874117,323
1686190579.8044074,323
1686190579.8164103,322
1686190579.828602,321
1686190579.8453426,322
1686190579.857564,323
1686190579.8735569,323
1686190579.8865485,322
1686190579.8986974,321
1686190579.9146152,321
1686190579.9266002,322
1686190579.9395664,323
1686190579.9555678,322
1686190579.9675467,322
1686190579.9805603,321
1686190579.9965515,321
1686190580.0091186,322
1686190580.025551,323
1686190580.037565,322
1686190580.0496025,321
1686190580.0665665,321
1686190580.078562,321
1686190580.090546,322
1686190580.1075485,322
1686190580.11987,321
1686190580.1317053,320
1686190580.1478934,320
1686190580.1607177,320
1686190580.1767697,321
1686190580.1887507,321
1686190580.2017152,320
1686190580.2177515,318
1686190580.229978,318
1686190580.2427232,319
1686190580.2587557,319
1686190580.2707705,318
1686190580.2833729,317
1686190580.299974,316
1686190580.3117874,316
1686190580.3247173,316
1686190580.341006,316
1686190580.3527217,315
1686190580.3691974,314
1686190580.3818338,313
1686190580.3938372,313
1686190580.4099483,313
1686190580.4229581,313
1686190580.4351172,312
1686190580.4510183,311
1686190580.4629467,310
1686190580.4759536,310
1686190580.4923298,311
1686190580.5042121,310
1686190580.5209286,310
1686190580.533179,308
1686190580.5459383,308
1686190580.5619478,308
1686190580.5739355,309
1686190580.5866015,309
1686190580.6030383,308
1686190580.6150665,307
1686190580.627907,308
1686190580.643912,308
1686190580.6564884,310
1686190580.6716316,309
1686190580.6848998,308
1686190580.6976852,308
1686190580.713638,309
1686190580.7259192,310
1686190580.737959,311
1686190580.7546399,310
1686190580.7667463,310
1686190580.7793515,310
1686190580.794866,311
1686190580.8078942,312
1686190580.819867,313
1686190580.8367324,312
1686190580.848452,312
1686190580.864505,313
1686190580.8778124,315
1686190580.8898108,316
1686190580.9061098,316
1686190580.9189107,316
1686190580.930599,316
1686190580.947518,317
1686190580.9595802,319
1686190580.9717102,320
1686190580.987839,320
1686190581.0001252,319
1686190581.0168183,320
1686190581.0287182,321
1686190581.0409865,322
1686190581.0570836,323
1686190581.070197,323
1686190581.082544,322
1686190581.0987523,322
1686190581.1111798,324
1686190581.1231925,325
1686190581.1398838,325
1686190581.1519134,325
1686190581.164205,324
1686190581.1808732,325
1686190581.192992,326
1686190581.2094285,327
1686190581.2213788,328
1686190581.2339187,327
1686190581.250349,327
1686190581.2623925,327
1686190581.2744036,329
1686190581.2904804,330
1686190581.3033931,330
1686190581.315412,329
1686190581.332171,329
1686190581.3443859,330
1686190581.3605087,332
1686190581.372921,333
1686190581.3856719,332
1686190581.4022017,331
1686190581.4139833,332
1686190581.4264972,333
1686190581.4424176,334
1686190581.4550602,334
1686190581.4675956,333
1686190581.483701,332
1686190581.4957678,332
1686190581.5125847,333
1686190581.524203,333
1686190581.5371437,333
1686190581.553197,332
1686190581.5658674,332
1686190581.5779378,332
1686190581.594176,332
1686190581.6064017,333
1686190581.6189737,332
1686190581.635481,330
1686190581.647829,330
1686190581.6593368,330
1686190581.676321,331
1686190581.6883636,331
1686190581.7049685,330
1686190581.717264,328
1686190581.7287223,328
1686190581.7455595,328
1686190581.7583926,329
1686190581.770666,328
1686190581.7870057,327
1686190581.799011,326
1686190581.811014,326
1686190581.8269064,326
1686190581.839357,326
1686190581.856342,326
1686190581.868856,324
1686190581.8808665,323
1686190581.8977447,323
1686190581.9097984,324
1686190581.921843,324
1686190581.938294,323
1686190581.9507658,322
1686190581.9627464,321
1686190581.9799557,322
1686190581.9917133,322
1686190582.00376,322
1686190582.020127,321
1686190582.0328221,320
1686190582.0490358,319
1686190582.0606575,320
1686190582.0732892,321
1686190582.0895386,321
1686190582.102469,320
1686190582.1145902,319
1686190582.1308966,319
1686190582.1433108,320
1686190582.1547909,320
1686190582.1719022,319
1686190582.1843176,319
1686190582.2003274,318
1686190582.2127135,318
1686190582.2247808,319
1686190582.241706,319
1686190582.2538695,318
1686190582.2661464,317
1686190582.282747,317
1686190582.2948368,317
1686190582.3068488,318
1686190582.3229454,319
1686190582.3358953,318
1686190582.352103,316
1686190582.364564,316
1686190582.3767822,317
1686190582.3927338,318
1686190582.4048433,317
1686190582.417771,316
1686190582.4339948,315
1686190582.4470537,316
1686190582.4580426,317
1686190582.4744651,317
1686190582.4869592,317
1686190582.49982,316
1686190582.5153787,316
1686190582.5282793,316
1686190582.544791,316
1686190582.5567052,318
1686190582.569174,317
1686190582.5852144,315
1686190582.5978732,315
1686190582.6104288,315
1686190582.6259153,316
1686190582.638663,316
1686190582.650678,315
1686190582.6677787,314
1686190582.6793306,314
1686190582.6963515,315
1686190582.7083738,316
1686190582.7209866,316
1686190582.7368503,314
1686190582.7492893,314
1686190582.7613301,314
1686190582.7780004,315
1686190582.789936,316
1686190582.8024023,315
1686190582.8183784,314
1686190582.831567,314
1686190582.8434262,314
1686190582.8596973,315
1686190582.8722796,316
1686190582.8882892,315
1686190582.9009888,314
1686190582.9131565,314
1686190582.9292152,315
1686190582.9418914,316
1686190582.9540422,316
1686190582.9706872,315
1686190582.982863,314
1686190582.995059,314
1686190583.0116472,315
1686190583.0237224,316
1686190583.0399187,316
1686190583.0519092,315
1686190583.064865,314
1686190583.0814223,315
1686190583.0931795,316
1686190583.1055322,317
1686190583.121754,316
1686190583.1337953,316
1686190583.146812,315
1686190583.1628773,316
1686190583.1753366,317
1686190583.1918664,318
1686190583.2039132,317
1686190583.2159517,316
1686190583.2325034,315
1686190583.2443464,316
1686190583.2571683,317
1686190583.2737567,317
1686190583.286044,316
1686190583.2982962,315
1686190583.3146446,315
1686190583.3266442,316
1686190583.3390913,317
1686190583.355289,317
1686190583.3677213,316
1686190583.3839483,315
1686190583.396517,316
1686190583.4085617,317
1686190583.4253001,317
1686190583.4374743,317
1686190583.4493434,315
1686190583.4657931,315
1686190583.478375,316
1686190583.4906902,316
1686190583.5068474,317
1686190583.5196013,316
1686190583.534826,315
1686190583.5476637,315
1686190583.559962,316
1686190583.5763202,317
1686190583.5893743,317
1686190583.6010094,316
1686190583.6170595,316
1686190583.629517,316
1686190583.642586,317
1686190583.6587787,318
1686190583.6703496,318
1686190583.6827533,317
1686190583.69878,316
1686190583.7121716,317
1686190583.7282052,318
1686190583.7403944,319
1686190583.7527592,318
1686190583.7694414,317
1686190583.7811291,317
1686190583.7938695,318
1686190583.8098829,318
1686190583.8225024,318
1686190583.8345094,317
1686190583.8514514,316
1686190583.8637414,316
1686190583.879884,317
1686190583.8918803,317
1686190583.9044938,317
1686190583.9212418,316
1686190583.9334977,315
1686190583.9452271,315
1686190583.9618478,316
1686190583.9732995,317
1686190583.9858875,316
1686190584.0019858,316
1686190584.0146492,315
1686190584.0309072,315
1686190584.0430396,317
1686190584.0555708,317
1686190584.0724149,316
1686190584.08477,315
1686190584.0968223,314
1686190584.1129637,315
1686190584.1254194,316
1686190584.1380887,316
1686190584.1538572,315
1686190584.1668043,314
1686190584.1787357,314
1686190584.1951709,316
1686190584.2076788,316
1686190584.2236805,316
1686190584.2360213,316
1686190584.2493675,315
1686190584.2644806,315
1686190584.2774303,317
1686190584.2888591,317
1686190584.305955,317
1686190584.3178647,316
1686190584.3298647,315
1686190584.3468523,316
1686190584.3588505,317
1686190584.374604,317
1686190584.3875399,317
1686190584.399606,316
1686190584.4156048,315
1686190584.4285457,316
1686190584.4406054,317
1686190584.4566212,317
1686190584.469547,316
1686190584.4815488,316
1686190584.497599,316
1686190584.5105174,317
1686190584.5267196,317
1686190584.5395293,317
1686190584.5514972,316
1686190584.5675077,316
1686190584.580276,316
1686190584.5926187,317
1686190584.6089387,317
1686190584.6210663,317
1686190584.6328337,315
1686190584.6498706,315
1686190584.6617835,315
1686190584.6746101,316
1686190584.6902955,317
1686190584.7028883,316
1686190584.7186074,315
1686190584.7321851,315
1686190584.74411,316
1686190584.760735,317
1686190584.7726963,318
1686190584.784703,317
1686190584.8008676,316
1686190584.8138583,316
1686190584.8262033,317
1686190584.8422017,318
1686190584.8539426,318
1686190584.8708563,317
1686190584.8836071,317
1686190584.8956275,317
1686190584.9121983,318
1686190584.9239004,319
1686190584.9366603,319
1686190584.953076,318
1686190584.9647496,318
1686190584.977718,318
1686190584.9938998,319
1686190585.0059447,320
1686190585.0185516,319
1686190585.034506,318
1686190585.0473263,318
1686190585.063529,319
1686190585.075862,320
1686190585.0879047,320
1686190585.1038215,319
1686190585.1168227,319
1686190585.1291375,319
1686190585.145283,320
1686190585.157811,321
1686190585.170173,321
1686190585.1866693,320
1686190585.1987972,319
1686190585.2151237,320
1686190585.227662,321
1686190585.2395592,322
1686190585.2555704,322
1686190585.2686338,321
1686190585.2808356,321
1686190585.2969706,321
1686190585.3094091,323
1686190585.3210654,323
1686190585.3380096,323
1686190585.3509278,322
1686190585.3660908,321
1686190585.378729,322
1686190585.3914037,323
1686190585.4076934,323
1686190585.419629,323
1686190585.4323454,322
1686190585.448851,322
1686190585.4607606,323
1686190585.4727664,324
1686190585.4896333,324
1686190585.5015821,323
1686190585.5140626,322
1686190585.529852,323
1686190585.5426323,324
1686190585.5593388,324
1686190585.5709093,324
1686190585.5836873,323
1686190585.6005561,322
1686190585.6125374,322
1686190585.6245573,323
1686190585.6408348,324
1686190585.6535268,323
1686190585.6657915,322
1686190585.6818533,321
1686190585.6937048,322
1686190585.7102568,323
1686190585.722927,323
1686190585.7355602,322
1686190585.7518628,321
1686190585.7638607,321
1686190585.7764282,321
1686190585.7925663,322
1686190585.804749,321
1686190585.8167057,320
1686190585.834138,319
1686190585.8457086,320
1686190585.8578017,320
1686190585.8737085,321
1686190585.8868685,321
1686190585.9027019,319
1686190585.9154122,319
1686190585.9278688,319
1686190585.9434695,320
1686190585.9563687,320
1686190585.9688594,320
1686190585.985173,319
1686190585.9968119,319
1686190586.0098672,319
1686190586.026107,320
1686190586.0379298,320
1686190586.0539477,319
1686190586.0670457,318
1686190586.0796032,319
1686190586.0957184,320
1686190586.107769,321
1686190586.1204393,320
1686190586.1362045,319
1686190586.1492472,318
1686190586.1606958,319
1686190586.1773014,320
1686190586.189881,320
1686190586.2063003,320
1686190586.2184203,318
1686190586.2308433,318
1686190586.2475255,318
1686190586.2595193,320
1686190586.2716682,320
1686190586.288253,319
1686190586.3002691,318
1686190586.3127682,317
1686190586.3291066,318
1686190586.3410873,319
1686190586.3537245,319
1686190586.3700452,318
1686190586.3820183,317
1686190586.3988907,317
1686190586.410725,318
1686190586.4233708,319
1686190586.4394164,319
1686190586.4520838,317
1686190586.4638603,316
1686190586.4808788,317
1686190586.49304,318
1686190586.5053413,318
1686190586.521589,318
1686190586.5340452,317
1686190586.5498705,316
1686190586.561802,317
1686190586.5745673,318
1686190586.5907726,318
1686190586.6037266,317
1686190586.615722,316
1686190586.6316037,316
1686190586.6448379,317
1686190586.6568122,318
1686190586.6730082,318
1686190586.6855757,317
1686190586.6978192,317
1686190586.7142055,317
1686190586.7265334,318
1686190586.7427247,319
1686190586.7546437,319
1686190586.7673252,318
1686190586.7838213,318
1686190586.796251,318
1686190586.8076317,319
1686190586.8247879,320
1686190586.8366094,320
1686190586.8492508,319
1686190586.8667362,318
1686190586.8777647,319
1686190586.8934965,319
1686190586.9067836,319
1686190586.918901,318
1686190586.9354796,317
1686190586.947645,317
1686190586.9596338,317
1686190586.9761167,318
1686190586.9881303,318
1686190587.0011325,317
1686190587.0171266,316
1686190587.0291657,316
1686190587.0454998,317
1686190587.0584118,318
1686190587.0704284,317
1686190587.086943,316
1686190587.0990813,315
1686190587.1112328,315
1686190587.127926,316
1686190587.140053,316
1686190587.1523192,315
1686190587.1689334,315
1686190587.1809201,314
1686190587.1929295,314
1686190587.2099435,315
1686190587.222056,315
1686190587.2379792,314
1686190587.2509515,313
1686190587.2629333,313
1686190587.2792234,314
1686190587.2919283,315
1686190587.3039255,315
1686190587.3199666,313
1686190587.33229,313
1686190587.3449357,313
1686190587.3609114,313
1686190587.3729672,314
1686190587.389514,313
1686190587.4021711,312
1686190587.4142232,312
1686190587.4311776,312
1686190587.4432404,313
1686190587.4551516,314
1686190587.471645,314
1686190587.4841723,313
1686190587.4961522,312
1686190587.5121496,313
1686190587.5251486,315
1686190587.5372987,315
1686190587.5534568,314
1686190587.5661788,313
1686190587.582207,314
1686190587.594148,315
1686190587.6072197,316
1686190587.6233556,316
1686190587.6358635,315
1686190587.647543,314
1686190587.664309,315
1686190587.676149,316
1686190587.6886508,316
1686190587.705073,316
1686190587.7172499,316
1686190587.7341003,316
1686190587.7461057,316
1686190587.7581816,318
1686190587.775136,319
1686190587.7876883,320
1686190587.7994049,321
1686190587.8160808,324
1686190587.8280962,328
1686190587.8404086,336
1686190587.8568442,341
1686190587.8690236,346
1686190587.8847883,350
1686190587.8975317,354
1686190587.9098384,357
1686190587.926546,360
1686190587.93891,360
1686190587.9508517,359
1686190587.96759,357
1686190587.9795249,356
1686190587.9920263,356
1686190588.0082586,354
1686190588.0201807,352
1686190588.0321944,348
1686190588.049197,345
1686190588.0615182,343
1686190588.0782053,341
1686190588.0903099,340
1686190588.1022022,338
1686190588.119184,336
1686190588.131253,334
1686190588.14349,335
1686190588.1591842,336
1686190588.1722753,337
1686190588.1848936,337
1686190588.2008502,336
1686190588.2129135,336
1686190588.2293868,337
1686190588.2421677,338
1686190588.2541184,337
1686190588.2703915,335
1686190588.2830741,334
1686190588.2951307,333
1686190588.311054,333
1686190588.323126,332
1686190588.33632,330
1686190588.352391,328
1686190588.364412,326
1686190588.3804784,326
1686190588.3934622,326
1686190588.4058814,325
1686190588.4222994,323
1686190588.4343157,321
1686190588.4463103,320
1686190588.4633267,320
1686190588.4754226,322
1686190588.4873738,323
1686190588.5040128,321
1686190588.5162926,325
1686190588.5286372,328
1686190588.5443099,331
1686190588.556813,334
1686190588.5734494,335
1686190588.5854895,335
1686190588.5984983,335
1686190588.6145327,336
1686190588.626481,338
1686190588.6388032,337
1686190588.6555433,336
1686190588.6674905,334
1686190588.6794815,331
1686190588.6969945,332
1686190588.7083297,327
1686190588.7243803,324
1686190588.737397,319
1686190588.7496681,315
1686190588.7663553,313
1686190588.7784233,311
1686190588.7901328,308
1686190588.8071446,306
1686190588.819469,302
1686190588.8311288,297
1686190588.848127,292
1686190588.8601298,288
1686190588.872475,283
1686190588.8891287,278
1686190588.901153,272
1686190588.917187,266
1686190588.9301505,261
1686190588.942127,257
1686190588.9581943,255
1686190588.9711535,253
1686190588.9832914,251
1686190588.9991288,250
1686190589.0121496,252
1686190589.0244255,255
1686190589.0401268,258
1686190589.0521908,260
1686190589.0692,262
1686190589.0813766,265
1686190589.0935078,270
1686190589.1102235,275
1686190589.122484,278
1686190589.1341968,281
1686190589.151131,283
1686190589.163402,286
1686190589.1751304,290
1686190589.1921291,293
1686190589.204334,295
1686190589.2165732,296
1686190589.2331104,299
1686190589.2451322,302
1686190589.2611759,305
1686190589.2741306,308
1686190589.286123,310
1686190589.3027544,311
1686190589.3149407,313
1686190589.3267257,316
1686190589.343728,318
1686190589.3557062,320
1686190589.3682442,320
1686190589.3847349,319
1686190589.3970413,320
1686190589.412719,320
1686190589.4257267,321
1686190589.4377751,320
1686190589.4537597,316
1686190589.466736,312
1686190589.4787104,308
1686190589.4950354,306
1686190589.5067148,307
1686190589.5199666,308
1686190589.536127,309
1686190589.5477812,312
1686190589.5647795,316
1686190589.5768106,322
1686190589.589388,328
1686190589.605173,333
1686190589.618187,338
1686190589.6302235,341
1686190589.6464658,345
1686190589.6591895,348
1686190589.6714246,348
1686190589.6874835,347
1686190589.7004597,344
1686190589.7121756,342
1686190589.7285101,341
1686190589.7414007,341
1686190589.7571726,339
1686190589.7695427,337
1686190589.7821813,335
1686190589.798169,334
1686190589.8104994,334
1686190589.8231826,333
1686190589.8391702,331
1686190589.8511422,327
1686190589.8631437,322
1686190589.8801577,318
1686190589.8921993,312
1686190589.9081993,305
1686190589.9212112,298
1686190589.9331753,292
1686190589.9501762,289
1686190589.9621642,288
1686190589.9741743,289
1686190589.9902673,289
1686190590.003152,290
1686190590.0154262,291
1686190590.0310774,293
1686190590.0441458,296
1686190590.0561378,298
1686190590.072163,300
1686190590.0850775,300
1686190590.1010885,301
1686190590.1134143,302
1686190590.126086,304
1686190590.142347,306
1686190590.1545746,306
1686190590.1670146,306
1686190590.1832716,307
1686190590.195009,308
1686190590.208022,310
1686190590.2243588,311
1686190590.2363667,312
1686190590.2520716,311
1686190590.2654622,312
1686190590.2773554,313
1686190590.2940772,315
1686190590.305999,316
1686190590.3180037,316
1686190590.3352392,315
1686190590.3470025,316
1686190590.35957,317
1686190590.3760061,318
1686190590.3881264,318
1686190590.4002001,317
1686190590.4170163,317
1686190590.42901,317
1686190590.444989,318
1686190590.4570422,319
1686190590.4700882,319
1686190590.48667,318
1686190590.4986713,318
1686190590.5108616,318
1686190590.5270185,319
1686190590.539907,320
1686190590.5517256,320
1686190590.5677361,319
1686190590.5807543,319
1686190590.596868,319
1686190590.609079,320
1686190590.621541,320
1686190590.6374686,320
1686190590.6505003,319
1686190590.6624722,319
1686190590.6784797,320
1686190590.6914961,321
1686190590.7035427,320
1686190590.7199116,320
1686190590.7315297,319
1686190590.7485735,319
1686190590.7615685,321
1686190590.7728114,322
1686190590.789524,322
1686190590.801571,320
1686190590.8138146,320
1686190590.8305142,320
1686190590.8426638,321
1686190590.8551667,321
1686190590.8711455,320
1686190590.8832219,320
1686190590.8962438,319
1686190590.9122376,319
1686190590.924457,320
1686190590.9411678,320
1686190590.9532905,320
1686190590.9654925,319
1686190590.9821966,319
1686190590.9944592,320
1686190591.0065138,320
1686190591.0231557,320
1686190591.035115,319
1686190591.0474415,318
1686190591.0641496,318
1686190591.07623,319
1686190591.0922322,319
1686190591.105126,319
1686190591.117377,318
1686190591.1337025,318
1686190591.1457686,318
1686190591.157763,319
1686190591.174769,320
1686190591.1867523,319
1686190591.1985216,318
1686190591.2155912,318
1686190591.2275264,318
1686190591.2435765,319
1686190591.2566774,320
1686190591.268716,319
1686190591.28486,318
1686190591.2975209,318
1686190591.3095899,319
1686190591.3258479,320
1686190591.3385222,320
1686190591.3505464,319
1686190591.3668275,319
1686190591.3795438,319
1686190591.3915565,320
1686190591.4075246,321
1686190591.4205449,320
1686190591.4365883,319
1686190591.4488392,319
1686190591.461383,319
1686190591.4775324,320
1686190591.4895167,321
1686190591.501799,320
1686190591.518589,319
1686190591.530535,319
1686190591.5425882,320
1686190591.559589,320
1686190591.5715973,321
1686190591.5879004,320
1686190591.6005228,319
1686190591.612763,319
1686190591.6285465,319
1686190591.6415486,320
1686190591.6534274,320
1686190591.6701577,319
1686190591.6821804,318
1686190591.6944969,318
1686190591.7111595,319
1686190591.7231476,320
1686190591.7354798,319
1686190591.7522054,318
1686190591.7639735,317
1686190591.7804441,318
1686190591.7927961,319
1686190591.8053422,319
1686190591.8218014,318
1686190591.8341002,317
1686190591.84579,317
1686190591.8627777,318
1686190591.8747892,319
1686190591.8871212,319
1686190591.9034894,318
1686190591.9157994,317
1686190591.931872,317
1686190591.9448044,318
1686190591.9568944,319
1686190591.972875,319
1686190591.9858003,318
1686190591.9976645,317
1686190592.0136414,318
1686190592.0266483,319
1686190592.0386446,320
1686190592.054702,320
1686190592.0676646,319
1686190592.0826468,318
1686190592.096001,319
1686190592.1080446,320
1686190592.124914,320
1686190592.1371164,319
1686190592.1488853,318
1686190592.1659093,318
1686190592.1779635,319
1686190592.190022,320
1686190592.2066789,320
1686190592.2184298,319
1686190592.23145,318
1686190592.247427,318
1686190592.2597756,319
1686190592.2764535,320
1686190592.288062,320
1686190592.3001654,319
1686190592.3170984,319
1686190592.329298,319
1686190592.3415914,320
1686190592.3580363,321
1686190592.370715,320
1686190592.3827007,319
1686190592.399206,319
1686190592.411832,320
1686190592.4278202,321
1686190592.4400637,321
1686190592.4522817,320
1686190592.468784,319
1686190592.4810832,319
1686190592.4937127,319
1686190592.509443,320
1686190592.5220613,320
1686190592.5349555,319
1686190592.5499587,319
1686190592.5628762,319
1686190592.5755424,320
1686190592.5915318,321
1686190592.6034074,321
1686190592.6206074,320
1686190592.6324983,319
1686190592.6449823,319
1686190592.6611385,320
1686190592.6739004,321
1686190592.685956,320
1686190592.7022643,319
1686190592.7145116,319
1686190592.7268293,319
1686190592.7430243,320
1686190592.755615,320
1686190592.7719603,319
1686190592.784141,318
1686190592.7967803,318
1686190592.8123813,319
1686190592.825157,321
1686190592.83777,321
1686190592.8533533,320
1686190592.8663344,319
1686190592.8786032,320
1686190592.8946595,320
1686190592.9062638,321
1686190592.9231944,320
1686190592.9358256,320
1686190592.947261,318
1686190592.9642484,319
1686190592.9761891,320
1686190592.988189,321
1686190593.0053234,320
1686190593.0173082,318
1686190593.0292978,318
1686190593.0463004,319
1686190593.0583255,319
1686190593.0708928,319
1686190593.087266,318
1686190593.0989292,318
1686190593.115016,318
1686190593.128032,319
1686190593.1406708,319
1686190593.1568549,319
1686190593.1688564,318
1686190593.1814718,317
1686190593.1978507,318
1686190593.2098453,319
1686190593.2219405,320
1686190593.2388983,319
1686190593.250403,318
1686190593.2674646,318
1686190593.2798266,318
1686190593.2920465,320
1686190593.3087175,320
1686190593.3209288,319
1686190593.3328738,318
1686190593.3488238,318
1686190593.3609838,318
1686190593.3734827,319
1686190593.3904188,319
1686190593.4019253,318
1686190593.4147637,317
1686190593.4308248,318
1686190593.443642,319
1686190593.459682,320
1686190593.4723153,320
1686190593.484512,319
1686190593.5002508,319
1686190593.5129359,320
1686190593.5256486,320
1686190593.5421429,320
1686190593.5541372,319
1686190593.566129,318
1686190593.5830965,318
1686190593.595505,318
1686190593.6116498,319
1686190593.6233654,319
1686190593.6363914,318
1686190593.651843,317
1686190593.6648517,318
1686190593.6768649,320
1686190593.6928403,320
1686190593.7057986,321
1686190593.7178216,321
1686190593.7344844,322
1686190593.7467728,324
1686190593.7624357,328
1686190593.7750514,330
1686190593.7881055,332
1686190593.8040948,334
1686190593.8159094,336
1686190593.8287888,339
1686190593.8446045,342
1686190593.8566592,344
1686190593.8696082,344
1686190593.8856015,343
1686190593.8979363,343
1686190593.9111116,342
1686190593.9264517,342
1686190593.93953,340
1686190593.955627,337
1686190593.96767,334
1686190593.980484,329
1686190593.996821,326
1686190594.0087647,325
1686190594.0211446,322
1686190594.0376089,319
1686190594.0499585,317
1686190594.0621667,316
1686190594.0779088,317
1686190594.090862,318
1686190594.1068678,319
1686190594.1196973,319
1686190594.1317542,320
1686190594.1481695,320
1686190594.1597364,322
1686190594.1727948,321
1686190594.188848,318
1686190594.2014148,314
1686190594.213836,313
1686190594.2301574,312
1686190594.2417345,312
1686190594.254728,312
1686190594.2705662,312
1686190594.2831757,310
1686190594.299557,310
1686190594.311581,311
1686190594.324562,313
1686190594.3399315,314
1686190594.3529336,313
1686190594.365054,313
1686190594.3818126,314
1686190594.3938081,315
1686190594.405854,316
1686190594.4223373,315
1686190594.434815,313
1686190594.4514635,311
1686190594.46373,310
1686190594.4758306,310
1686190594.4918475,309
1686190594.504701,307
1686190594.5163624,305
1686190594.5329843,305
1686190594.5457437,305
1686190594.5577738,306
1686190594.5736046,305
1686190594.5859823,305
1686190594.6017182,305
1686190594.614677,305
1686190594.627032,306
1686190594.6438446,307
1686190594.6557696,308
1686190594.6678953,307
1686190594.6848936,307
1686190594.6965601,308
1686190594.7092502,309
1686190594.7255812,310
1686190594.7380214,310
1686190594.7501915,309
1686190594.7663887,308
1686190594.7790105,309
1686190594.7955515,310
1686190594.807653,311
1686190594.8200004,310
1686190594.8360658,310
1686190594.8481286,311
1686190594.8608599,312
1686190594.8775063,313
1686190594.8889291,315
1686190594.9009311,314
1686190594.9183965,314
1686190594.9306269,315
1686190594.9466734,316
1686190594.9593923,318
1686190594.971706,318
1686190594.9878838,318
1686190595.0001178,318
1686190595.0121462,318
1686190595.0288024,319
1686190595.040856,321
1686190595.0528777,320
1686190595.0697787,319
1686190595.081773,319
1686190595.09449,319
1686190595.110742,320
1686190595.123015,321
1686190595.1386025,322
1686190595.1516657,321
1686190595.1636786,319
1686190595.1801488,319
1686190595.1931891,321
1686190595.2048538,322
1686190595.2205591,321
1686190595.233715,321
1686190595.245741,322
1686190595.2618113,323
1686190595.2741504,325
1686190595.2908082,325
1686190595.3028271,324
1686190595.3151133,324
1686190595.3321507,324
1686190595.3444185,324
1686190595.3567064,324
1686190595.3725212,323
1686190595.3844965,322
1686190595.397436,320
1686190595.413454,320
1686190595.4260585,321
1686190595.4418828,321
1686190595.4547057,320
1686190595.4667494,320
1686190595.48346,320
1686190595.4957168,322
1686190595.507688,322
1686190595.524469,323
1686190595.5367818,323
1686190595.5488307,322
1686190595.564895,323
1686190595.5777671,324
1686190595.5898747,325
1686190595.6057827,324
1686190595.6178136,321
1686190595.6346607,319
1686190595.647435,317
1686190595.6595032,316
1686190595.676097,313
1686190595.6883771,311
1686190595.7004383,307
1686190595.7168,305
1686190595.7288842,304
1686190595.7407491,304
1686190595.7578273,304
1686190595.7698438,303
1686190595.7857516,302
1686190595.7988086,303
1686190595.8110955,304
1686190595.8276806,306
1686190595.839637,307
1686190595.8519804,307
1686190595.868676,307
1686190595.88067,309
1686190595.8923113,311
1686190595.909258,313
1686190595.921837,313
1686190595.933832,312
1686190595.9498382,312
1686190595.9625356,312
1686190595.978615,313
1686190595.990944,313
1686190596.0037675,312
1686190596.0201228,310
1686190596.0318863,309
1686190596.0440118,309
1686190596.0606875,310
1686190596.0728939,309
1686190596.0849667,307
1686190596.1018524,306
1686190596.1138382,305
1686190596.1304727,305
1686190596.1425378,306
1686190596.1550713,306
1686190596.1713667,305
1686190596.1832101,305
1686190596.1961432,306
1686190596.212738,307
1686190596.2238774,308
1686190596.2368798,307
1686190596.2528133,307
1686190596.2653434,307
1686190596.281523,307
1686190596.2942646,309
1686190596.3063354,310
1686190596.3231487,309
1686190596.335406,308
1686190596.3475127,308
1686190596.3636973,309
1686190596.3759346,310
1686190596.388512,311
1686190596.404325,310
1686190596.417487,310
1686190596.429322,310
1686190596.445833,311
1686190596.4583316,313
1686190596.474741,313
1686190596.4869404,312
1686190596.4987931,311
1686190596.5149667,311
1686190596.5278318,312
1686190596.5398278,313
1686190596.556095,313
1686190596.5688438,312
1686190596.5807974,311
1686190596.5969646,312
1686190596.6098251,313
1686190596.6263883,314
1686190596.6384318,313
1686190596.6504772,312
1686190596.6671312,312
1686190596.678912,313
1686190596.6917825,314
1686190596.70805,315
1686190596.719759,314
1686190596.732203,314
1686190596.7488763,314
1686190596.760943,315
1686190596.7768328,316
1686190596.7898388,317
1686190596.8017435,316
1686190596.8187442,316
1686190596.8304956,317
1686190596.8434308,318
1686190596.8597236,319
1686190596.8716674,319
1686190596.883676,318
1686190596.9007661,318
1686190596.9130247,318
1686190596.9270718,319
1686190596.9417975,320
1686190596.9537816,319
1686190596.9702382,318
1686190596.982282,318
1686190596.9948258,319
1686190597.011197,320
1686190597.0237346,320
1686190597.0349276,320
1686190597.0519311,319
1686190597.0644624,320
1686190597.076315,321
1686190597.0928695,322
1686190597.1053941,322
1686190597.1217837,321
1686190597.133982,321
1686190597.1463346,321
1686190597.1628444,322
1686190597.1749349,323
1686190597.1874447,323
1686190597.2029126,322
1686190597.2156708,322
1686190597.228522,323
1686190597.2439077,323
1686190597.2568727,324
1686190597.2693567,323
1686190597.2858214,323
1686190597.297912,323
1686190597.3140614,324
1686190597.3264623,326
1686190597.3384838,326
1686190597.3557866,325
1686190597.3675756,325
1686190597.379739,326
1686190597.396338,327
1686190597.408727,328
1686190597.420771,328
1686190597.4366105,327
1686190597.4496112,327
1686190597.4656844,327
1686190597.4782085,328
1686190597.490387,328
1686190597.5068018,328
1686190597.5189674,327
1686190597.5309687,326
1686190597.5477836,326
1686190597.5598686,326
1686190597.5718625,326
1686190597.5888193,326
1686190597.6008077,324
1686190597.616787,324
1686190597.629648,325
1686190597.6415474,326
1686190597.6581976,325
1686190597.6702938,324
1686190597.6822972,323
1686190597.7000139,323
1686190597.7108624,324
1686190597.7237623,324
1686190597.7404387,324
1686190597.7525492,323
1686190597.7647266,322
1686190597.7807543,323
1686190597.7930884,324
1686190597.8097358,324
1686190597.8224187,324
1686190597.8338206,323
1686190597.8508167,322
1686190597.8628109,323
1686190597.874569,324
1686190597.8910768,325
1686190597.9038677,324
1686190597.9161549,323
1686190597.9323003,323
1686190597.9443095,324
1686190597.961233,325
1686190597.9737005,325
1686190597.9859817,324
1686190598.002012,323
1686190598.014012,323
1686190598.027006,324
1686190598.0425885,325
1686190598.0555856,325
1686190598.0677466,324
1686190598.084341,323
1686190598.096719,323
1686190598.108729,324
1686190598.125216,324
1686190598.1372552,324
1686190598.153933,323
1686190598.1661863,323
1686190598.1779175,323
1686190598.1949015,324
1686190598.2069747,324
1686190598.2196648,322
1686190598.2355561,321
1686190598.2481363,322
1686190598.2606645,322
1686190598.2765236,323
1686190598.2889767,322
1686190598.3056476,321
1686190598.3171563,321
1686190598.3299048,321
1686190598.3464723,322
1686190598.3587506,323
1686190598.3707497,322
1686190598.3875341,321
1686190598.3990774,320
1686190598.4118428,321
1686190598.4277313,322
1686190598.4406877,322
1686190598.456513,322
1686190598.4688308,321
1686190598.4814992,321
1686190598.49757,322
1686190598.5098064,322
1686190598.5225604,322
1686190598.5388367,321
1686190598.550554,320
1686190598.5635529,320
1686190598.579552,321
1686190598.5918546,322
1686190598.6046247,321
1686190598.6208794,320
1686190598.633007,319
1686190598.6493962,320
1686190598.6614182,321
1686190598.674122,322
1686190598.6900766,321
1686190598.7020605,320
1686190598.715178,319
1686190598.731806,320
1686190598.7437387,321
1686190598.7557364,321
1686190598.7720668,320
1686190598.7847917,319
1686190598.8007452,319
1686190598.8127844,319
1686190598.8257823,320
1686190598.8418953,320
1686190598.8537216,319
1686190598.866795,318
1686190598.882734,318
1686190598.894722,319
1686190598.9077435,320
1686190598.9238644,320
1686190598.9357972,319
1686190598.948055,318
1686190598.9647956,318
1686190598.9767876,319
1686190598.9930694,320
1686190599.0057697,319
1686190599.0180302,318
1686190599.0337195,318
1686190599.046788,318
1686190599.0590608,319
1686190599.0757227,319
1686190599.0877903,319
1686190599.0999324,318
1686190599.1167336,318
1686190599.128614,318
1686190599.1454926,319
1686190599.1575603,319
1686190599.1695035,318
1686190599.1857998,317
1686190599.1985004,317
1686190599.2104928,318
1686190599.2272232,318
1686190599.2391644,318
1686190599.2517145,317
1686190599.2671661,316
1686190599.2802358,317
1686190599.296164,318
1686190599.3092074,318
1686190599.3204217,317
1686190599.3375335,317
1686190599.3495295,317
1686190599.3617837,317
1686190599.3784616,318
1686190599.3907413,318
1686190599.4024563,317
1686190599.419527,316
1686190599.4314806,316
1686190599.4445174,317
1686190599.4604716,318
1686190599.472673,318
1686190599.4887905,316
1686190599.50147,316
1686190599.5134616,316
1686190599.529849,317
1686190599.5424592,317
1686190599.5547478,316
1686190599.5705523,315
1686190599.5834565,314
1686190599.5955436,314
1686190599.611783,314
1686190599.6245317,314
1686190599.6405516,313
1686190599.6527834,311
1686190599.6655254,310
1686190599.681559,311
1686190599.693769,311
1686190599.705456,311
1686190599.721881,308
1686190599.734932,307
1686190599.746921,308
1686190599.7628956,309
1686190599.7759376,310
1686190599.79222,311
1686190599.8042421,312
1686190599.8169272,315
1686190599.832961,320
1686190599.844962,325
1686190599.8579378,331
1686190599.8739283,336
1686190599.8858643,340
1686190599.898878,344
1686190599.9148633,348
1686190599.9268916,351
1686190599.939252,353
1686190599.9568841,353
1686190599.9682362,352
1686190599.9842188,352
1686190599.9969025,352
1686190600.0089598,351
1686190600.0256407,349
1686190600.037862,347
1686190600.049653,344
1686190600.0667171,343
1686190600.0787225,343
1686190600.0907142,341
1686190600.1069756,340
1686190600.119571,338
1686190600.1355278,336
1686190600.1486635,336
1686190600.1608908,335
1686190600.1766415,334
1686190600.1896694,333
1686190600.2016053,331
1686190600.2178917,330
1686190600.2305706,330
1686190600.242585,330
1686190600.2588763,330
1686190600.2711732,328
1686190600.2831366,326
1686190600.2997675,325
1686190600.3125935,324
1686190600.328512,323
1686190600.340516,322
1686190600.353579,319
1686190600.3694348,316
1686190600.3812416,314
1686190600.3943007,313
1686190600.4106,311
1686190600.422549,310
1686190600.4354658,307
1686190600.4517708,305
1686190600.4638226,306
1686190600.4797707,307
1686190600.492541,307
1686190600.5045352,306
1686190600.5213273,306
1686190600.53362,307
1686190600.54568,308
1686190600.561616,310
1686190600.5746381,311
1686190600.5866396,312
1686190600.6029553,315
1686190600.615693,319
1686190600.6307454,329
1686190600.6439552,338
1686190600.6559715,345
1686190600.6726284,349
1686190600.6849523,353
1686190600.6969798,357
1686190600.7136495,360
1686190600.725964,362
1686190600.737704,360
1686190600.7546513,356
1686190600.7669249,351
1686190600.7786965,347
1686190600.795702,341
1686190600.8080778,335
1686190600.823694,328
1686190600.836703,320
1686190600.8486314,312
1686190600.8647254,303
1686190600.8777268,295
1686190600.889891,286
1686190600.9057055,277
1686190600.918705,269
1686190600.9307024,265
1686190600.946631,263
1686190600.9597144,262
1686190600.9758313,261
1686190600.987701,260
1686190601.000692,261
1686190601.0167038,262
1686190601.028815,266
1686190601.041635,269
1686190601.0577145,271
1686190601.0699492,273
1686190601.0827796,277
1686190601.0987008,280
1686190601.11095,285
1686190601.1228313,288
1686190601.1396449,291
1686190601.1519153,293
1686190601.1679716,297
1686190601.1807022,302
1686190601.192962,307
1686190601.2096322,310
1686190601.2217007,313
1686190601.233891,315
1686190601.2496488,319
1686190601.2626517,323
1686190601.2748957,326
1686190601.290957,327
1686190601.303707,328
1686190601.319635,329
1686190601.331954,330
1686190601.3445847,331
1686190601.3608987,331
1686190601.372891,329
1686190601.3856652,325
1686190601.4015825,322
1686190601.4135826,320
1686190601.426654,316
1686190601.443156,309
1686190601.4547102,303
1686190601.4676027,297
1686190601.4837234,296
1686190601.4955485,296
1686190601.5125568,297
1686190601.5246685,298
1686190601.5365937,300
1686190601.5535362,302
1686190601.5657153,305
1686190601.5775492,309
1686190601.5945413,314
1686190601.6065466,317
1686190601.6188538,319
1686190601.6348665,320
1686190601.6476061,322
1686190601.6635854,323
1686190601.675864,324
1686190601.6885357,324
1686190601.7047658,323
1686190601.716868,322
1686190601.729717,322
1686190601.7458851,322
1686190601.7579613,321
1686190601.7707677,319
1686190601.7865596,315
1686190601.7989862,312
1686190601.8149583,310
1686190601.8277035,308
1686190601.839758,306
1686190601.8567119,304
1686190601.868721,304
1686190601.880639,305
1686190601.897703,306
1686190601.909725,308
1686190601.9223278,309
1686190601.9386518,309
1686190601.9504042,310
1686190601.9629872,312
1686190601.9793282,313
1686190601.9913094,315
1686190602.0076938,314
1686190602.020382,313
1686190602.0320053,313
1686190602.0490031,315
1686190602.0610087,316
1686190602.073027,316
1686190602.090083,316
1686190602.1020212,315
1686190602.1143126,316
1686190602.1310666,317
1686190602.143372,318
1686190602.1593466,318
1686190602.1720252,317
1686190602.1842184,316
1686190602.2003503,317
1686190602.2130165,318
1686190602.2250876,319
1686190602.2413545,318
1686190602.254022,318
1686190602.2663176,317
1686190602.2820165,318
1686190602.2940633,319
1686190602.3102927,319
1686190602.3233492,319
1686190602.3357139,318
1686190602.351559,318
1686190602.3646286,318
1686190602.3767238,319
1686190602.3925748,319
1686190602.4056282,318
1686190602.4176202,317
1686190602.4336088,317
1686190602.446573,318
1686190602.458563,319
1686190602.4748678,318
1686190602.4869475,318
1686190602.5035715,317
1686190602.5158372,318
1686190602.5275648,319
1686190602.5445578,319
1686190602.5566125,319
1686190602.5685685,318
1686190602.5856225,317
1686190602.5975697,318
1686190602.6099036,319
1686190602.6265786,319
1686190602.6389682,318
1686190602.6553054,317
1686190602.6672716,317
1686190602.6799543,318
1686190602.6963046,319
1686190602.708302,319
1686190602.7199726,318
1686190602.7364008,318
1686190602.7493873,318
1686190602.762125,319
1686190602.7780478,320
1686190602.7901113,319
1686190602.802419,318
1686190602.8186836,317
1686190602.831181,318
1686190602.847192,319
1686190602.8601983,319
1686190602.872206,318
1686190602.8885264,317
1686190602.900186,317
1686190602.9132028,318
1686190602.92952,319
1686190602.941561,319
1686190602.9538906,318
1686190602.9705734,318
1686190602.982832,318
1686190602.9988892,319
1686190603.0116253,320
1686190603.023595,319
1686190603.0398633,318
1686190603.0525389,318
1686190603.064545,318
1686190603.0805569,319
1686190603.0935624,320
1686190603.1056921,320
1686190603.1218657,318
1686190603.1346197,318
1686190603.15068,318
1686190603.1628745,319
1686190603.1756184,320
1686190603.191545,319
1686190603.2038686,318
1686190603.2166195,318
1686190603.2326348,318
1686190603.244551,319
1686190603.2566028,320
1686190603.2737105,319
1686190603.2865667,318
1686190603.298559,318
1686190603.3146214,319
1686190603.32662,320
1686190603.3425505,320
1686190603.3555999,319
1686190603.367854,318
1686190603.3835952,319
1686190603.3966048,320
1686190603.408598,320
1686190603.424601,319
1686190603.4376173,319
1686190603.4497504,318
1686190603.466562,318
1686190603.4781635,320
1686190603.4942029,320
1686190603.5073066,319
1686190603.5193436,319
1686190603.5361404,319
1686190603.54822,320
1686190603.5602071,321
1686190603.576143,321
1686190603.5891614,320
1686190603.6012444,319
1686190603.6172082,319
1686190603.6292078,320
1686190603.6455967,321
1686190603.6586607,321
1686190603.670652,320
1686190603.6867297,319
1686190603.6996572,320
1686190603.711664,321
1686190603.7275913,321
1686190603.7405884,321
1686190603.7525945,320
1686190603.7685893,319
1686190603.7816536,320
1686190603.7935941,322
1686190603.8096468,322
1686190603.8226082,321
1686190603.8388858,320
1686190603.8505967,320
1686190603.8636508,321
1686190603.879589,321
1686190603.8919048,321
1686190603.904656,320
1686190603.920595,319
1686190603.9330065,319
1686190603.9460301,320
1686190603.9621394,320
1686190603.974361,320
1686190603.9902906,319
1686190604.0030348,318
1686190604.015113,318
1686190604.0319788,319
1686190604.0429409,320
1686190604.0561147,319
1686190604.0726972,318
1686190604.0844498,317
1686190604.0967882,318
1686190604.1128273,319
1686190604.125319,319
1686190604.138027,318
1686190604.15451,317
1686190604.1665652,317
1686190604.1828659,318
1686190604.1953475,319
1686190604.2079046,319
1686190604.2239559,318
1686190604.2362673,317
1686190604.2481158,317
1686190604.26494,318
1686190604.276954,319
1686190604.2897623,319
1686190604.3059058,318
1686190604.3183777,318
1686190604.3346927,318
1686190604.3468177,319
1686190604.3589115,319
1686190604.3751357,319
1686190604.3869143,318
1686190604.400048,317
1686190604.4165852,318
1686190604.4285474,319
1686190604.441133,319
1686190604.4575436,318
1686190604.4695966,318
1686190604.4855933,318
1686190604.4975917,318
1686190604.5106707,319
1686190604.5265212,319
1686190604.5385718,318
1686190604.5515246,317
1686190604.567594,317
1686190604.5796003,318
1686190604.5925245,318
1686190604.608723,318
1686190604.6205883,317
1686190604.6335123,316
1686190604.6493516,317
1686190604.6613631,318
1686190604.6779056,319
1686190604.6909783,318
1686190604.7033024,317
1686190604.7189813,317
1686190604.7315493,318
1686190604.7443047,319
1686190604.7608705,319
1686190604.7729373,319
1686190604.7853026,318
1686190604.8016808,318
1686190604.8139086,319
1686190604.8297691,319
1686190604.8423524,319
1686190604.854805,318
1686190604.8712757,318
1686190604.8827662,318
1686190604.8958964,319
1686190604.9120448,319
1686190604.924547,318
1686190604.9365852,317
1686190604.9531016,316
1686190604.9650898,316
1686190604.9770987,317
1686190604.993503,317
1686190605.006363,317
1686190605.0227113,316
1686190605.0346842,316
1686190605.0474946,317
1686190605.062911,318
1686190605.0758743,319
1686190605.0883863,318
1686190605.1044939,317
1686190605.116946,318
1686190605.1290069,319
1686190605.145674,320
1686190605.158417,319
1686190605.1746929,319
1686190605.1864302,318
1686190605.1987698,319
1686190605.214999,320
1686190605.2270694,321
1686190605.239553,320
1686190605.2562375,319
1686190605.2685723,318
1686190605.2808092,319
1686190605.2968912,320
1686190605.308889,320
1686190605.3253798,319
1686190605.337948,318
1686190605.3498867,318
1686190605.3662355,318
1686190605.3789084,319
1686190605.391495,319
1686190605.4070396,318
1686190605.4199908,317
1686190605.4318807,317
1686190605.447907,318
1686190605.460893,319
1686190605.472891,318
1686190605.4897647,317
1686190605.501775,318
1686190605.5184898,318
1686190605.5305257,319
1686190605.542443,319
1686190605.5587656,318
1686190605.571042,317
1686190605.5839424,317
1686190605.6004174,317
1686190605.612673,318
1686190605.624783,318
1686190605.6405394,317
1686190605.653681,316
1686190605.6697187,316
1686190605.681761,317
1686190605.6939018,318
1686190605.7098892,318
1686190605.7229674,317
1686190605.7353122,317
1686190605.7518592,317
1686190605.7639353,318
1686190605.7764468,319
1686190605.7927668,318
1686190605.8048801,318
1686190605.816698,317
1686190605.8337383,318
1686190605.8459258,319
1686190605.8622174,319
1686190605.8745227,319
1686190605.8861156,318
1686190605.9035003,318
1686190605.915208,319
1686190605.927213,319
1686190605.9442103,319
1686190605.9567804,319
1686190605.9682555,318
1686190605.9851277,318
1686190605.997279,318
1686190606.0136414,319
1686190606.025753,319
1686190606.0378604,318
1686190606.0548346,317
1686190606.0673704,318
1686190606.0789783,319
1686190606.0956357,320
1686190606.1076422,319
1686190606.120335,318
1686190606.1367936,318
1686190606.1490905,319
1686190606.1651347,320
1686190606.1774924,320
1686190606.1896791,320
1686190606.2062063,319
1686190606.217981,319
1686190606.2306,320
1686190606.2469363,320
1686190606.2595096,320
1686190606.2721045,320
1686190606.2879465,319
1686190606.300727,319
1686190606.3127885,320
1686190606.3291292,321
1686190606.3413348,321
1686190606.3578389,319
1686190606.3705602,319
1686190606.3820884,319
1686190606.3988667,320
1686190606.4108582,320
1686190606.4229715,319
1686190606.4400923,318
1686190606.452297,317
1686190606.464343,318
1686190606.4809716,318
1686190606.492695,318
1686190606.5092707,317
1686190606.5217059,316
1686190606.5334513,316
1686190606.5505545,317
1686190606.5619125,318
1686190606.575103,318
1686190606.5913086,317
1686190606.6030574,317
1686190606.6158721,317
1686190606.6325216,318
1686190606.6439822,319
1686190606.6608782,319
1686190606.673031,318
1686190606.6855876,317
1686190606.7018893,318
1686190606.713748,319
1686190606.7258527,320
1686190606.7430103,319
1686190606.755001,318
1686190606.7670357,318
1686190606.7839017,319
1686190606.7958024,320
1686190606.8078258,320
1686190606.8247228,319
1686190606.8366568,318
1686190606.8533657,318
1686190606.8658025,318
1686190606.8780427,319
1686190606.8940272,318
1686190606.906742,317
1686190606.9186206,316
1686190606.9350262,316
1686190606.9470541,317
1686190606.9595845,317
1686190606.9756427,317
1686190606.9885712,316
1686190607.005026,315
1686190607.017437,315
1686190607.0292575,316
1686190607.045445,317
1686190607.057883,316
1686190607.0707998,315
1686190607.0869758,314
1686190607.0993264,315
1686190607.1112895,316
1686190607.127893,317
1686190607.1398904,316
1686190607.1528006,315
1686190607.1689153,315
1686190607.1808753,317
1686190607.1977358,317
1686190607.2097838,317
1686190607.2217944,316
1686190607.238381,316
1686190607.250033,316
1686190607.2630293,317
1686190607.278954,318
1686190607.2913206,317
1686190607.3041158,316
1686190607.320345,316
1686190607.3326344,316
1686190607.3492918,317
1686190607.3611257,318
1686190607.3731043,317
1686190607.3907614,317
1686190607.4019928,317
1686190607.4139533,318
1686190607.4310029,319
1686190607.4436398,319
1686190607.455509,318
1686190607.4718812,317
1686190607.4839253,317
1686190607.5006154,318
1686190607.5126138,319
1686190607.5244055,319
1686190607.5411084,318
1686190607.5540023,317
1686190607.565681,317
1686190607.5827284,318
1686190607.5949275,319
1686190607.6069987,318
1686190607.6228864,317
1686190607.635694,317
1686190607.6483603,317
1686190607.6644726,319
1686190607.6766877,319
1686190607.6930487,318
1686190607.7049348,318
1686190607.7177975,317
1686190607.7344565,318
1686190607.7456162,319
1686190607.7586257,320
1686190607.7746565,319
1686190607.7874177,318
1686190607.7993765,318
1686190607.8159397,319
1686190607.8283935,320
1686190607.8443089,319
1686190607.856712,319
1686190607.8695443,318
1686190607.8853092,319
1686190607.8979666,320
1686190607.9100993,320
1686190607.9266763,319
1686190607.9388685,318
1686190607.9510372,318
1686190607.968037,319
1686190607.9800394,320
1686190607.9950423,320
1686190608.008538,319
1686190608.020804,319
1686190608.0369728,319
1686190608.0492933,320
1686190608.0610464,321
1686190608.0780447,321
1686190608.0905719,320
1686190608.102773,319
1686190608.119024,319
1686190608.1309345,320
1686190608.142995,321
1686190608.159931,320
1686190608.1716695,319
1686190608.188757,318
1686190608.201257,319
1686190608.2128842,319
1686190608.2297966,320
1686190608.241838,319
1686190608.2537558,318
1686190608.270814,317
1686190608.2831209,318
1686190608.2952302,319
1686190608.3109975,319
1686190608.3235095,317
1686190608.3403866,316
1686190608.3523967,316
1686190608.3640542,317
1686190608.381407,318
1686190608.3935483,318
1686190608.405161,317
1686190608.4222012,316
1686190608.4342701,316
1686190608.4464886,317
1686190608.4633958,318
1686190608.475329,317
1686190608.4878817,316
1686190608.503998,315
1686190608.516919,316
1686190608.5320492,317
1686190608.5449257,317
1686190608.55692,316
1686190608.5736468,315
1686190608.585313,314
1686190608.597949,315
1686190608.6146095,316
1686190608.6273003,316
1686190608.638885,315
1686190608.6557412,314
1686190608.6679032,314
1686190608.6838412,315
1686190608.6967864,316
1686190608.7089882,316
1686190608.7244976,314
1686190608.737762,314
1686190608.7500103,314
1686190608.766514,315
1686190608.778006,316
1686190608.7909284,315
1686190608.8067796,314
1686190608.819446,314
1686190608.8358095,314
1686190608.8480864,315
1686190608.8606527,316
1686190608.8766968,314
1686190608.8889518,313
1686190608.9016984,313
1686190608.91754,314
1686190608.9296525,315
1686190608.9425955,316
1686190608.9579365,315
1686190608.9711347,314
1686190608.983623,314
1686190608.9996831,316
1686190609.0118332,316
1686190609.0286367,316
1686190609.0402138,315
1686190609.0524576,315
1686190609.069519,316
1686190609.081797,317
1686190609.093608,318
1686190609.1102986,317
1686190609.1223452,316
1686190609.1348321,316
1686190609.1512015,316
1686190609.1633775,317
1686190609.1795032,318
1686190609.1920846,317
1686190609.2040071,316
1686190609.2204156,315
1686190609.2329814,316
1686190609.2448673,317
1686190609.261871,317
1686190609.274306,316
1686190609.286763,315
1686190609.3022425,316
1686190609.3153863,317
1686190609.3274295,318
1686190609.3434286,317
1686190609.3560975,317
1686190609.3726835,316
1686190609.3849342,317
1686190609.396947,318
1686190609.4135723,319
1686190609.4251072,318
1686190609.4379692,318
1686190609.4543383,317
1686190609.4663618,318
1686190609.478546,319
1686190609.49559,319
1686190609.5076315,319
1686190609.5240266,318
1686190609.5366802,318
1686190609.548693,319
1686190609.564939,319
1686190609.577448,320
1686190609.5897396,319
1686190609.6057343,318
1686190609.617998,318
1686190609.6300037,319
1686190609.6463122,320
1686190609.6588926,320
1686190609.6752455,319
1686190609.687741,318
1686190609.7003891,318
1686190609.716111,319
1686190609.7284894,320
1686190609.740973,319
1686190609.7574973,318
1686190609.769029,318
1686190609.7821908,319
1686190609.797979,320
1686190609.8106723,320
1686190609.8228705,319
1686190609.839638,319
1686190609.8514502,319
1686190609.8679345,320
1686190609.8809423,321
1686190609.8925445,320
1686190609.909018,319
1686190609.920977,318
1686190609.933787,318
1686190609.949802,320
1686190609.961859,320
1686190609.9738035,320
1686190609.9907649,319
1686190610.003615,319
1686190610.0187786,319
1686190610.0318906,320
1686190610.0438077,321
1686190610.0607193,320
1686190610.0724034,319
1686190610.0850444,319
1686190610.1009965,320
1686190610.1130078,321
1686190610.125736,321
1686190610.142408,319
1686190610.1546953,319
1686190610.1667285,319
1686190610.183409,320
1686190610.1954803,321
1686190610.2117286,320
1686190610.2243438,319
1686190610.2365212,319
1686190610.252404,319
1686190610.2654066,320
1686190610.277347,321
1686190610.293702,320
1686190610.306358,319
1686190610.3183415,319
1686190610.3343966,319
1686190610.3474052,320
1686190610.3633966,321
1686190610.3754134,320
1686190610.3883557,319
1686190610.4046834,319
1686190610.4163442,320
1686190610.42841,320
1686190610.445499,320
1686190610.457683,320
1686190610.4696686,319
1686190610.4866076,319
1686190610.4984145,320
1686190610.514764,321
1686190610.5274234,320
1686190610.5393484,319
1686190610.5556626,319
1686190610.5684173,319
1686190610.5806215,320
1686190610.5963566,320
1686190610.609418,319
1686190610.621529,318
1686190610.637352,318
1686190610.6504302,319
1686190610.6619759,319
1686190610.6789894,320
1686190610.6909573,319
1686190610.7079148,318
1686190610.7199967,318
1686190610.732246,319
1686190610.7482378,320
1686190610.7609017,320
1686190610.773252,318
1686190610.7896323,317
1686190610.8019788,318
1686190610.814544,319
1686190610.8299181,319
1686190610.8429961,318
1686190610.859193,316
1686190610.8712623,315
1686190610.883903,316
1686190610.8999195,316
1686190610.9122398,316
1686190610.9241426,315
1686190610.9414318,314
1686190610.9532409,314
1686190610.9659693,315
1686190610.9819071,317
1686190610.9942098,318
1686190611.006756,319
1686190611.0229156,319
1686190611.0349734,320
1686190611.050969,322
1686190611.0641146,325
1686190611.0762107,326
1686190611.0921211,327
1686190611.105147,329
1686190611.1170697,331
1686190611.1330588,334
1686190611.1460683,336
1686190611.1581259,338
1686190611.1740599,340
1686190611.187066,341
1686190611.2033575,343
1686190611.215002,346
1686190611.2270193,347
1686190611.2441006,348
1686190611.256345,347
1686190611.2680016,347
1686190611.2850983,348
1686190611.2970014,348
1686190611.3096924,348
1686190611.3260312,346
1686190611.3379607,345
1686190611.3540275,344
1686190611.3673074,344
1686190611.3793123,343
1686190611.3951313,341
1686190611.4081898,338
1686190611.4201949,334
1686190611.4361768,333
1686190611.4491365,332
1686190611.460875,330
1686190611.4779294,327
1686190611.489961,324
1686190611.502018,322
1686190611.518237,321
1686190611.5309415,321
1686190611.5472293,319
1686190611.5591502,317
1686190611.5720758,316
1686190611.588089,316
1686190611.6003985,317
1686190611.612074,319
1686190611.6290777,322
1686190611.6414285,326
1686190611.6541069,332
1686190611.6703146,338
1686190611.682248,345
1686190611.6982942,353
1686190611.7113068,358
1686190611.7232997,361
1686190611.7392442,362
1686190611.7523093,363
1686190611.7643158,364
1686190611.7805529,362
1686190611.793323,358
1686190611.8052568,351
1686190611.821319,343
1686190611.833598,335
1686190611.846398,325
1686190611.862593,313
1686190611.8743026,298
1686190611.8913262,285
1686190611.903324,274
1686190611.9153168,266
1686190611.9324296,260
1686190611.9443011,255
1686190611.9567533,252
1686190611.973252,249
1686190611.9855983,249
1686190611.9975767,250
1686190612.0142574,252
1686190612.0262525,253
1686190612.0425582,254
1686190612.0553238,255
1686190612.0675442,257
1686190612.0838292,259
1686190612.0955899,262
1686190612.1085272,264
1686190612.1245778,265
1686190612.1366007,267
1686190612.1495888,269
1686190612.165536,272
1686190612.177853,274
1686190612.1935308,276
1686190612.2065222,276
1686190612.2188234,278
1686190612.2356026,280
1686190612.2476113,283
1686190612.2601843,284
1686190612.2765434,284
1686190612.2881827,286
1686190612.3001812,287
1686190612.317254,290
1686190612.3294995,291
1686190612.3411832,292
1686190612.3577287,290
1686190612.3707137,290
1686190612.386827,290
1686190612.3986518,289
1686190612.4116483,286
1686190612.4276674,281
1686190612.4396532,279
1686190612.4516633,275
1686190612.4687822,274
1686190612.4816976,275
1686190612.493658,276
1686190612.5097845,277
1686190612.5216558,279
1686190612.5379944,284
1686190612.5506837,291
1686190612.562302,298
1686190612.5792315,304
1686190612.5912511,308
1686190612.6042955,311
1686190612.620236,314
1686190612.632234,316
1686190612.6446006,317
1686190612.661404,316
1686190612.6736896,314
1686190612.686456,312
1686190612.7023716,312
1686190612.7143738,313
1686190612.7306957,312
1686190612.7434564,311
1686190612.7556252,310
1686190612.7725353,308
1686190612.7846107,308
1686190612.796663,307
1686190612.8125393,306
1686190612.8245358,305
1686190612.8376355,304
1686190612.8535376,303
1686190612.8658502,303
1686190612.882023,303
1686190612.894831,301
1686190612.9065552,297
1686190612.9235463,292
1686190612.9357636,289
1686190612.9475427,289
1686190612.9640682,289
1686190612.976742,290
1686190612.9889512,291
1686190613.0052528,293
1686190613.0172534,297
1686190613.0333188,302
1686190613.0465715,307
1686190613.0587282,310
1686190613.075053,314
1686190613.0870557,318
1686190613.0997252,323
1686190613.1159217,328
1686190613.1277397,332
1686190613.1407268,335
1686190613.1567268,337
1686190613.1691642,340
1686190613.1813953,344
1686190613.1980882,347
1686190613.210331,349
1686190613.2265835,351
1686190613.2390304,352
1686190613.2513914,354
1686190613.267031,357
1686190613.2800896,360
1686190613.2920992,361
1686190613.308345,361
1686190613.3203473,362
1686190613.3331323,363
1686190613.3490245,364
1686190613.3613925,365
1686190613.378026,364
1686190613.3906584,364
1686190613.4024014,364
1686190613.4190195,365
1686190613.4310918,366
1686190613.4433653,367
1686190613.4594462,366
1686190613.4723976,365
1686190613.4845126,365
1686190613.5014036,366
1686190613.5133848,367
1686190613.528927,367
1686190613.541889,366
1686190613.5536726,364
1686190613.5708506,364
1686190613.5829377,365
1686190613.5948532,366
1686190613.611794,365
1686190613.6239517,364
1686190613.6359265,362
1686190613.652351,362
1686190613.6646984,361
1686190613.6767917,360
1686190613.6936462,358
1686190613.705592,355
1686190613.7215793,353
1686190613.734653,352
1686190613.7467093,351
1686190613.7628973,349
1686190613.7745824,346
1686190613.7876468,344
1686190613.8036468,343
1686190613.8166556,342
1686190613.8286662,342
1686190613.844676,340
1686190613.8569193,338
1686190613.8736627,337
1686190613.8862135,336
1686190613.8979156,336
1686190613.9148643,335
1686190613.926663,333
1686190613.9388433,330
1686190613.9555914,329
1686190613.9673824,329
1686190613.9804564,328
1686190613.9969418,328
1686190614.00857,327
1686190614.0213058,325
1686190614.0372922,324
1686190614.049654,324
1686190614.0663774,324
1686190614.0783086,324
1686190614.0906389,322
1686190614.1073732,320
1686190614.1193051,319
1686190614.131354,320
1686190614.1483765,319
1686190614.160365,319
1686190614.1725147,317
1686190614.1883135,316
1686190614.201396,316
1686190614.2173111,317
1686190614.2303202,317
1686190614.2423308,316
1686190614.2583716,315
1686190614.2713118,314
1686190614.2833905,315
1686190614.2993224,316
1686190614.3114448,316
1686190614.3243902,315
1686190614.3406003,314
1686190614.3523378,314
1686190614.3693843,314
1686190614.3815958,315
1686190614.3936253,315
1686190614.4103112,313
1686190614.4223235,313
1686190614.4343119,312
1686190614.4513314,313
1686190614.4634526,314
1686190614.4763849,313
1686190614.4923303,312
1686190614.5043142,311
1686190614.5166204,312
1686190614.5333858,312
1686190614.5453026,312
1686190614.5613148,312
1686190614.5735242,311
1686190614.586592,310
1686190614.602533,311
1686190614.614872,312
1686190614.6275191,312
1686190614.6435237,311
1686190614.6556385,310
1686190614.6685877,310
1686190614.6839554,310
1686190614.6970572,311
1686190614.7132583,310
1686190614.7256448,310
1686190614.7383652,309
1686190614.7543805,309
1686190614.766562,310
1686190614.7786222,310
1686190614.7952497,310
1686190614.8073962,309
1686190614.820004,308
1686190614.8363295,309
1686190614.8486152,310
1686190614.863826,310
1686190614.8770056,309
1686190614.8892112,308
1686190614.9059353,307
1686190614.917878,308
1686190614.9299493,309
1686190614.9469426,308
1686190614.9589417,307
1686190614.9709437,307
1686190614.9878576,307
1686190615.0000372,308
1686190615.0126019,309
1686190615.0289311,309
1686190615.0408807,308
1686190615.0568702,307
1686190615.0698714,308
1686190615.081936,309
1686190615.0978768,309
1686190615.1109297,309
1686190615.1229403,308
1686190615.1390357,307
1686190615.1509714,309
1686190615.1639354,310
1686190615.1796477,310
1686190615.1926446,310
1686190615.2086809,309
1686190615.220578,309
1686190615.2336543,310
1686190615.2496426,311
1686190615.261654,311
1686190615.2746394,310
1686190615.2905927,310
1686190615.302895,310
1686190615.315627,311
1686190615.331624,312
1686190615.3438408,312
1686190615.3566122,311
1686190615.3728127,311
1686190615.3853605,312
1686190615.401604,313
1686190615.4137514,313
1686190615.4255552,313
1686190615.4426217,312
1686190615.4546084,313
1686190615.4672785,314
1686190615.4828467,315
1686190615.4959471,315
1686190615.5081472,314
1686190615.5239968,313
1686190615.5361538,314
1686190615.5528107,315
1686190615.5649488,316
1686190615.5780377,315
1686190615.5939467,315
1686190615.606116,314
1686190615.6181173,314
1686190615.634916,315
1686190615.647108,316
1686190615.6594608,316
1686190615.6758714,315
1686190615.6879108,315
1686190615.7042553,316
1686190615.7162013,317
1686190615.7293832,317
1686190615.745712,316
1686190615.757028,316
1686190615.7699356,316
1686190615.7865007,316
1686190615.7990189,317
1686190615.8113282,317
1686190615.8275137,316
1686190615.8396375,316
1686190615.8516786,316
1686190615.8679895,317
1686190615.8808453,318
1686190615.897033,317
1686190615.9094377,316
1686190615.9216123,316
1686190615.9380207,316
1686190615.9506507,317
1686190615.9621186,318
1686190615.9790156,317
1686190615.9908192,317
1686190616.0039659,317
1686190616.0198061,317
1686190616.0318046,319
1686190616.0478127,319
1686190616.060807,318
1686190616.072814,317
1686190616.0888197,317
1686190616.1018138,318
1686190616.113808,318
1686190616.129874,318
1686190616.1428125,317
1686190616.1548777,317
1686190616.171535,317
1686190616.1838038,318
1686190616.1958003,319
1686190616.2127683,318
1686190616.2248,317
1686190616.241281,316
1686190616.2528732,317
1686190616.2651365,318
1686190616.282155,318
1686190616.2942817,317
1686190616.3073947,316
1686190616.323391,316
1686190616.334736,316
1686190616.3477778,317
1686190616.3642035,317
1686190616.375642,316
1686190616.3927357,315
1686190616.405132,316
1686190616.4173267,317
1686190616.4333134,318
1686190616.4460707,318
1686190616.457846,318
1686190616.47468,318
1686190616.4870899,319
1686190616.4994092,320
1686190616.515776,321
1686190616.528247,321
1686190616.5441098,321
1686190616.5558462,320
1686190616.5687807,320
1686190616.5855474,321
1686190616.5977502,322
1686190616.6094038,321
1686190616.6261368,320
1686190616.6381445,320
1686190616.6507654,320
1686190616.6668062,321
1686190616.6794152,321
1686190616.691541,320
1686190616.7083256,319
1686190616.720293,319
1686190616.7359533,320
1686190616.7491317,320
1686190616.7616246,320
1686190616.7777774,318
1686190616.7898483,318
1686190616.801856,317
1686190616.818754,318
1686190616.8309538,318
1686190616.8429966,317
1686190616.858962,315
1686190616.871848,315
1686190616.888027,315
1686190616.9006364,316
1686190616.912965,316
1686190616.928961,314
1686190616.9416716,313
1686190616.9535427,312
1686190616.969724,313
1686190616.9825525,313
1686190616.9940183,313
1686190617.0109706,311
1686190617.0234702,310
1686190617.0356882,309
1686190617.0522532,310
1686190617.0639784,310
1686190617.0811667,309
1686190617.093103,307
1686190617.1050043,306
1686190617.12193,305
1686190617.133966,306
1686190617.1466,305
1686190617.1625898,304
1686190617.1745868,302
1686190617.1865175,301
1686190617.203153,301
1686190617.2160969,301
1686190617.2320008,300
1686190617.2447743,299
1686190617.2568548,298
1686190617.2729995,297
1686190617.2854812,297
1686190617.2974393,298
1686190617.3143806,297
1686190617.3270106,295
1686190617.3386433,294
1686190617.354857,294
1686190617.3675976,294
1686190617.3839345,294
1686190617.3959463,294
1686190617.4081135,293
1686190617.425059,292
1686190617.4371397,292
1686190617.4493384,293
1686190617.4658737,293
1686190617.4781513,293
1686190617.4903607,292
1686190617.5069742,292
1686190617.5185506,293
1686190617.5321987,294
1686190617.5471888,294
1686190617.5591934,294
1686190617.5760384,293
1686190617.588104,294
1686190617.6010852,295
1686190617.6176717,296
1686190617.6293612,297
1686190617.6420944,296
1686190617.657928,297
1686190617.6702514,298
1686190617.6827471,299
1686190617.6987994,301
1686190617.7110207,301
1686190617.7278342,301
1686190617.740397,301
1686190617.751932,303
1686190617.7684195,304
1686190617.780866,306
1686190617.7936804,306
1686190617.8098876,306
1686190617.8220415,307
1686190617.8343344,309
1686190617.850819,311
1686190617.863323,312
1686190617.8790512,312
1686190617.891825,313
1686190617.9040778,314
1686190617.9204829,316
1686190617.932148,318
1686190617.9453378,318
1686190617.9611595,318
1686190617.9739802,319
1686190617.9862227,321
1686190618.0020726,323
1686190618.0140655,325
1686190618.0269701,326
1686190618.0432768,327
1686190618.055307,328
1686190618.0718539,330
1686190618.084539,333
1686190618.0961397,335
1686190618.1130059,336
1686190618.1255367,336
1686190618.1374183,338
1686190618.1539028,340
1686190618.1663287,342
1686190618.178674,343
1686190618.1948614,344
1686190618.2069085,345
1686190618.2229614,346
1686190618.235128,349
1686190618.248068,351
1686190618.264724,352
1686190618.2760458,353
1686190618.289053,353
1686190618.3057024,355
1686190618.317747,357
1686190618.3306339,359
1686190618.345664,359
1686190618.3587017,359
1686190618.3709507,360
1686190618.3874805,361
1686190618.3997145,362
1686190618.4163544,363
1686190618.4282603,363
1686190618.4400356,363
1686190618.4570205,363
1686190618.4691267,363
1686190618.4810872,364
1686190618.497471,363
1686190618.5101285,363
1686190618.5221694,362
1686190618.5388355,363
1686190618.5504787,363
1686190618.5674124,363
1686190618.5799437,363
1686190618.5921772,361
1686190618.6081076,359
1686190618.620773,359
1686190618.6328037,358
1686190618.649777,357
1686190618.6619244,355
1686190618.6740308,353
1686190618.6901276,351
1686190618.7027423,350
1686190618.7181494,349
1686190618.7316759,348
1686190618.7432663,345
1686190618.7591937,343
1686190618.7721746,341
1686190618.7847424,340
1686190618.8010855,339
1686190618.813639,338
1686190618.8257122,336
1686190618.842134,334
1686190618.8545625,333
1686190618.86674,333
1686190618.8830838,332
1686190618.895482,331
1686190618.9111807,330
1686190618.92413,329
1686190618.9359505,328
1686190618.952144,329
1686190618.9651039,328
1686190618.9774127,326
1686190618.993749,324
1686190619.0059094,323
1686190619.0179555,323
1686190619.0344582,322
1686190619.0465043,322
1686190619.062574,320
1686190619.0757036,318
1686190619.0875745,317
1686190619.1043692,317
1686190619.1167502,317
1686190619.1286225,316
1686190619.1451197,314
1686190619.1576924,313
1686190619.1695936,312
1686190619.1856644,312
1686190619.1977267,312
1686190619.2106867,311
1686190619.227062,310
1686190619.2390468,309
1686190619.255802,309
1686190619.267795,310
1686190619.2803113,310
1686190619.2961462,309
1686190619.3091352,308
1686190619.321124,308
1686190619.3376234,308
1686190619.3498304,309
1686190619.3618147,308
1686190619.378312,307
1686190619.3909488,307
1686190619.4073887,307
1686190619.4196804,308
1686190619.4320643,309
1686190619.4477658,308
1686190619.4598033,308
1686190619.4729664,307
1686190619.4891074,307
1686190619.5008745,308
1686190619.5132601,309
1686190619.5303617,307
1686190619.5424132,306
1686190619.5580566,306
1686190619.5710864,306
1686190619.5829568,306
1686190619.5989635,306
1686190619.6118133,304
1686190619.6246383,303
1686190619.6407342,302
1686190619.6528592,303
1686190619.664861,303
1686190619.6810002,303
1686190619.693877,303
1686190619.7059877,302
1686190619.722954,302
1686190619.7344105,304
1686190619.7511685,305
1686190619.7637632,305
1686190619.7759428,304
1686190619.7922509,303
1686190619.8042133,304
1686190619.8164966,305
1686190619.8333604,305
1686190619.8454638,305
1686190619.857845,304
1686190619.8742733,304
1686190619.8864388,305
1686190619.9021287,306
1686190619.9154334,306
1686190619.9270513,306
1686190619.9438682,305
1686190619.9554646,305
1686190619.9680405,306
1686190619.98423,307
1686190619.997206,307
1686190620.0091276,306
1686190620.0251973,306
1686190620.037189,306
1686190620.0499814,308
1686190620.0674434,309
1686190620.0790224,308
1686190620.0950592,307
1686190620.10765,306
1686190620.1199796,306
1686190620.1363113,307
1686190620.1485634,308
1686190620.160854,307
1686190620.1768966,306
1686190620.1892242,306
1686190620.2019012,307
1686190620.2179658,308
1686190620.2307587,308
1686190620.2469404,307
1686190620.2589722,307
1686190620.2712033,307
1686190620.2878492,308
1686190620.3000352,309
1686190620.3129094,309
1686190620.329122,308
1686190620.340955,308
1686190620.3536024,309
1686190620.3693116,310
1686190620.3820941,311
1686190620.3983786,310
1686190620.4106963,310
1686190620.42263,310
1686190620.4392378,310
1686190620.4511328,312
1686190620.4641137,312
1686190620.4800453,311
1686190620.4920456,310
1686190620.5050516,310
1686190620.521055,311
1686190620.533112,312
1686190620.545112,312
1686190620.5620463,311
1686190620.5740516,310
1686190620.5900629,310
1686190620.6029203,311
1686190620.6155539,312
1686190620.6319718,312
1686190620.6444933,311
1686190620.6564245,310
1686190620.6729932,311
1686190620.6845691,312
1686190620.6975987,313
1686190620.7139058,313
1686190620.7259364,312
1686190620.7427564,312
1686190620.754727,313
1686190620.7669244,314
1686190620.783008,315
1686190620.7957568,314
1686190620.8081155,313
1686190620.824703,314
1686190620.8371167,315
1686190620.8491132,316
1686190620.864797,316
1686190620.8777456,315
1686190620.8897583,315
1686190620.906423,315
1686190620.9185047,316
1686190620.9346817,316
1686190620.9473639,316
1686190620.959,315
1686190620.9759338,315
1686190620.9884138,315
1686190621.0001357,316
1686190621.0171864,317
1686190621.0291932,316
1686190621.041747,316
1686190621.0573792,316
1686190621.0697649,317
1686190621.086546,318
1686190621.0986698,318
1686190621.1113515,317
1686190621.127062,316
1686190621.1390297,317
1686190621.152334,318
1686190621.1684663,319
1686190621.1807208,319
1686190621.192783,319
1686190621.2096052,318
1686190621.2217228,319
1686190621.2380457,320
1686190621.2501411,321
1686190621.2624452,321
1686190621.2786841,320
1686190621.2913363,320
1686190621.3029876,320
1686190621.3198853,322
1686190621.3324318,322
1686190621.3446655,321
1686190621.361082,321
1686190621.3731341,320
1686190621.3851895,321
1686190621.401906,323
1686190621.414027,323
1686190621.4307115,322
1686190621.4428835,321
1686190621.4560025,322
1686190621.471657,322
1686190621.484278,324
1686190621.4964232,324
1686190621.5125616,323
1686190621.5247676,322
1686190621.536811,323
1686190621.553672,323
1686190621.5651252,324
1686190621.5819616,324
1686190621.594507,323
1686190621.6067593,323
1686190621.6231058,323
1686190621.635036,324
1686190621.647094,325
1686190621.663822,324
1686190621.6758945,323
1686190621.6881275,323
1686190621.7045767,324
1686190621.7172556,325
1686190621.7295766,324
1686190621.745627,323
1686190621.758255,322
1686190621.7745607,322
1686190621.7865567,323
1686190621.7992778,323
1686190621.8153205,322
1686190621.8274205,321
1686190621.839419,321
1686190621.8563576,321
1686190621.8685966,322
1686190621.8813508,322
1686190621.8973043,321
1686190621.909558,320
1686190621.925629,319
1686190621.9385254,320
1686190621.9509764,320
1686190621.9670067,320
1686190621.9790475,319
1686190621.9914086,318
1686190622.0077102,318
1686190622.0204685,318
1686190622.032592,318
1686190622.048369,318
1686190622.0613637,316
1686190622.0776737,315
1686190622.0893679,315
1686190622.1023638,315
1686190622.1186197,315
1686190622.1313686,315
1686190622.1433659,313
1686190622.1596723,312
1686190622.1718159,312
1686190622.184352,313
1686190622.2006476,313
1686190622.2126014,312
1686190622.2252734,311
1686190622.24127,310
1686190622.253575,311
1686190622.2700503,311
1686190622.2822948,311
1686190622.294601,310
1686190622.3112814,308
1686190622.323277,308
1686190622.3352847,309
1686190622.3521318,310
1686190622.3641887,309
1686190622.3768115,308
1686190622.3927782,309
1686190622.4051561,310
1686190622.4208302,312
1686190622.4337761,313
1686190622.4461088,315
1686190622.4627895,317
1686190622.4749978,320
1686190622.4868095,326
1686190622.5031488,332
1686190622.516022,336
1686190622.5278373,339
1686190622.5445526,341
1686190622.556603,342
1686190622.572845,344
1686190622.585519,346
1686190622.597515,345
1686190622.6138155,344
1686190622.626564,341
1686190622.6385164,340
1686190622.654519,340
1686190622.6675284,339
1686190622.6798131,338
1686190622.6965363,336
1686190622.70853,334
1686190622.720601,334
1686190622.7371705,333
1686190622.7495277,332
1686190622.7656815,330
1686190622.7775187,328
1686190622.7905912,326
1686190622.8067627,325
1686190622.8188443,326
1686190622.8315377,325
1686190622.8477237,324
1686190622.8598404,322
1686190622.871867,321
1686190622.8885245,321
1686190622.9010746,321
1686190622.91737,321
1686190622.9291234,320
1686190622.942034,319
1686190622.9583738,319
1686190622.9703627,320
1686190622.9830337,322
1686190622.99931,324
1686190623.0112915,326
1686190623.0236635,328
1686190623.040306,333
1686190623.0522947,339
1686190623.064296,344
1686190623.081294,349
1686190623.0934298,350
1686190623.1096177,353
1686190623.121298,355
1686190623.1342952,356
1686190623.1506925,356
1686190623.1636977,353
1686190623.1746998,350
1686190623.1916442,346
1686190623.2039711,343
1686190623.2166457,340
1686190623.2326448,335
1686190623.244976,330
1686190623.2612422,325
1686190623.273692,320
1686190623.2855642,316
1686190623.3024194,310
1686190623.3154466,303
1686190623.3267415,294
1686190623.343418,287
1686190623.3555498,281
1686190623.3674579,276
1686190623.3844213,273
1686190623.3964086,270
1686190623.4084208,267
1686190623.42587,267
1686190623.4372442,269
1686190623.453571,271
1686190623.4662492,273
1686190623.47825,274
1686190623.4947364,274
1686190623.507183,275
1686190623.5193596,277
1686190623.5357604,280
1686190623.5476604,282
1686190623.560535,284
1686190623.576945,285
1686190623.5888214,288
1686190623.6052365,291
1686190623.618068,294
1686190623.6300652,296
1686190623.646055,297
1686190623.6590767,299
1686190623.6710658,302
1686190623.6875765,305
1686190623.6992562,308
1686190623.711574,310
1686190623.7282867,311
1686190623.7402759,314
1686190623.7566571,318
1686190623.7692714,321
1686190623.781489,323
1686190623.797188,324
1686190623.809759,323
1686190623.8226485,324
1686190623.838488,325
1686190623.8511062,326
1686190623.8631167,325
1686190623.8794205,324
1686190623.8922393,324
1686190623.9044096,322
1686190623.9202895,322
1686190623.9332833,320
1686190623.9493077,318
1686190623.9613636,314
1686190623.973367,314
1686190623.9906485,316
1686190624.003132,320
1686190624.0148814,324
1686190624.0310972,327
1686190624.04331,331
1686190624.0560217,336
1686190624.0723395,342
1686190624.0840142,348
1686190624.1010258,351
1686190624.113334,353
1686190624.126022,353
1686190624.1420095,354
1686190624.1542828,353
1686190624.166021,352
1686190624.1830149,349
1686190624.1952384,345
1686190624.2070196,342
1686190624.223981,340
1686190624.235957,339
1686190624.2482362,336
1686190624.264955,333
1686190624.277148,329
1686190624.293469,324
1686190624.3055246,321
1686190624.3174987,317
1686190624.3345385,311
1686190624.3474793,303
1686190624.3597417,295
1686190624.3754058,287
1686190624.387474,281
1686190624.399857,276
1686190624.4162521,272
1686190624.4288676,270
1686190624.4452457,268
1686190624.4571905,269
1686190624.469859,271
1686190624.4858565,274
1686190624.4983509,275
1686190624.5106528,276
1686190624.526674,277
1686190624.5393453,279
1686190624.5513356,281
1686190624.5683393,283
1686190624.5803535,285
1686190624.5958278,286
1686190624.609068,287
1686190624.6210613,289
1686190624.637315,292
1686190624.6500463,295
1686190624.662435,297
1686190624.678268,298
1686190624.6910276,301
1686190624.7031214,304
1686190624.7189784,307
1686190624.7320383,308
1686190624.7443388,309
1686190624.7599726,311
1686190624.7730412,313
1686190624.7889783,315
1686190624.8006692,317
1686190624.8136802,318
1686190624.829668,319
1686190624.8426533,320
1686190624.8546572,322
1686190624.871298,324
1686190624.883285,326
1686190624.8952243,326
1686190624.9116397,327
1686190624.924277,328
1686190624.9402552,331
1686190624.9523156,333
1686190624.9652684,335
1686190624.9812734,336
1686190624.9942608,337
1686190625.0064461,338
1686190625.0224442,341
1686190625.0347676,343
1686190625.046451,344
1686190625.0634432,345
1686190625.0754986,345
1686190625.0874612,347
1686190625.1042778,349
1686190625.11642,351
1686190625.132903,352
1686190625.1450045,352
1686190625.1580083,353
1686190625.1740024,354
1686190625.186276,356
1686190625.1989474,357
1686190625.2149334,357
1686190625.2273607,357
1686190625.2389886,356
1686190625.255956,358
1686190625.2679982,359
1686190625.2839584,359
1686190625.2969823,358
1686190625.308843,357
1686190625.3257976,357
1686190625.3377962,357
1686190625.3507957,357
1686190625.3668058,355
1686190625.3788931,354
1686190625.391139,352
1686190625.4076467,352
1686190625.4196515,352
1686190625.4353697,352
1686190625.448297,350
1686190625.4603574,349
1686190625.477297,347
1686190625.4896514,347
1686190625.501711,347
1686190625.5175405,345
1686190625.5306172,343
1686190625.542828,341
1686190625.558903,340
1686190625.5718157,339
1686190625.583544,338
1686190625.6005435,337
1686190625.612352,335
1686190625.6282117,333
1686190625.6411598,332
1686190625.6537082,332
1686190625.6692805,332
1686190625.682223,330
1686190625.6937056,328
1686190625.710794,326
1686190625.722763,326
1686190625.734829,326
1686190625.7517738,325
1686190625.7639213,324
1686190625.7800913,322
1686190625.7927656,321
1686190625.8048615,321
1686190625.8210595,321
1686190625.8338077,320
1686190625.84595,318
1686190625.8620596,316
1686190625.8747392,315
1686190625.8868277,315
1686190625.9031317,315
1686190625.9153273,314
1686190625.9277894,313
1686190625.943844,312
1686190625.9558601,312
1686190625.9727924,312
1686190625.9851193,312
1686190625.9971068,311
1686190626.013802,310
1686190626.025996,309
1686190626.0381367,309
1686190626.0548975,310
1686190626.0678263,310
1686190626.0789678,308
1686190626.0959775,307
1686190626.108021,306
1686190626.1236894,307
1686190626.1366339,307
1686190626.148633,307
1686190626.1646304,306
1686190626.1776295,306
1686190626.1899195,306
1686190626.2065744,307
1686190626.2186594,307
1686190626.230571,307
1686190626.246916,306
1686190626.25956,306
1686190626.2758825,306
1686190626.2878854,307
1686190626.3001857,308
1686190626.317207,307
1686190626.3292682,306
1686190626.3411942,305
1686190626.3574166,306
1686190626.3702579,307
1686190626.3821855,307
1686190626.3988917,305
1686190626.4119186,304
1686190626.4229233,304
1686190626.439925,305
1686190626.451921,306
1686190626.4682322,306
1686190626.4804542,305
1686190626.4924693,304
1686190626.5089288,304
1686190626.5215673,305
1686190626.533901,305
1686190626.5505805,304
1686190626.562665,304
1686190626.574847,304
1686190626.5915356,304
1686190626.603975,306
1686190626.6199415,307
1686190626.6319783,306
1686190626.643916,306
1686190626.6609035,306
1686190626.6729336,308
1686190626.6852324,309
1686190626.702336,310
1686190626.7143395,310
1686190626.7265255,309
1686190626.742623,309
1686190626.7553542,310
1686190626.7712896,311
1686190626.7833624,310
1686190626.7953582,309
1686190626.8122897,309
1686190626.8243067,309
1686190626.837302,310
1686190626.8534024,311
1686190626.8663106,310
1686190626.8782914,309
1686190626.894384,309
1686190626.906666,310
1686190626.9193087,311
1686190626.9353042,312
1686190626.9473617,311
1686190626.9634857,310
1686190626.976302,310
1686190626.9883237,312
1686190627.0044775,313
1686190627.0175328,313
1686190627.0296054,312
1686190627.0464904,311
1686190627.0585415,312
1686190627.0704799,313
1686190627.0868146,313
1686190627.0992663,313
1686190627.115505,313
1686190627.1279473,313
1686190627.140171,313
1686190627.1563206,314
1686190627.1684,314
1686190627.181213,313
1686190627.1973996,312
1686190627.2098887,311
1686190627.2218685,312
1686190627.2382574,313
1686190627.2509542,314
1686190627.2673972,313
1686190627.2793107,312
1686190627.2913687,312
1686190627.3083384,314
1686190627.320666,315
1686190627.3328571,315
1686190627.3491597,314
1686190627.36121,314
1686190627.3737016,314
1686190627.3899984,316
1686190627.4025836,317
1686190627.4147284,316
1686190627.430793,315
1686190627.4427447,315
1686190627.4587438,315
1686190627.4717278,316
1686190627.4837747,316
1686190627.500729,316
1686190627.513029,315
1686190627.5254574,315
1686190627.5416343,316
1686190627.5538738,317
1686190627.5658765,317
1686190627.5819955,316
1686190627.5948515,315
1686190627.610868,314
1686190627.6228664,315
1686190627.6358519,316
1686190627.6518655,316
1686190627.663864,315
1686190627.6768558,314
1686190627.6928518,314
1686190627.7049932,315
1686190627.7170534,316
1686190627.7339952,316
1686190627.7459993,315
1686190627.7580023,314
1686190627.7750528,315
1686190627.7869964,315
1686190627.8028636,316
1686190627.815903,315
1686190627.827855,314
1686190627.8438585,314
1686190627.8568563,315
1686190627.8689137,316
1686190627.8848648,316
1686190627.897859,315
1686190627.9098575,314
1686190627.9258568,315
1686190627.9379132,316
1686190627.9548564,316
1686190627.966858,316
1686190627.97919,315
