timestamps,TP9,AF7,AF8,TP10,Secondary Timestamp
1666057274.007,-98.145,132.812,-67.871,-100.586,828.905
1666057274.011,-145.508,-421.875,-63.965,-113.770,828.909
1666057274.015,-8.301,-139.160,-45.410,-15.625,828.912
1666057274.019,80.078,519.043,-49.316,28.809,828.916
1666057274.023,-36.133,364.258,-55.176,-48.828,828.920
1666057274.027,-144.531,-730.957,-55.176,-101.562,828.924
1666057274.031,-70.312,-708.984,-56.152,-43.457,828.928
1666057274.034,56.641,519.043,-48.828,19.043,828.932
1666057274.038,-15.137,414.062,-39.062,-43.945,828.936
1666057274.042,-158.691,-502.930,-32.715,-121.094,828.940
1666057274.046,-102.539,-213.379,-43.945,-79.590,828.944
1666057274.050,62.500,536.133,-55.176,13.184,828.948
1666057274.065,34.668,398.926,-48.340,-13.184,828.951
1666057274.069,-126.465,-239.746,-53.711,-116.699,828.955
1666057274.073,-131.348,-288.086,-49.316,-105.469,828.958
1666057274.077,24.902,26.855,-41.504,12.695,828.962
1666057274.081,63.965,47.363,-43.457,37.598,828.966
1666057274.085,-86.426,-765.137,-45.898,-72.754,828.970
1666057274.089,-152.832,-893.066,-47.363,-122.070,828.974
1666057274.092,-20.508,-18.066,-29.785,-30.762,828.978
1666057274.096,71.289,235.352,-44.434,26.855,828.982
1666057274.100,-48.828,-727.539,-64.941,-50.781,828.986
1666057274.104,-138.184,-546.387,-51.270,-113.281,828.990
1666057274.108,-52.734,122.070,-59.570,-55.176,828.994
1666057274.111,80.566,293.457,-56.152,35.156,829.011
1666057274.115,17.090,237.305,-35.156,-20.508,829.015
1666057274.119,-139.160,-113.770,-37.598,-115.234,829.019
1666057274.123,-105.957,-137.695,-51.758,-75.684,829.023
1666057274.127,61.523,111.816,-30.762,32.227,829.027
1666057274.131,52.246,4.395,-11.230,12.207,829.031
1666057274.135,-100.586,-356.445,-39.551,-85.938,829.035
1666057274.138,-121.582,-400.391,-46.875,-86.914,829.039
1666057274.142,14.648,-688.965,-44.922,2.930,829.042
1666057274.146,77.637,-404.297,-42.969,34.180,829.046
1666057274.150,-55.664,172.852,-38.574,-72.266,829.050
1666057274.154,-141.602,-291.504,-33.203,-123.047,829.054
1666057274.186,-28.809,-588.379,-25.391,-24.902,829.075
1666057274.190,79.102,358.887,-30.762,38.086,829.079
1666057274.194,-32.715,388.672,-33.203,-48.828,829.083
1666057274.198,-150.391,-609.863,-28.809,-111.816,829.087
1666057274.202,-35.645,-643.066,-22.461,-16.602,829.091
1666057274.206,93.262,-9.766,-16.602,51.758,829.095
1666057274.210,15.625,132.812,-21.973,-15.625,829.099
1666057274.213,-144.043,-403.809,-43.945,-117.676,829.103
1666057274.217,-125.977,-705.566,-18.066,-88.379,829.106
1666057274.221,32.715,178.711,7.812,26.367,829.110
1666057274.225,50.293,394.043,-7.324,16.113,829.114
1666057274.229,-97.168,-474.121,-22.949,-99.121,829.118
1666057274.201,-142.578,-763.184,-19.531,-113.281,829.087
1666057274.205,5.859,172.363,-0.488,-3.418,829.090
1666057274.209,83.496,608.887,7.324,42.969,829.094
1666057274.213,-44.922,-97.656,6.348,-45.898,829.098
1666057274.217,-142.090,-375.977,-5.859,-113.770,829.102
1666057274.221,-45.898,-118.652,-18.066,-39.551,829.106
1666057274.225,73.730,84.473,-16.113,37.109,829.110
1666057274.228,-26.367,-327.637,-20.508,-32.715,829.114
1666057274.232,-147.949,-445.312,-39.062,-110.840,829.118
1666057274.236,-67.871,56.152,-32.227,-52.734,829.122
1666057274.240,94.238,395.020,0.977,51.270,829.126
1666057274.244,53.711,16.113,0.488,5.371,829.130
1666057274.246,-102.539,-419.922,-34.668,-97.168,829.132
1666057274.250,-90.820,-392.090,-31.738,-73.730,829.136
1666057274.254,50.781,89.844,-14.648,19.531,829.140
1666057274.258,54.199,-583.984,-24.414,21.973,829.144
1666057274.262,-97.656,-1000.000,-12.207,-73.242,829.148
1666057274.266,-132.324,-571.777,7.812,-95.215,829.151
1666057274.270,13.184,-284.668,0.000,6.836,829.155
1666057274.273,105.469,-538.574,-8.789,69.824,829.159
1666057274.277,-17.090,-189.453,8.301,-27.832,829.163
1666057274.281,-118.652,-40.039,-0.977,-94.727,829.167
1666057274.285,-12.695,-191.895,1.953,-0.488,829.171
1666057274.289,112.793,394.043,5.859,74.219,829.175
1666057274.292,10.254,458.008,-13.184,-16.113,829.178
1666057274.296,-121.094,-112.305,-23.438,-99.121,829.182
1666057274.300,-50.293,-424.805,-10.742,-41.016,829.186
1666057274.304,80.566,-0.488,14.648,40.527,829.189
1666057274.308,43.945,347.656,1.953,-2.930,829.193
1666057274.312,-96.680,-219.238,-0.977,-87.891,829.197
1666057274.316,-101.074,-967.285,14.160,-50.781,829.201
1666057274.319,48.828,-644.531,12.207,56.152,829.205
1666057274.323,80.078,454.102,1.953,45.898,829.209
1666057274.327,-84.961,186.035,-17.090,-73.730,829.213
1666057274.331,-145.020,-478.516,-23.438,-98.633,829.217
1666057274.335,-1.465,72.754,2.441,0.488,829.221
1666057274.336,104.980,636.719,10.254,65.430,829.252
1666057274.340,-22.949,158.691,-18.066,-33.691,829.255
1666057274.344,-141.113,-704.102,-5.859,-110.840,829.259
1666057274.348,-48.828,-524.902,12.207,-40.039,829.263
1666057274.352,91.309,333.496,23.438,45.410,829.267
1666057274.356,23.438,55.176,17.090,-5.371,829.271
1666057274.360,-127.441,-971.680,-13.672,-88.379,829.275
1666057274.363,-87.891,-816.406,0.488,-46.387,829.279
1666057274.367,70.312,347.168,21.973,53.711,829.283
1666057274.371,61.523,457.031,8.301,41.016,829.287
1666057274.375,-95.215,-170.410,-1.465,-70.312,829.291
1666057274.379,-124.512,-121.582,9.277,-81.543,829.295
1666057274.383,49.805,360.840,26.855,40.039,829.296
1666057274.387,89.844,357.910,-2.930,52.246,829.300
1666057274.391,-82.520,-35.645,-38.086,-75.684,829.304
1666057274.395,-148.438,-207.520,-14.648,-107.422,829.308
1666057274.399,-15.137,114.746,24.902,3.418,829.312
1666057274.403,101.074,81.543,25.879,65.918,829.316
1666057274.407,-20.020,-304.199,7.812,-39.551,829.320
1666057274.410,-150.879,-306.641,1.953,-122.559,829.324
1666057274.414,-57.129,-289.062,3.906,-38.574,829.327
1666057274.418,89.844,-216.309,6.836,67.871,829.331
1666057274.422,31.738,134.766,-0.977,14.648,829.335
1666057274.426,-112.793,-48.340,-2.930,-85.938,829.339
1666057274.440,-91.309,-346.680,-4.883,-58.594,829.331
1666057274.444,63.477,-642.090,5.371,54.199,829.335
1666057274.448,72.266,-227.539,-0.488,44.434,829.339
1666057274.452,-92.285,-207.031,-19.043,-81.543,829.343
1666057274.456,-133.301,-666.504,-8.301,-92.773,829.347
1666057274.460,18.555,-865.234,-10.254,18.555,829.351
1666057274.464,83.984,-149.902,-5.859,42.969,829.355
1666057274.467,-58.105,237.305,-5.859,-61.523,829.359
1666057274.471,-134.277,-425.293,-16.113,-112.793,829.362
1666057274.475,-13.672,-252.930,-9.766,-20.508,829.366
1666057274.479,101.074,502.930,1.465,51.758,829.370
1666057274.483,5.859,204.590,5.859,-24.414,829.374
1666057274.489,-134.766,-656.250,-2.441,-102.051,829.376
1666057274.493,-81.055,-637.207,-18.066,-51.270,829.380
1666057274.497,66.895,408.691,-9.277,27.344,829.384
1666057274.501,32.227,518.555,-9.277,-10.742,829.388
1666057274.505,-110.840,-344.238,-30.273,-98.145,829.392
1666057274.509,-123.047,-639.648,-20.508,-97.656,829.396
1666057274.513,16.602,46.387,4.883,-3.418,829.400
1666057274.516,48.828,484.375,-2.930,10.742,829.403
1666057274.520,-102.051,-586.426,-28.320,-77.148,829.407
1666057274.524,-137.695,-763.184,4.883,-82.520,829.411
1666057274.528,5.371,249.023,30.273,7.812,829.415
1666057274.532,72.754,455.566,2.441,32.227,829.419
1666057274.531,-66.895,-276.855,-29.785,-72.266,829.417
1666057274.535,-167.480,-501.953,-31.738,-124.023,829.421
1666057274.539,-55.664,-270.996,-18.555,-37.598,829.424
1666057274.543,76.172,32.715,-0.977,43.457,829.428
1666057274.547,-13.672,-111.816,15.625,-22.461,829.432
1666057274.551,-147.461,-622.559,4.883,-112.793,829.436
1666057274.555,-105.469,-408.203,7.324,-78.125,829.440
1666057274.558,43.945,156.738,14.648,23.438,829.444
1666057274.562,31.250,-714.844,8.789,14.160,829.448
1666057274.566,-112.305,-904.297,19.043,-76.172,829.452
1666057274.570,-113.281,-202.148,4.395,-71.777,829.456
1666057274.574,39.062,-10.254,3.906,31.738,829.460
1666057274.606,89.355,281.738,18.555,51.270,829.492
1666057274.610,-54.688,216.797,1.465,-56.641,829.495
1666057274.614,-125.977,-173.340,6.348,-88.867,829.499
1666057274.618,5.371,-157.715,17.090,6.836,829.503
1666057274.622,106.934,196.777,20.020,61.523,829.507
1666057274.626,-20.996,-61.523,27.344,-30.273,829.511
1666057274.630,-137.695,-528.809,23.438,-103.027,829.515
1666057274.633,-41.016,-861.328,7.812,-24.414,829.519
1666057274.637,92.285,-566.406,27.832,66.406,829.523
1666057274.641,31.250,270.996,58.105,14.160,829.527
1666057274.645,-107.422,-101.562,36.621,-73.242,829.531
1666057274.649,-84.473,-420.898,13.184,-49.805,829.534
1666057274.620,72.266,309.082,18.555,42.969,829.550
1666057274.624,59.082,591.797,8.301,21.484,829.554
1666057274.628,-107.422,-124.512,-6.836,-93.750,829.557
1666057274.632,-127.441,-750.977,15.625,-98.633,829.561
1666057274.636,23.438,-19.043,34.180,6.836,829.565
1666057274.640,69.336,348.145,27.832,35.645,829.569
1666057274.644,-65.430,-399.902,16.602,-59.570,829.573
1666057274.647,-141.113,-701.172,10.254,-101.074,829.577
1666057274.651,-17.090,50.293,19.531,-13.672,829.581
1666057274.655,101.562,668.457,33.203,50.781,829.585
1666057274.659,-19.531,21.973,7.812,-30.273,829.589
1666057274.663,-153.809,-598.633,4.395,-112.305,829.593
1666057274.670,-77.637,-114.746,29.785,-46.387,829.555
1666057274.674,68.359,537.598,33.203,50.293,829.559
1666057274.678,18.555,-18.066,20.020,-3.418,829.563
1666057274.682,-133.301,-1000.000,5.371,-95.703,829.567
1666057274.686,-115.234,-524.414,11.719,-67.871,829.571
1666057274.690,48.340,105.469,30.762,45.898,829.575
1666057274.694,55.664,-209.473,33.691,42.480,829.579
1666057274.697,-96.680,-358.398,23.926,-72.266,829.583
1666057274.701,-117.188,-77.148,29.785,-71.289,829.587
1666057274.705,10.254,12.207,27.832,25.879,829.591
1666057274.709,82.520,15.137,24.902,49.316,829.595
1666057274.713,-42.480,29.785,27.344,-44.434,829.598
1666057274.726,-138.184,-86.914,34.668,-103.027,829.623
1666057274.730,-34.180,-66.406,20.508,-15.137,829.627
1666057274.734,90.820,40.527,17.578,66.406,829.631
1666057274.738,-10.254,-105.957,11.230,-25.391,829.635
1666057274.742,-133.789,-303.223,4.883,-97.168,829.639
1666057274.746,-55.664,-390.137,27.344,-31.738,829.643
1666057274.750,87.891,-867.676,33.691,58.594,829.647
1666057274.753,27.832,-1000.000,25.879,9.277,829.651
1666057274.757,-129.395,-542.480,37.109,-101.074,829.654
1666057274.761,-101.074,-354.492,40.039,-74.707,829.658
1666057274.765,57.129,168.457,45.410,45.410,829.662
1666057274.769,69.336,581.543,31.250,37.598,829.666
1666057274.788,-84.473,-144.043,20.508,-73.242,829.682
1666057274.792,-137.207,-724.121,21.973,-93.750,829.686
1666057274.796,2.930,-85.449,31.738,6.836,829.690
1666057274.800,88.379,710.449,30.762,50.293,829.694
1666057274.804,-42.480,318.848,26.367,-43.457,829.698
1666057274.808,-142.578,-712.891,5.859,-92.285,829.702
1666057274.812,-29.785,-477.539,4.395,-12.695,829.706
1666057274.815,112.305,627.930,28.809,72.754,829.710
1666057274.819,17.090,459.473,29.297,1.465,829.714
1666057274.823,-134.766,-758.789,25.391,-89.844,829.717
1666057274.827,-83.008,-644.043,27.344,-49.316,829.721
1666057274.831,80.078,513.672,36.133,36.621,829.725
1666057274.830,52.246,458.008,32.715,12.207,829.716
1666057274.834,-117.188,-350.586,31.738,-82.031,829.720
1666057274.838,-118.652,-432.617,40.039,-77.148,829.724
1666057274.842,45.410,-28.320,33.691,28.320,829.727
1666057274.846,82.031,98.633,36.621,42.969,829.731
1666057274.850,-71.777,-558.594,33.203,-64.453,829.735
1666057274.854,-126.953,-746.582,22.949,-83.984,829.739
1666057274.857,-7.812,59.570,23.926,4.395,829.743
1666057274.861,74.219,412.598,31.738,44.434,829.747
1666057274.865,-43.457,-33.203,31.250,-41.992,829.751
1666057274.869,-149.902,-235.352,22.461,-106.934,829.755
1666057274.873,-63.477,80.566,34.180,-33.203,829.759
1666057274.875,66.406,134.277,18.555,44.434,829.760
1666057274.879,-5.859,-837.891,17.090,-7.324,829.764
1666057274.883,-127.441,-820.312,60.059,-87.891,829.768
1666057274.887,-90.820,-123.047,47.852,-73.242,829.772
1666057274.891,63.965,88.379,38.086,27.344,829.776
1666057274.895,63.965,86.426,33.691,18.555,829.780
1666057274.899,-103.027,-364.258,17.090,-93.262,829.784
1666057274.902,-118.164,-652.344,30.762,-86.426,829.788
1666057274.906,30.762,-376.953,38.574,16.602,829.792
1666057274.910,80.566,307.129,26.855,34.668,829.796
1666057274.914,-59.570,285.156,29.785,-66.895,829.800
1666057274.918,-135.254,-213.379,24.902,-102.539,829.803
1666057274.908,-9.766,-830.078,9.277,3.906,829.804
1666057274.912,108.398,-300.781,32.227,61.035,829.808
1666057274.916,0.000,274.902,29.785,-34.180,829.812
1666057274.920,-128.418,-487.793,20.020,-101.562,829.816
1666057274.924,-51.270,-889.648,26.367,-27.832,829.820
1666057274.928,88.379,-134.277,23.438,58.105,829.823
1666057274.932,25.879,283.691,20.996,1.953,829.827
1666057274.935,-114.258,-335.938,21.484,-94.238,829.831
1666057274.939,-86.426,-558.594,25.391,-72.754,829.835
1666057274.943,67.383,353.027,29.785,34.180,829.839
1666057274.947,76.172,730.469,11.230,33.203,829.843
1666057274.951,-87.891,-190.918,-9.277,-71.289,829.847
1666057274.952,-123.047,-988.281,8.301,-83.984,829.848
1666057274.956,33.203,-36.133,36.621,16.602,829.852
1666057274.960,98.633,703.613,25.879,52.246,829.856
1666057274.964,-54.688,-2.930,12.695,-59.082,829.860
1666057274.968,-151.367,-354.492,18.066,-115.723,829.864
1666057274.972,-20.508,-121.582,21.484,-10.254,829.868
1666057274.976,94.727,200.684,20.020,63.477,829.872
1666057274.979,-20.996,-370.117,-5.859,-24.902,829.876
1666057274.983,-143.066,-675.781,0.000,-115.723,829.880
1666057274.987,-68.359,-3.906,7.812,-44.922,829.883
1666057274.991,68.359,254.395,-2.441,59.570,829.887
1666057274.995,22.461,-406.250,-8.789,18.555,829.891
1666057275.010,-121.094,-490.723,3.418,-80.078,829.896
1666057275.014,-108.398,4.395,38.574,-53.711,829.900
1666057275.018,42.480,185.059,32.227,40.527,829.904
1666057275.022,64.941,-34.180,13.184,25.391,829.907
1666057275.026,-83.984,-193.359,20.996,-67.871,829.911
1666057275.030,-132.324,-410.645,3.906,-95.215,829.915
1666057275.034,17.578,-330.078,17.090,4.395,829.919
1666057275.037,103.516,-680.664,22.949,62.988,829.923
1666057275.041,-30.762,-589.844,13.184,-30.273,829.927
1666057275.045,-133.301,-156.250,-4.883,-94.727,829.931
1666057275.049,-32.227,-204.102,-9.766,-22.461,829.935
1666057275.053,87.891,260.254,12.207,51.758,829.939
1666057275.044,-14.648,310.059,13.184,-25.879,829.933
1666057275.048,-135.742,-347.656,20.508,-108.398,829.937
1666057275.052,-75.195,-611.816,22.461,-50.293,829.941
1666057275.056,81.055,68.848,26.367,63.477,829.945
1666057275.060,49.316,567.871,20.020,28.809,829.949
1666057275.064,-125.000,-282.715,-11.719,-93.750,829.952
1666057275.068,-116.211,-828.125,1.953,-82.031,829.956
1666057275.071,57.129,34.668,47.363,34.180,829.960
1666057275.075,88.379,689.941,23.438,39.062,829.964
1666057275.079,-69.824,92.285,-14.160,-69.336,829.968
1666057275.083,-146.973,-842.773,6.348,-94.238,829.972
1666057275.087,-16.602,-297.363,43.457,2.930,829.976
1666057275.086,94.238,665.527,34.668,61.035,829.986
1666057275.090,-23.438,192.383,17.578,-16.602,829.990
1666057275.094,-132.324,-702.148,23.438,-72.266,829.994
1666057275.098,-44.922,-493.652,14.648,-12.695,829.998
1666057275.102,83.496,136.719,13.184,54.199,830.002
1666057275.106,16.602,-35.156,20.020,1.953,830.006
1666057275.110,-132.324,-919.922,2.441,-94.727,830.010
1666057275.113,-90.820,-868.652,25.391,-53.711,830.014
1666057275.117,70.801,318.848,37.598,43.945,830.018
1666057275.121,45.898,448.242,1.465,0.488,830.022
1666057275.125,-111.328,-132.812,-12.207,-101.562,830.026
1666057275.129,-109.863,-91.309,2.441,-93.262,830.029
1666057275.132,51.270,343.750,23.926,20.020,830.030
1666057275.136,97.168,363.281,18.555,39.551,830.034
1666057275.140,-62.988,-28.809,12.695,-65.918,830.037
1666057275.144,-138.672,-161.133,26.367,-101.074,830.041
1666057275.148,-8.789,102.051,26.367,-4.883,830.045
1666057275.152,104.492,51.270,31.250,72.754,830.049
1666057275.156,-4.883,-301.758,19.043,-12.695,830.053
1666057275.159,-135.742,-474.121,14.160,-101.074,830.057
1666057275.163,-49.805,-82.520,32.227,-36.621,830.061
1666057275.167,94.727,-301.270,28.809,51.758,830.065
1666057275.171,33.691,-464.355,39.551,-7.324,830.069
1666057275.175,-109.863,-115.723,15.625,-107.422,830.073
1666057275.190,-81.055,-220.215,3.418,-76.172,830.076
1666057275.194,71.777,146.484,30.762,35.156,830.080
1666057275.198,75.195,416.504,19.531,44.434,830.084
1666057275.202,-85.449,-266.113,5.859,-69.336,830.087
1666057275.206,-120.117,-651.855,18.066,-97.656,830.091
1666057275.210,26.367,-852.539,21.484,25.879,830.095
1666057275.214,94.238,-153.320,32.715,44.434,830.099
1666057275.217,-39.551,312.012,35.156,-77.148,830.103
1666057275.221,-127.930,-475.586,30.273,-106.934,830.107
1666057275.225,-20.996,-871.582,41.504,0.000,830.111
1666057275.229,100.586,226.562,38.574,65.918,830.115
1666057275.233,1.465,486.816,1.953,-18.555,830.119
1666057275.250,-139.648,-393.555,15.625,-95.703,830.136
1666057275.254,-73.730,-259.277,49.805,-34.180,830.140
1666057275.258,75.195,538.086,37.109,59.570,830.143
1666057275.262,25.391,510.254,20.508,11.230,830.147
1666057275.266,-125.977,-381.348,26.367,-84.961,830.151
1666057275.270,-110.352,-694.824,29.297,-64.941,830.155
1666057275.274,38.086,-72.754,31.738,36.133,830.159
1666057275.277,61.523,323.242,18.066,28.320,830.163
1666057275.281,-92.773,-604.492,22.949,-77.637,830.167
1666057275.285,-129.883,-759.277,52.734,-79.102,830.171
1666057275.289,7.812,163.574,37.109,13.672,830.175
1666057275.293,76.660,221.191,31.250,36.621,830.179
1666057275.280,-50.781,-492.676,21.973,-60.547,830.180
1666057275.284,-143.555,-418.457,23.926,-107.422,830.184
1666057275.288,-46.387,89.844,40.527,-31.738,830.188
1666057275.292,69.824,61.523,30.273,50.293,830.192
1666057275.296,-5.371,-545.898,33.691,1.953,830.196
1666057275.300,-144.531,-698.242,24.414,-101.074,830.199
1666057275.304,-95.215,-441.406,22.949,-56.152,830.203
1666057275.307,79.590,3.418,48.340,63.477,830.207
1666057275.311,47.363,137.207,29.297,11.719,830.211
1666057275.315,-123.047,-98.145,-4.395,-107.422,830.215
1666057275.319,-117.188,-56.641,-0.977,-82.520,830.219
1666057275.323,46.875,-31.250,30.273,36.133,830.223
1666057275.343,70.312,-286.133,35.156,40.039,830.232
1666057275.347,-76.660,-199.707,34.180,-80.566,830.235
1666057275.351,-132.812,-460.938,34.180,-114.258,830.239
1666057275.355,-12.207,-458.496,48.340,-15.625,830.243
1666057275.359,90.820,190.918,63.477,54.199,830.247
1666057275.363,-25.391,38.086,46.387,-36.133,830.251
1666057275.367,-146.973,-635.254,32.715,-107.422,830.255
1666057275.370,-66.895,-713.867,19.043,-36.621,830.259
1666057275.374,69.824,110.840,38.086,48.340,830.263
1666057275.378,6.348,551.270,58.105,-1.465,830.267
1666057275.382,-149.414,-160.156,41.992,-100.098,830.271
1666057275.386,-114.258,-822.266,31.250,-59.570,830.274
1666057275.401,53.223,29.297,48.340,40.039,830.288
1666057275.405,54.688,667.969,39.551,18.555,830.292
1666057275.409,-94.727,-92.285,18.555,-81.543,830.295
1666057275.413,-106.445,-694.824,24.414,-80.566,830.299
1666057275.417,40.527,-183.594,46.387,25.391,830.303
1666057275.421,81.543,206.055,45.410,54.688,830.307
1666057275.425,-75.195,-351.562,28.809,-58.105,830.311
1666057275.428,-154.785,-649.414,30.762,-115.234,830.315
1666057275.432,-22.461,-23.926,41.992,-9.277,830.319
1666057275.436,84.961,624.512,50.293,60.547,830.323
1666057275.440,-38.574,86.914,41.016,-33.691,830.327
1666057275.444,-158.691,-980.469,37.109,-103.027,830.331
1666057275.432,-74.707,-465.820,49.316,-39.062,830.319
1666057275.436,69.336,525.391,55.664,45.898,830.323
1666057275.440,0.488,216.309,40.039,-15.625,830.327
1666057275.444,-148.926,-210.449,36.133,-111.816,830.331
1666057275.448,-107.910,-44.922,38.086,-78.125,830.335
1666057275.452,45.410,118.164,28.320,20.508,830.339
1666057275.456,39.062,-227.539,22.949,13.672,830.343
1666057275.459,-99.609,-524.902,19.043,-78.613,830.347
1666057275.463,-126.465,-220.215,9.277,-89.355,830.351
1666057275.467,12.695,168.457,19.531,11.719,830.355
1666057275.471,84.961,6.348,21.973,42.969,830.359
1666057275.475,-49.316,-241.699,5.371,-64.453,830.362
1666057275.491,-151.367,-205.078,-11.230,-122.070,830.391
1666057275.495,-40.039,21.973,0.488,-25.391,830.395
1666057275.499,80.566,-500.977,8.789,62.988,830.399
1666057275.503,-34.668,-859.863,0.977,-17.090,830.403
1666057275.507,-134.277,-387.695,17.578,-86.426,830.407
1666057275.511,-32.227,-370.605,22.461,-9.277,830.410
1666057275.515,81.055,-88.379,27.344,57.129,830.414
1666057275.518,16.113,358.887,27.344,-5.859,830.418
1666057275.522,-125.000,48.828,12.207,-96.191,830.422
1666057275.526,-102.539,-414.062,14.160,-59.082,830.426
1666057275.530,69.336,-959.473,20.020,78.613,830.430
1666057275.534,91.797,-534.180,24.902,73.242,830.434
1666057275.539,-66.406,5.371,16.602,-50.293,830.427
1666057275.543,-100.098,-433.594,10.254,-52.246,830.431
1666057275.547,49.805,-16.602,19.531,68.359,830.435
1666057275.551,128.906,706.055,25.391,113.281,830.439
1666057275.555,3.418,314.941,22.461,14.160,830.443
1666057275.559,-94.238,-616.699,22.949,-32.715,830.447
1666057275.563,10.742,-463.379,22.949,42.480,830.451
1666057275.566,151.855,541.016,11.230,105.469,830.455
1666057275.570,60.547,363.281,-0.488,32.227,830.458
1666057275.574,-83.496,-648.438,2.441,-56.152,830.462
1666057275.578,-37.109,-364.746,8.301,-17.578,830.466
1666057275.582,108.887,465.332,4.395,92.285,830.470
1666057275.566,95.703,156.250,2.930,77.637,830.452
1666057275.570,-54.199,-743.652,0.977,-25.391,830.456
1666057275.574,-62.988,-563.477,1.465,-21.973,830.460
1666057275.578,86.426,-5.371,-7.324,77.148,830.464
1666057275.582,121.094,15.137,-19.043,83.984,830.467
1666057275.586,-31.738,-780.762,-20.508,-20.996,830.471
1666057275.590,-86.914,-752.441,-6.348,-50.781,830.475
1666057275.593,39.062,185.547,-7.812,41.504,830.479
1666057275.597,115.234,395.996,-15.137,89.844,830.483
1666057275.601,-5.859,-101.562,-20.020,-18.555,830.487
1666057275.605,-111.816,-272.949,-17.090,-94.727,830.491
1666057275.609,-11.719,115.723,0.000,-9.766,830.495
1666057275.640,124.512,170.410,-15.625,76.660,830.527
1666057275.644,45.410,-800.781,-36.621,22.461,830.531
1666057275.648,-93.262,-958.984,-39.062,-67.383,830.534
1666057275.652,-53.711,-468.262,-28.320,-37.109,830.538
1666057275.656,88.867,-163.574,-20.020,60.059,830.542
1666057275.660,69.824,-105.469,-22.949,34.668,830.546
1666057275.664,-81.055,-224.609,-5.371,-65.918,830.550
1666057275.667,-85.449,-201.660,-5.371,-49.316,830.554
1666057275.671,67.871,-422.363,-28.809,63.965,830.558
1666057275.675,115.234,-80.078,-24.902,83.496,830.562
1666057275.679,-42.969,225.098,-25.391,-31.738,830.566
1666057275.683,-128.418,-264.648,-33.203,-82.520,830.570
1666057275.670,6.836,-170.410,-19.531,10.254,830.601
1666057275.674,119.629,596.680,-16.602,70.312,830.605
1666057275.678,0.488,442.383,-22.949,-9.766,830.609
1666057275.682,-127.930,-520.996,-29.297,-75.684,830.613
1666057275.686,-54.688,-797.363,-41.016,-22.461,830.617
1666057275.690,86.426,-13.184,-17.090,62.500,830.621
1666057275.694,28.809,97.656,25.879,10.254,830.625
1666057275.697,-132.812,-564.941,25.391,-84.473,830.629
1666057275.701,-106.445,-526.855,21.484,-66.895,830.633
1666057275.705,62.500,327.148,33.203,33.691,830.637
1666057275.709,62.500,637.207,24.902,24.414,830.640
1666057275.713,-103.027,-188.477,14.160,-83.984,830.644
1666057275.747,-128.418,-545.410,17.578,-85.938,830.633
1666057275.751,34.668,205.566,24.902,31.250,830.637
1666057275.755,104.980,586.914,32.227,58.594,830.640
1666057275.759,-66.406,-271.973,4.395,-60.059,830.644
1666057275.763,-168.457,-1000.000,-6.836,-109.863,830.648
1666057275.767,-39.062,-427.246,48.828,-23.926,830.652
1666057275.771,80.078,186.523,73.242,49.316,830.656
1666057275.774,-19.531,-311.523,65.918,-24.902,830.660
1666057275.778,-137.207,-666.504,88.867,-106.445,830.664
1666057275.782,-63.965,-9.766,107.422,-46.875,830.668
1666057275.786,81.055,474.121,96.191,49.805,830.672
1666057275.790,34.668,-215.820,83.496,7.812,830.676
1666057275.751,-116.211,-488.281,79.590,-99.609,830.644
1666057275.755,-105.957,-48.828,83.008,-84.473,830.648
1666057275.759,55.176,198.242,74.219,34.180,830.652
1666057275.763,82.520,-25.879,67.871,43.945,830.655
1666057275.767,-77.637,-170.898,60.059,-78.125,830.659
1666057275.771,-130.859,-372.559,49.316,-102.539,830.663
1666057275.775,20.020,-356.934,73.242,6.836,830.667
1666057275.778,88.867,-76.172,77.148,40.039,830.671
1666057275.782,-56.152,63.477,49.805,-60.547,830.675
1666057275.786,-146.484,-73.730,52.734,-116.699,830.679
1666057275.790,-39.551,-363.281,61.523,-32.715,830.683
1666057275.794,82.520,-514.648,59.082,51.758,830.687
1666057275.792,4.395,80.566,47.852,-22.461,830.678
1666057275.796,-134.766,-33.203,29.297,-111.816,830.682
1666057275.800,-87.891,-526.855,19.531,-63.965,830.686
1666057275.804,66.895,106.934,26.855,35.645,830.690
1666057275.808,39.551,535.156,27.832,10.742,830.694
1666057275.812,-108.398,-312.988,8.789,-92.773,830.698
1666057275.816,-112.793,-884.277,15.625,-74.219,830.702
1666057275.819,30.762,-1000.000,32.227,41.016,830.706
1666057275.823,64.941,-781.250,10.254,43.457,830.709
1666057275.827,-74.219,-236.328,10.254,-68.359,830.713
1666057275.831,-130.859,-504.395,39.062,-90.332,830.717
1666057275.835,-12.207,49.316,30.762,-5.371,830.721
1666057275.866,82.520,691.406,10.742,39.062,830.753
1666057275.870,-40.527,23.438,1.953,-56.152,830.757
1666057275.874,-171.875,-812.012,-6.348,-136.719,830.761
1666057275.878,-83.984,-434.570,8.301,-64.453,830.765
1666057275.882,62.988,489.258,20.996,27.344,830.769
1666057275.886,-3.418,156.250,-0.488,-23.926,830.773
1666057275.890,-144.531,-927.734,-6.836,-99.121,830.776
1666057275.893,-95.703,-604.492,13.672,-61.035,830.780
1666057275.897,59.570,495.605,6.348,32.715,830.784
1666057275.901,43.945,481.934,-7.812,21.484,830.788
1666057275.905,-99.121,-165.527,4.883,-78.125,830.792
1666057275.909,-126.465,-216.797,3.906,-84.961,830.796
1666057275.897,19.531,370.605,2.930,26.367,830.783
1666057275.901,65.918,450.195,-4.395,47.852,830.787
1666057275.905,-78.613,39.551,-8.789,-60.059,830.791
1666057275.909,-153.320,-299.805,-12.695,-104.980,830.795
1666057275.913,-36.621,-189.453,-18.555,-21.973,830.798
1666057275.917,72.754,-62.012,-19.043,40.527,830.802
1666057275.921,-36.133,-175.781,-22.461,-46.387,830.806
1666057275.924,-145.508,-165.039,-11.230,-113.281,830.810
1666057275.928,-65.430,-112.305,-10.254,-46.387,830.814
1666057275.932,65.430,-14.160,-9.277,42.969,830.818
1666057275.936,25.879,173.340,2.441,15.625,830.822
1666057275.940,-110.352,-14.160,-16.113,-84.473,830.826
1666057275.955,-125.977,-296.875,-12.695,-91.309,830.841
1666057275.959,2.441,-607.422,-7.812,0.000,830.845
1666057275.963,-1.953,-265.137,-4.395,-21.973,830.849
1666057275.967,-138.672,-275.879,6.836,-120.605,830.853
1666057275.971,-156.250,-683.594,13.184,-126.465,830.857
1666057275.975,-39.062,-423.828,0.000,-53.223,830.861
1666057275.979,-0.488,43.457,-28.320,-44.434,830.865
1666057275.982,-148.438,-104.004,-30.762,-160.156,830.869
1666057275.986,-234.863,-463.379,-18.066,-211.914,830.873
1666057275.990,-101.562,-996.094,14.160,-80.566,830.877
1666057275.994,10.742,-559.082,15.137,-9.277,830.881
1666057275.998,-92.285,256.348,19.531,-99.121,830.884
1666057276.002,-211.914,-265.137,26.367,-169.434,830.888
1666057276.006,-155.762,-208.496,13.672,-131.348,830.892
1666057276.010,-25.879,593.750,19.043,-60.059,830.896
1666057276.014,-67.871,550.293,-17.578,-95.215,830.900
1666057276.018,-201.172,-294.922,-12.207,-178.223,830.904
1666057276.022,-175.781,-633.789,31.250,-148.438,830.908
1666057276.026,-12.207,73.242,41.016,-38.574,830.912
1666057276.029,18.066,486.328,36.621,-32.715,830.915
1666057276.033,-158.203,-541.992,-10.742,-148.438,830.919
1666057276.037,-211.426,-739.258,-15.137,-171.387,830.923
1666057276.041,-50.781,239.746,18.555,-60.059,830.927
1666057276.045,41.016,558.594,35.156,-1.953,830.931
1666057276.030,-89.844,-599.609,10.742,-78.613,830.915
1666057276.034,-190.430,-861.816,8.789,-136.719,830.919
1666057276.038,-71.777,26.855,34.668,-52.246,830.923
1666057276.042,74.707,213.867,24.902,33.203,830.927
1666057276.046,-9.766,-79.590,14.160,-32.227,830.931
1666057276.050,-138.672,-457.520,21.973,-99.609,830.935
1666057276.054,-71.777,-443.848,31.738,-38.086,830.939
1666057276.057,76.660,60.547,29.785,52.734,830.943
1666057276.061,35.156,173.828,17.090,11.230,830.946
1666057276.065,-113.281,-89.355,19.043,-94.238,830.950
1666057276.069,-106.445,-121.582,36.133,-80.566,830.954
1666057276.073,37.109,-83.008,32.227,28.320,830.958
1666057276.076,69.824,-829.590,10.254,40.039,830.975
1666057276.080,-71.289,-794.922,10.254,-69.336,830.979
1666057276.084,-137.207,-252.441,35.156,-112.305,830.982
1666057276.088,-15.137,-137.207,30.273,-22.461,830.986
1666057276.092,88.867,405.762,23.926,41.992,830.990
1666057276.096,-22.949,103.027,33.203,-49.805,830.994
1666057276.100,-140.137,-551.270,27.832,-118.164,830.998
1666057276.103,-58.105,-759.277,28.320,-28.320,831.002
1666057276.107,81.055,-152.832,36.621,52.734,831.006
1666057276.111,8.789,473.145,22.949,-22.949,831.010
1666057276.115,-129.883,-106.445,9.766,-107.910,831.014
1666057276.119,-90.332,-385.742,15.625,-63.965,831.018
1666057276.121,62.012,350.586,26.367,36.133,831.007
1666057276.125,65.430,582.031,32.715,23.926,831.011
1666057276.129,-90.820,-284.668,19.043,-78.125,831.015
1666057276.133,-123.047,-933.105,3.906,-86.914,831.018
1666057276.137,32.715,-75.684,20.020,14.160,831.022
1666057276.141,83.496,427.246,20.020,42.969,831.026
1666057276.145,-68.848,-356.934,3.906,-64.941,831.030
1666057276.148,-149.414,-828.613,10.742,-110.352,831.034
1666057276.152,-22.949,-50.781,19.531,-20.996,831.038
1666057276.156,96.191,727.539,31.250,44.922,831.042
1666057276.160,-15.625,93.750,30.273,-35.645,831.046
1666057276.164,-138.672,-704.102,22.949,-113.770,831.050
1666057276.196,-52.246,-75.684,28.809,-48.828,831.081
1666057276.200,90.820,600.586,21.484,44.434,831.085
1666057276.204,34.668,221.191,9.277,1.465,831.089
1666057276.208,-97.168,-225.586,0.977,-83.008,831.093
1666057276.212,-71.289,-308.594,15.137,-42.480,831.097
1666057276.216,73.730,39.062,21.973,52.246,831.101
1666057276.220,61.523,-245.117,0.000,17.578,831.104
1666057276.223,-100.098,-869.141,-0.977,-94.238,831.108
1666057276.227,-129.883,-347.168,-4.395,-101.074,831.112
1666057276.231,20.020,194.336,4.395,8.301,831.116
1666057276.235,86.914,300.293,32.715,39.062,831.120
1666057276.239,-58.105,148.926,21.484,-79.590,831.124
1666057276.240,-145.996,-129.395,5.371,-129.883,831.126
1666057276.244,-38.086,-46.875,4.883,-34.668,831.130
1666057276.248,86.426,200.684,20.508,41.504,831.134
1666057276.252,-10.254,-50.293,11.719,-38.574,831.138
1666057276.256,-137.207,-276.855,0.000,-117.676,831.142
1666057276.260,-74.219,-425.293,6.836,-54.688,831.146
1666057276.264,60.059,-625.000,11.230,36.621,831.150
1666057276.267,20.996,-193.359,9.766,-22.949,831.154
1666057276.271,-110.840,-85.449,13.672,-116.699,831.158
1666057276.275,-92.285,-383.789,22.949,-77.148,831.162
1666057276.279,52.734,-23.438,2.441,31.250,831.166
1666057276.283,80.566,463.867,-16.113,42.480,831.169
1666057276.258,-62.988,151.855,-18.555,-61.523,831.155
1666057276.262,-128.906,-555.664,-3.906,-102.539,831.158
1666057276.266,6.348,-921.387,20.996,6.836,831.162
1666057276.270,88.867,111.328,27.832,50.781,831.166
1666057276.274,-45.410,318.848,23.926,-48.828,831.170
1666057276.278,-141.602,-734.863,5.859,-94.727,831.174
1666057276.282,-38.086,-494.141,8.301,-29.785,831.178
1666057276.285,93.262,586.426,27.344,53.223,831.182
1666057276.289,8.301,380.371,1.953,-9.277,831.186
1666057276.293,-139.648,-743.652,-30.762,-105.469,831.190
1666057276.297,-101.562,-601.074,-10.742,-59.570,831.194
1666057276.301,56.641,365.234,-8.301,39.551,831.198
1666057276.315,23.926,381.836,-21.973,0.000,831.200
1666057276.319,-148.438,-739.746,-28.320,-98.633,831.204
1666057276.323,-145.020,-1000.000,2.930,-83.496,831.208
1666057276.327,23.438,-151.855,35.645,20.020,831.212
1666057276.331,62.012,216.309,15.625,27.344,831.216
1666057276.335,-88.867,-754.883,-2.930,-64.453,831.220
1666057276.339,-154.785,-879.883,3.906,-88.867,831.224
1666057276.342,-22.461,222.656,0.977,-12.207,831.228
1666057276.346,70.312,454.590,-7.812,36.621,831.232
1666057276.350,-48.340,-306.152,-6.348,-48.340,831.235
1666057276.354,-150.879,-213.867,-16.602,-119.141,831.239
1666057276.358,-58.105,189.453,-19.043,-42.969,831.243
1666057276.392,72.754,279.785,-20.020,43.457,831.319
1666057276.396,6.348,246.094,-16.113,-25.391,831.323
1666057276.400,-128.906,19.043,-5.371,-119.629,831.327
1666057276.404,-88.867,-57.129,-1.465,-83.984,831.331
1666057276.408,67.871,-55.664,6.836,22.461,831.334
1666057276.412,46.875,-183.594,1.465,-2.930,831.338
1666057276.416,-107.422,-312.500,-6.348,-112.305,831.342
1666057276.419,-110.352,-223.145,0.488,-110.840,831.346
1666057276.423,22.461,-402.832,-2.441,7.812,831.350
1666057276.427,77.637,-115.723,-0.488,66.895,831.354
1666057276.431,-46.387,238.281,-2.930,-37.109,831.358
1666057276.435,-137.695,-264.160,0.488,-111.328,831.362
1666057276.436,-38.574,-221.191,9.277,-28.320,831.324
1666057276.440,58.594,507.812,3.906,43.945,831.328
1666057276.444,-26.367,278.809,-8.301,-38.086,831.332
1666057276.448,-133.789,-630.859,-20.020,-111.816,831.336
1666057276.452,-71.289,-668.945,-17.090,-48.340,831.340
1666057276.456,66.406,67.383,-9.766,44.922,831.344
1666057276.460,22.461,56.152,-17.090,-0.977,831.348
1666057276.463,-117.188,-585.449,-18.555,-95.215,831.352
1666057276.467,-84.961,-559.082,-6.836,-58.594,831.356
1666057276.471,78.613,289.551,-9.277,55.664,831.360
1666057276.475,88.379,628.418,-23.926,41.016,831.364
1666057276.479,-63.965,-240.234,-36.133,-71.777,831.367
1666057276.453,-90.820,-777.344,-36.621,-79.590,831.339
1666057276.457,57.617,80.078,-20.996,18.555,831.342
1666057276.461,123.535,657.715,-19.531,50.293,831.346
1666057276.465,-15.137,-203.613,-39.551,-35.645,831.350
1666057276.469,-88.867,-963.867,-41.016,-70.801,831.354
1666057276.473,15.625,-376.465,-20.020,-2.441,831.358
1666057276.477,133.301,186.523,-21.973,66.406,831.362
1666057276.480,43.945,-292.480,-29.785,-1.465,831.366
1666057276.484,-93.262,-433.105,-28.320,-86.426,831.370
1666057276.488,-25.391,36.133,-25.879,-31.250,831.374
1666057276.492,95.215,399.902,-20.996,68.848,831.378
1666057276.496,43.457,-5.371,-24.902,19.043,831.381
1666057276.495,-95.215,-293.945,-21.973,-95.215,831.380
1666057276.499,-93.262,-85.449,-19.043,-76.172,831.384
1666057276.503,65.430,191.895,-18.555,42.480,831.388
1666057276.507,78.125,-520.996,-31.250,50.293,831.392
1666057276.511,-78.613,-884.766,-30.762,-67.871,831.396
1666057276.515,-124.023,-521.484,-26.367,-90.820,831.400
1666057276.519,14.648,-269.043,-20.996,17.578,831.404
1666057276.522,98.145,-656.250,-23.438,71.777,831.408
1666057276.526,-35.156,-1000.000,-30.762,-31.250,831.411
1666057276.530,-128.418,-453.125,-22.461,-104.980,831.415
1666057276.534,-30.273,-30.762,-21.484,-18.555,831.419
1666057276.538,89.355,472.656,-23.438,68.359,831.423
1666057276.557,19.043,540.039,-29.785,4.395,831.442
1666057276.561,-110.352,28.320,-38.574,-90.332,831.446
1666057276.565,-68.359,-215.820,-34.180,-53.711,831.450
1666057276.569,86.426,366.699,-32.227,50.293,831.454
1666057276.573,64.453,620.605,-41.504,20.996,831.458
1666057276.577,-107.422,-225.098,-45.898,-92.773,831.462
1666057276.581,-113.770,-912.598,-48.828,-86.426,831.466
1666057276.584,27.344,-289.062,-38.086,24.414,831.469
1666057276.588,46.875,644.531,-31.738,41.504,831.473
1666057276.592,-81.543,177.734,-47.852,-64.453,831.477
1666057276.596,-133.301,-648.438,-41.016,-95.215,831.481
1666057276.600,-17.090,-122.559,-25.391,6.348,831.485
1666057276.585,81.055,718.262,-30.762,65.918,831.499
1666057276.589,-28.809,241.211,-44.922,-24.414,831.503
1666057276.593,-147.461,-817.871,-49.316,-97.656,831.507
1666057276.597,-65.430,-576.660,-42.480,-33.691,831.511
1666057276.601,56.152,403.320,-44.922,43.945,831.515
1666057276.605,-14.648,94.727,-55.176,-23.438,831.519
1666057276.609,-125.977,-711.914,-42.480,-108.398,831.523
1666057276.612,-85.938,-351.562,-39.551,-69.824,831.527
1666057276.616,48.828,454.102,-53.711,36.133,831.531
1666057276.620,44.434,270.996,-68.359,15.625,831.535
1666057276.624,-105.957,-851.074,-72.754,-95.215,831.538
1666057276.628,-113.281,-664.062,-58.594,-96.680,831.542
1666057276.633,38.574,244.629,-43.457,20.020,831.518
1666057276.637,82.031,178.223,-46.875,57.617,831.522
1666057276.641,-45.410,-278.320,-41.992,-47.852,831.526
1666057276.645,-86.426,-202.148,-26.855,-72.754,831.530
1666057276.649,25.391,107.910,-40.039,15.625,831.534
1666057276.653,71.289,19.043,-60.059,35.645,831.538
1666057276.657,-40.039,-228.516,-66.895,-65.918,831.542
1666057276.660,-129.883,-181.152,-51.758,-134.277,831.546
1666057276.664,-73.242,-56.152,-50.293,-56.641,831.550
1666057276.668,42.480,-56.152,-60.547,51.270,831.553
1666057276.672,11.230,71.777,-64.453,-6.348,831.557
1666057276.676,-112.793,-32.227,-62.012,-118.164,831.561
1666057276.690,-89.355,-305.176,-57.617,-81.055,831.575
1666057276.694,37.109,-454.590,-65.430,28.320,831.579
1666057276.698,38.574,-22.461,-73.730,1.465,831.583
1666057276.702,-92.773,-328.125,-71.289,-111.816,831.587
1666057276.706,-124.023,-732.910,-52.734,-108.398,831.591
1666057276.710,0.000,-960.938,-55.664,8.789,831.595
1666057276.714,56.641,-827.637,-59.570,31.738,831.598
1666057276.717,-54.199,-111.816,-67.383,-85.938,831.602
1666057276.721,-125.488,-358.887,-70.801,-137.695,831.606
1666057276.725,-16.602,-175.293,-55.664,-35.156,831.610
1666057276.729,94.238,582.031,-63.965,49.316,831.614
1666057276.733,8.789,297.852,-72.266,-33.203,831.618
1666057276.735,-100.586,-423.340,-66.895,-113.770,831.620
1666057276.739,-42.480,-279.785,-49.805,-41.992,831.624
1666057276.743,74.707,510.742,-48.340,58.594,831.628
1666057276.747,36.621,535.645,-68.848,3.906,831.632
1666057276.751,-91.797,-364.746,-67.871,-98.145,831.636
1666057276.755,-91.309,-728.027,-49.316,-70.801,831.640
1666057276.759,31.738,-126.465,-40.039,41.016,831.644
1666057276.762,55.176,166.504,-49.805,44.434,831.648
1666057276.766,-75.195,-658.691,-58.105,-67.383,831.652
1666057276.770,-120.117,-893.066,-42.480,-88.867,831.655
1666057276.774,5.371,86.426,-45.410,12.207,831.659
1666057276.778,82.520,505.371,-45.410,63.965,831.663
1666057276.781,-21.484,-66.895,-42.969,-39.551,831.682
1666057276.785,-114.258,-279.785,-52.246,-110.352,831.686
1666057276.789,-41.016,54.688,-50.293,-32.715,831.690
1666057276.793,72.754,57.617,-57.129,64.941,831.693
1666057276.797,9.766,-527.344,-66.895,0.488,831.697
1666057276.801,-115.723,-772.461,-62.012,-104.980,831.701
1666057276.805,-71.289,-386.719,-45.898,-49.805,831.705
1666057276.808,74.707,107.422,-40.039,76.660,831.709
1666057276.812,43.945,-553.223,-67.383,41.504,831.713
1666057276.816,-93.262,-659.668,-73.730,-96.191,831.717
1666057276.820,-112.793,-113.770,-70.312,-105.469,831.721
1666057276.824,7.324,78.613,-62.012,21.973,831.725
1666057276.826,58.594,196.289,-41.016,51.758,831.712
1666057276.830,-68.359,107.910,-50.781,-75.195,831.716
1666057276.834,-137.207,-181.152,-55.664,-117.676,831.719
1666057276.838,-15.137,-103.027,-37.109,-0.977,831.723
1666057276.842,80.566,390.625,-35.645,60.059,831.727
1666057276.846,-24.414,18.555,-45.410,-46.387,831.731
1666057276.850,-122.559,-639.648,-45.410,-121.094,831.735
1666057276.853,-38.574,-667.969,-38.574,-32.715,831.739
1666057276.857,85.938,121.094,-38.086,73.730,831.743
1666057276.861,13.184,493.164,-49.316,-2.441,831.747
1666057276.865,-109.863,-165.039,-47.363,-108.887,831.751
1666057276.869,-77.637,-885.254,-38.574,-59.570,831.755
1666057276.871,39.551,-266.602,-38.086,34.668,831.756
1666057276.875,35.645,591.797,-42.480,10.254,831.760
1666057276.879,-85.938,-54.199,-31.250,-89.355,831.764
1666057276.883,-111.816,-754.395,-16.602,-93.750,831.768
1666057276.887,-4.883,8.789,-26.855,6.348,831.772
1666057276.891,44.922,433.105,-36.133,38.574,831.776
1666057276.895,-71.289,-279.297,-30.273,-70.312,831.780
1666057276.898,-148.438,-934.082,-26.367,-125.000,831.783
1666057276.902,-35.645,-329.590,-5.859,-9.766,831.787
1666057276.906,65.430,644.531,-10.254,74.219,831.791
1666057276.910,-32.715,168.457,-48.340,-46.875,831.795
1666057276.914,-139.648,-479.004,-48.340,-144.043,831.799
1666057276.933,-73.242,-42.480,-29.297,-69.824,831.819
1666057276.937,58.105,530.762,-27.832,21.484,831.823
1666057276.941,14.160,24.414,-41.992,-29.297,831.827
1666057276.945,-117.188,-528.809,-41.992,-128.418,831.831
1666057276.949,-100.586,-180.176,-33.203,-88.379,831.834
1666057276.953,24.902,133.789,-45.410,34.668,831.838
1666057276.957,39.551,-313.477,-57.129,18.066,831.842
1666057276.960,-81.055,-690.918,-43.457,-104.492,831.846
1666057276.964,-129.395,-238.281,-48.828,-124.512,831.850
1666057276.968,-16.113,174.316,-57.129,-9.766,831.854
1666057276.972,52.734,256.348,-56.152,37.598,831.858
1666057276.976,-65.918,41.992,-61.035,-70.312,831.862
1666057276.960,-136.719,-182.129,-58.594,-113.770,831.859
1666057276.964,-40.527,-42.969,-53.711,-0.977,831.863
1666057276.968,54.688,129.883,-59.082,74.219,831.867
1666057276.972,-36.621,-114.746,-65.430,-31.738,831.871
1666057276.976,-145.996,-473.145,-56.152,-124.023,831.874
1666057276.980,-81.055,-614.746,-43.457,-50.293,831.878
1666057276.984,34.668,-271.484,-41.504,53.223,831.882
1666057276.987,2.441,216.797,-45.410,-1.953,831.886
1666057276.991,-118.652,-29.297,-51.758,-119.629,831.890
1666057276.995,-111.816,-446.289,-56.152,-94.727,831.894
1666057276.999,13.184,-958.008,-53.711,33.203,831.898
1666057277.003,30.762,-624.512,-43.457,31.738,831.902
1666057277.007,-92.285,-48.340,-41.504,-100.586,831.906
1666057277.011,-126.465,-470.215,-34.180,-111.328,831.910
1666057277.015,-6.836,-59.570,-36.621,5.859,831.914
1666057277.019,60.059,640.625,-56.641,55.176,831.918
1666057277.023,-42.480,39.062,-58.105,-51.270,831.922
1666057277.027,-125.488,-844.238,-47.363,-111.328,831.926
1666057277.031,-51.270,-666.992,-37.109,-17.578,831.930
1666057277.034,55.176,198.730,-35.156,65.430,831.934
1666057277.038,-5.859,267.090,-44.922,-15.625,831.937
1666057277.042,-132.324,-681.152,-52.246,-112.793,831.941
1666057277.046,-85.449,-501.953,-39.551,-55.176,831.945
1666057277.050,51.270,493.652,-36.621,52.734,831.949
1666057277.066,23.926,394.043,-44.434,10.254,831.951
1666057277.070,-98.145,-292.480,-35.645,-102.539,831.955
1666057277.074,-107.422,-322.754,-39.551,-96.191,831.959
1666057277.078,13.184,53.711,-49.805,16.602,831.963
1666057277.082,46.875,141.602,-46.875,35.645,831.967
1666057277.086,-81.055,-741.211,-49.316,-78.125,831.971
1666057277.090,-148.926,-818.359,-47.852,-118.164,831.975
1666057277.093,-35.645,197.266,-35.156,-8.789,831.979
1666057277.097,63.965,357.910,-36.621,62.012,831.982
1666057277.101,-34.180,-591.797,-49.805,-39.062,831.986
1666057277.105,-137.207,-625.488,-47.363,-125.000,831.990
1666057277.109,-52.246,76.172,-41.992,-30.762,831.994
1666057277.110,76.172,291.992,-48.340,82.031,831.996
1666057277.114,14.160,60.547,-58.105,5.859,832.000
1666057277.118,-108.887,-134.766,-46.875,-117.188,832.004
1666057277.122,-87.891,-114.746,-25.879,-76.660,832.008
1666057277.126,42.969,103.516,-20.020,45.410,832.011
1666057277.130,43.457,27.344,-31.738,9.277,832.015
1666057277.134,-91.797,-332.031,-41.504,-124.512,832.019
1666057277.137,-108.398,-287.598,-40.527,-120.117,832.023
1666057277.141,16.602,-455.078,-39.062,15.137,832.027
1666057277.145,62.012,-134.277,-32.715,36.621,832.031
1666057277.149,-52.246,160.156,-39.551,-73.242,832.035
1666057277.153,-125.488,-523.438,-42.480,-114.746,832.039
1666057277.156,-25.391,-517.578,-35.156,-17.090,832.042
1666057277.160,72.754,337.891,-32.227,52.734,832.046
1666057277.164,-13.672,293.945,-39.062,-49.805,832.050
1666057277.168,-119.141,-552.246,-41.992,-128.906,832.054
1666057277.172,-71.289,-931.641,-44.922,-47.363,832.058
1666057277.176,41.992,-315.918,-38.574,55.176,832.062
1666057277.180,8.301,139.648,-36.133,-7.812,832.066
1666057277.183,-121.582,-330.078,-44.922,-119.141,832.069
1666057277.187,-112.793,-834.473,-40.527,-76.172,832.073
1666057277.191,30.762,37.598,-39.551,45.898,832.077
1666057277.195,41.992,634.277,-46.875,25.391,832.081
1666057277.199,-96.191,-122.559,-48.340,-103.027,832.085
1666057277.202,-137.207,-420.898,-35.156,-111.816,832.094
1666057277.206,-10.254,229.492,-26.367,5.859,832.098
1666057277.210,46.875,495.605,-30.273,32.227,832.102
1666057277.214,-66.406,-308.594,-32.227,-80.078,832.106
1666057277.218,-133.789,-670.410,-19.531,-131.836,832.110
1666057277.222,-42.969,-283.203,-26.855,-33.203,832.114
1666057277.226,61.523,108.398,-46.875,44.922,832.118
1666057277.229,-28.809,-415.527,-47.363,-55.176,832.122
1666057277.233,-144.531,-786.133,-28.809,-142.578,832.126
1666057277.237,-76.660,-83.984,-13.184,-62.988,832.129
1666057277.241,52.246,413.086,-23.438,58.105,832.133
1666057277.245,12.695,189.453,-30.273,13.184,832.137
1666057277.246,-110.840,-197.754,-20.996,-94.238,832.133
1666057277.250,-94.727,-118.652,-13.672,-56.641,832.136
1666057277.254,30.273,168.457,-10.254,70.312,832.140
1666057277.258,42.480,-17.578,-11.719,67.871,832.144
1666057277.262,-80.078,-277.344,-16.113,-61.035,832.148
1666057277.266,-138.672,-520.508,-23.926,-99.609,832.152
1666057277.270,-26.855,-408.203,-18.066,16.113,832.156
1666057277.273,61.035,-748.047,-19.531,97.168,832.160
1666057277.277,-41.016,-769.531,-13.672,0.977,832.164
1666057277.281,-131.348,-317.871,-13.672,-63.965,832.168
1666057277.285,-50.293,-223.145,-22.949,30.762,832.172
1666057277.289,62.500,299.316,-21.484,120.117,832.176
1666057277.292,5.371,432.617,-25.879,44.434,832.178
1666057277.296,-95.215,-111.816,-32.715,-50.781,832.182
1666057277.300,-56.641,-454.102,-27.832,4.883,832.186
1666057277.304,76.660,204.102,-13.184,109.375,832.190
1666057277.308,67.871,555.664,-11.719,79.590,832.194
1666057277.312,-64.941,-286.621,-19.043,-29.297,832.197
1666057277.316,-78.613,-922.363,-15.625,-25.879,832.201
1666057277.319,44.922,-420.410,-8.301,103.516,832.205
1666057277.323,96.680,278.809,-8.789,141.113,832.209
1666057277.327,-3.418,-4.395,-14.648,14.648,832.213
1666057277.331,-77.148,-751.465,-27.832,-20.508,832.217
1666057277.335,26.367,-193.359,-23.926,104.004,832.221
1666057277.336,122.559,629.395,-27.832,161.621,832.234
1666057277.340,18.555,218.262,-43.457,47.852,832.238
1666057277.344,-84.961,-564.941,-43.457,-26.855,832.242
1666057277.348,-14.648,-481.934,-27.344,54.199,832.246
1666057277.352,105.957,325.684,-15.137,150.391,832.249
1666057277.356,44.434,87.402,-30.762,77.148,832.253
1666057277.360,-85.449,-939.941,-42.969,-38.574,832.257
1666057277.363,-71.777,-704.102,-26.367,-10.254,832.261
1666057277.367,66.406,395.020,-20.508,110.352,832.265
1666057277.371,79.102,438.477,-36.133,95.215,832.269
1666057277.375,-50.781,-331.543,-34.668,-31.738,832.273
1666057277.379,-86.426,-408.691,-25.391,-40.039,832.277
1666057277.383,28.809,289.062,-42.969,79.102,832.280
1666057277.387,81.055,336.426,-45.898,108.887,832.284
1666057277.391,-42.480,-180.664,-41.992,-14.648,832.288
1666057277.395,-116.699,-277.344,-47.363,-64.453,832.292
1666057277.399,-21.973,176.270,-38.574,37.109,832.296
1666057277.403,78.125,-38.086,-47.363,123.535,832.300
1666057277.407,-10.254,-671.387,-51.270,29.297,832.303
1666057277.410,-111.816,-362.305,-36.133,-69.824,832.307
1666057277.414,-47.852,-115.723,-34.180,0.000,832.311
1666057277.418,56.152,12.207,-46.387,97.168,832.315
1666057277.422,26.855,225.098,-54.199,30.762,832.319
1666057277.426,-83.496,-7.324,-50.293,-83.496,832.323
1666057277.440,-79.590,-376.953,-49.805,-49.805,832.326
1666057277.444,41.504,-236.816,-45.410,73.730,832.330
1666057277.448,60.059,236.816,-48.828,63.477,832.333
1666057277.452,-77.637,-259.766,-62.012,-74.707,832.337
1666057277.456,-119.141,-627.930,-59.082,-92.285,832.341
1666057277.460,2.930,-926.270,-59.570,34.668,832.345
1666057277.464,81.055,-652.344,-51.270,79.102,832.349
1666057277.467,-19.531,75.195,-55.664,-41.992,832.353
1666057277.471,-120.605,-291.016,-74.707,-104.492,832.357
1666057277.475,-36.621,-203.125,-63.477,-8.301,832.361
1666057277.479,68.359,559.570,-57.617,75.684,832.365
1666057277.483,0.977,426.270,-67.383,-3.418,832.369
1666057277.486,-105.469,-369.629,-69.824,-114.258,832.373
1666057277.490,-61.035,-320.312,-48.340,-48.828,832.376
1666057277.494,70.312,481.445,-37.109,75.684,832.380
1666057277.498,35.156,402.832,-48.828,29.785,832.384
1666057277.502,-98.633,-596.191,-61.523,-88.867,832.388
1666057277.506,-103.516,-882.324,-56.641,-76.660,832.392
1666057277.510,32.227,-9.766,-46.387,49.805,832.396
1666057277.513,60.059,487.305,-54.199,59.082,832.400
1666057277.517,-86.426,-541.992,-68.848,-72.266,832.404
1666057277.521,-133.789,-810.059,-60.547,-95.215,832.408
1666057277.525,-4.395,148.926,-58.594,29.297,832.412
1666057277.529,70.312,496.582,-64.941,81.543,832.415
1666057277.561,-39.062,-113.281,-70.801,-34.668,832.448
1666057277.565,-136.230,-390.137,-68.848,-114.258,832.452
1666057277.569,-68.848,-20.020,-69.336,-25.391,832.456
1666057277.573,51.270,56.641,-71.289,68.359,832.459
1666057277.577,-2.441,-580.078,-67.383,-8.301,832.463
1666057277.581,-115.723,-845.215,-59.570,-95.703,832.467
1666057277.585,-82.520,-514.648,-51.270,-52.246,832.471
1666057277.588,45.410,-102.539,-57.617,62.012,832.475
1666057277.592,23.926,-663.086,-69.336,46.387,832.479
1666057277.596,-87.402,-630.859,-47.363,-79.102,832.483
1666057277.600,-98.145,-182.129,-51.270,-86.426,832.487
1666057277.604,13.672,-46.387,-54.688,38.574,832.491
1666057277.576,60.547,350.586,-42.480,63.477,832.462
1666057277.580,-71.777,174.805,-62.012,-65.430,832.466
1666057277.584,-144.531,-246.094,-63.477,-106.934,832.470
1666057277.588,-28.320,-227.539,-48.340,6.348,832.474
1666057277.592,75.684,315.918,-52.246,67.871,832.477
1666057277.596,-26.367,29.785,-64.453,-30.762,832.481
1666057277.600,-135.254,-678.711,-56.641,-102.539,832.485
1666057277.603,-62.988,-680.176,-39.062,-27.344,832.489
1666057277.607,68.359,92.773,-30.273,76.172,832.493
1666057277.611,9.766,232.910,-37.598,8.301,832.497
1666057277.615,-99.609,-333.496,-37.109,-101.074,832.501
1666057277.619,-65.430,-672.852,-37.598,-51.270,832.505
1666057277.621,53.711,90.820,-35.156,67.871,832.521
1666057277.625,51.270,550.293,-38.574,48.340,832.525
1666057277.629,-80.078,-85.449,-46.875,-70.801,832.529
1666057277.633,-130.371,-943.359,-49.805,-70.801,832.533
1666057277.637,-9.766,-919.434,-48.828,44.434,832.537
1666057277.641,65.430,-58.594,-41.504,62.012,832.541
1666057277.645,-62.500,-304.688,-44.922,-57.129,832.545
1666057277.648,-150.879,-925.781,-42.969,-94.727,832.549
1666057277.652,-49.316,-152.832,-38.574,-0.488,832.553
1666057277.656,54.199,667.480,-41.992,67.383,832.557
1666057277.660,-20.508,192.383,-37.598,-14.160,832.561
1666057277.664,-120.117,-539.551,-38.574,-87.891,832.564
1666057277.668,-51.270,-216.309,-45.410,-10.742,832.553
1666057277.672,81.543,618.652,-33.691,91.309,832.557
1666057277.676,21.484,177.734,-37.598,6.348,832.561
1666057277.680,-142.090,-592.285,-52.246,-139.648,832.565
1666057277.684,-127.441,-251.465,-38.574,-113.770,832.569
1666057277.688,1.465,127.441,-40.527,-2.930,832.573
1666057277.692,-3.418,-135.742,-53.711,-34.668,832.577
1666057277.695,-146.973,-410.645,-50.293,-184.082,832.581
1666057277.699,-199.219,-207.520,-29.785,-206.055,832.585
1666057277.703,-86.914,211.914,-19.043,-87.891,832.589
1666057277.707,-42.969,-68.848,-41.992,-75.684,832.592
1666057277.711,-160.156,-285.156,-33.203,-192.383,832.596
1666057277.711,-230.469,-118.164,-29.297,-255.371,832.639
1666057277.715,-147.461,-75.684,-41.992,-179.199,832.643
1666057277.719,-45.898,-31.738,-48.828,-85.938,832.647
1666057277.723,-132.812,-184.082,-48.340,-172.852,832.651
1666057277.727,-237.793,-301.758,-42.969,-264.160,832.655
1666057277.731,-187.012,-382.812,-28.320,-185.059,832.659
1666057277.735,-69.336,-891.602,-29.785,-62.988,832.663
1666057277.738,-95.703,-681.641,-53.711,-126.953,832.667
1666057277.742,-235.352,-150.879,-56.152,-266.113,832.670
1666057277.746,-236.328,-347.168,-52.734,-242.676,832.674
1666057277.750,-69.824,94.727,-38.086,-87.402,832.678
1666057277.754,-34.668,579.590,-20.020,-63.477,832.682
1666057277.758,-164.062,135.254,-31.738,-194.336,832.670
1666057277.762,-185.059,-434.082,-27.344,-193.359,832.674
1666057277.766,-60.547,-38.086,-9.277,-52.246,832.678
1666057277.770,0.000,589.355,-41.992,-26.855,832.682
1666057277.774,-105.957,45.410,-58.105,-146.973,832.686
1666057277.778,-175.781,-860.840,-44.922,-182.129,832.689
1666057277.782,-83.496,-802.734,-35.156,-74.219,832.693
1666057277.785,31.738,230.957,-36.133,19.043,832.697
1666057277.789,-29.785,322.266,-45.898,-47.363,832.701
1666057277.793,-135.254,-722.656,-44.434,-141.602,832.705
1666057277.797,-86.914,-471.191,-35.156,-82.520,832.709
1666057277.801,52.246,510.254,-26.855,44.434,832.713
1666057277.816,54.199,393.066,-35.645,21.484,832.702
1666057277.820,-76.660,-487.793,-37.109,-91.797,832.706
1666057277.824,-88.379,-489.258,-21.484,-74.219,832.710
1666057277.828,52.246,5.371,-11.719,70.312,832.714
1666057277.832,93.262,104.980,-39.062,88.867,832.718
1666057277.836,-46.875,-764.648,-45.898,-38.086,832.722
1666057277.840,-95.215,-881.836,-5.371,-75.195,832.725
1666057277.843,8.789,-134.766,-4.883,27.832,832.729
1666057277.847,80.566,213.867,-29.297,87.891,832.733
1666057277.851,-18.066,-43.945,-39.062,-17.090,832.737
1666057277.855,-113.281,-252.441,-30.273,-94.238,832.741
1666057277.859,-44.434,67.871,-18.555,-10.254,832.745
1666057277.860,75.195,218.262,-23.438,94.727,832.759
1666057277.864,34.668,-183.105,-20.996,25.391,832.763
1666057277.868,-81.055,-232.910,-15.625,-92.773,832.767
1666057277.872,-63.965,-138.184,-27.344,-47.363,832.771
1666057277.876,66.406,-16.602,-24.902,80.566,832.775
1666057277.880,77.148,-40.527,-12.207,58.594,832.779
1666057277.884,-51.270,-358.887,-12.695,-66.406,832.783
1666057277.887,-83.496,-284.668,-23.438,-62.500,832.787
1666057277.891,55.176,-352.051,-29.297,76.172,832.791
1666057277.895,104.492,-281.738,-40.527,92.285,832.795
1666057277.899,-30.273,-71.289,-44.434,-53.223,832.799
1666057277.903,-101.562,-315.918,-30.273,-94.727,832.802
1666057277.905,-9.277,-537.598,-25.879,9.766,832.791
1666057277.909,84.961,270.996,-25.879,82.031,832.795
1666057277.913,6.348,350.586,-28.809,-6.348,832.798
1666057277.917,-95.703,-614.258,-22.949,-82.520,832.802
1666057277.921,-52.734,-835.938,-20.020,-3.906,832.806
1666057277.925,70.801,-75.195,-23.926,99.609,832.810
1666057277.929,47.852,183.105,-33.203,44.922,832.814
1666057277.932,-83.984,-379.883,-46.875,-78.613,832.818
1666057277.936,-81.055,-779.785,-31.738,-48.828,832.822
1666057277.940,63.965,149.902,-9.277,78.613,832.826
1666057277.944,79.102,722.168,-32.715,54.688,832.830
1666057277.948,-60.547,-182.617,-57.617,-78.125,832.834
1666057277.953,-99.609,-858.398,-46.875,-83.984,832.853
1666057277.957,26.855,5.859,-39.551,39.551,832.857
1666057277.961,88.379,695.312,-59.082,72.266,832.861
1666057277.965,-23.926,-80.078,-72.266,-33.691,832.865
1666057277.969,-90.332,-633.301,-70.801,-72.266,832.869
1666057277.973,-38.086,-268.555,-74.707,-8.789,832.873
1666057277.977,43.945,177.734,-70.312,52.734,832.877
1666057277.980,-18.555,-313.477,-77.637,-26.367,832.880
1666057277.984,-123.047,-762.695,-77.637,-118.652,832.884
1666057277.988,-77.148,-86.426,-71.777,-59.082,832.888
1666057277.992,49.316,445.312,-74.219,53.223,832.892
1666057277.996,28.809,208.008,-82.031,9.766,832.896
1666057277.996,-94.727,-134.277,-96.191,-116.699,832.883
1666057278.000,-90.332,-105.469,-92.773,-82.031,832.887
1666057278.004,27.344,163.574,-96.680,47.363,832.891
1666057278.008,29.297,-0.977,-99.609,39.062,832.895
1666057278.012,-94.727,-452.637,-96.191,-94.727,832.899
1666057278.016,-126.465,-612.793,-101.074,-133.789,832.902
1666057278.020,-20.996,-319.824,-111.816,-13.184,832.906
1666057278.023,52.246,-634.766,-125.000,51.758,832.910
1666057278.027,-38.574,-581.543,-125.488,-64.453,832.914
1666057278.031,-132.812,-120.117,-123.535,-142.090,832.918
1666057278.035,-64.453,-244.141,-121.582,-47.852,832.922
1666057278.039,50.781,-127.930,-119.141,55.664,832.926
1666057278.042,1.953,285.645,-125.488,-21.973,832.929
1666057278.046,-115.723,-12.207,-145.020,-128.418,832.933
1666057278.050,-86.426,-387.695,-146.484,-79.102,832.937
1666057278.054,57.617,218.262,-122.070,52.734,832.941
1666057278.058,53.711,501.465,-139.160,29.297,832.945
1666057278.062,-89.844,-281.738,-172.852,-115.723,832.949
1666057278.066,-114.746,-952.637,-176.758,-105.469,832.953
1666057278.069,18.555,-739.746,-158.203,39.062,832.956
1666057278.073,70.312,364.258,-152.344,52.246,832.960
1666057278.077,-60.547,184.570,-172.852,-83.008,832.964
1666057278.081,-129.883,-549.805,-185.059,-120.117,832.968
1666057278.085,-21.973,32.715,-187.500,0.000,832.972
1666057278.086,68.848,700.195,-184.570,73.730,833.002
1666057278.090,-23.926,277.832,-194.336,-31.250,833.006
1666057278.094,-129.395,-583.496,-221.191,-118.652,833.010
1666057278.098,-72.266,-529.297,-215.820,-52.246,833.014
1666057278.102,51.758,333.008,-202.148,52.246,833.018
1666057278.106,-3.906,144.043,-231.934,-20.996,833.022
1666057278.110,-130.371,-912.598,-250.977,-126.465,833.025
1666057278.113,-99.121,-781.738,-232.910,-72.266,833.029
1666057278.117,32.227,72.266,-233.398,47.363,833.033
1666057278.121,34.180,111.816,-279.297,19.043,833.037
1666057278.125,-93.750,-455.078,-307.129,-106.934,833.041
1666057278.129,-125.488,-282.227,-305.664,-117.676,833.045
1666057278.132,-9.766,277.832,-318.359,-0.977,833.031
1666057278.136,54.688,365.723,-328.125,37.109,833.035
1666057278.140,-56.152,2.930,-317.871,-78.613,833.038
1666057278.144,-119.629,-179.688,-292.480,-110.352,833.042
1666057278.148,-36.621,98.145,-307.617,-8.301,833.046
1666057278.152,32.227,30.762,-321.289,56.641,833.050
1666057278.156,-45.898,-280.273,-324.219,-40.527,833.054
1666057278.159,-140.625,-242.188,-334.473,-136.230,833.058
1666057278.163,-78.125,-122.070,-335.449,-52.246,833.062
1666057278.167,40.527,-50.293,-340.332,67.383,833.066
1666057278.171,-4.395,-13.184,-343.750,10.254,833.070
1666057278.175,-120.117,-287.109,-335.449,-103.027,833.074
1666057278.191,-111.816,-298.340,-341.309,-76.660,833.077
1666057278.195,0.000,-540.039,-371.094,44.434,833.081
1666057278.199,22.949,-395.508,-368.652,34.668,833.085
1666057278.203,-98.633,-345.703,-357.910,-87.891,833.089
1666057278.207,-152.344,-679.688,-371.582,-107.422,833.093
1666057278.211,-21.973,-875.488,-368.652,14.648,833.097
1666057278.215,49.316,-274.414,-359.375,51.758,833.100
1666057278.218,-62.012,159.668,-374.023,-81.055,833.104
1666057278.222,-136.719,-412.109,-389.160,-134.766,833.108
1666057278.226,-54.199,-439.941,-385.742,-35.156,833.112
1666057278.230,54.688,460.449,-381.348,45.898,833.116
1666057278.234,-13.672,462.402,-395.996,-37.598,833.120
1666057278.236,-119.141,-399.902,-414.551,-131.836,833.122
1666057278.240,-82.520,-555.176,-414.551,-80.566,833.126
1666057278.244,32.715,270.508,-408.203,29.297,833.130
1666057278.248,5.859,528.809,-425.293,-8.301,833.134
1666057278.252,-115.234,-415.527,-439.941,-122.559,833.138
1666057278.256,-104.980,-916.016,-420.410,-96.680,833.142
1666057278.260,34.668,-63.477,-399.414,33.203,833.145
1666057278.263,64.453,532.715,-414.062,43.945,833.149
1666057278.267,-69.336,-464.844,-437.988,-75.195,833.153
1666057278.271,-118.164,-835.449,-425.293,-108.398,833.157
1666057278.275,4.883,83.984,-414.062,18.066,833.161
1666057278.279,91.797,475.586,-422.363,92.773,833.165
1666057278.296,-21.484,-106.934,-432.617,-34.668,833.182
1666057278.300,-110.840,-364.746,-423.340,-106.445,833.186
1666057278.304,-40.039,-41.504,-407.227,-6.836,833.190
1666057278.308,67.383,13.184,-425.781,84.961,833.194
1666057278.312,0.977,-699.707,-462.402,1.465,833.198
1666057278.316,-124.023,-1000.000,-464.844,-121.094,833.202
1666057278.320,-84.473,-420.410,-449.219,-66.406,833.206
1666057278.323,44.434,151.855,-454.102,70.312,833.210
1666057278.327,25.879,-495.117,-465.820,43.457,833.214
1666057278.331,-94.727,-452.637,-462.891,-91.309,833.218
1666057278.335,-100.586,-90.820,-461.426,-83.496,833.221
1666057278.339,24.902,62.988,-457.031,57.129,833.225
1666057278.327,73.730,386.230,-465.820,79.102,833.214
1666057278.331,-42.480,148.926,-460.449,-51.758,833.218
1666057278.335,-100.586,-239.746,-454.102,-90.820,833.222
1666057278.339,14.160,-182.617,-443.359,40.039,833.225
1666057278.343,104.980,301.758,-435.059,108.398,833.229
1666057278.347,-1.953,5.371,-463.867,-12.207,833.233
1666057278.351,-111.328,-667.480,-472.656,-96.680,833.237
1666057278.354,-43.457,-690.918,-459.961,-11.230,833.241
1666057278.358,75.684,160.645,-470.215,86.914,833.245
1666057278.362,33.691,479.004,-478.027,17.090,833.249
1666057278.366,-76.660,-128.418,-463.867,-84.473,833.253
1666057278.370,-51.758,-902.344,-456.543,-28.809,833.257
1666057278.371,71.777,-545.410,-448.242,93.262,833.272
1666057278.375,77.637,459.473,-448.730,66.895,833.275
1666057278.379,-43.457,-54.199,-459.473,-53.711,833.279
1666057278.383,-83.008,-811.523,-445.312,-44.922,833.283
1666057278.387,44.922,-54.199,-425.293,95.703,833.287
1666057278.391,102.051,387.695,-435.547,125.488,833.291
1666057278.395,-8.301,-304.688,-442.383,-7.324,833.295
1666057278.398,-52.246,-929.199,-431.641,-26.367,833.299
1666057278.402,47.852,-365.723,-419.434,85.449,833.303
1666057278.406,121.582,343.750,-422.852,131.348,833.307
1666057278.410,24.902,-47.363,-426.758,17.090,833.311
1666057278.414,-90.820,-504.883,-419.434,-72.266,833.314
1666057278.434,-30.273,-121.094,-411.133,13.184,833.331
1666057278.438,108.398,524.414,-403.320,131.348,833.335
1666057278.442,72.266,148.926,-407.227,81.055,833.339
1666057278.446,-51.758,-509.766,-410.156,-34.180,833.342
1666057278.450,-31.738,-228.516,-395.508,-9.766,833.346
1666057278.454,104.980,85.449,-375.488,126.465,833.350
1666057278.458,118.164,-112.793,-386.230,116.211,833.354
1666057278.461,-3.418,-268.555,-388.672,-27.832,833.358
1666057278.465,-44.922,-160.156,-384.277,-55.176,833.362
1666057278.469,62.012,175.781,-393.066,58.594,833.366
1666057278.473,130.371,-108.398,-384.277,118.164,833.370
1666057278.477,21.973,-565.918,-373.047,2.930,833.374
1666057278.462,-59.570,-456.543,-360.352,-58.594,833.361
1666057278.466,20.020,-160.645,-354.004,41.016,833.364
1666057278.470,116.699,-107.910,-360.352,122.070,833.368
1666057278.474,38.086,-265.137,-367.188,35.645,833.372
1666057278.478,-61.035,-370.605,-375.000,-45.410,833.376
1666057278.482,-3.418,-505.371,-351.074,36.133,833.380
1666057278.486,102.051,-242.188,-323.730,143.555,833.384
1666057278.489,69.824,248.047,-343.262,82.031,833.388
1666057278.493,-57.129,-37.598,-349.121,-44.922,833.392
1666057278.497,-55.664,-475.098,-324.219,-29.785,833.396
1666057278.501,82.520,-902.344,-316.895,105.957,833.400
1666057278.505,108.887,-347.168,-307.617,109.863,833.404
1666057278.509,-22.461,99.609,-307.617,-23.926,833.406
1666057278.513,-65.918,-540.527,-300.293,-39.551,833.410
1666057278.517,44.922,-480.957,-282.227,75.684,833.414
1666057278.521,116.699,435.059,-278.809,116.211,833.418
1666057278.525,18.555,358.887,-277.344,-4.883,833.421
1666057278.529,-70.801,-683.105,-263.672,-73.730,833.425
1666057278.533,4.883,-732.910,-235.352,18.555,833.429
1666057278.536,105.469,462.891,-229.980,106.445,833.433
1666057278.540,40.527,499.512,-239.258,30.273,833.437
1666057278.544,-76.172,-478.027,-237.305,-74.219,833.441
1666057278.548,-45.898,-309.082,-209.473,-11.719,833.445
1666057278.552,92.285,511.230,-186.523,121.094,833.449
1666057278.566,91.309,457.031,-193.848,83.496,833.452
1666057278.570,-41.992,-311.035,-192.383,-58.594,833.456
1666057278.574,-61.523,-407.227,-176.270,-51.758,833.460
1666057278.578,76.660,-10.742,-164.062,90.820,833.464
1666057278.582,113.770,83.496,-168.945,102.051,833.468
1666057278.586,-20.996,-771.973,-181.152,-22.949,833.472
1666057278.590,-63.965,-974.121,-146.484,-45.410,833.476
1666057278.593,37.598,76.172,-134.277,56.641,833.480
1666057278.597,99.609,425.781,-154.785,107.422,833.484
1666057278.601,0.000,-229.004,-161.133,-2.930,833.488
1666057278.605,-102.051,-269.531,-158.691,-105.957,833.491
1666057278.609,-41.992,77.148,-145.996,-31.250,833.495
1666057278.612,69.824,324.707,-136.230,83.984,833.504
1666057278.616,7.812,229.004,-142.090,3.418,833.508
1666057278.620,-120.117,-158.203,-143.066,-115.723,833.512
1666057278.624,-99.609,-180.176,-119.141,-145.020,833.516
1666057278.628,20.508,72.754,-108.398,-134.766,833.520
1666057278.632,11.719,15.137,-109.375,-168.457,833.524
1666057278.636,-119.629,-474.609,-102.539,-273.926,833.528
1666057278.639,-151.367,-597.168,-94.727,-277.344,833.532
1666057278.643,-49.316,-647.461,-100.586,-158.203,833.535
1666057278.647,-10.254,-651.855,-104.004,-125.488,833.539
1666057278.651,-123.535,-96.191,-98.633,-242.188,833.543
1666057278.655,-206.543,-290.039,-95.703,-287.598,833.547
1666057278.656,-125.000,-290.527,-87.402,-178.223,833.572
1666057278.660,-11.719,489.746,-85.938,-90.820,833.576
1666057278.664,-90.820,333.496,-71.777,-186.035,833.579
1666057278.668,-207.520,-635.254,-57.617,-281.250,833.583
1666057278.672,-158.203,-815.918,-49.805,-196.777,833.587
1666057278.676,-39.062,-68.848,-44.434,-78.613,833.591
1666057278.680,-63.477,187.012,-40.039,-138.184,833.595
1666057278.683,-189.453,-302.246,-42.480,-251.465,833.599
1666057278.687,-199.219,-892.578,-42.969,-215.332,833.603
1666057278.691,-48.828,-205.078,-5.859,-75.195,833.607
1666057278.695,-22.949,398.438,2.441,-81.055,833.611
1666057278.699,-164.551,-224.121,-20.996,-217.285,833.615
1666057278.703,-208.008,-610.840,-15.625,-222.168,833.591
1666057278.707,-83.496,166.016,6.836,-95.215,833.595
1666057278.711,-16.113,645.996,12.695,-63.477,833.599
1666057278.715,-139.160,-14.648,5.371,-190.918,833.603
1666057278.719,-216.309,-415.039,16.113,-250.488,833.606
1666057278.723,-134.766,-255.859,20.508,-151.367,833.610
1666057278.727,-36.621,108.887,15.137,-66.406,833.614
1666057278.730,-111.328,-307.617,24.902,-147.461,833.618
1666057278.734,-232.422,-720.215,21.484,-244.141,833.622
1666057278.738,-192.383,-54.199,-3.418,-199.707,833.626
1666057278.742,-69.824,445.312,-0.977,-89.844,833.630
1666057278.746,-99.609,-16.113,21.484,-124.512,833.634
1666057278.747,-229.492,-526.855,26.367,-240.723,833.635
1666057278.751,-231.934,-255.859,5.371,-220.703,833.639
1666057278.755,-110.352,200.195,-19.043,-99.121,833.643
1666057278.759,-84.961,-350.586,-20.020,-87.891,833.647
1666057278.763,-208.496,-482.422,-31.250,-219.238,833.651
1666057278.767,-263.184,-427.734,-28.809,-253.906,833.655
1666057278.771,-160.645,-340.820,7.324,-138.672,833.659
1666057278.774,-99.609,-654.297,16.602,-87.402,833.663
1666057278.778,-209.961,-791.504,20.020,-215.820,833.667
1666057278.782,-290.527,-334.961,29.785,-294.922,833.671
1666057278.786,-199.219,-197.754,48.340,-189.453,833.674
1666057278.790,-91.797,314.453,35.156,-101.074,833.678
1666057278.807,-158.203,437.012,21.484,-192.383,833.695
1666057278.811,-285.156,-89.844,35.645,-305.664,833.699
1666057278.815,-259.277,-437.988,41.992,-257.812,833.703
1666057278.819,-134.766,-17.578,47.852,-143.066,833.707
1666057278.823,-145.508,383.301,40.527,-176.758,833.711
1666057278.827,-279.785,-239.258,51.758,-288.574,833.714
1666057278.831,-318.359,-949.219,53.223,-282.715,833.718
1666057278.834,-191.895,-762.695,59.082,-158.691,833.722
1666057278.838,-133.789,328.613,73.730,-143.555,833.726
1666057278.842,-255.859,232.910,51.270,-276.855,833.730
1666057278.846,-329.590,-517.578,58.594,-319.336,833.734
1666057278.850,-237.305,-117.676,82.520,-201.172,833.738
1666057278.836,-140.137,580.566,72.754,-129.883,833.736
1666057278.840,-219.238,263.672,61.523,-235.352,833.740
1666057278.844,-323.242,-560.547,62.988,-320.312,833.744
1666057278.848,-252.441,-491.211,79.102,-240.723,833.748
1666057278.852,-114.746,323.242,93.262,-124.023,833.752
1666057278.856,-167.969,94.727,64.453,-200.195,833.756
1666057278.860,-316.895,-839.844,46.387,-331.543,833.760
1666057278.863,-302.246,-633.301,62.500,-291.016,833.763
1666057278.867,-153.320,376.465,78.125,-150.391,833.767
1666057278.871,-148.438,342.773,62.012,-173.340,833.771
1666057278.875,-295.898,-866.699,46.387,-310.059,833.775
1666057278.879,-339.355,-865.234,57.129,-330.566,833.779
1666057278.882,-201.172,217.773,62.988,-208.008,833.781
1666057278.886,-136.230,458.008,48.828,-169.922,833.785
1666057278.890,-272.461,20.996,38.574,-309.082,833.789
1666057278.894,-353.027,-192.871,51.270,-365.234,833.793
1666057278.898,-251.465,126.465,57.129,-246.582,833.797
1666057278.902,-161.621,69.336,22.949,-160.645,833.801
1666057278.906,-247.070,-244.629,10.254,-258.301,833.804
1666057278.909,-350.586,-248.535,10.742,-355.957,833.808
1666057278.913,-302.246,-305.176,16.602,-293.945,833.812
1666057278.917,-180.176,-345.215,20.020,-166.504,833.816
1666057278.921,-208.496,-207.520,17.090,-221.191,833.820
1666057278.925,-335.449,-62.988,12.695,-354.492,833.824
1666057278.941,-326.660,-297.852,21.484,-310.059,833.827
1666057278.945,-202.637,-10.254,29.297,-177.246,833.831
1666057278.949,-193.848,388.672,5.859,-187.500,833.835
1666057278.953,-312.500,-208.984,-2.930,-311.035,833.839
1666057278.957,-340.332,-659.180,3.906,-317.383,833.843
1666057278.961,-215.820,-869.141,1.953,-187.500,833.847
1666057278.965,-148.926,-306.641,8.789,-156.250,833.850
1666057278.968,-256.348,207.520,5.859,-277.344,833.854
1666057278.972,-334.473,-413.086,-8.789,-325.195,833.858
1666057278.976,-250.977,-470.215,-8.789,-222.656,833.862
1666057278.980,-125.000,311.523,-9.766,-123.535,833.866
1666057278.984,-178.711,159.180,-38.574,-202.148,833.870
1666057278.986,-290.527,-511.230,-51.270,-293.457,833.872
1666057278.990,-252.930,-492.676,-26.855,-226.074,833.876
1666057278.994,-135.254,373.047,-29.297,-114.258,833.880
1666057278.998,-161.621,507.324,-31.250,-168.945,833.884
1666057279.002,-280.273,-311.523,-21.484,-286.133,833.888
1666057279.006,-274.902,-725.586,-18.555,-261.719,833.891
1666057279.010,-146.484,-42.480,-24.414,-140.625,833.895
1666057279.013,-110.840,505.371,-38.086,-130.371,833.899
1666057279.017,-241.699,-485.352,-39.062,-260.742,833.903
1666057279.021,-306.641,-810.547,-25.391,-299.316,833.907
1666057279.025,-179.199,173.340,-7.812,-165.527,833.911
1666057279.029,-89.355,531.250,-6.836,-92.773,833.915
1666057279.032,-206.055,-103.516,-22.949,-216.309,833.920
1666057279.036,-307.129,-546.875,-35.156,-293.945,833.924
1666057279.040,-204.590,-244.141,-33.203,-180.176,833.928
1666057279.044,-63.965,105.469,-9.766,-57.617,833.932
1666057279.048,-153.809,-601.074,-5.859,-151.855,833.936
1666057279.052,-305.664,-1000.000,-15.137,-289.062,833.940
1666057279.056,-260.254,-476.562,-6.348,-223.145,833.944
1666057279.059,-116.211,-15.137,-12.695,-74.219,833.948
1666057279.063,-123.047,-436.035,-25.391,-110.840,833.952
1666057279.067,-253.418,-368.164,-14.160,-252.441,833.956
1666057279.071,-270.508,-100.098,-9.766,-245.605,833.959
1666057279.075,-128.906,92.285,-8.789,-98.633,833.963
1666057279.077,-69.336,428.223,-9.766,-55.664,833.964
1666057279.081,-187.988,207.031,-30.273,-177.734,833.968
1666057279.085,-250.977,-151.367,-32.715,-219.727,833.972
1666057279.089,-144.531,-210.938,-21.484,-99.609,833.976
1666057279.093,-46.875,114.258,-14.648,-11.230,833.980
1666057279.097,-129.883,-99.121,-21.484,-111.328,833.984
1666057279.101,-222.168,-544.434,-36.133,-190.430,833.988
1666057279.104,-144.531,-786.133,-27.832,-82.520,833.991
1666057279.108,-13.184,-681.641,-1.953,41.016,833.995
1666057279.112,-55.176,199.219,-1.953,-41.016,833.999
1666057279.116,-186.035,-38.086,-13.672,-158.203,834.003
1666057279.120,-165.527,-463.867,-14.160,-102.539,834.007
1666057279.120,-23.438,272.949,-6.348,24.902,834.006
1666057279.124,-10.742,609.863,-1.953,8.789,834.010
1666057279.128,-136.230,-97.168,-8.789,-110.840,834.014
1666057279.132,-167.480,-752.930,9.277,-118.652,834.017
1666057279.136,-40.527,-41.992,34.180,10.254,834.021
1666057279.140,6.348,257.324,24.902,37.598,834.025
1666057279.144,-121.094,-381.836,23.438,-87.402,834.029
1666057279.147,-198.242,-988.770,45.898,-144.531,834.033
1666057279.151,-104.492,-634.277,67.871,-54.199,834.037
1666057279.155,5.859,468.262,77.637,29.297,834.041
1666057279.159,-68.359,194.824,71.289,-60.059,834.045
1666057279.163,-179.199,-433.594,69.336,-149.902,834.049
1666057279.181,-124.023,-107.422,96.680,-65.918,834.066
1666057279.185,10.742,488.770,127.441,58.105,834.070
1666057279.189,-9.277,227.051,135.742,13.672,834.074
1666057279.193,-131.836,-348.633,140.137,-104.492,834.078
1666057279.197,-132.812,-294.922,140.137,-91.797,834.082
1666057279.201,3.906,70.312,159.180,27.832,834.086
1666057279.205,31.738,-173.340,166.504,29.785,834.090
1666057279.208,-96.191,-686.035,170.898,-85.449,834.094
1666057279.212,-138.184,-365.234,179.199,-106.445,834.098
1666057279.216,-13.672,-57.617,181.152,17.578,834.101
1666057279.220,68.359,-111.328,182.617,72.266,834.105
1666057279.224,-35.645,-114.746,180.664,-36.133,834.109
1666057279.211,-124.023,-174.805,180.176,-100.098,834.111
1666057279.215,-35.156,-84.473,186.035,-3.906,834.115
1666057279.219,80.078,158.203,179.199,90.820,834.119
1666057279.223,-7.812,-121.094,160.156,-9.277,834.123
1666057279.227,-127.441,-292.969,166.992,-109.863,834.127
1666057279.231,-75.684,-448.242,169.434,-31.738,834.130
1666057279.235,63.477,-657.227,153.809,77.148,834.134
1666057279.238,53.223,14.160,153.320,27.832,834.138
1666057279.242,-91.797,74.219,148.926,-99.609,834.142
1666057279.246,-101.074,-465.820,140.137,-90.820,834.146
1666057279.250,43.457,-784.180,134.766,45.410,834.150
1666057279.254,77.637,-216.797,142.090,55.176,834.154
1666057279.259,-40.039,-115.234,148.438,-67.871,834.147
1666057279.263,-74.707,-585.938,160.156,-87.891,834.151
1666057279.267,38.574,-246.582,168.457,32.227,834.155
1666057279.271,122.070,585.938,171.387,97.168,834.159
1666057279.275,14.648,360.352,177.734,-9.277,834.163
1666057279.279,-112.305,-654.297,145.996,-87.891,834.166
1666057279.283,-38.574,-555.176,133.301,-7.324,834.170
1666057279.286,95.215,549.805,143.066,96.191,834.174
1666057279.290,25.391,452.148,122.559,23.438,834.178
1666057279.294,-93.262,-665.527,112.793,-81.055,834.182
1666057279.298,-52.734,-479.004,130.371,-20.996,834.186
1666057279.302,97.656,502.930,153.320,111.816,834.190
1666057279.317,91.797,457.031,141.113,82.031,834.205
1666057279.321,-55.664,-355.469,109.375,-50.781,834.209
1666057279.325,-77.637,-617.676,73.242,-57.129,834.213
1666057279.329,51.758,-96.191,41.992,63.477,834.217
1666057279.333,102.539,162.598,22.461,96.680,834.221
1666057279.337,-30.762,-746.582,-3.906,-18.066,834.225
1666057279.341,-98.633,-1000.000,-2.930,-66.895,834.229
1666057279.344,21.484,-51.758,13.672,42.480,834.233
1666057279.348,98.633,531.250,-0.977,109.863,834.237
1666057279.352,-7.324,194.336,-7.324,-3.418,834.240
1666057279.356,-88.867,-112.305,25.879,-76.172,834.244
1666057279.360,-7.812,17.578,60.547,16.602,834.248
1666057279.361,101.074,342.773,52.246,113.281,834.247
1666057279.365,44.922,290.039,53.711,42.480,834.251
1666057279.369,-83.984,-69.824,51.270,-75.195,834.255
1666057279.373,-66.895,-168.457,37.109,-34.668,834.259
1666057279.377,79.590,0.488,42.480,97.656,834.263
1666057279.381,89.355,-6.348,38.574,87.402,834.267
1666057279.385,-51.270,-468.262,34.668,-36.621,834.271
1666057279.388,-89.355,-402.832,51.758,-49.316,834.275
1666057279.392,34.668,-467.773,46.875,78.125,834.279
1666057279.396,95.703,-664.551,51.270,124.512,834.283
1666057279.400,-4.395,-29.297,55.176,-0.488,834.286
1666057279.404,-81.055,-178.223,54.199,-75.195,834.290
1666057279.406,7.812,-263.184,77.637,22.461,834.292
1666057279.410,114.258,490.723,71.289,110.352,834.296
1666057279.414,20.996,376.953,43.945,13.184,834.300
1666057279.418,-102.051,-566.895,28.809,-76.172,834.304
1666057279.422,-39.551,-861.328,25.879,10.742,834.308
1666057279.426,103.027,-109.375,31.738,129.883,834.312
1666057279.430,77.637,174.805,44.434,81.055,834.315
1666057279.433,-62.012,-353.516,36.133,-39.062,834.319
1666057279.437,-78.125,-929.199,40.527,-16.113,834.323
1666057279.441,65.918,-120.605,70.801,106.445,834.327
1666057279.445,101.074,644.043,63.965,96.191,834.331
1666057279.449,-42.480,-120.117,43.457,-37.598,834.335
1666057279.452,-87.402,-447.754,54.199,-49.805,834.339
1666057279.456,33.691,239.746,55.664,71.289,834.343
1666057279.460,106.445,642.578,61.523,125.977,834.347
1666057279.464,-4.395,9.766,81.543,19.043,834.350
1666057279.468,-92.773,-493.652,88.867,-48.340,834.354
1666057279.472,0.488,-277.832,95.215,47.363,834.358
1666057279.476,135.742,186.523,100.098,136.230,834.362
1666057279.479,60.059,-254.395,81.055,54.688,834.366
1666057279.483,-90.332,-780.273,67.383,-60.059,834.370
1666057279.487,-30.762,-188.477,72.754,-6.836,834.374
1666057279.491,125.977,205.078,94.238,137.695,834.378
1666057279.495,83.496,-174.316,101.074,94.727,834.382
1666057279.511,-69.336,-337.402,82.520,-55.664,834.397
1666057279.515,-72.266,-92.773,91.309,-43.457,834.401
1666057279.519,58.105,147.949,99.609,82.031,834.405
1666057279.523,71.289,22.949,67.383,80.566,834.409
1666057279.527,-65.430,-160.156,35.645,-50.293,834.413
1666057279.531,-112.793,-415.527,25.391,-83.984,834.417
1666057279.535,2.441,-363.281,15.137,28.809,834.421
1666057279.538,89.355,-614.746,5.859,89.844,834.424
1666057279.542,-20.996,-510.254,23.926,-24.414,834.428
1666057279.546,-122.070,-181.152,33.691,-95.215,834.432
1666057279.550,-34.668,-204.102,16.602,0.488,834.436
1666057279.554,85.938,294.434,20.020,104.492,834.440
1666057279.544,20.020,204.590,20.996,30.273,834.432
1666057279.548,-110.352,-354.492,14.648,-86.914,834.436
1666057279.552,-81.055,-521.484,20.996,-34.668,834.440
1666057279.556,52.734,-76.660,22.461,75.684,834.444
1666057279.560,47.363,411.621,11.719,40.039,834.448
1666057279.564,-87.891,-289.062,-6.348,-76.172,834.452
1666057279.568,-102.539,-873.047,-0.488,-74.707,834.456
1666057279.571,44.434,-131.836,10.742,48.828,834.460
1666057279.575,93.262,607.422,0.977,71.289,834.463
1666057279.579,-36.133,129.395,-1.953,-48.828,834.467
1666057279.583,-100.098,-819.336,-14.648,-84.473,834.471
1666057279.587,1.953,-398.438,-3.906,18.555,834.475
1666057279.586,88.379,593.750,1.953,85.938,834.487
1666057279.590,-13.184,266.113,-7.812,-15.137,834.491
1666057279.594,-124.023,-600.586,-14.160,-100.586,834.495
1666057279.598,-50.781,-515.625,-11.230,-21.484,834.499
1666057279.602,82.031,108.398,-4.395,81.055,834.502
1666057279.606,40.527,-15.625,-4.395,25.391,834.506
1666057279.610,-92.773,-897.949,-7.324,-80.078,834.510
1666057279.613,-77.148,-960.938,4.883,-42.480,834.514
1666057279.617,62.012,249.023,11.719,73.730,834.518
1666057279.621,70.312,534.180,-5.859,56.641,834.522
1666057279.625,-78.125,-100.098,-19.043,-70.312,834.526
1666057279.629,-111.816,-153.809,-25.879,-83.496,834.530
1666057279.633,32.227,310.547,-22.461,43.945,834.546
1666057279.637,107.422,452.637,-23.438,90.332,834.550
1666057279.641,-12.695,26.855,-22.949,-28.320,834.554
1666057279.645,-104.980,-178.223,-5.859,-88.867,834.558
1666057279.649,-9.766,113.770,-10.742,5.859,834.562
1666057279.653,95.215,47.363,-34.668,81.543,834.566
1666057279.657,13.184,-399.902,-39.551,1.465,834.569
1666057279.660,-90.820,-520.996,-27.344,-75.195,834.573
1666057279.664,-37.598,-119.629,-26.855,-6.348,834.577
1666057279.668,96.191,-121.094,-15.137,110.352,834.581
1666057279.672,59.570,-283.203,4.395,63.477,834.585
1666057279.676,-91.797,-204.590,-4.395,-56.641,834.589
1666057279.691,-78.613,-291.504,-9.766,-36.133,834.577
1666057279.695,67.383,45.410,6.348,83.984,834.581
1666057279.699,90.332,367.188,-4.395,88.867,834.585
1666057279.703,-55.664,-226.074,-24.414,-33.691,834.589
1666057279.707,-114.746,-628.418,-32.227,-61.035,834.593
1666057279.711,11.230,-864.746,-24.902,52.246,834.597
1666057279.715,92.773,-208.496,-5.371,92.773,834.601
1666057279.718,-24.414,208.984,-10.254,-36.621,834.605
1666057279.722,-128.906,-532.227,-20.996,-112.793,834.609
1666057279.726,-59.082,-434.082,-21.484,-22.949,834.613
1666057279.730,68.359,467.773,-12.207,68.848,834.616
1666057279.734,4.883,492.188,6.348,-17.090,834.620
1666057279.735,-127.930,-421.387,3.418,-111.328,834.621
1666057279.739,-85.449,-762.695,20.020,-49.805,834.625
1666057279.743,56.152,282.227,27.344,58.594,834.629
1666057279.747,34.180,597.656,13.184,17.578,834.633
1666057279.751,-103.027,-339.355,13.672,-98.145,834.636
1666057279.755,-106.934,-806.641,28.809,-74.707,834.640
1666057279.759,37.109,-79.102,43.457,54.199,834.644
1666057279.762,82.520,555.664,29.785,65.430,834.648
1666057279.766,-56.152,-401.367,2.930,-61.035,834.652
1666057279.770,-124.023,-849.609,3.906,-95.215,834.656
1666057279.774,5.859,42.480,5.371,20.020,834.660
1666057279.778,108.398,254.883,1.953,92.773,834.664
1666057279.781,3.418,-475.098,12.207,-7.812,834.667
1666057279.785,-116.211,-495.117,19.531,-96.680,834.671
1666057279.789,-44.922,29.297,8.301,-17.090,834.675
1666057279.793,69.824,62.500,-17.578,81.055,834.679
1666057279.797,12.695,-497.070,-21.484,13.184,834.682
1666057279.801,-96.680,-791.016,-11.719,-84.473,834.686
1666057279.805,-57.129,-363.281,-4.883,-43.457,834.690
1666057279.808,62.500,184.082,-1.465,65.430,834.694
1666057279.812,40.527,-415.527,-14.648,41.016,834.698
1666057279.816,-85.938,-403.809,-19.043,-82.520,834.702
1666057279.820,-102.051,-37.598,-8.301,-83.984,834.706
1666057279.824,23.438,115.723,7.812,30.762,834.710
1666057279.843,57.617,346.680,17.578,36.621,834.757
1666057279.847,-48.828,-39.062,1.953,-62.500,834.760
1666057279.851,-106.445,-385.742,-6.348,-99.121,834.764
1666057279.855,-2.441,-200.195,23.926,0.488,834.768
1666057279.859,98.145,297.852,46.875,74.219,834.772
1666057279.863,-14.160,-44.434,33.691,-32.715,834.776
1666057279.867,-119.629,-547.852,16.602,-114.258,834.780
1666057279.870,-52.246,-759.766,-1.953,-32.715,834.784
1666057279.874,64.941,-698.730,4.395,70.312,834.788
1666057279.878,24.414,203.125,15.625,4.883,834.792
1666057279.882,-96.191,-71.777,8.301,-103.516,834.796
1666057279.886,-74.219,-501.953,19.043,-62.012,834.800
1666057279.872,65.918,307.617,31.738,63.477,834.759
1666057279.876,81.055,702.637,42.480,55.176,834.763
1666057279.880,-54.199,-39.062,43.945,-66.895,834.766
1666057279.884,-101.074,-802.734,31.738,-89.355,834.770
1666057279.888,15.137,-322.266,27.832,22.461,834.774
1666057279.892,79.590,231.934,38.086,65.430,834.778
1666057279.896,-31.738,-261.230,36.621,-48.340,834.782
1666057279.899,-107.910,-687.988,28.320,-95.215,834.786
1666057279.903,-6.348,-67.383,22.461,15.137,834.790
1666057279.907,103.516,680.176,0.977,90.332,834.794
1666057279.911,14.648,185.059,-7.812,-7.324,834.798
1666057279.915,-104.492,-879.883,23.438,-89.844,834.802
1666057279.931,-44.434,-412.598,49.805,-23.438,834.818
1666057279.935,95.215,551.758,45.410,84.473,834.822
1666057279.939,59.082,157.227,36.621,38.086,834.825
1666057279.943,-95.215,-581.055,40.527,-96.191,834.829
1666057279.947,-111.328,-294.434,49.805,-82.520,834.833
1666057279.951,43.457,126.465,64.941,53.223,834.837
1666057279.955,72.754,-182.129,48.828,58.594,834.841
1666057279.958,-73.242,-944.824,42.480,-59.082,834.845
1666057279.962,-108.398,-532.227,68.848,-91.309,834.849
1666057279.966,34.180,238.281,73.730,27.344,834.853
1666057279.970,104.980,317.383,65.918,92.285,834.857
1666057279.974,-18.555,139.160,58.105,-31.738,834.861
1666057279.961,-111.816,-89.844,64.453,-108.887,834.861
1666057279.965,-16.113,30.762,73.730,9.766,834.865
1666057279.969,109.863,239.746,58.594,111.816,834.869
1666057279.973,22.949,-28.809,27.832,3.418,834.873
1666057279.977,-100.586,-215.332,35.156,-94.727,834.877
1666057279.981,-44.922,-417.969,56.152,-20.508,834.881
1666057279.985,79.102,-594.238,45.410,97.656,834.884
1666057279.988,55.176,85.938,41.504,60.059,834.888
1666057279.992,-73.730,62.500,37.598,-57.617,834.892
1666057279.996,-85.938,-594.238,43.945,-52.246,834.896
1666057280.000,43.945,-770.508,43.945,69.336,834.900
1666057280.004,85.938,159.668,37.109,84.961,834.904
1666057280.011,-48.340,282.227,33.691,-44.434,834.906
1666057280.015,-111.328,-546.875,37.598,-84.961,834.910
1666057280.019,12.695,-287.598,62.012,36.621,834.914
1666057280.023,104.004,577.148,76.172,100.586,834.917
1666057280.027,1.465,354.004,62.988,-17.090,834.921
1666057280.031,-99.121,-648.926,49.316,-95.703,834.925
1666057280.035,-30.273,-607.910,48.340,-3.906,834.929
1666057280.038,100.098,484.863,41.016,98.145,834.933
1666057280.042,34.180,472.656,0.977,23.926,834.937
1666057280.046,-95.215,-644.043,-22.949,-82.031,834.941
1666057280.050,-61.035,-510.254,3.906,-43.945,834.945
1666057280.054,74.707,414.551,16.602,61.523,834.949
1666057280.066,72.754,183.105,10.254,39.062,834.982
1666057280.070,-73.242,-701.172,11.230,-70.801,834.986
1666057280.074,-105.957,-591.797,31.250,-78.613,834.990
1666057280.078,33.203,-24.902,42.969,44.434,834.994
1666057280.082,94.238,119.629,37.598,87.891,834.998
1666057280.086,-28.320,-719.727,33.691,-21.973,835.002
1666057280.090,-105.957,-860.352,41.504,-76.172,835.005
1666057280.093,7.324,148.926,48.340,25.391,835.009
1666057280.097,114.746,426.758,41.992,110.840,835.013
1666057280.101,6.836,-145.996,34.668,6.836,835.017
1666057280.105,-118.652,-268.066,36.621,-97.168,835.021
1666057280.109,-59.570,-61.035,41.504,-29.297,835.025
1666057280.111,78.125,326.660,36.133,92.773,834.998
1666057280.115,24.414,224.609,22.949,18.555,835.002
1666057280.119,-105.469,-328.125,18.555,-91.309,835.006
1666057280.123,-80.078,-268.066,26.855,-35.156,835.010
1666057280.127,71.777,26.855,25.391,91.309,835.014
1666057280.131,89.355,-186.035,18.066,84.961,835.018
1666057280.135,-55.664,-377.930,23.438,-48.828,835.022
1666057280.138,-87.402,-276.367,18.066,-65.918,835.025
1666057280.142,41.992,-313.965,8.789,60.059,835.029
1666057280.146,100.586,83.496,5.371,91.309,835.033
1666057280.150,-24.902,246.582,-17.578,-42.480,835.037
1666057280.154,-108.398,-359.863,-10.254,-96.680,835.041
1666057280.156,1.953,-541.992,32.715,26.855,835.057
1666057280.160,113.770,328.613,54.199,96.191,835.061
1666057280.164,21.484,323.730,48.828,-4.883,835.065
1666057280.168,-95.215,-588.379,22.461,-80.078,835.069
1666057280.172,-40.527,-1000.000,8.789,-10.254,835.073
1666057280.176,101.562,-605.469,16.113,90.820,835.076
1666057280.180,80.078,19.531,17.090,51.758,835.080
1666057280.183,-46.387,-381.836,27.344,-40.527,835.084
1666057280.187,-64.453,-935.059,33.691,-29.785,835.088
1666057280.191,62.012,-6.348,42.480,59.082,835.092
1666057280.195,105.957,764.648,30.762,64.941,835.096
1666057280.199,-35.645,39.551,-3.418,-50.781,835.100
1666057280.202,-94.238,-352.051,-9.766,-82.520,835.089
1666057280.206,24.414,223.633,-17.090,30.273,835.093
1666057280.210,99.609,616.211,-32.227,77.148,835.097
1666057280.214,-21.973,-4.395,-46.387,-43.945,835.101
1666057280.218,-116.211,-443.359,-41.992,-102.051,835.105
1666057280.222,-21.973,-287.598,-21.973,5.859,835.109
1666057280.226,93.262,81.543,-27.832,83.984,835.113
1666057280.229,16.602,-342.285,-46.875,-1.953,835.117
1666057280.233,-100.098,-747.070,-32.715,-92.285,835.121
1666057280.237,-50.781,-117.676,-18.066,-37.109,835.124
1666057280.241,74.219,486.328,-40.039,70.801,835.128
1666057280.245,40.527,-228.027,-53.223,29.297,835.132
1666057280.246,-97.168,-864.258,-17.578,-89.355,835.133
1666057280.250,-102.539,-223.633,-0.488,-80.078,835.137
1666057280.254,34.180,205.078,-18.555,37.109,835.141
1666057280.258,73.730,5.371,-30.762,58.105,835.144
1666057280.262,-54.199,-233.887,-39.062,-65.430,835.148
1666057280.266,-113.770,-496.094,-44.922,-101.074,835.152
1666057280.270,-7.324,-390.137,-49.316,0.977,835.156
1666057280.273,73.242,-577.637,-52.246,63.477,835.160
1666057280.277,-33.203,-462.402,-46.387,-42.969,835.164
1666057280.281,-125.977,-150.391,-61.035,-120.117,835.168
1666057280.285,-54.688,-333.496,-90.820,-33.691,835.172
1666057280.289,65.918,43.945,-79.102,71.289,835.176
1666057280.294,21.973,454.102,-54.688,12.207,835.183
1666057280.298,-112.793,-1.953,-53.223,-106.445,835.187
1666057280.302,-97.168,-421.387,-53.223,-74.219,835.190
1666057280.306,47.852,198.730,-45.898,50.781,835.194
1666057280.310,48.828,590.820,-44.434,34.668,835.198
1666057280.314,-101.562,-198.242,-58.594,-89.355,835.202
1666057280.318,-128.906,-917.969,-62.988,-92.773,835.206
1666057280.321,16.113,-450.684,-32.227,37.598,835.210
1666057280.325,74.707,578.613,-26.367,64.453,835.214
1666057280.329,-55.176,241.699,-43.945,-68.848,835.218
1666057280.333,-133.789,-529.297,-37.109,-113.770,835.222
1666057280.337,-18.555,-23.926,-26.367,0.000,835.226
1666057280.337,89.355,516.602,-30.762,65.918,835.226
1666057280.341,-15.625,-49.316,-45.898,-42.969,835.230
1666057280.345,-133.789,-851.074,-57.129,-130.371,835.234
1666057280.349,-69.336,-603.516,-60.059,-63.477,835.238
1666057280.353,63.477,362.305,-62.988,41.016,835.242
1666057280.357,19.531,130.859,-72.754,-11.719,835.246
1666057280.361,-99.609,-916.992,-62.500,-104.004,835.250
1666057280.364,-81.543,-957.520,-23.438,-69.336,835.253
1666057280.368,55.176,223.633,-5.859,42.480,835.257
1666057280.372,71.777,522.949,-25.391,39.551,835.261
1666057280.376,-66.406,-108.887,-50.293,-84.473,835.265
1666057280.380,-103.027,-150.391,-55.176,-93.750,835.269
1666057280.383,23.438,309.082,-41.504,26.855,835.282
1666057280.387,79.102,455.078,-57.617,56.641,835.286
1666057280.391,-44.434,20.996,-73.730,-55.176,835.290
1666057280.395,-128.418,-474.609,-77.148,-109.375,835.294
1666057280.399,-24.414,-36.133,-73.242,-13.184,835.298
1666057280.403,83.496,34.668,-72.266,69.824,835.301
1666057280.407,-19.043,-830.078,-62.988,-32.227,835.305
1666057280.410,-125.488,-526.367,-51.758,-130.859,835.309
1666057280.414,-65.918,-62.012,-54.688,-58.594,835.313
1666057280.418,69.824,153.809,-41.992,60.547,835.317
1666057280.422,33.691,354.980,-36.133,17.090,835.321
1666057280.426,-97.656,34.668,-41.992,-99.609,835.325
1666057280.441,-90.332,-258.789,-32.715,-76.172,835.327
1666057280.445,41.992,66.895,-11.230,40.039,835.331
1666057280.449,74.707,400.391,-9.277,44.434,835.335
1666057280.453,-62.500,-208.496,-8.789,-83.008,835.339
1666057280.457,-126.465,-675.293,-5.859,-118.164,835.343
1666057280.461,-2.930,-803.711,-14.160,10.254,835.346
1666057280.465,88.867,-340.820,-11.230,65.430,835.350
1666057280.468,-23.438,11.230,-14.648,-53.711,835.354
1666057280.472,-119.141,-395.020,-28.809,-114.258,835.358
1666057280.476,-25.391,-791.504,-29.297,-8.789,835.362
1666057280.480,101.074,185.547,-10.254,73.242,835.366
1666057280.484,26.855,585.449,-12.695,-13.672,835.370
1666057280.486,-105.469,-276.855,-18.555,-110.840,835.387
1666057280.490,-69.336,-285.645,-12.207,-67.871,835.390
1666057280.494,64.453,489.746,-8.789,46.875,835.394
1666057280.498,56.152,567.383,-14.160,22.949,835.398
1666057280.502,-89.355,-251.953,-17.090,-94.727,835.402
1666057280.506,-99.609,-718.750,3.418,-77.637,835.406
1666057280.510,53.223,-30.762,37.598,61.035,835.410
1666057280.513,91.309,559.082,39.062,70.312,835.414
1666057280.517,-53.711,-425.293,6.348,-49.316,835.418
1666057280.521,-113.281,-858.887,1.465,-80.566,835.422
1666057280.525,-1.953,100.586,13.672,25.879,835.426
1666057280.529,86.914,388.184,0.977,91.797,835.430
1666057280.531,-20.996,-338.379,-11.719,-16.602,835.417
1666057280.535,-120.117,-431.641,1.465,-112.305,835.421
1666057280.539,-39.551,12.695,8.789,-34.180,835.425
1666057280.543,81.543,146.484,9.766,76.660,835.429
1666057280.547,17.578,-550.781,4.883,2.441,835.433
1666057280.551,-110.352,-1000.000,8.301,-112.793,835.437
1666057280.555,-70.801,-439.941,21.484,-66.406,835.440
1666057280.558,70.312,203.125,18.066,63.965,835.444
1666057280.562,68.848,-274.902,4.883,55.176,835.448
1666057280.566,-71.777,-336.426,4.883,-70.801,835.452
1666057280.570,-97.656,-62.012,18.555,-78.125,835.456
1666057280.574,37.598,-97.656,25.879,44.434,835.460
1666057280.579,94.238,-292.480,26.367,81.055,835.469
1666057280.583,-44.434,-51.270,18.555,-48.828,835.473
1666057280.587,-122.559,-108.398,8.301,-107.422,835.476
1666057280.591,-18.555,-145.996,21.484,-5.859,835.480
1666057280.595,86.914,439.453,32.227,71.289,835.484
1666057280.599,-6.836,109.863,28.320,-19.043,835.488
1666057280.603,-126.465,-511.230,30.762,-102.539,835.492
1666057280.606,-61.035,-669.434,32.227,-26.367,835.496
1666057280.610,72.266,-231.934,33.203,88.379,835.500
1666057280.614,39.551,492.676,17.578,35.645,835.504
1666057280.618,-94.727,-24.902,12.207,-82.520,835.508
1666057280.622,-78.613,-466.797,20.508,-48.340,835.512
1666057280.622,68.359,324.707,32.715,60.059,835.516
1666057280.626,21.484,233.398,38.086,2.441,835.520
1666057280.630,-120.605,-750.488,18.555,-106.445,835.524
1666057280.634,-47.852,-430.664,16.602,-23.438,835.527
1666057280.638,90.332,428.223,11.719,81.055,835.531
1666057280.642,44.434,144.043,-2.930,10.742,835.535
1666057280.646,-93.262,-605.957,-6.348,-85.938,835.539
1666057280.649,-93.750,-1000.000,-9.766,-52.246,835.543
1666057280.653,60.547,-366.211,11.230,64.453,835.547
1666057280.657,92.285,537.109,15.625,55.664,835.551
1666057280.661,-61.035,-83.984,1.465,-72.754,835.555
1666057280.665,-108.398,-292.480,18.066,-99.121,835.559
1666057280.668,24.902,315.430,42.480,21.973,835.566
1666057280.672,103.516,563.477,42.480,85.449,835.570
1666057280.676,-6.836,4.395,45.898,-14.160,835.574
1666057280.680,-104.004,-483.887,45.898,-79.590,835.578
1666057280.684,-28.809,-204.590,34.668,1.465,835.581
1666057280.688,99.121,230.957,28.320,90.820,835.585
1666057280.692,24.414,-560.547,8.789,19.043,835.589
1666057280.695,-117.676,-859.863,8.789,-93.750,835.593
1666057280.699,-68.359,-72.266,23.926,-42.969,835.597
1666057280.703,79.590,298.340,35.156,102.051,835.601
1666057280.707,53.711,267.090,21.484,56.641,835.605
1666057280.711,-95.703,31.738,17.090,-94.238,835.609
1666057280.710,-99.121,-144.043,34.180,-81.543,835.611
1666057280.714,40.527,106.934,45.898,48.828,835.615
1666057280.718,69.336,148.438,47.363,62.012,835.619
1666057280.722,-68.848,-198.730,53.223,-73.242,835.623
1666057280.726,-111.328,-193.359,62.500,-99.609,835.626
1666057280.730,4.395,-479.980,44.922,20.508,835.630
1666057280.734,87.402,-776.855,33.203,77.148,835.634
1666057280.737,-17.090,-421.387,34.668,-31.250,835.638
1666057280.741,-115.234,-319.336,31.738,-100.098,835.642
1666057280.745,-32.227,-558.594,45.410,-1.465,835.646
1666057280.749,83.984,-65.430,56.152,87.402,835.650
1666057280.753,12.695,463.867,39.551,0.977,835.654
1666057280.770,-119.629,-182.129,25.879,-110.840,835.656
1666057280.774,-83.008,-393.555,43.457,-57.617,835.660
1666057280.778,71.289,348.633,57.129,74.219,835.664
1666057280.782,70.312,629.395,53.223,60.547,835.668
1666057280.786,-70.801,-112.305,41.504,-60.059,835.672
1666057280.790,-102.539,-792.480,32.715,-67.871,835.676
1666057280.794,24.902,-173.828,50.781,41.992,835.680
1666057280.797,81.543,592.773,59.570,64.453,835.684
1666057280.801,-50.781,-134.766,40.039,-55.176,835.687
1666057280.805,-126.953,-995.117,36.133,-100.586,835.691
1666057280.809,-9.766,-212.402,49.805,8.301,835.695
1666057280.813,100.098,681.152,44.922,91.309,835.699
1666057280.816,0.488,99.609,32.715,2.441,835.702
1666057280.820,-109.863,-520.508,20.508,-80.078,835.706
1666057280.824,-34.668,-316.406,28.320,-7.812,835.710
1666057280.828,95.215,326.172,39.062,87.402,835.714
1666057280.832,31.738,-28.809,16.602,21.973,835.718
1666057280.836,-106.445,-1000.000,33.203,-86.914,835.722
1666057280.840,-65.918,-596.191,67.871,-47.363,835.725
1666057280.843,86.914,430.176,73.730,78.613,835.729
1666057280.847,63.477,-55.176,46.387,57.617,835.733
1666057280.851,-92.773,-799.316,10.254,-78.613,835.737
1666057280.855,-110.840,-222.168,12.695,-81.055,835.741
1666057280.859,26.367,100.586,18.555,53.223,835.745
1666057280.861,89.844,76.660,13.184,86.426,835.747
1666057280.865,-34.180,-44.434,-0.488,-35.645,835.751
1666057280.869,-108.398,-119.629,5.859,-82.520,835.755
1666057280.873,-11.719,-51.758,31.250,8.301,835.759
1666057280.877,75.195,186.523,36.133,65.430,835.763
1666057280.881,-10.254,-55.664,31.738,-19.043,835.767
1666057280.885,-124.512,-391.113,35.645,-106.934,835.770
1666057280.888,-73.730,-322.266,27.832,-39.062,835.774
1666057280.892,64.453,-395.020,34.668,76.172,835.778
1666057280.896,14.648,13.184,46.875,4.883,835.782
1666057280.900,-131.348,0.977,33.691,-126.953,835.786
1666057280.904,-113.770,-430.176,21.973,-93.750,835.790
1666057280.907,40.527,81.055,26.367,36.621,835.793
1666057280.911,74.219,535.645,39.062,43.945,835.797
1666057280.915,-61.035,-175.293,33.203,-67.871,835.801
1666057280.919,-121.094,-922.363,22.461,-92.285,835.805
1666057280.923,7.324,-651.367,37.109,8.789,835.809
1666057280.927,98.145,100.586,43.457,59.082,835.813
1666057280.931,-20.996,-121.094,19.043,-51.758,835.817
1666057280.934,-133.301,-828.125,11.719,-121.094,835.820
1666057280.938,-48.340,-562.500,30.273,-30.273,835.824
1666057280.942,88.867,609.375,32.227,60.059,835.828
1666057280.946,15.625,417.969,4.883,-19.531,835.832
1666057280.950,-112.305,-424.316,12.695,-112.793,835.836
1666057280.951,-62.988,-193.359,25.879,-39.062,835.837
1666057280.955,83.496,562.012,33.203,87.402,835.841
1666057280.959,59.082,444.336,47.363,51.270,835.845
1666057280.963,-89.355,-325.195,38.574,-80.078,835.849
1666057280.967,-99.121,-477.539,32.227,-75.195,835.853
1666057280.971,38.086,-38.574,46.387,51.270,835.857
1666057280.975,78.613,108.887,41.016,59.082,835.861
1666057280.978,-60.059,-729.492,29.785,-62.988,835.865
1666057280.982,-121.094,-784.668,48.340,-92.773,835.868
1666057280.986,6.836,221.191,64.941,16.602,835.872
1666057280.990,105.957,499.023,52.246,86.914,835.876
1666057280.994,-14.160,85.938,22.461,-30.762,835.880
1666057280.996,-128.418,-132.812,12.207,-113.281,835.881
1666057281.000,-41.016,83.008,20.020,-13.672,835.885
1666057281.004,86.914,124.512,29.785,90.332,835.889
1666057281.008,23.438,-70.801,40.527,20.020,835.893
1666057281.012,-94.727,-186.523,45.898,-84.473,835.897
1666057281.016,-45.898,-305.664,56.641,-26.855,835.901
1666057281.020,88.867,-397.949,48.828,88.867,835.905
1666057281.023,70.312,-851.074,31.250,61.523,835.908
1666057281.027,-70.312,-538.086,46.387,-67.871,835.912
1666057281.031,-84.961,-192.383,44.434,-73.730,835.916
1666057281.035,53.223,39.551,49.805,52.246,835.920
1666057281.039,114.258,467.285,48.828,70.801,835.924
1666057281.056,-16.602,239.258,38.086,-57.617,835.955
1666057281.060,-98.145,-293.945,22.461,-101.074,835.959
1666057281.064,13.184,-180.664,18.066,10.254,835.963
1666057281.068,117.676,488.281,40.039,88.379,835.967
1666057281.072,5.371,293.945,33.691,-26.367,835.971
1666057281.076,-117.188,-581.055,5.859,-119.629,835.975
1666057281.080,-44.922,-870.605,19.531,-37.598,835.979
1666057281.083,106.934,104.492,45.410,70.801,835.983
1666057281.087,47.363,604.980,14.160,5.859,835.987
1666057281.091,-111.816,-390.137,-11.230,-119.141,835.990
1666057281.095,-89.844,-708.984,7.324,-82.520,835.994
1666057281.099,61.035,303.711,27.344,40.039,835.998
1666057281.087,80.078,641.602,18.066,33.203,836.001
1666057281.091,-68.359,-263.672,10.742,-83.008,836.005
1666057281.095,-122.070,-892.090,17.090,-102.051,836.009
1666057281.099,22.461,-93.750,32.715,29.297,836.013
1666057281.103,93.262,568.359,36.133,68.848,836.017
1666057281.107,-23.926,-354.004,17.090,-37.598,836.021
1666057281.111,-100.586,-941.895,11.230,-83.984,836.025
1666057281.114,-11.719,-62.500,13.184,-5.859,836.029
1666057281.118,104.004,666.992,27.344,74.219,836.033
1666057281.122,2.930,-200.684,28.320,-14.648,836.036
1666057281.126,-126.953,-850.098,18.066,-111.816,836.040
1666057281.130,-56.641,-90.332,16.602,-49.805,836.044
1666057281.148,84.473,223.145,13.184,61.523,836.038
1666057281.152,45.898,27.832,9.277,16.602,836.042
1666057281.156,-98.145,-233.887,16.602,-97.168,836.046
1666057281.160,-84.961,-166.504,29.297,-67.871,836.049
1666057281.164,66.406,216.797,39.062,56.641,836.053
1666057281.168,84.473,-132.324,47.852,61.035,836.057
1666057281.172,-62.012,-582.031,46.875,-62.500,836.061
1666057281.175,-112.305,-232.422,31.738,-90.332,836.065
1666057281.179,17.578,7.812,24.414,29.297,836.069
1666057281.183,108.398,97.168,31.738,89.844,836.073
1666057281.187,-18.066,154.785,25.391,-27.832,836.077
1666057281.191,-122.559,-80.078,12.207,-112.305,836.081
1666057281.191,-28.320,-368.652,11.719,-21.484,836.078
1666057281.195,92.285,-250.977,21.484,78.613,836.081
1666057281.199,13.672,0.488,20.996,-4.883,836.085
1666057281.203,-116.211,-523.926,9.277,-107.422,836.089
1666057281.207,-66.895,-791.992,14.160,-43.945,836.093
1666057281.211,76.172,-278.320,18.555,74.707,836.097
1666057281.215,48.340,132.812,18.066,35.645,836.101
1666057281.218,-101.562,-74.707,24.902,-94.727,836.105
1666057281.222,-115.723,-667.480,9.277,-89.844,836.109
1666057281.226,25.879,-933.105,9.277,41.016,836.113
1666057281.230,76.172,78.125,26.855,57.129,836.117
1666057281.234,-54.688,145.508,6.348,-65.918,836.121
1666057281.251,-108.887,-482.910,10.742,-95.703,836.152
1666057281.255,9.766,91.797,42.969,17.578,836.156
1666057281.259,95.703,728.027,36.621,77.148,836.160
1666057281.263,-17.578,226.074,10.254,-34.668,836.164
1666057281.267,-102.539,-509.277,26.367,-95.215,836.168
1666057281.271,-10.742,-364.746,50.781,-10.254,836.172
1666057281.275,85.938,157.715,43.457,61.035,836.176
1666057281.278,27.832,-33.691,40.039,-1.953,836.179
1666057281.282,-102.051,-896.484,35.156,-96.191,836.183
1666057281.286,-85.449,-627.441,39.062,-60.059,836.187
1666057281.290,66.895,458.496,40.039,59.570,836.191
1666057281.294,64.453,408.203,29.297,42.969,836.195
1666057281.281,-87.891,-195.801,18.555,-88.867,836.167
1666057281.285,-107.422,-154.297,19.531,-89.355,836.171
1666057281.289,30.273,178.711,26.367,37.598,836.175
1666057281.293,75.684,-123.047,19.531,61.035,836.179
1666057281.297,-53.711,-606.934,23.438,-56.152,836.183
1666057281.301,-120.605,-540.527,30.273,-108.398,836.187
1666057281.305,-20.020,-234.375,20.020,-12.695,836.190
1666057281.308,81.055,65.918,9.766,59.570,836.194
1666057281.312,-19.531,-192.383,13.672,-36.621,836.198
1666057281.316,-140.625,-224.121,25.391,-120.605,836.202
1666057281.320,-66.895,31.738,23.438,-41.016,836.206
1666057281.324,67.871,42.480,15.625,64.941,836.210
1666057281.326,23.926,40.039,19.531,2.930,836.213
1666057281.330,-99.609,-17.578,19.043,-103.516,836.217
1666057281.334,-81.055,-112.305,20.508,-61.035,836.221
1666057281.338,58.594,-418.457,33.203,75.195,836.224
1666057281.342,47.363,-361.816,38.086,51.270,836.228
1666057281.346,-103.516,-271.484,33.691,-94.727,836.232
1666057281.350,-121.582,-635.742,19.043,-94.727,836.236
1666057281.353,20.508,-548.828,17.090,30.273,836.240
1666057281.357,74.219,247.070,24.414,57.129,836.244
1666057281.361,-59.082,353.516,11.230,-62.988,836.248
1666057281.365,-128.906,-531.250,10.742,-104.492,836.252
1666057281.369,-37.598,-412.109,21.973,-11.719,836.256
1666057281.370,72.266,536.133,31.250,67.871,836.256
1666057281.374,-8.301,490.234,20.996,-11.230,836.260
1666057281.378,-109.375,-541.016,1.465,-83.008,836.264
1666057281.382,-51.270,-819.336,13.184,-15.625,836.268
1666057281.386,73.242,274.414,28.320,72.754,836.271
1666057281.390,57.617,342.285,11.230,20.996,836.275
1666057281.394,-86.914,-681.641,-1.953,-91.797,836.279
1666057281.397,-103.027,-783.203,12.695,-77.148,836.283
1666057281.401,38.086,334.961,18.555,29.785,836.287
1666057281.405,60.547,698.730,6.836,32.227,836.291
1666057281.409,-76.172,-38.574,8.301,-80.078,836.295
1666057281.413,-123.047,-261.719,16.602,-109.375,836.299
1666057281.424,5.371,248.535,23.438,2.930,836.313
1666057281.428,85.449,374.512,8.301,55.664,836.317
1666057281.432,-29.297,-256.836,2.441,-50.293,836.321
1666057281.436,-127.930,-459.961,13.184,-111.328,836.324
1666057281.440,-43.945,31.250,18.555,-30.273,836.328
1666057281.444,84.961,155.762,5.859,62.500,836.332
1666057281.448,12.207,-521.484,5.371,-10.254,836.336
1666057281.451,-114.258,-613.770,44.922,-118.164,836.340
1666057281.455,-79.102,-27.344,52.246,-67.871,836.344
1666057281.459,35.156,222.168,27.832,35.645,836.348
1666057281.463,16.113,183.105,17.090,1.465,836.352
1666057281.467,-112.793,-63.965,31.250,-111.816,836.356
1666057281.461,-121.582,-188.965,35.156,-101.074,836.377
1666057281.465,20.996,52.734,31.250,25.391,836.381
1666057281.469,62.988,82.520,30.762,46.875,836.385
1666057281.473,-77.148,-349.121,17.090,-80.078,836.389
1666057281.477,-130.371,-574.219,20.508,-111.328,836.392
1666057281.481,-14.648,-595.703,28.809,11.719,836.396
1666057281.485,74.219,-988.281,25.391,77.637,836.400
1666057281.488,-20.508,-680.176,31.250,-29.785,836.404
1666057281.492,-123.047,-288.574,27.344,-103.027,836.408
1666057281.496,-36.621,-222.656,38.574,-15.625,836.412
1666057281.500,96.680,417.480,45.410,75.684,836.416
1666057281.504,28.809,558.594,39.551,-1.953,836.420
1666057281.522,-109.375,-152.832,38.574,-104.980,836.409
1666057281.526,-82.520,-449.707,25.391,-65.430,836.413
1666057281.530,59.570,310.547,40.039,52.246,836.417
1666057281.534,61.035,661.621,55.664,39.062,836.421
1666057281.538,-87.891,-100.586,46.387,-82.520,836.424
1666057281.542,-106.934,-750.977,45.898,-81.055,836.428
1666057281.546,34.180,-271.973,45.898,39.551,836.432
1666057281.549,83.984,392.090,35.156,68.359,836.436
1666057281.553,-41.016,-96.680,23.438,-48.828,836.440
1666057281.557,-117.188,-727.051,33.203,-94.238,836.444
1666057281.561,-11.230,-58.105,39.551,5.371,836.448
1666057281.565,91.309,649.414,25.879,77.148,836.452
1666057281.566,-3.418,-39.551,17.090,-12.207,836.452
1666057281.570,-133.301,-967.773,14.648,-105.469,836.456
1666057281.574,-71.289,-569.824,25.879,-42.969,836.460
1666057281.578,73.242,234.375,21.973,59.082,836.464
1666057281.582,21.484,60.547,2.441,-1.465,836.468
1666057281.586,-112.793,-732.910,4.883,-102.539,836.471
1666057281.590,-84.473,-603.516,29.785,-59.570,836.475
1666057281.593,59.082,302.734,31.250,57.617,836.479
1666057281.597,71.777,-18.066,10.254,48.340,836.483
1666057281.601,-82.520,-1000.000,21.973,-69.824,836.487
1666057281.605,-119.141,-454.590,38.086,-82.520,836.491
1666057281.609,26.367,266.602,29.785,39.551,836.495
1666057281.611,97.656,421.387,42.480,84.473,836.497
1666057281.615,-31.738,148.438,48.340,-46.387,836.501
1666057281.619,-126.465,-127.441,41.992,-124.512,836.505
1666057281.623,-28.320,23.926,44.434,-21.973,836.509
1666057281.627,80.078,331.543,37.109,73.730,836.513
1666057281.631,-13.184,-26.855,17.578,-19.531,836.517
1666057281.635,-133.789,-439.453,15.625,-126.465,836.520
1666057281.638,-76.172,-276.367,22.949,-59.570,836.524
1666057281.642,65.430,-291.016,25.391,65.918,836.528
1666057281.646,31.738,100.586,24.902,19.531,836.532
1666057281.650,-112.305,55.176,22.461,-109.863,836.536
1666057281.654,-110.840,-550.781,24.902,-87.402,836.540
1666057281.656,34.668,-111.816,34.180,37.598,836.542
1666057281.660,66.406,602.051,30.762,36.621,836.546
1666057281.664,-78.125,-41.504,18.066,-91.309,836.550
1666057281.668,-131.348,-910.156,21.484,-110.352,836.554
1666057281.672,6.836,-554.199,41.016,11.719,836.558
1666057281.676,93.750,235.840,39.062,58.105,836.562
1666057281.680,-36.133,-71.777,6.836,-61.035,836.565
1666057281.683,-134.766,-801.270,-13.184,-124.023,836.569
1666057281.687,-43.457,-619.141,1.465,-38.574,836.573
1666057281.691,86.426,540.527,22.461,50.781,836.577
1666057281.695,20.996,496.094,14.160,-14.160,836.581
1666057281.699,-120.117,-387.695,4.883,-125.977,836.585
1666057281.703,-80.566,-237.793,18.555,-74.707,836.592
1666057281.707,68.359,534.668,27.832,47.852,836.596
1666057281.711,52.246,317.871,3.906,15.137,836.600
1666057281.715,-96.191,-541.504,-9.766,-100.586,836.604
1666057281.719,-109.375,-485.352,-5.859,-89.844,836.608
1666057281.723,36.133,31.250,0.977,27.832,836.611
1666057281.727,74.707,78.125,5.371,47.852,836.615
1666057281.730,-62.012,-625.488,12.207,-64.453,836.619
1666057281.734,-121.582,-613.281,21.973,-107.910,836.623
1666057281.738,-11.719,253.418,4.395,-13.184,836.627
1666057281.742,75.195,405.762,-4.395,49.316,836.631
1666057281.746,-34.668,-16.113,-1.953,-56.152,836.635
1666057281.746,-136.719,-216.797,-9.766,-140.137,836.632
1666057281.750,-50.293,82.520,5.371,-50.293,836.636
1666057281.754,78.613,43.945,15.137,62.012,836.640
1666057281.758,5.859,-241.699,12.695,-3.418,836.644
1666057281.762,-124.512,-351.074,21.973,-110.840,836.648
1666057281.766,-82.520,-457.031,32.715,-65.918,836.652
1666057281.770,60.547,-398.438,21.973,62.988,836.655
1666057281.773,58.105,-766.113,10.742,50.781,836.659
1666057281.777,-83.008,-467.773,13.184,-84.473,836.663
1666057281.781,-108.398,-200.684,22.461,-90.820,836.667
1666057281.785,21.973,-23.438,41.504,26.855,836.671
1666057281.789,80.078,382.812,41.504,57.129,836.675
1666057281.793,-56.152,269.043,21.973,-73.730,836.680
1666057281.797,-132.324,-296.387,13.184,-132.324,836.683
1666057281.801,-21.973,-225.098,36.621,-19.531,836.687
1666057281.805,81.543,498.047,50.781,59.082,836.691
1666057281.809,-15.137,357.422,30.762,-41.992,836.695
1666057281.813,-132.812,-518.066,22.461,-125.488,836.699
1666057281.817,-72.266,-891.113,27.832,-46.875,836.703
1666057281.820,57.129,-171.875,34.180,58.105,836.707
1666057281.824,11.230,443.848,33.691,0.488,836.711
1666057281.828,-121.094,-306.641,23.926,-113.281,836.715
1666057281.832,-100.098,-737.793,26.855,-83.496,836.719
1666057281.836,44.434,170.898,35.156,36.133,836.723
1666057281.851,53.711,557.129,23.926,28.809,836.737
1666057281.855,-83.496,-184.570,13.184,-87.891,836.741
1666057281.859,-114.746,-791.016,22.461,-92.285,836.745
1666057281.863,13.184,-151.855,31.738,18.066,836.749
1666057281.867,69.336,492.676,29.785,45.898,836.753
1666057281.871,-49.316,-348.145,12.695,-60.547,836.757
1666057281.875,-128.906,-1000.000,14.160,-116.211,836.760
1666057281.878,-34.180,-199.219,26.855,-32.227,836.764
1666057281.882,80.078,550.293,20.508,52.246,836.768
1666057281.886,-1.465,-24.414,9.277,-27.344,836.772
1666057281.890,-118.164,-540.039,9.277,-114.746,836.776
1666057281.894,-68.848,-104.980,21.973,-58.105,836.780
1666057281.884,63.965,477.051,14.648,53.223,836.781
1666057281.888,36.621,-3.906,4.395,28.320,836.785
1666057281.892,-96.191,-492.188,3.418,-88.379,836.789
1666057281.896,-92.773,-155.762,14.160,-78.613,836.793
1666057281.900,43.945,188.965,16.602,47.363,836.797
1666057281.904,71.777,16.602,6.836,54.199,836.801
1666057281.908,-62.988,-372.559,14.160,-76.172,836.805
1666057281.911,-117.188,-245.605,20.020,-107.422,836.809
1666057281.915,-9.277,-29.297,19.531,0.000,836.813
1666057281.919,47.363,-231.934,7.324,38.086,836.816
1666057281.923,-49.805,-111.816,3.906,-61.523,836.820
1666057281.927,-121.094,-125.000,-1.953,-111.816,836.824
1666057281.942,-55.176,-358.887,-10.254,-29.297,836.841
1666057281.946,58.594,171.387,2.930,58.105,836.845
1666057281.950,-12.207,152.832,7.324,-19.531,836.849
1666057281.954,-146.484,-382.324,2.930,-137.207,836.853
1666057281.958,-93.262,-630.371,14.160,-73.730,836.856
1666057281.962,45.898,-820.312,34.180,57.129,836.860
1666057281.966,36.133,-119.141,25.391,20.020,836.864
1666057281.969,-86.426,52.734,0.488,-96.680,836.868
1666057281.973,-101.562,-673.828,4.395,-82.031,836.872
1666057281.977,32.715,-287.598,33.691,39.062,836.876
1666057281.981,81.543,644.531,32.715,54.199,836.880
1666057281.985,-59.082,156.250,16.113,-63.477,836.884
1666057282.002,-131.836,-468.750,19.531,-109.375,836.889
1666057282.006,-16.113,8.301,28.320,-10.254,836.893
1666057282.010,74.707,522.949,30.273,63.965,836.897
1666057282.014,-33.691,-40.039,17.090,-24.902,836.901
1666057282.018,-147.461,-657.715,14.648,-115.234,836.905
1666057282.022,-56.641,-396.973,38.086,-29.785,836.909
1666057282.026,80.078,194.824,39.062,71.777,836.912
1666057282.029,21.484,-12.207,18.066,-3.906,836.916
1666057282.033,-125.000,-812.012,8.789,-115.723,836.920
1666057282.037,-108.398,-463.867,15.137,-85.938,836.924
1666057282.041,34.180,588.867,9.766,25.391,836.928
1666057282.045,36.621,250.000,0.000,19.531,836.932
1666057282.046,-99.121,-605.469,10.254,-90.820,836.932
1666057282.050,-120.117,-251.465,20.996,-100.586,836.936
1666057282.054,12.695,97.656,18.555,23.438,836.940
1666057282.058,66.895,-24.902,32.715,59.570,836.944
1666057282.062,-58.105,-292.480,35.645,-63.477,836.948
1666057282.066,-142.090,-496.094,21.973,-129.395,836.952
1666057282.070,-44.434,-330.566,24.902,-37.109,836.956
1666057282.073,72.754,-19.531,33.203,52.734,836.960
1666057282.077,-14.648,5.859,28.320,-32.227,836.964
1666057282.081,-130.859,-188.965,21.484,-127.930,836.968
1666057282.085,-64.941,6.836,19.531,-63.965,836.971
1666057282.089,61.523,-157.227,0.488,48.340,836.975
1666057282.077,16.602,-926.270,2.441,10.254,836.963
1666057282.081,-115.723,-529.785,17.578,-107.422,836.967
1666057282.085,-100.098,-178.223,8.789,-85.449,836.971
1666057282.089,45.898,148.926,9.277,44.434,836.975
1666057282.093,65.430,572.754,-0.488,43.945,836.979
1666057282.097,-75.195,-72.754,-7.324,-78.613,836.983
1666057282.101,-119.141,-651.855,1.953,-92.285,836.987
1666057282.104,3.418,-272.949,9.766,19.531,836.991
1666057282.108,76.660,265.625,10.254,50.293,836.995
1666057282.112,-48.828,205.566,3.906,-67.871,836.999
1666057282.116,-136.230,-369.629,3.906,-113.770,837.003
1666057282.120,-38.086,-934.082,13.184,-5.371,837.006
1666057282.121,83.984,-30.762,32.227,71.777,837.007
1666057282.125,-5.859,531.738,19.531,-17.090,837.011
1666057282.129,-147.461,-495.605,0.977,-113.770,837.015
1666057282.133,-86.426,-543.457,26.367,-54.688,837.019
1666057282.137,54.688,437.500,39.551,50.781,837.023
1666057282.141,5.859,269.043,15.625,0.977,837.027
1666057282.145,-125.000,-643.066,7.812,-94.238,837.031
1666057282.148,-110.352,-886.719,24.902,-69.336,837.034
1666057282.152,38.574,178.223,43.945,44.922,837.038
1666057282.156,64.453,654.785,19.531,46.875,837.042
1666057282.160,-78.613,-233.887,-3.906,-78.613,837.046
1666057282.164,-124.512,-568.359,5.859,-102.539,837.050
1666057282.167,5.371,248.047,21.973,13.672,837.066
1666057282.171,84.961,632.812,20.508,73.242,837.070
1666057282.175,-36.621,-196.777,6.348,-41.992,837.074
1666057282.179,-135.254,-526.855,12.207,-118.652,837.077
1666057282.183,-47.852,45.410,14.160,-26.855,837.081
1666057282.187,63.965,267.578,0.488,67.383,837.085
1666057282.191,-2.930,-425.781,0.000,-18.066,837.089
1666057282.194,-131.348,-619.141,5.859,-137.695,837.093
1666057282.198,-94.238,-42.969,7.324,-79.590,837.097
1666057282.202,67.871,307.617,4.883,60.547,837.101
1666057282.206,52.246,249.023,8.301,34.180,837.105
1666057282.210,-104.980,-140.625,22.949,-98.145,837.109
1666057282.226,-123.047,-181.152,22.461,-105.957,837.114
1666057282.230,18.555,-171.875,9.766,12.207,837.118
1666057282.234,65.430,-263.672,6.836,42.969,837.122
1666057282.238,-71.289,-206.055,12.207,-76.172,837.126
1666057282.242,-133.301,-148.438,22.949,-115.723,837.130
1666057282.246,-22.949,-460.938,19.043,0.488,837.134
1666057282.250,61.035,-648.926,7.812,60.547,837.138
1666057282.253,-39.551,-36.621,11.719,-56.152,837.141
1666057282.257,-147.949,-119.629,17.578,-130.859,837.145
1666057282.261,-71.777,-269.043,24.414,-48.340,837.149
1666057282.265,62.500,342.285,21.484,41.504,837.153
1666057282.269,5.371,543.945,7.324,-25.391,837.157
1666057282.271,-126.953,-141.602,5.371,-124.512,837.158
1666057282.275,-98.145,-450.195,20.508,-75.684,837.162
1666057282.279,48.340,304.688,26.855,38.086,837.165
1666057282.283,59.570,465.332,13.184,17.578,837.169
1666057282.287,-82.520,-370.605,14.648,-95.703,837.173
1666057282.291,-121.582,-883.301,19.043,-102.539,837.177
1666057282.295,15.137,-217.773,30.273,10.742,837.181
1666057282.298,83.008,638.184,30.273,43.457,837.185
1666057282.302,-47.852,5.371,7.324,-69.336,837.189
1666057282.306,-133.301,-921.875,-4.883,-112.793,837.193
1666057282.310,-28.320,-243.652,4.883,-15.625,837.197
1666057282.314,86.914,675.781,10.254,52.734,837.201
1666057282.317,-7.812,114.746,16.113,-38.086,837.202
1666057282.321,-137.695,-492.188,15.137,-132.812,837.206
1666057282.325,-68.848,-359.375,12.695,-62.988,837.210
1666057282.329,76.660,270.996,13.184,44.434,837.214
1666057282.333,34.180,-1.465,-4.395,-1.953,837.218
1666057282.337,-115.234,-994.629,3.418,-110.352,837.222
1666057282.341,-105.469,-739.746,28.809,-90.820,837.226
1666057282.344,47.852,31.738,31.250,28.809,837.230
1666057282.348,60.059,-188.965,12.695,24.902,837.234
1666057282.352,-78.125,-897.949,6.348,-90.332,837.238
1666057282.356,-106.445,-371.094,25.391,-98.633,837.242
1666057282.360,23.926,233.887,29.297,25.391,837.245
1666057282.361,88.379,454.590,8.789,62.012,837.247
1666057282.365,-39.551,177.734,-8.789,-56.641,837.251
1666057282.369,-132.324,-144.531,7.324,-120.605,837.255
1666057282.373,-35.645,-54.688,18.066,-27.344,837.259
1666057282.377,84.961,268.555,3.906,61.035,837.263
1666057282.381,-6.348,-5.859,-10.742,-28.809,837.267
1666057282.385,-127.441,-430.664,16.113,-124.512,837.270
1666057282.388,-73.242,-287.598,53.711,-60.547,837.274
1666057282.392,59.082,-511.230,43.945,57.617,837.278
1666057282.396,34.668,-304.199,24.902,10.254,837.282
1666057282.400,-116.699,14.648,12.207,-125.977,837.286
1666057282.404,-131.348,-500.000,5.371,-118.164,837.290
1666057282.421,13.672,-321.777,10.254,4.883,837.307
1666057282.425,64.941,507.812,20.508,22.949,837.311
1666057282.429,-68.359,10.254,16.113,-94.727,837.315
1666057282.433,-134.766,-886.230,11.719,-131.836,837.319
1666057282.437,-8.789,-501.953,28.809,-13.672,837.323
1666057282.441,85.449,274.902,32.227,54.688,837.327
1666057282.445,-28.320,-87.402,18.555,-52.734,837.331
1666057282.448,-127.930,-822.754,15.137,-119.141,837.335
1666057282.452,-45.410,-608.887,21.484,-20.020,837.338
1666057282.456,71.777,565.918,8.789,61.523,837.342
1666057282.460,10.742,505.371,-13.184,-20.996,837.346
1666057282.464,-115.723,-453.125,-10.742,-118.164,837.350
1666057282.467,-78.613,-370.605,8.789,-62.500,837.354
1666057282.471,67.871,563.477,20.996,56.152,837.358
1666057282.475,60.547,551.270,7.324,21.973,837.362
1666057282.479,-85.449,-433.594,-0.977,-94.238,837.365
1666057282.483,-104.492,-509.277,6.836,-80.078,837.369
1666057282.487,37.598,75.684,15.137,42.969,837.373
1666057282.491,95.703,85.449,12.207,65.918,837.377
1666057282.494,-39.551,-369.141,1.465,-64.453,837.381
1666057282.498,-120.605,-405.273,15.137,-105.469,837.385
1666057282.502,-20.508,187.500,25.879,0.000,837.389
1666057282.506,77.637,286.133,7.324,67.871,837.393
1666057282.510,-28.320,-562.500,-10.742,-28.320,837.397
1666057282.512,-130.859,-550.293,1.953,-118.164,837.399
1666057282.516,-51.270,2.930,-14.160,-44.922,837.403
1666057282.520,75.195,-90.332,-37.598,60.059,837.407
1666057282.524,13.672,-454.102,-40.527,-5.371,837.411
1666057282.528,-126.465,-355.957,-46.387,-126.953,837.415
1666057282.532,-102.051,-416.992,-44.922,-84.961,837.419
1666057282.536,34.668,-284.180,-40.527,39.062,837.423
1666057282.539,33.691,159.180,-47.852,19.531,837.427
1666057282.543,-85.449,40.527,-42.969,-94.727,837.430
1666057282.547,-104.492,-73.242,-37.598,-100.098,837.434
1666057282.551,1.953,-401.367,-44.922,10.742,837.438
1666057282.555,55.664,-563.965,-32.227,48.340,837.442
1666057282.558,-51.758,65.918,-28.809,-66.895,837.445
1666057282.562,-134.766,-193.848,-54.688,-128.906,837.449
1666057282.566,-43.945,-340.332,-43.457,-28.809,837.453
1666057282.570,69.824,379.883,-22.949,47.363,837.456
1666057282.574,-18.066,300.781,-20.996,-40.527,837.460
1666057282.578,-139.160,-600.098,-21.484,-123.047,837.464
1666057282.582,-74.219,-712.891,-8.301,-52.734,837.468
1666057282.585,65.430,239.746,8.301,52.246,837.472
1666057282.589,23.926,588.379,-4.883,-0.488,837.476
1666057282.593,-110.840,-261.719,-33.203,-108.887,837.480
1666057282.597,-106.934,-1000.000,-37.109,-72.266,837.484
1666057282.601,37.109,-169.922,-8.789,43.457,837.488
1666057282.601,58.594,673.340,-21.973,35.156,837.487
1666057282.605,-86.914,-131.348,-40.527,-84.961,837.491
1666057282.609,-128.906,-760.254,-29.297,-111.816,837.495
1666057282.613,-7.324,-91.309,-16.602,-6.348,837.499
1666057282.617,53.223,559.082,-10.742,37.109,837.503
1666057282.621,-66.895,-263.184,-20.020,-64.453,837.507
1666057282.625,-148.438,-850.098,-19.043,-122.070,837.511
1666057282.628,-51.758,-336.914,-11.230,-27.344,837.515
1666057282.632,70.312,386.719,-16.113,62.500,837.519
1666057282.636,-10.254,-115.723,-34.668,-18.066,837.523
1666057282.640,-145.020,-1000.000,-37.598,-114.258,837.526
1666057282.644,-95.215,-548.828,-14.648,-69.336,837.530
1666057282.646,46.387,403.809,-13.672,39.551,837.532
1666057282.650,32.715,355.469,-15.625,18.555,837.536
1666057282.654,-110.352,-78.613,-22.461,-112.793,837.540
1666057282.658,-122.559,-114.746,-32.227,-110.840,837.544
1666057282.662,28.320,217.773,-26.855,23.438,837.548
1666057282.666,57.617,66.895,-27.832,33.691,837.551
1666057282.670,-90.820,-305.176,-33.691,-91.309,837.555
1666057282.673,-144.531,-190.430,-35.156,-130.859,837.559
1666057282.677,-11.230,14.648,-25.391,-9.277,837.563
1666057282.681,72.266,-321.289,-26.367,55.664,837.567
1666057282.685,-38.574,-357.910,-20.996,-61.523,837.571
1666057282.689,-141.602,-105.469,-21.484,-140.625,837.575
1666057282.691,-57.617,-299.316,-26.367,-53.223,837.607
1666057282.695,77.148,-31.250,-22.461,42.969,837.611
1666057282.699,13.672,148.438,-16.113,-28.809,837.614
1666057282.703,-121.582,-385.254,-19.043,-132.324,837.618
1666057282.707,-81.055,-785.156,-11.230,-73.242,837.622
1666057282.711,62.012,-525.391,1.953,56.152,837.626
1666057282.715,47.363,166.016,-9.766,19.043,837.630
1666057282.718,-103.516,30.762,-32.227,-119.629,837.634
1666057282.722,-118.164,-735.352,-35.156,-110.840,837.638
1666057282.726,33.203,-484.863,-10.254,27.344,837.642
1666057282.730,86.426,597.656,1.465,52.246,837.646
1666057282.734,-48.828,185.547,-13.184,-68.848,837.650
1666057282.736,-118.652,-590.332,-18.066,-114.258,837.622
1666057282.740,-6.836,-130.859,-9.277,-8.301,837.626
1666057282.744,99.121,689.453,-12.207,69.824,837.630
1666057282.748,-20.996,286.621,-40.527,-42.480,837.634
1666057282.752,-133.301,-615.723,-37.598,-122.559,837.638
1666057282.756,-44.922,-566.406,-8.301,-26.367,837.642
1666057282.760,71.289,251.953,-2.930,62.012,837.646
1666057282.763,11.230,246.094,-19.043,-1.465,837.650
1666057282.767,-127.930,-753.906,-17.578,-111.328,837.653
1666057282.771,-96.191,-555.176,7.324,-77.148,837.657
1666057282.775,45.898,477.051,-1.465,39.551,837.661
1666057282.779,42.480,305.176,-34.668,22.949,837.665
1666057282.796,-99.121,-424.805,-38.574,-100.098,837.683
1666057282.800,-129.883,-257.324,-20.996,-96.680,837.687
1666057282.804,4.395,91.309,-17.090,20.996,837.690
1666057282.808,68.848,-151.367,-27.832,58.105,837.694
1666057282.812,-63.477,-879.395,-31.250,-55.664,837.698
1666057282.816,-137.695,-855.469,-20.508,-119.629,837.702
1666057282.820,-32.227,-178.223,-13.184,-25.879,837.706
1666057282.823,64.941,-116.699,-15.137,51.270,837.710
1666057282.827,-20.996,-474.609,-11.719,-39.062,837.714
1666057282.831,-131.836,-130.371,-4.395,-131.836,837.718
1666057282.835,-72.266,45.898,-8.789,-70.312,837.722
1666057282.839,60.059,330.566,-9.277,37.598,837.726
1666057282.832,15.137,431.152,-22.461,-11.230,837.719
1666057282.836,-122.559,79.590,-25.391,-128.906,837.722
1666057282.840,-122.070,-206.543,-17.090,-103.027,837.726
1666057282.844,18.066,150.391,-24.902,18.555,837.730
1666057282.848,41.504,474.609,-26.367,12.695,837.734
1666057282.852,-101.562,-135.742,-18.555,-110.840,837.738
1666057282.856,-139.160,-710.449,-8.301,-121.094,837.742
1666057282.859,-4.395,-466.309,-0.488,-0.488,837.746
1666057282.863,71.777,374.023,-3.418,41.016,837.750
1666057282.867,-55.664,335.449,-15.137,-69.336,837.754
1666057282.871,-137.695,-458.496,-6.836,-115.234,837.758
1666057282.875,-41.016,-957.031,-1.953,-18.066,837.762
1666057282.871,77.148,-62.012,-2.441,58.105,837.757
1666057282.875,10.742,479.492,-14.648,-20.996,837.761
1666057282.879,-124.023,-562.500,-20.996,-107.422,837.765
1666057282.883,-88.379,-699.219,-5.859,-53.711,837.769
1666057282.887,55.176,369.629,5.859,48.828,837.773
1666057282.891,28.809,272.949,-0.977,11.230,837.776
1666057282.895,-111.328,-676.270,-10.254,-105.469,837.780
1666057282.898,-113.281,-863.281,2.441,-90.820,837.784
1666057282.902,25.879,-25.879,26.367,27.344,837.788
1666057282.906,66.895,539.062,19.531,42.480,837.792
1666057282.910,-74.707,-249.023,0.000,-78.125,837.796
1666057282.914,-140.137,-574.219,0.977,-116.211,837.800
1666057282.933,-3.418,258.301,10.742,3.906,837.819
1666057282.937,90.332,600.586,-5.371,61.523,837.823
1666057282.941,-39.062,88.379,-11.230,-53.711,837.827
1666057282.945,-142.578,-263.672,12.207,-119.629,837.831
1666057282.949,-41.504,8.301,26.367,-24.902,837.835
1666057282.953,87.891,189.941,23.438,75.195,837.839
1666057282.957,10.742,-441.895,15.137,1.465,837.843
1666057282.960,-125.488,-631.348,25.391,-108.398,837.847
1666057282.964,-88.867,-77.637,31.738,-70.801,837.851
1666057282.968,48.828,257.812,21.973,40.527,837.855
1666057282.972,45.410,113.770,13.184,22.461,837.858
1666057282.976,-98.145,-278.809,4.395,-108.398,837.862
1666057282.962,-113.770,-145.020,12.207,-110.840,837.861
1666057282.966,28.320,-32.715,18.555,18.555,837.864
1666057282.970,71.777,-270.508,9.277,36.133,837.868
1666057282.974,-67.383,-239.746,1.953,-99.121,837.872
1666057282.978,-130.859,-230.957,-1.465,-127.441,837.876
1666057282.982,-16.113,-395.996,0.977,-3.418,837.880
1666057282.986,75.684,-2.441,6.348,56.152,837.884
1666057282.989,-21.484,220.215,5.859,-44.922,837.888
1666057282.993,-136.230,-132.812,-4.395,-138.184,837.892
1666057282.997,-65.430,-663.574,-12.695,-63.477,837.896
1666057283.001,78.125,-762.695,10.742,61.523,837.900
1666057283.005,27.344,85.938,21.973,-6.348,837.904
1666057283.009,-123.535,-128.906,4.395,-134.277,837.906
1666057283.013,-100.586,-600.098,8.301,-92.285,837.910
1666057283.017,52.734,164.062,24.414,46.387,837.914
1666057283.021,52.246,647.949,9.277,34.668,837.918
1666057283.025,-95.215,25.391,-12.695,-91.309,837.922
1666057283.029,-116.699,-907.715,-4.395,-80.566,837.926
1666057283.033,19.043,-517.578,25.391,42.969,837.930
1666057283.036,69.824,627.930,24.902,60.547,837.934
1666057283.040,-58.594,39.062,1.953,-64.941,837.937
1666057283.044,-143.066,-625.488,2.930,-125.000,837.941
1666057283.048,-38.574,-64.453,20.996,-20.020,837.945
1666057283.052,67.383,467.773,10.742,61.523,837.949
1666057283.066,-17.090,145.020,-4.395,-27.832,837.953
1666057283.070,-134.766,-372.559,1.465,-116.211,837.957
1666057283.074,-85.449,-293.945,10.254,-61.035,837.960
1666057283.078,58.105,167.480,5.859,45.410,837.964
1666057283.082,26.367,-135.254,-18.066,12.207,837.968
1666057283.086,-123.535,-1000.000,-10.254,-104.980,837.972
1666057283.090,-128.418,-612.793,9.766,-103.027,837.976
1666057283.093,11.230,328.125,4.395,18.555,837.980
1666057283.097,32.227,98.145,4.395,21.973,837.984
1666057283.101,-100.586,-354.004,6.348,-96.680,837.988
1666057283.105,-133.789,-147.461,6.836,-119.629,837.992
1666057283.109,-11.230,157.227,1.953,-10.254,837.996
1666057283.111,54.688,324.707,-7.812,37.598,837.997
1666057283.115,-52.246,75.195,-2.441,-71.777,838.001
1666057283.119,-144.043,-202.148,4.883,-142.090,838.005
1666057283.123,-63.965,-90.332,0.000,-49.805,838.009
1666057283.127,57.129,224.121,-1.953,44.434,838.013
1666057283.131,-12.207,-58.105,1.953,-24.902,838.017
1666057283.135,-138.672,-666.016,3.906,-125.000,838.021
1666057283.138,-107.422,-554.199,-1.465,-89.844,838.024
1666057283.142,27.344,-744.141,-5.371,26.855,838.028
1666057283.146,1.465,-475.586,2.441,-18.555,838.032
1666057283.150,-128.906,-42.969,9.766,-134.766,838.036
1666057283.154,-121.094,-459.961,12.695,-100.586,838.040
1666057283.172,10.254,11.230,8.789,21.484,838.072
1666057283.176,47.363,610.840,3.418,28.320,838.076
1666057283.180,-86.914,-19.531,-1.953,-99.609,838.080
1666057283.184,-144.531,-878.418,3.418,-130.371,838.084
1666057283.188,-19.531,-524.902,20.508,-9.277,838.088
1666057283.192,71.777,254.883,16.602,42.969,838.092
1666057283.196,-34.180,-53.223,12.207,-58.105,838.096
1666057283.199,-144.043,-785.156,13.184,-130.371,838.099
1666057283.203,-61.035,-654.297,12.695,-56.152,838.103
1666057283.207,73.242,318.848,13.184,40.527,838.107
1666057283.211,-0.977,396.973,-8.789,-31.738,838.111
1666057283.215,-147.949,-476.562,-19.531,-139.160,838.115
1666057283.201,-107.910,-439.941,-5.371,-97.656,838.087
1666057283.205,43.945,520.508,2.930,22.461,838.091
1666057283.209,36.621,504.395,-2.441,13.184,838.095
1666057283.213,-101.074,-183.105,-7.324,-98.633,838.099
1666057283.217,-128.418,-280.762,-3.418,-104.980,838.103
1666057283.221,3.906,47.363,-8.301,9.277,838.106
1666057283.225,56.152,57.617,-23.926,41.504,838.110
1666057283.228,-79.590,-382.812,-16.113,-77.637,838.114
1666057283.232,-145.508,-402.344,6.836,-125.977,838.118
1666057283.236,-29.785,197.754,8.301,-23.926,838.122
1666057283.240,72.754,348.145,0.488,54.688,838.126
1666057283.244,-27.832,-602.051,-4.883,-37.109,838.130
1666057283.247,-139.160,-743.652,5.371,-133.301,838.136
1666057283.251,-62.012,23.926,17.090,-56.152,838.140
1666057283.255,67.871,84.473,6.348,54.688,838.143
1666057283.259,16.602,-769.043,1.953,11.230,838.147
1666057283.263,-120.117,-749.023,17.578,-99.121,838.151
1666057283.267,-99.609,-292.480,6.836,-79.590,838.155
1666057283.271,42.480,-431.152,-5.859,37.598,838.159
1666057283.274,47.852,-348.633,1.465,23.438,838.163
1666057283.278,-86.914,-4.883,2.930,-101.074,838.167
1666057283.282,-119.141,-177.246,-2.441,-112.793,838.171
1666057283.286,17.090,54.688,8.301,0.000,838.175
1666057283.290,75.195,543.945,-2.441,37.598,838.179
1666057283.294,-59.570,363.770,-14.160,-77.148,838.183
1666057283.298,-128.906,-245.117,-1.465,-126.465,838.187
1666057283.302,-26.855,-351.562,15.137,-17.578,838.191
1666057283.306,87.402,383.301,19.531,76.172,838.195
1666057283.310,-6.836,390.137,-0.977,-22.461,838.198
1666057283.314,-137.695,-426.270,-7.812,-120.605,838.202
1666057283.318,-81.055,-1000.000,0.977,-45.410,838.206
1666057283.321,68.359,-331.543,13.184,62.012,838.210
1666057283.325,32.227,559.570,5.859,7.812,838.214
1666057283.329,-125.000,-207.520,-14.648,-106.934,838.218
1666057283.333,-117.188,-563.477,-3.418,-84.473,838.222
1666057283.337,23.438,263.672,11.719,36.621,838.226
1666057283.336,49.316,641.113,1.465,38.086,838.237
1666057283.340,-92.285,-131.836,-13.672,-88.379,838.241
1666057283.344,-137.207,-782.715,-1.465,-117.188,838.245
1666057283.348,-2.930,-140.625,14.160,-9.277,838.249
1666057283.352,60.547,479.980,7.812,30.273,838.253
1666057283.356,-62.988,-282.227,-4.395,-81.055,838.257
1666057283.360,-150.391,-1000.000,-3.418,-134.766,838.261
1666057283.363,-51.270,-506.348,20.020,-45.410,838.265
1666057283.367,72.266,556.152,14.160,39.062,838.269
1666057283.371,-3.906,235.352,2.441,-32.227,838.273
1666057283.375,-125.977,-256.348,8.789,-128.418,838.276
1666057283.379,-82.520,-13.672,5.859,-71.777,838.280
1666057283.396,59.082,447.754,8.789,47.852,838.297
1666057283.400,40.039,300.781,0.488,5.371,838.301
1666057283.404,-106.445,-187.500,-15.137,-119.629,838.305
1666057283.408,-115.723,-182.617,-8.789,-105.469,838.308
1666057283.412,23.926,178.711,6.836,14.648,838.312
1666057283.416,57.129,24.414,-2.930,30.762,838.316
1666057283.420,-94.238,-318.359,-9.766,-94.727,838.320
1666057283.423,-156.250,-479.004,-2.930,-125.488,838.324
1666057283.427,-20.996,-329.102,7.324,-3.418,838.328
1666057283.431,67.871,-461.914,12.695,61.523,838.332
1666057283.435,-40.039,-384.277,11.230,-52.734,838.336
1666057283.439,-133.301,-140.137,-1.953,-131.836,838.340
1666057283.441,-51.270,-241.699,6.348,-37.109,838.327
1666057283.445,85.938,308.105,25.391,81.055,838.331
1666057283.449,19.531,194.336,3.906,11.230,838.335
1666057283.453,-127.441,-354.492,-8.301,-118.652,838.339
1666057283.457,-95.703,-675.781,-3.906,-75.684,838.343
1666057283.461,46.387,-580.566,-1.953,41.992,838.347
1666057283.465,37.109,173.828,-18.066,1.953,838.350
1666057283.468,-124.023,-23.926,-57.129,-129.395,838.354
1666057283.472,-147.949,-596.680,-50.293,-125.977,838.358
1666057283.476,0.977,-129.883,-19.043,5.859,838.362
1666057283.480,61.035,313.477,-17.090,39.551,838.366
1666057283.484,-66.895,-148.926,-20.020,-73.730,838.370
1666057283.486,-147.461,-841.309,-22.461,-114.258,838.372
1666057283.490,-39.062,-562.012,-13.672,-13.184,838.376
1666057283.494,72.754,580.078,-2.930,51.270,838.380
1666057283.498,-25.879,327.637,-9.766,-48.828,838.384
1666057283.502,-156.738,-430.664,-16.602,-142.090,838.388
1666057283.506,-88.379,-423.828,-3.906,-65.430,838.392
1666057283.510,62.988,288.574,6.836,53.223,838.396
1666057283.513,14.160,337.891,-8.301,-0.488,838.400
1666057283.517,-141.113,-696.777,-19.531,-125.488,838.404
1666057283.521,-126.465,-490.723,-6.836,-103.516,838.407
1666057283.525,40.039,504.395,11.719,27.344,838.411
1666057283.529,58.105,418.945,5.859,26.855,838.415
1666057283.547,-95.703,-409.668,7.812,-100.586,838.437
1666057283.551,-131.348,-507.324,12.695,-122.559,838.440
1666057283.555,7.324,33.691,9.277,-3.906,838.444
1666057283.559,77.148,-104.004,0.488,51.758,838.448
1666057283.563,-52.734,-825.195,-12.695,-57.129,838.452
1666057283.567,-136.230,-814.941,-3.906,-126.953,838.456
1666057283.571,-24.414,-189.941,20.996,-24.414,838.460
1666057283.574,83.496,-134.766,9.277,59.570,838.464
1666057283.578,-22.949,-494.629,-18.555,-41.016,838.468
1666057283.582,-145.508,-245.117,-10.742,-149.414,838.472
1666057283.586,-83.984,-79.102,-3.418,-85.449,838.476
1666057283.590,60.059,289.062,3.418,39.062,838.480
1666057283.576,31.738,453.125,6.348,1.953,838.464
1666057283.580,-115.234,102.051,2.930,-105.469,838.468
1666057283.584,-115.723,-226.074,6.348,-76.172,838.472
1666057283.588,36.621,34.180,6.348,39.551,838.476
1666057283.592,58.105,451.660,-3.418,32.715,838.479
1666057283.596,-104.492,-107.910,-13.184,-106.445,838.483
1666057283.600,-134.277,-688.477,-9.766,-127.930,838.487
1666057283.603,17.578,-271.484,9.766,3.418,838.491
1666057283.607,85.449,507.324,2.441,55.176,838.495
1666057283.611,-43.945,375.488,-20.020,-65.918,838.499
1666057283.615,-140.137,-417.480,-15.137,-141.602,838.503
1666057283.619,-65.918,-987.305,-1.953,-41.504,838.507
1666057283.621,49.805,-124.512,9.277,44.922,838.507
1666057283.625,-7.812,510.254,-6.348,-35.645,838.511
1666057283.629,-142.090,-527.344,-9.277,-127.930,838.515
1666057283.633,-103.516,-673.828,11.719,-74.219,838.519
1666057283.637,38.086,393.066,8.789,41.016,838.523
1666057283.641,14.648,328.613,-12.695,1.953,838.527
1666057283.645,-125.000,-603.516,-23.926,-115.723,838.531
1666057283.648,-127.930,-1000.000,-9.277,-93.262,838.535
1666057283.652,13.184,16.602,11.230,18.066,838.539
1666057283.656,56.641,596.191,2.441,30.273,838.542
1666057283.660,-86.426,-88.867,-5.371,-92.285,838.546
1666057283.664,-145.996,-308.105,-0.488,-126.953,838.550
1666057283.668,-13.184,251.953,1.953,-14.648,838.555
1666057283.672,71.289,589.844,-0.488,48.340,838.558
1666057283.676,-40.527,-115.234,-10.254,-46.875,838.562
1666057283.680,-152.344,-489.258,-22.949,-130.859,838.566
1666057283.684,-71.289,-49.316,-9.277,-50.781,838.570
1666057283.688,71.289,189.453,5.371,64.453,838.574
1666057283.692,6.836,-447.266,3.906,5.371,838.578
1666057283.695,-125.977,-657.715,3.418,-104.492,838.582
1666057283.699,-93.262,-277.344,-8.789,-62.012,838.586
1666057283.703,47.363,-105.957,-15.137,57.617,838.590
1666057283.707,39.551,-37.598,-7.324,29.297,838.594
1666057283.711,-110.352,-78.125,-3.906,-101.562,838.598
1666057283.712,-132.812,-125.977,0.000,-99.609,838.611
1666057283.716,3.418,62.500,10.254,20.996,838.615
1666057283.720,66.406,100.098,-0.977,51.758,838.619
1666057283.724,-70.312,-144.043,-0.977,-64.941,838.623
1666057283.728,-141.113,-229.980,0.977,-106.445,838.626
1666057283.732,-24.414,-541.992,-2.441,0.488,838.630
1666057283.736,67.871,-835.938,1.953,63.477,838.634
1666057283.739,-21.484,-237.305,4.395,-34.180,838.638
1666057283.743,-143.066,-110.840,-6.348,-130.371,838.642
1666057283.747,-79.102,-197.754,-5.859,-59.570,838.646
1666057283.751,67.871,305.664,0.977,61.523,838.650
1666057283.755,20.996,290.527,-0.488,5.859,838.654
1666057283.759,-118.164,-171.875,-12.207,-105.957,838.671
1666057283.763,-98.633,-480.957,-5.371,-64.941,838.675
1666057283.767,50.293,121.094,14.160,52.734,838.679
1666057283.771,59.570,622.070,8.789,32.227,838.683
1666057283.775,-85.449,0.977,-4.395,-92.285,838.687
1666057283.779,-126.465,-835.449,-1.953,-96.680,838.691
1666057283.783,1.953,-317.383,17.090,18.555,838.694
1666057283.786,70.801,628.418,13.184,50.781,838.698
1666057283.790,-63.477,12.695,-4.395,-63.965,838.702
1666057283.794,-140.625,-741.211,-2.441,-114.258,838.706
1666057283.798,-27.832,-117.676,8.789,-14.160,838.710
1666057283.802,83.496,619.629,10.254,63.965,838.714
1666057283.817,0.000,128.418,8.789,-20.996,838.704
1666057283.821,-126.465,-693.359,9.277,-112.793,838.708
1666057283.825,-81.543,-618.164,13.184,-64.453,838.712
1666057283.829,56.152,205.078,12.695,38.574,838.716
1666057283.833,21.484,16.602,-11.230,0.977,838.720
1666057283.837,-126.953,-1000.000,-15.625,-114.258,838.724
1666057283.841,-117.676,-630.371,3.906,-99.609,838.727
1666057283.844,44.434,326.660,10.254,24.414,838.731
1666057283.848,70.801,297.363,13.672,27.832,838.735
1666057283.852,-80.566,-186.035,15.137,-92.285,838.739
1666057283.856,-134.766,-195.801,11.719,-107.910,838.743
1666057283.860,2.930,166.504,12.207,6.836,838.747
1666057283.861,91.797,219.238,11.230,62.012,838.747
1666057283.865,-27.832,-53.223,7.324,-55.664,838.751
1666057283.869,-127.930,-150.879,12.695,-132.324,838.755
1666057283.873,-39.551,-106.445,13.672,-49.805,838.759
1666057283.877,76.172,132.324,4.883,36.133,838.763
1666057283.881,0.488,-91.797,-0.977,-27.344,838.767
1666057283.885,-134.277,-440.918,2.441,-127.441,838.771
1666057283.888,-89.355,-307.129,-3.418,-67.383,838.775
1666057283.892,56.641,-593.262,-9.277,63.477,838.779
1666057283.896,27.344,-208.008,-1.953,15.137,838.782
1666057283.900,-122.070,29.297,-13.672,-119.141,838.786
1666057283.904,-128.418,-563.965,-23.926,-113.770,838.790
1666057283.906,17.090,-57.617,-6.836,7.812,838.792
1666057283.910,62.012,567.871,0.000,29.297,838.796
1666057283.914,-77.637,-32.227,-15.625,-89.355,838.800
1666057283.918,-153.809,-869.629,-19.531,-122.070,838.804
1666057283.922,-32.715,-563.477,-12.695,-10.254,838.808
1666057283.926,68.359,219.727,-19.531,55.664,838.811
1666057283.930,-42.480,-76.660,-28.809,-51.270,838.815
1666057283.933,-155.762,-804.199,-33.203,-132.324,838.819
1666057283.937,-81.543,-798.828,-28.320,-49.805,838.823
1666057283.941,63.477,357.910,-15.137,43.457,838.827
1666057283.945,10.254,508.789,-29.785,-25.391,838.831
1666057283.949,-137.695,-333.984,-32.227,-140.137,838.835
1666057283.951,-100.586,-215.332,-16.602,-98.633,838.838
1666057283.955,59.570,556.641,-7.324,33.691,838.842
1666057283.959,57.617,529.297,-7.812,20.996,838.846
1666057283.963,-96.191,-254.883,-11.230,-100.098,838.850
1666057283.967,-130.371,-390.137,-7.812,-104.492,838.854
1666057283.971,5.371,10.254,5.859,14.648,838.858
1666057283.975,58.105,133.301,-19.531,33.691,838.861
1666057283.978,-79.102,-555.176,-56.641,-95.703,838.865
1666057283.982,-151.855,-666.504,-56.641,-141.602,838.869
1666057283.986,-36.621,-94.727,-51.270,-30.762,838.873
1666057283.990,71.289,65.918,-43.457,53.223,838.877
1666057283.994,-18.555,-237.305,-45.898,-40.527,838.881
1666057283.996,-139.648,-300.293,-52.246,-142.578,838.882
1666057284.000,-75.195,44.922,-52.734,-75.195,838.886
1666057284.004,61.035,22.949,-58.594,40.039,838.890
1666057284.008,13.672,-159.668,-57.129,-12.207,838.894
1666057284.012,-128.906,-142.578,-45.410,-141.602,838.897
1666057284.016,-111.816,-341.797,-34.180,-110.840,838.901
1666057284.020,30.273,-455.078,-37.598,26.855,838.905
1666057284.023,32.227,-479.004,-44.434,14.648,838.909
1666057284.027,-99.121,-104.980,-31.738,-121.582,838.913
1666057284.031,-139.648,-145.996,-40.527,-133.789,838.917
1666057284.035,-11.719,60.059,-34.180,-4.395,838.921
1666057284.039,77.148,367.188,-18.066,46.875,838.925
1666057284.057,-51.270,37.598,-25.391,-68.359,838.943
1666057284.061,-162.598,-304.199,-36.621,-142.090,838.947
1666057284.065,-59.082,-352.051,-35.156,-52.246,838.951
1666057284.069,85.449,274.902,-19.531,59.082,838.955
1666057284.073,13.672,350.098,-13.672,-6.836,838.959
1666057284.077,-134.766,-473.633,-31.738,-125.977,838.963
1666057284.081,-90.820,-848.633,-34.180,-75.684,838.967
1666057284.084,64.941,41.992,-25.879,43.457,838.971
1666057284.088,43.457,557.617,-38.574,0.977,838.975
1666057284.092,-104.980,-303.223,-37.109,-118.164,838.978
1666057284.096,-108.398,-524.902,-26.367,-103.027,838.982
1666057284.100,45.410,325.684,-14.160,25.879,838.986
1666057284.101,73.730,664.551,-13.184,39.062,838.987
1666057284.105,-81.055,-178.711,-24.902,-84.961,838.991
1666057284.109,-131.836,-828.125,-18.066,-104.980,838.995
1666057284.113,0.000,-343.262,-4.883,7.812,838.999
1666057284.117,92.285,361.328,-10.742,64.453,839.002
1666057284.121,-19.043,-217.773,-26.855,-34.180,839.006
1666057284.125,-130.859,-1000.000,-13.184,-110.352,839.010
1666057284.128,-41.016,-208.496,9.277,-37.598,839.014
1666057284.132,85.938,682.129,-3.418,46.387,839.018
1666057284.136,0.000,-78.125,-27.344,-24.902,839.022
1666057284.140,-143.555,-1000.000,-26.367,-128.906,839.026
1666057284.144,-90.332,-379.883,-6.348,-83.008,839.030
1666057284.176,65.918,418.457,-2.441,36.621,839.063
1666057284.180,56.152,340.820,-9.277,4.883,839.066
1666057284.184,-85.449,-67.871,-8.301,-116.211,839.070
1666057284.188,-103.516,-98.633,-8.789,-113.770,839.074
1666057284.192,29.785,202.148,-5.859,8.789,839.078
1666057284.196,71.777,169.922,0.000,31.250,839.082
1666057284.200,-69.336,-353.027,-1.465,-101.074,839.086
1666057284.203,-131.836,-468.750,2.930,-137.207,839.090
1666057284.207,-6.348,4.395,12.695,-21.484,839.094
1666057284.211,78.613,-540.039,-0.488,47.363,839.098
1666057284.215,-27.832,-636.719,-3.418,-62.988,839.102
1666057284.219,-133.789,-134.277,8.301,-151.367,839.105
1666057284.180,-66.406,-249.512,14.160,-67.383,839.076
1666057284.184,68.359,191.406,18.066,46.875,839.080
1666057284.188,18.555,143.555,11.230,-7.812,839.084
1666057284.192,-119.629,-303.711,9.766,-124.023,839.088
1666057284.196,-95.703,-652.832,7.324,-79.590,839.092
1666057284.200,49.316,-604.492,12.695,50.781,839.096
1666057284.204,41.992,187.988,16.602,24.414,839.100
1666057284.207,-115.723,-137.207,-0.977,-110.352,839.104
1666057284.211,-139.648,-755.859,-5.371,-113.281,839.108
1666057284.215,11.230,-74.707,12.207,22.949,839.111
1666057284.219,64.941,677.246,9.277,56.152,839.115
1666057284.223,-75.195,135.254,-12.207,-62.012,839.119
1666057284.236,-141.602,-626.465,3.418,-107.422,839.122
1666057284.240,-27.832,-172.363,37.109,-5.859,839.126
1666057284.244,81.055,635.742,26.855,71.289,839.130
1666057284.248,-16.602,336.914,-1.953,-37.598,839.134
1666057284.252,-141.113,-713.379,-7.324,-120.117,839.138
1666057284.256,-81.055,-885.254,5.371,-41.504,839.142
1666057284.260,56.641,184.082,18.066,58.594,839.145
1666057284.263,13.672,325.195,7.324,9.277,839.149
1666057284.267,-124.023,-610.840,1.465,-105.957,839.153
1666057284.271,-105.469,-484.375,9.766,-83.008,839.157
1666057284.275,48.340,213.379,-0.977,37.109,839.161
1666057284.279,61.035,78.613,-17.578,28.809,839.165
1666057284.296,-102.539,-469.238,-19.043,-106.934,839.182
1666057284.300,-142.578,-309.082,-12.207,-123.535,839.186
1666057284.304,-3.906,53.711,-4.883,4.883,839.190
1666057284.308,65.430,-48.340,0.000,53.223,839.194
1666057284.312,-58.594,-500.977,-1.953,-60.059,839.198
1666057284.316,-140.625,-580.078,8.301,-119.141,839.202
1666057284.320,-42.480,-194.336,9.766,-21.973,839.206
1666057284.323,74.219,-151.855,4.395,73.242,839.210
1666057284.327,-7.812,-504.395,7.812,-17.090,839.214
1666057284.331,-146.484,-173.828,0.000,-134.277,839.217
1666057284.335,-91.309,-11.719,-3.418,-67.871,839.221
1666057284.339,60.059,305.176,6.348,42.969,839.225
1666057284.328,26.367,262.207,-5.371,-8.789,839.241
1666057284.332,-125.488,-193.848,-7.812,-127.441,839.245
1666057284.336,-123.535,-214.355,-5.859,-104.492,839.249
1666057284.340,27.832,-154.785,-10.254,24.414,839.253
1666057284.344,55.176,209.961,-2.441,39.062,839.257
1666057284.348,-83.984,-20.996,0.000,-78.125,839.261
1666057284.352,-134.766,-685.547,1.465,-104.980,839.265
1666057284.355,-13.672,-314.941,3.906,8.789,839.269
1666057284.359,74.219,511.719,1.953,59.570,839.273
1666057284.363,-41.016,376.953,-11.230,-53.223,839.276
1666057284.367,-140.137,-425.781,-11.230,-117.188,839.280
1666057284.371,-53.711,-725.586,-12.207,-29.785,839.284
1666057284.371,64.941,250.488,-17.578,60.547,839.272
1666057284.375,-3.906,537.598,-17.090,-19.043,839.276
1666057284.379,-129.395,-512.207,-11.230,-112.793,839.280
1666057284.383,-84.961,-793.945,6.836,-53.223,839.284
1666057284.387,51.758,200.684,15.625,47.852,839.287
1666057284.391,23.438,388.184,1.465,5.371,839.291
1666057284.395,-125.000,-592.285,-9.277,-117.188,839.295
1666057284.398,-140.625,-910.645,-7.324,-109.863,839.299
1666057284.402,0.488,145.996,-6.348,15.137,839.303
1666057284.406,58.594,708.984,-19.531,44.434,839.307
1666057284.410,-71.777,-147.949,-22.949,-77.637,839.311
1666057284.414,-149.902,-508.301,-19.043,-133.301,839.315
1666057284.418,-44.434,156.250,-13.672,-30.273,839.304
1666057284.422,61.035,578.125,-16.602,44.922,839.308
1666057284.426,-44.434,-86.426,-22.461,-59.570,839.312
1666057284.430,-157.227,-494.629,-11.230,-135.254,839.316
1666057284.434,-77.637,6.836,-7.324,-59.570,839.320
1666057284.438,62.012,291.504,-10.742,42.480,839.324
1666057284.442,4.395,-301.758,-20.020,-19.531,839.328
1666057284.445,-142.090,-711.426,-16.602,-138.184,839.332
1666057284.449,-107.910,-130.859,0.977,-92.285,839.336
1666057284.453,37.598,267.578,-2.930,35.645,839.340
1666057284.457,30.273,-430.664,-19.531,12.695,839.343
1666057284.461,-113.281,-578.125,-11.230,-114.746,839.347
1666057284.462,-138.672,-120.605,-8.301,-121.582,839.362
1666057284.466,-6.348,71.289,-11.719,4.395,839.365
1666057284.470,50.293,60.547,-15.137,40.527,839.369
1666057284.474,-68.848,-160.645,-7.324,-76.172,839.373
1666057284.478,-141.602,-173.828,-6.836,-125.977,839.377
1666057284.482,-41.992,-475.098,-10.254,-23.438,839.381
1666057284.486,66.895,-837.402,3.906,57.129,839.385
1666057284.489,-25.391,-313.965,-0.488,-37.598,839.389
1666057284.493,-152.832,-338.379,-11.230,-136.230,839.393
1666057284.497,-86.426,-591.797,1.465,-59.082,839.397
1666057284.501,56.641,238.281,0.977,51.270,839.401
1666057284.505,14.160,613.281,-10.742,-16.113,839.405
1666057284.521,-128.418,-94.238,-18.555,-129.883,839.421
1666057284.525,-123.535,-570.801,-20.508,-97.168,839.425
1666057284.529,22.461,112.305,-5.859,32.715,839.429
1666057284.533,45.410,656.738,-4.883,34.668,839.433
1666057284.537,-88.867,-1.465,-25.391,-97.168,839.437
1666057284.541,-131.836,-807.129,-20.508,-118.652,839.441
1666057284.545,-15.137,-420.410,-2.930,1.953,839.445
1666057284.548,59.570,497.070,-13.672,39.062,839.449
1666057284.552,-67.871,94.727,-29.785,-74.219,839.453
1666057284.556,-154.297,-752.930,-23.438,-122.559,839.457
1666057284.560,-50.293,-237.793,-2.441,-29.297,839.460
1666057284.564,68.848,401.855,-10.254,47.852,839.464
1666057284.580,-7.812,-142.578,-20.508,-29.785,839.466
1666057284.584,-140.137,-748.535,-7.812,-129.395,839.470
1666057284.588,-87.891,-465.820,-3.418,-67.871,839.474
1666057284.592,61.523,278.320,-5.371,59.570,839.478
1666057284.596,25.879,78.125,-16.113,18.066,839.482
1666057284.600,-110.352,-947.754,-18.555,-106.445,839.485
1666057284.604,-90.820,-527.832,-4.883,-80.566,839.489
1666057284.607,48.828,360.352,-9.277,47.852,839.493
1666057284.611,69.824,245.117,-16.602,40.527,839.497
1666057284.615,-70.801,-190.918,-14.160,-89.844,839.501
1666057284.619,-128.418,-150.879,-7.812,-110.352,839.505
1666057284.623,-5.371,199.219,-6.348,9.277,839.509
1666057284.613,72.754,13.184,-20.020,65.430,839.499
1666057284.617,-43.945,-526.367,-25.879,-48.828,839.503
1666057284.621,-137.695,-443.848,-14.160,-123.535,839.507
1666057284.625,-56.641,-102.539,-18.066,-35.156,839.511
1666057284.629,68.848,120.605,-20.020,65.918,839.515
1666057284.633,0.488,-122.070,-12.207,-5.859,839.519
1666057284.637,-134.277,-463.867,-7.812,-120.605,839.522
1666057284.640,-89.844,-390.625,-4.395,-74.707,839.526
1666057284.644,58.594,20.508,5.371,41.504,839.530
1666057284.648,41.504,410.645,4.883,13.672,839.534
1666057284.652,-102.051,94.727,-12.207,-107.422,839.538
1666057284.656,-125.000,-482.422,-5.859,-103.027,839.542
1666057284.656,11.719,-577.148,7.812,14.648,839.541
1666057284.660,66.406,260.742,1.465,34.180,839.545
1666057284.664,-78.613,45.898,-21.484,-82.031,839.549
1666057284.668,-157.227,-881.836,-36.133,-136.719,839.553
1666057284.672,-33.691,-577.148,-19.043,-31.250,839.557
1666057284.676,83.496,155.762,0.977,58.594,839.561
1666057284.680,-23.926,-52.734,-10.254,-43.945,839.565
1666057284.683,-139.648,-666.504,-26.855,-133.301,839.569
1666057284.687,-67.383,-1000.000,-18.066,-43.945,839.573
1666057284.691,61.035,-245.605,5.371,54.688,839.576
1666057284.695,2.930,506.836,-11.230,-16.113,839.580
1666057284.699,-138.184,-225.586,-20.996,-132.324,839.584
1666057284.715,-109.375,-229.492,-11.719,-96.680,839.601
1666057284.719,40.039,540.039,-10.254,32.227,839.605
1666057284.723,51.270,618.652,-19.043,20.020,839.609
1666057284.727,-92.285,-92.773,-21.973,-104.004,839.613
1666057284.731,-114.258,-251.465,-14.160,-103.516,839.617
1666057284.735,22.949,76.172,-16.113,20.020,839.621
1666057284.739,68.848,213.379,-18.066,39.062,839.624
1666057284.742,-58.105,-609.863,-15.625,-69.824,839.628
1666057284.746,-140.137,-846.680,-2.441,-119.629,839.632
1666057284.750,-35.645,190.918,-0.488,-33.203,839.636
1666057284.754,76.172,472.168,0.488,45.898,839.640
1666057284.758,-19.531,-10.254,-3.418,-51.270,839.644
1666057284.745,-143.555,-214.844,-11.230,-153.320,839.631
1666057284.749,-77.637,40.039,-1.953,-80.566,839.635
1666057284.753,64.941,54.688,-7.324,44.922,839.639
1666057284.757,21.973,-149.414,-13.672,-2.441,839.643
1666057284.761,-122.070,-158.691,-17.578,-127.930,839.647
1666057284.765,-111.816,-366.699,-18.066,-102.539,839.651
1666057284.769,34.668,-397.949,-2.441,25.391,839.654
1666057284.772,60.059,-54.688,-0.977,21.973,839.658
1666057284.776,-86.914,-4.883,-17.090,-107.422,839.662
1666057284.780,-132.812,-381.836,-16.602,-124.023,839.666
1666057284.784,-2.930,-636.719,-13.672,-4.395,839.670
1666057284.788,69.336,-577.637,-11.719,50.781,839.674
1666057284.792,-49.805,12.695,-9.766,-62.988,839.678
1666057284.796,-145.020,-245.117,-10.254,-133.301,839.682
1666057284.800,-48.340,-283.691,-2.930,-40.527,839.686
1666057284.804,75.684,501.465,-3.906,49.316,839.689
1666057284.808,-9.766,471.680,-13.672,-34.668,839.693
1666057284.812,-137.695,-429.199,-11.230,-125.488,839.697
1666057284.816,-76.172,-851.562,0.977,-55.176,839.701
1666057284.819,67.383,22.461,-0.977,50.781,839.705
1666057284.823,30.762,638.184,-14.648,-1.465,839.709
1666057284.827,-118.164,-211.914,-18.555,-120.605,839.713
1666057284.831,-117.188,-560.059,-5.371,-97.656,839.717
1666057284.835,24.902,115.234,0.977,24.902,839.721
1666057284.851,54.199,413.574,-11.230,29.785,839.737
1666057284.855,-80.078,-219.238,-20.508,-91.309,839.741
1666057284.859,-138.672,-952.637,-11.230,-125.977,839.745
1666057284.863,-19.531,-249.512,1.465,-17.090,839.749
1666057284.867,71.289,583.496,0.488,50.781,839.752
1666057284.871,-43.945,-179.199,-15.137,-47.363,839.756
1666057284.875,-161.133,-1000.000,-21.484,-123.535,839.760
1666057284.878,-72.266,-270.508,4.883,-50.781,839.764
1666057284.882,68.848,615.723,11.230,42.480,839.768
1666057284.886,1.465,250.977,-1.465,-29.785,839.772
1666057284.890,-125.977,-258.301,-5.859,-131.836,839.776
1666057284.894,-91.309,-47.852,-0.977,-78.125,839.780
1666057284.896,47.363,437.988,-5.371,38.574,839.782
1666057284.900,37.109,346.680,-12.695,7.812,839.786
1666057284.904,-114.746,-308.105,-7.324,-112.793,839.790
1666057284.908,-138.672,-368.652,1.465,-114.258,839.793
1666057284.912,6.836,204.590,4.395,6.348,839.797
1666057284.916,58.594,26.855,-0.488,39.062,839.801
1666057284.920,-83.008,-342.285,-3.906,-83.008,839.805
1666057284.923,-152.832,-270.508,-1.953,-120.117,839.809
1666057284.927,-31.738,24.902,0.488,-10.254,839.813
1666057284.931,67.383,-501.465,-4.395,67.383,839.817
1666057284.935,-31.738,-674.316,3.906,-26.855,839.821
1666057284.939,-143.555,-221.191,1.953,-116.699,839.825
1666057284.957,-73.730,-262.207,7.324,-32.715,839.843
1666057284.961,61.035,240.234,16.602,71.289,839.846
1666057284.965,11.719,211.914,6.348,0.488,839.850
1666057284.969,-129.883,-394.531,-1.953,-118.164,839.854
1666057284.973,-124.512,-803.223,0.000,-87.402,839.858
1666057284.977,33.203,-567.383,8.789,43.945,839.862
1666057284.981,46.387,38.086,2.930,29.297,839.866
1666057284.984,-96.680,-295.898,4.395,-97.656,839.870
1666057284.988,-123.535,-863.770,-0.977,-104.492,839.874
1666057284.992,6.836,-711.426,6.348,17.578,839.878
1666057284.996,69.336,344.238,7.812,45.898,839.882
1666057285.000,-59.082,248.535,-18.066,-62.500,839.886
1666057284.990,-130.371,-410.645,-4.883,-113.770,839.889
1666057284.994,-24.414,-13.184,12.695,-22.949,839.893
1666057284.998,87.891,635.254,2.441,60.059,839.897
1666057285.002,-2.930,310.059,-10.742,-38.086,839.901
1666057285.006,-138.184,-416.016,-15.137,-146.973,839.905
1666057285.010,-77.637,-486.328,-5.859,-69.336,839.909
1666057285.014,85.449,166.016,11.719,70.801,839.913
1666057285.017,51.758,204.590,-7.324,27.832,839.916
1666057285.021,-110.840,-520.508,-10.254,-100.586,839.920
1666057285.025,-123.535,-325.684,8.301,-99.121,839.924
1666057285.029,15.625,458.984,7.812,5.371,839.928
1666057285.033,36.621,354.004,-4.395,10.254,839.932
1666057285.031,-114.258,-819.336,-13.672,-103.027,839.917
1666057285.035,-157.715,-701.660,13.184,-125.488,839.921
1666057285.039,-33.691,101.562,16.113,-15.625,839.925
1666057285.043,37.109,-32.715,-12.207,30.273,839.929
1666057285.047,-80.566,-755.859,-13.672,-77.148,839.933
1666057285.051,-161.133,-818.359,12.207,-136.719,839.937
1666057285.055,-59.570,-199.219,6.348,-43.457,839.940
1666057285.058,48.828,-66.895,-7.324,50.781,839.944
1666057285.062,-34.180,-309.570,-14.648,-32.227,839.948
1666057285.066,-158.203,-170.410,-10.742,-140.625,839.952
1666057285.070,-105.469,-126.953,5.859,-80.078,839.956
1666057285.074,36.133,-283.691,1.953,41.504,839.960
1666057285.075,13.672,-293.945,-6.836,4.395,839.961
1666057285.079,-117.188,59.570,5.859,-111.328,839.964
1666057285.083,-115.234,-178.711,5.859,-90.332,839.968
1666057285.087,34.668,109.375,-4.395,33.203,839.972
1666057285.091,68.848,594.238,-19.043,49.805,839.976
1666057285.095,-88.379,29.297,-20.020,-83.496,839.980
1666057285.099,-153.809,-525.391,-12.207,-130.371,839.984
1666057285.102,-26.855,-610.352,-0.977,0.000,839.988
1666057285.106,75.195,139.648,21.973,60.547,839.992
1666057285.110,-40.527,464.844,1.465,-59.082,839.996
1666057285.114,-161.621,-321.289,-19.531,-129.395,840.000
1666057285.118,-73.730,-236.328,-9.277,-47.852,840.003
1666057285.150,66.895,408.691,-7.812,46.875,840.035
1666057285.154,13.184,319.336,-8.789,-15.625,840.039
1666057285.158,-134.277,-474.609,-15.137,-125.488,840.043
1666057285.162,-116.699,-881.836,-7.324,-83.496,840.047
1666057285.166,32.715,101.074,1.465,33.691,840.051
1666057285.170,29.297,395.020,-11.230,14.160,840.055
1666057285.174,-113.281,-562.500,-13.672,-93.262,840.059
1666057285.177,-139.160,-801.270,-5.859,-97.656,840.063
1666057285.181,-3.906,247.070,12.695,20.020,840.067
1666057285.185,52.734,641.602,4.883,40.039,840.070
1666057285.189,-79.102,-158.691,-10.742,-90.332,840.074
1666057285.193,-147.461,-572.754,0.488,-126.953,840.078
1666057285.180,-32.227,115.234,5.859,-12.695,840.066
1666057285.184,69.336,608.887,-12.695,61.523,840.069
1666057285.188,-26.367,-0.977,-21.484,-38.574,840.073
1666057285.192,-139.160,-666.016,-16.113,-132.324,840.077
1666057285.196,-74.219,-297.363,3.906,-49.805,840.081
1666057285.200,70.312,207.520,9.766,62.988,840.085
1666057285.204,19.043,-339.844,-4.883,-1.953,840.089
1666057285.207,-129.883,-600.586,-2.930,-123.535,840.093
1666057285.211,-108.398,-73.730,-5.859,-94.238,840.097
1666057285.215,33.203,200.195,-7.324,32.715,840.101
1666057285.219,37.109,111.816,-7.324,24.902,840.105
1666057285.223,-110.840,-57.129,-8.789,-107.422,840.108
1666057285.225,-139.160,-151.855,-0.488,-122.070,840.111
1666057285.229,-8.789,-69.336,-12.207,-9.277,840.115
1666057285.233,49.805,-523.926,-22.461,21.484,840.119
1666057285.237,-76.660,-479.980,-11.719,-97.168,840.123
1666057285.241,-151.855,-188.477,-21.973,-138.672,840.127
1666057285.245,-46.387,-602.539,-22.461,-26.855,840.131
1666057285.249,61.035,-519.043,-1.953,52.734,840.135
1666057285.252,-19.043,-9.766,-5.859,-29.297,840.138
1666057285.256,-144.043,-27.832,-18.555,-116.211,840.142
1666057285.260,-91.309,-642.578,-14.160,-56.641,840.146
1666057285.264,53.223,-654.785,7.324,52.246,840.150
1666057285.268,26.855,302.734,18.066,-3.418,840.154
1666057285.272,-116.699,-1.465,-13.184,-126.953,840.186
1666057285.276,-113.281,-407.227,-28.809,-102.539,840.190
1666057285.280,35.645,263.184,-9.277,17.578,840.194
1666057285.284,59.570,669.434,-5.859,17.578,840.198
1666057285.288,-89.844,68.848,-22.461,-100.098,840.202
1666057285.292,-143.555,-687.500,-31.738,-122.070,840.206
1666057285.296,-11.719,-219.238,-13.672,-16.113,840.210
1666057285.299,74.219,599.609,-15.625,36.133,840.214
1666057285.303,-46.875,47.852,-31.250,-66.895,840.217
1666057285.307,-145.508,-996.094,-20.020,-127.441,840.221
1666057285.311,-55.664,-503.418,-1.953,-32.227,840.225
1666057285.315,77.148,622.559,-0.977,62.012,840.229
1666057285.316,7.324,191.895,-2.930,-15.137,840.216
1666057285.320,-136.230,-420.898,-7.812,-123.535,840.220
1666057285.324,-92.285,-309.082,-7.812,-73.242,840.223
1666057285.328,50.781,264.648,-0.977,41.992,840.227
1666057285.332,32.227,94.238,-15.625,14.160,840.231
1666057285.336,-109.863,-941.895,-11.230,-102.539,840.235
1666057285.340,-115.723,-649.414,0.488,-96.191,840.239
1666057285.343,35.645,373.047,-1.953,31.738,840.243
1666057285.347,63.965,20.996,-10.254,53.711,840.247
1666057285.351,-89.355,-796.387,-12.695,-80.566,840.251
1666057285.355,-128.418,-396.973,2.930,-108.887,840.255
1666057285.359,-5.371,-110.352,-3.906,6.348,840.259
1666057285.361,75.195,92.773,-6.836,48.340,840.261
1666057285.365,-29.785,40.039,-0.977,-62.988,840.265
1666057285.369,-139.160,-172.852,-12.695,-137.695,840.269
1666057285.373,-59.082,-22.461,-15.625,-45.410,840.272
1666057285.377,70.801,-164.551,-9.277,60.059,840.276
1666057285.381,1.953,-465.332,-12.207,-12.207,840.280
1666057285.385,-136.719,-457.031,-9.766,-120.605,840.284
1666057285.388,-109.375,-399.414,-12.207,-77.637,840.288
1666057285.392,44.434,-253.906,-4.395,41.992,840.292
1666057285.396,53.711,185.547,0.488,20.508,840.296
1666057285.400,-87.402,220.703,-5.371,-98.145,840.300
1666057285.404,-116.211,-401.367,-5.859,-98.633,840.304
1666057285.407,16.113,-122.559,-5.371,10.742,840.296
1666057285.411,69.336,462.402,-6.348,33.203,840.299
1666057285.415,-64.941,-110.352,-16.113,-86.426,840.303
1666057285.419,-148.926,-831.055,-17.090,-143.555,840.307
1666057285.423,-40.527,-762.207,-9.766,-47.363,840.311
1666057285.427,64.941,8.301,-12.695,27.344,840.315
1666057285.431,-37.598,6.836,-12.207,-56.152,840.319
1666057285.434,-149.902,-725.586,-6.348,-134.277,840.323
1666057285.438,-70.312,-479.492,-9.277,-61.035,840.327
1666057285.442,61.523,610.352,-13.184,35.645,840.331
1666057285.446,8.789,531.250,-20.020,-25.391,840.335
1666057285.450,-131.348,-472.656,-23.926,-127.441,840.338
1666057285.466,-110.840,-459.961,-8.789,-100.586,840.353
1666057285.470,31.250,505.859,1.953,20.020,840.357
1666057285.474,34.668,576.172,-5.859,11.230,840.361
1666057285.478,-106.445,-187.500,-10.742,-113.770,840.365
1666057285.482,-143.066,-548.828,-11.719,-120.117,840.368
1666057285.486,-7.812,-185.547,-14.160,-0.488,840.372
1666057285.490,60.059,226.074,-21.484,37.598,840.376
1666057285.493,-72.266,-553.223,-33.203,-67.871,840.380
1666057285.497,-152.832,-910.645,-17.578,-128.906,840.384
1666057285.501,-42.480,86.426,-2.441,-40.527,840.388
1666057285.505,64.941,515.137,-9.277,50.293,840.392
1666057285.509,-29.785,169.434,-20.996,-44.922,840.396
1666057285.511,-145.996,-152.832,-24.902,-140.137,840.398
1666057285.515,-84.961,35.156,-18.066,-69.336,840.402
1666057285.519,52.734,102.539,-22.461,42.969,840.406
1666057285.523,18.066,-143.555,-26.367,-4.395,840.410
1666057285.527,-131.836,-163.574,-26.367,-127.930,840.414
1666057285.531,-122.559,-422.852,-21.973,-92.773,840.417
1666057285.535,25.391,-516.602,-18.555,42.969,840.421
1666057285.538,44.922,-200.684,-22.461,35.645,840.425
1666057285.542,-92.773,-6.348,-24.414,-88.379,840.429
1666057285.546,-142.090,-94.727,-32.715,-105.469,840.433
1666057285.550,-26.855,-429.688,-38.574,0.488,840.437
1666057285.554,52.734,-574.707,-26.367,43.945,840.441
1666057285.542,-53.223,40.039,-11.230,-62.012,840.441
1666057285.546,-149.902,-202.148,-26.367,-128.906,840.445
1666057285.550,-64.453,-243.652,-27.832,-49.316,840.449
1666057285.554,64.453,440.918,-19.531,53.711,840.453
1666057285.558,-1.465,416.992,-36.621,-10.254,840.456
1666057285.562,-134.766,-441.895,-39.551,-109.863,840.460
1666057285.566,-100.586,-548.340,-28.809,-67.383,840.464
1666057285.569,43.945,352.539,-26.367,37.598,840.468
1666057285.573,36.621,588.867,-28.809,10.254,840.472
1666057285.577,-106.934,-178.711,-32.715,-104.004,840.476
1666057285.581,-115.234,-1000.000,-26.367,-84.961,840.480
1666057285.585,24.902,-371.094,-9.766,23.926,840.484
1666057285.586,72.754,643.066,-11.230,32.715,840.486
1666057285.590,-65.918,-30.762,-22.461,-74.219,840.490
1666057285.594,-143.066,-745.605,-22.949,-113.281,840.494
1666057285.598,-28.809,-135.742,-2.930,-18.066,840.498
1666057285.602,60.059,652.832,-5.859,38.574,840.502
1666057285.606,-41.992,-149.902,-33.691,-45.898,840.506
1666057285.610,-149.414,-1000.000,-32.227,-119.141,840.510
1666057285.613,-74.219,-255.371,-14.160,-46.387,840.514
1666057285.617,67.871,667.969,-21.484,60.059,840.518
1666057285.621,16.113,55.176,-31.738,-4.395,840.521
1666057285.625,-113.281,-485.352,-27.832,-103.027,840.525
1666057285.629,-89.355,-140.137,-18.066,-52.734,840.529
1666057285.651,50.781,188.965,-13.184,47.852,840.540
1666057285.655,43.945,85.449,-19.043,12.695,840.544
1666057285.659,-98.633,-256.348,-20.996,-109.863,840.548
1666057285.663,-121.094,-165.527,-20.020,-120.117,840.552
1666057285.667,1.953,126.465,-12.207,-6.836,840.556
1666057285.671,53.711,41.504,-19.043,19.531,840.560
1666057285.675,-78.613,-338.867,-20.996,-96.680,840.564
1666057285.678,-152.344,-306.641,-16.113,-131.348,840.567
1666057285.682,-40.039,-167.969,-25.879,-19.531,840.571
1666057285.686,71.777,-193.848,-20.996,57.129,840.575
1666057285.690,-9.766,-20.996,-10.254,-29.297,840.579
1666057285.694,-122.070,-141.113,-14.160,-107.910,840.583
1666057285.706,-62.500,-323.730,-25.391,-35.645,840.593
1666057285.710,61.035,119.141,-26.855,58.594,840.596
1666057285.714,13.184,178.223,-20.020,-3.906,840.600
1666057285.718,-123.535,-452.637,-24.902,-120.605,840.604
1666057285.722,-101.562,-886.230,-30.273,-89.355,840.608
1666057285.726,52.246,-704.102,-21.484,48.340,840.612
1666057285.730,52.246,26.367,-17.578,31.738,840.616
1666057285.733,-92.285,69.336,-27.832,-98.145,840.620
1666057285.737,-126.465,-702.637,-30.273,-105.469,840.624
1666057285.741,7.324,-747.070,-8.789,9.277,840.628
1666057285.745,78.613,352.539,-0.488,43.457,840.632
1666057285.749,-50.293,227.051,-20.996,-71.289,840.636
1666057285.736,-142.578,-467.285,-23.438,-136.230,840.623
1666057285.740,-41.504,-37.109,-7.324,-36.621,840.626
1666057285.744,81.055,707.520,-3.906,55.664,840.630
1666057285.748,-6.836,410.645,-17.578,-30.273,840.634
1666057285.752,-143.555,-426.270,-20.508,-131.348,840.638
1666057285.756,-87.891,-464.844,-8.789,-64.941,840.642
1666057285.760,56.641,88.867,-7.812,56.152,840.646
1666057285.763,13.672,56.641,-22.949,6.836,840.650
1666057285.767,-133.301,-517.578,-28.809,-120.605,840.654
1666057285.771,-123.535,-380.371,-23.926,-100.586,840.658
1666057285.775,18.066,429.199,-11.230,25.879,840.662
1666057285.779,50.293,429.199,-27.832,28.320,840.666
1666057285.781,-91.309,-748.047,-34.668,-90.332,840.667
1666057285.785,-139.648,-742.188,-7.324,-108.887,840.671
1666057285.789,-5.859,50.293,-12.695,-3.906,840.675
1666057285.793,55.664,-8.301,-27.344,35.645,840.679
1666057285.797,-63.477,-527.344,-36.621,-64.941,840.683
1666057285.801,-154.297,-668.457,-36.133,-133.301,840.686
1666057285.805,-60.059,-308.594,-19.531,-37.109,840.690
1666057285.808,63.965,-208.008,-19.043,59.082,840.694
1666057285.812,-11.230,-737.305,-19.531,-25.879,840.698
1666057285.816,-141.602,-396.973,-13.184,-142.578,840.702
1666057285.820,-108.398,37.598,-17.578,-104.004,840.706
1666057285.824,41.016,306.152,-13.672,16.602,840.710
1666057285.826,36.621,474.609,-12.207,0.000,840.713
1666057285.830,-116.699,141.602,-12.207,-112.305,840.717
1666057285.834,-127.930,-180.176,-14.648,-103.027,840.721
1666057285.838,24.902,117.676,-14.160,19.043,840.725
1666057285.842,66.895,490.234,-14.648,31.738,840.729
1666057285.846,-83.496,-70.801,-27.832,-97.168,840.733
1666057285.850,-148.438,-598.145,-29.297,-134.277,840.737
1666057285.853,-22.949,-687.012,-15.625,-10.742,840.740
1666057285.857,74.707,50.293,-12.207,47.852,840.744
1666057285.861,-28.809,406.738,-34.668,-60.059,840.748
1666057285.865,-139.648,-520.020,-42.969,-126.465,840.752
1666057285.869,-59.570,-612.305,-28.320,-44.434,840.756
1666057285.871,70.801,433.105,-17.090,58.105,840.757
1666057285.875,6.348,595.215,-32.227,-9.277,840.761
1666057285.879,-135.254,-478.027,-49.805,-118.164,840.765
1666057285.883,-127.930,-756.836,-38.574,-84.961,840.769
1666057285.887,21.484,283.691,-22.461,34.180,840.773
1666057285.891,41.016,327.637,-21.484,27.344,840.777
1666057285.895,-110.352,-607.910,-33.691,-89.844,840.781
1666057285.898,-147.461,-885.254,-30.273,-91.797,840.785
1666057285.902,-0.488,119.141,-10.742,21.973,840.789
1666057285.906,66.406,680.176,-20.508,49.316,840.792
1666057285.910,-74.707,-21.484,-28.809,-75.684,840.796
1666057285.914,-134.766,-373.047,-22.949,-114.746,840.800
1666057285.930,-12.695,-6.836,-22.949,-17.090,840.816
1666057285.934,85.449,276.855,-24.414,50.293,840.820
1666057285.938,-11.719,-270.020,-26.855,-36.133,840.824
1666057285.942,-140.625,-582.520,-25.879,-135.254,840.828
1666057285.946,-75.195,-73.730,-25.879,-58.594,840.831
1666057285.950,65.430,250.977,-26.367,58.594,840.835
1666057285.954,21.973,-431.152,-29.785,5.371,840.839
1666057285.957,-107.422,-897.949,-16.602,-114.258,840.843
1666057285.961,-84.473,-145.508,-0.977,-87.402,840.847
1666057285.965,60.547,241.699,-11.719,41.992,840.851
1666057285.969,71.777,243.652,-20.508,39.551,840.855
1666057285.973,-76.660,45.410,-18.555,-85.449,840.859
1666057285.960,-111.328,-130.371,-11.230,-102.539,840.860
1666057285.964,15.625,21.973,-8.301,18.066,840.864
1666057285.968,83.008,79.590,-20.508,68.848,840.868
1666057285.972,-44.434,-282.227,-30.273,-51.270,840.871
1666057285.976,-130.371,-454.590,-17.578,-109.863,840.875
1666057285.980,-30.273,-568.359,-21.973,-6.836,840.879
1666057285.984,65.918,-613.281,-22.949,61.035,840.883
1666057285.987,-9.766,-75.195,-21.973,-37.598,840.887
1666057285.991,-130.371,-47.363,-31.250,-133.301,840.891
1666057285.995,-77.637,-653.809,-20.508,-60.547,840.895
1666057285.999,64.453,-584.473,-10.742,55.664,840.899
1666057286.003,37.598,269.531,-6.836,13.184,840.903
1666057286.007,-103.516,-52.246,-15.625,-112.305,840.905
1666057286.011,-116.699,-419.922,-14.160,-111.816,840.909
1666057286.015,25.879,250.000,-6.836,12.695,840.913
1666057286.019,69.824,697.754,-11.719,31.738,840.917
1666057286.023,-72.754,78.613,-22.461,-92.773,840.921
1666057286.027,-132.812,-651.367,-7.324,-116.211,840.925
1666057286.031,-1.465,-331.055,9.766,5.859,840.929
1666057286.034,80.078,406.250,-4.883,51.270,840.933
1666057286.038,-31.250,137.207,-21.973,-61.035,840.937
1666057286.042,-140.137,-869.141,-22.949,-128.418,840.941
1666057286.046,-53.223,-438.965,3.418,-41.016,840.945
1666057286.050,89.844,635.254,5.859,54.199,840.948
1666057286.066,10.254,226.562,-17.578,-18.066,840.966
1666057286.070,-133.301,-409.180,-14.648,-129.883,840.970
1666057286.074,-96.680,-408.203,2.441,-79.102,840.973
1666057286.078,47.852,150.391,4.883,44.922,840.977
1666057286.082,39.551,97.168,-16.602,19.043,840.981
1666057286.086,-110.840,-950.195,-29.785,-106.934,840.985
1666057286.090,-125.488,-696.777,-8.789,-103.027,840.989
1666057286.093,24.902,342.285,-14.648,23.438,840.993
1666057286.097,70.312,20.508,-30.762,49.316,840.997
1666057286.101,-44.434,-824.707,-16.113,-62.500,841.001
1666057286.105,-110.840,-313.965,-0.488,-115.234,841.005
1666057286.109,-26.367,222.168,-4.395,-26.855,841.009
1666057286.111,59.082,376.465,-16.113,33.203,840.997
1666057286.115,-44.434,171.875,-26.855,-67.871,841.001
1666057286.119,-146.973,-141.113,-32.227,-145.996,841.005
1666057286.123,-84.473,-111.816,-34.668,-63.477,841.009
1666057286.127,44.434,243.652,-36.133,30.273,841.013
1666057286.131,-2.441,13.184,-40.039,-47.852,841.017
1666057286.135,-147.949,-420.898,-27.832,-159.668,841.021
1666057286.138,-117.676,-315.918,-30.273,-117.188,841.025
1666057286.142,45.898,-376.465,-41.992,14.648,841.029
1666057286.146,58.105,36.133,-32.227,9.277,841.033
1666057286.150,-81.055,88.867,-33.203,-107.910,841.036
1666057286.154,-111.328,-621.582,-39.062,-105.957,841.040
1666057286.156,23.438,-212.402,-32.227,17.090,841.041
1666057286.160,82.031,602.051,-28.320,45.898,841.045
1666057286.164,-52.734,40.039,-31.738,-79.102,841.049
1666057286.168,-115.234,-843.262,-32.227,-112.305,841.053
1666057286.172,7.324,-776.367,-26.855,2.930,841.057
1666057286.176,101.562,38.086,-24.902,60.059,841.061
1666057286.180,1.465,92.285,-41.016,-43.457,841.065
1666057286.183,-114.746,-724.609,-47.363,-127.930,841.069
1666057286.187,-70.312,-661.621,-30.273,-61.523,841.072
1666057286.191,65.430,487.305,-22.461,41.992,841.076
1666057286.195,30.273,532.715,-41.992,-4.883,841.080
1666057286.199,-124.512,-279.297,-41.016,-128.906,841.084
1666057286.204,-113.281,-276.855,-24.902,-102.539,841.093
1666057286.208,38.086,296.387,-24.902,24.902,841.097
1666057286.212,55.176,302.734,-34.180,31.250,841.100
1666057286.216,-92.285,-381.836,-36.133,-86.426,841.104
1666057286.220,-131.348,-497.559,-36.133,-111.328,841.108
1666057286.224,3.906,-47.852,-30.762,3.906,841.112
1666057286.228,76.660,105.957,-20.020,47.852,841.116
1666057286.231,-50.781,-476.562,-27.832,-51.758,841.120
1666057286.235,-131.836,-630.859,-21.484,-96.680,841.124
1666057286.239,-33.691,166.504,-13.184,-12.207,841.128
1666057286.243,83.984,439.453,-22.461,76.172,841.132
1666057286.247,5.371,93.750,-29.297,-1.465,841.136
1666057286.247,-117.188,-145.996,-28.809,-107.910,841.132
1666057286.251,-76.172,-22.461,-26.855,-50.293,841.136
1666057286.255,48.340,116.211,-33.203,52.246,841.140
1666057286.259,26.855,23.926,-40.527,1.465,841.144
1666057286.263,-114.258,-366.211,-42.480,-114.258,841.148
1666057286.267,-121.582,-606.934,-38.086,-89.844,841.152
1666057286.271,27.832,-393.066,-41.016,41.504,841.156
1666057286.274,63.965,-854.004,-49.316,52.246,841.160
1666057286.278,-71.777,-831.055,-44.922,-78.125,841.164
1666057286.282,-122.559,-302.734,-52.246,-114.258,841.168
1666057286.286,-6.348,-3.906,-47.852,-5.371,841.171
1666057286.290,64.453,496.094,-41.504,41.016,841.175
1666057286.293,-49.805,352.051,-49.316,-73.730,841.179
1666057286.297,-137.695,-274.902,-41.504,-138.184,841.183
1666057286.301,-51.270,-272.461,-25.879,-47.363,841.187
1666057286.305,72.754,436.035,-22.461,50.293,841.191
1666057286.309,2.441,456.055,-41.992,-29.297,841.195
1666057286.313,-143.555,-407.715,-58.594,-146.484,841.199
1666057286.317,-116.699,-920.898,-46.875,-93.262,841.203
1666057286.320,45.898,-151.855,-34.180,29.297,841.207
1666057286.324,45.410,594.727,-48.340,5.371,841.210
1666057286.328,-111.816,-159.180,-58.594,-111.328,841.214
1666057286.332,-128.906,-710.938,-50.293,-104.004,841.218
1666057286.336,23.438,76.660,-39.062,21.973,841.222
1666057286.336,62.500,653.809,-58.105,43.945,841.236
1666057286.340,-78.613,-6.836,-72.754,-77.637,841.240
1666057286.344,-146.484,-772.461,-58.105,-119.629,841.244
1666057286.348,-34.668,-264.160,-45.898,-8.789,841.248
1666057286.352,70.312,485.352,-48.340,58.105,841.252
1666057286.356,-29.297,-223.145,-69.824,-36.133,841.256
1666057286.360,-145.020,-1000.000,-74.219,-113.770,841.260
1666057286.363,-72.266,-372.070,-54.199,-48.828,841.264
1666057286.367,62.500,558.594,-60.059,48.828,841.268
1666057286.371,-5.371,139.160,-72.754,-19.531,841.272
1666057286.375,-151.855,-379.883,-74.707,-141.113,841.276
1666057286.379,-121.582,-70.801,-71.289,-101.562,841.279
1666057286.384,40.039,403.809,-66.406,34.668,841.281
1666057286.388,50.293,268.555,-72.754,24.902,841.285
1666057286.392,-104.980,-196.289,-74.707,-110.840,841.289
1666057286.396,-133.301,-160.645,-71.777,-122.070,841.293
1666057286.400,3.418,193.848,-70.312,9.277,841.296
1666057286.404,55.664,117.188,-68.848,49.805,841.300
1666057286.408,-83.496,-289.551,-76.172,-77.148,841.304
1666057286.411,-159.668,-295.898,-72.266,-133.789,841.308
1666057286.415,-39.062,-106.934,-66.895,-25.879,841.312
1666057286.419,54.688,-131.348,-73.730,51.270,841.316
1666057286.423,-47.852,-86.914,-75.195,-50.781,841.320
1666057286.427,-148.926,-309.570,-73.242,-136.719,841.324
1666057286.456,-82.520,-599.121,-74.219,-63.965,841.342
1666057286.460,53.711,-64.453,-75.684,42.969,841.346
1666057286.464,6.348,146.973,-89.844,-4.395,841.350
1666057286.468,-139.160,-354.004,-98.145,-126.953,841.354
1666057286.472,-137.695,-625.977,-96.680,-104.004,841.358
1666057286.476,10.742,-980.957,-94.727,30.762,841.362
1666057286.480,48.828,-303.223,-76.172,38.086,841.366
1666057286.483,-91.309,137.207,-83.496,-91.309,841.370
1666057286.487,-142.578,-600.586,-93.750,-116.699,841.374
1666057286.491,-9.766,-288.574,-85.938,2.441,841.377
1666057286.495,65.918,688.477,-91.309,47.363,841.381
1666057286.499,-65.918,291.016,-104.980,-66.406,841.385
1666057286.488,-151.367,-443.848,-105.957,-132.324,841.379
1666057286.492,-41.504,-125.488,-106.445,-37.109,841.383
1666057286.496,73.730,409.668,-121.582,49.805,841.387
1666057286.500,-7.324,38.086,-130.859,-39.062,841.391
1666057286.504,-125.000,-685.059,-116.211,-132.324,841.394
1666057286.508,-80.078,-699.219,-104.980,-70.801,841.398
1666057286.512,55.664,151.855,-106.445,41.992,841.402
1666057286.515,29.785,300.781,-119.629,7.324,841.406
1666057286.519,-114.746,-460.938,-120.117,-117.188,841.410
1666057286.523,-115.234,-395.508,-107.910,-96.191,841.414
1666057286.527,24.902,407.227,-107.910,28.809,841.418
1666057286.531,58.594,346.191,-103.027,26.855,841.422
1666057286.531,-82.031,-704.102,-104.980,-103.027,841.417
1666057286.535,-137.207,-572.754,-97.168,-131.348,841.421
1666057286.539,-16.113,-4.395,-93.262,-10.254,841.425
1666057286.543,65.430,-49.316,-103.027,38.086,841.428
1666057286.547,-37.598,-280.273,-102.539,-75.684,841.432
1666057286.551,-135.742,-573.730,-94.727,-136.230,841.436
1666057286.555,-55.176,-421.387,-83.008,-50.293,841.440
1666057286.558,62.988,-179.688,-81.543,47.363,841.444
1666057286.562,-8.789,-868.652,-93.262,-15.625,841.448
1666057286.566,-139.160,-859.375,-81.055,-131.348,841.452
1666057286.570,-94.238,-188.965,-74.707,-97.656,841.456
1666057286.574,56.152,271.484,-83.008,23.926,841.460
1666057286.577,46.875,478.516,-84.473,11.230,841.464
1666057286.581,-98.633,110.352,-94.727,-107.422,841.468
1666057286.585,-124.512,-300.293,-100.586,-110.840,841.472
1666057286.589,10.742,0.488,-95.703,8.789,841.476
1666057286.593,62.500,477.051,-101.074,33.203,841.480
1666057286.597,-76.660,-130.859,-109.863,-84.473,841.484
1666057286.601,-145.020,-699.707,-102.539,-122.559,841.488
1666057286.604,-24.902,-768.555,-100.586,-8.301,841.492
1666057286.608,77.148,-142.578,-97.656,56.152,841.495
1666057286.612,-26.855,370.117,-94.238,-50.293,841.499
1666057286.616,-139.648,-381.348,-92.773,-124.023,841.503
1666057286.620,-66.406,-624.023,-89.355,-46.387,841.507
1666057286.636,62.988,350.098,-83.984,52.246,841.522
1666057286.640,10.254,580.566,-92.285,-9.277,841.526
1666057286.644,-132.324,-491.699,-108.887,-115.723,841.530
1666057286.648,-106.445,-711.426,-88.379,-71.777,841.534
1666057286.652,36.621,260.742,-74.707,49.805,841.538
1666057286.656,40.039,279.297,-80.078,37.109,841.542
1666057286.660,-104.492,-562.500,-95.703,-90.332,841.546
1666057286.663,-140.137,-1000.000,-101.562,-107.422,841.550
1666057286.667,6.348,-122.559,-80.566,13.672,841.554
1666057286.671,69.824,618.652,-89.844,52.246,841.558
1666057286.675,-63.965,-198.730,-98.145,-65.430,841.561
1666057286.679,-142.578,-547.852,-90.820,-125.977,841.565
1666057286.668,-38.574,143.555,-92.773,-26.855,841.554
1666057286.672,71.289,608.887,-100.586,45.898,841.558
1666057286.676,-24.902,-82.520,-103.027,-46.875,841.562
1666057286.680,-145.020,-534.668,-94.238,-129.883,841.566
1666057286.684,-74.219,-63.477,-96.680,-59.082,841.570
1666057286.688,61.035,177.246,-94.727,54.688,841.574
1666057286.692,20.508,-16.113,-89.844,3.906,841.578
1666057286.695,-121.582,-291.992,-89.844,-118.652,841.582
1666057286.699,-111.328,-142.578,-86.914,-105.469,841.586
1666057286.703,40.527,217.773,-98.145,25.391,841.590
1666057286.707,58.594,-218.262,-99.121,33.203,841.593
1666057286.711,-69.824,-400.391,-81.055,-84.961,841.597
1666057286.712,-99.609,-259.766,-70.801,-104.004,841.610
1666057286.716,6.836,-281.738,-56.152,-6.836,841.614
1666057286.720,77.148,-184.082,-55.664,41.016,841.618
1666057286.724,-45.410,-120.605,-64.941,-73.730,841.622
1666057286.728,-131.836,-214.355,-62.012,-127.441,841.626
1666057286.732,-35.645,-545.410,-57.129,-17.578,841.630
1666057286.736,57.617,-843.262,-59.082,50.781,841.634
1666057286.739,-23.438,-315.430,-58.594,-49.805,841.638
1666057286.743,-137.695,-76.172,-57.129,-134.766,841.642
1666057286.747,-82.520,-292.969,-49.805,-67.871,841.646
1666057286.751,52.246,315.430,-59.570,34.668,841.649
1666057286.755,28.320,637.207,-70.801,-2.930,841.653
1666057286.758,-114.746,-7.324,-72.754,-121.094,841.671
1666057286.762,-124.023,-409.180,-68.359,-96.191,841.675
1666057286.766,34.180,238.281,-57.129,49.805,841.679
1666057286.770,85.938,526.367,-66.406,64.453,841.683
1666057286.774,-68.359,-151.367,-75.195,-76.172,841.687
1666057286.778,-128.418,-908.691,-69.336,-115.723,841.691
1666057286.782,-1.465,-481.934,-57.129,-2.930,841.695
1666057286.785,77.637,606.934,-68.848,58.105,841.699
1666057286.789,-41.016,152.832,-82.031,-56.152,841.703
1666057286.793,-144.043,-544.434,-68.359,-134.277,841.707
1666057286.797,-49.805,-90.820,-57.129,-41.016,841.711
1666057286.801,77.148,666.504,-55.664,57.129,841.714
1666057286.816,-1.465,177.246,-71.289,-18.555,841.702
1666057286.820,-141.602,-659.180,-73.730,-123.535,841.706
1666057286.824,-106.934,-511.719,-66.895,-77.148,841.710
1666057286.828,41.504,214.844,-61.523,42.480,841.714
1666057286.832,40.039,126.465,-70.801,25.391,841.718
1666057286.836,-107.910,-916.016,-81.543,-92.773,841.722
1666057286.840,-121.094,-792.480,-64.453,-94.727,841.726
1666057286.843,19.531,-53.711,-56.152,24.902,841.730
1666057286.847,67.383,-57.129,-58.105,59.570,841.734
1666057286.851,-68.848,-462.891,-61.523,-62.012,841.738
1666057286.855,-151.367,-317.871,-69.336,-116.699,841.741
1666057286.859,-32.715,-53.711,-71.289,-8.301,841.745
1666057286.861,70.312,-194.824,-72.266,63.477,841.747
1666057286.865,-29.297,-411.621,-73.730,-29.785,841.751
1666057286.869,-128.418,-194.824,-76.172,-112.305,841.755
1666057286.873,-57.129,-128.906,-84.473,-36.133,841.759
1666057286.877,78.125,48.340,-80.078,74.707,841.763
1666057286.881,25.391,-105.469,-80.078,5.859,841.767
1666057286.885,-113.770,-334.473,-76.660,-109.863,841.771
1666057286.888,-93.750,-254.883,-66.895,-75.684,841.775
1666057286.892,46.875,-466.309,-66.895,49.316,841.778
1666057286.896,61.523,-135.254,-62.500,38.086,841.782
1666057286.900,-79.590,215.332,-73.730,-92.285,841.786
1666057286.904,-123.047,-375.000,-88.379,-98.145,841.790
1666057286.906,3.906,-317.383,-81.543,20.020,841.792
1666057286.910,78.125,497.559,-69.336,57.617,841.796
1666057286.914,-47.852,104.004,-72.754,-62.012,841.800
1666057286.918,-141.602,-828.125,-73.730,-119.141,841.804
1666057286.922,-41.992,-581.543,-61.523,-13.184,841.808
1666057286.926,72.754,214.844,-49.316,68.848,841.812
1666057286.930,-9.766,79.590,-59.570,-26.367,841.816
1666057286.933,-137.207,-708.496,-86.426,-126.465,841.819
1666057286.937,-84.473,-689.941,-76.172,-56.152,841.823
1666057286.941,58.594,486.816,-59.082,56.641,841.827
1666057286.945,16.113,600.098,-76.660,15.137,841.831
1666057286.949,-136.230,-346.191,-88.379,-101.562,841.835
1666057286.952,-125.488,-377.930,-72.754,-87.891,841.838
1666057286.956,35.645,474.121,-55.176,35.156,841.842
1666057286.960,68.848,593.750,-70.801,31.738,841.846
1666057286.964,-78.613,-217.773,-79.590,-92.285,841.850
1666057286.968,-133.301,-492.188,-70.801,-108.398,841.854
1666057286.972,-7.324,-111.816,-69.336,15.625,841.858
1666057286.976,75.195,170.410,-76.172,68.359,841.862
1666057286.979,-48.828,-446.289,-91.797,-51.270,841.865
1666057286.983,-141.602,-694.336,-83.984,-124.512,841.869
1666057286.987,-45.898,85.449,-70.312,-30.762,841.873
1666057286.991,74.707,429.688,-71.289,61.035,841.877
1666057286.995,-0.977,133.301,-71.289,-25.879,841.881
1666057287.056,-119.141,-166.504,-67.871,-117.188,841.942
1666057287.060,-70.312,-115.723,-67.383,-49.805,841.946
1666057287.064,52.246,-77.637,-75.195,48.828,841.950
1666057287.068,30.762,-350.098,-73.730,6.836,841.954
1666057287.072,-111.328,-349.609,-69.336,-112.305,841.958
1666057287.076,-117.676,-423.340,-74.707,-102.539,841.962
1666057287.080,27.832,-459.961,-73.242,21.973,841.966
1666057287.083,63.477,-618.652,-69.824,41.504,841.970
1666057287.087,-80.566,-324.707,-69.824,-91.797,841.974
1666057287.091,-139.160,-164.551,-73.242,-128.906,841.977
1666057287.095,-23.438,-101.562,-66.406,-10.254,841.981
1666057287.099,68.359,417.480,-60.547,53.711,841.985
1666057287.073,-34.668,355.957,-63.477,-47.363,841.971
1666057287.077,-138.672,-227.539,-58.594,-119.141,841.974
1666057287.081,-57.129,-220.703,-49.316,-35.645,841.978
1666057287.085,62.500,430.176,-57.129,60.547,841.982
1666057287.089,-5.371,243.652,-66.895,-10.254,841.986
1666057287.093,-140.137,-571.289,-59.082,-121.582,841.990
1666057287.097,-113.281,-745.605,-56.152,-86.914,841.994
1666057287.100,45.410,90.820,-45.898,44.434,841.998
1666057287.104,47.852,609.375,-41.992,25.391,842.002
1666057287.108,-111.328,-165.527,-64.941,-109.375,842.006
1666057287.112,-150.879,-731.934,-69.824,-108.398,842.010
1666057287.116,1.953,38.574,-54.199,13.184,842.014
1666057287.131,68.848,702.637,-57.129,43.457,842.016
1666057287.135,-80.078,-96.191,-74.219,-65.918,842.020
1666057287.139,-158.691,-993.164,-67.871,-106.934,842.024
1666057287.143,-39.062,-251.465,-52.734,-8.301,842.028
1666057287.147,70.312,587.891,-65.918,55.664,842.032
1666057287.151,-32.227,-190.918,-79.590,-38.574,842.036
1666057287.155,-145.020,-938.965,-74.219,-128.418,842.039
1666057287.158,-73.242,-423.340,-56.152,-57.129,842.043
1666057287.162,72.754,489.746,-36.133,64.453,842.047
1666057287.166,23.926,-65.918,-50.293,16.113,842.051
1666057287.170,-127.441,-919.434,-57.617,-107.422,842.055
1666057287.174,-96.680,-308.105,-41.992,-80.566,842.059
1666057287.137,50.293,467.285,-44.922,40.527,842.022
1666057287.141,51.758,-99.609,-64.453,28.320,842.026
1666057287.145,-101.562,-889.648,-63.477,-93.262,842.030
1666057287.149,-141.602,-340.332,-54.688,-125.000,842.034
1666057287.153,2.930,267.090,-53.223,-9.766,842.038
1666057287.157,70.312,-271.973,-59.082,47.852,842.042
1666057287.161,-64.453,-798.340,-47.363,-70.312,842.045
1666057287.164,-134.277,-175.781,-31.738,-126.953,842.049
1666057287.168,-29.785,-32.227,-41.504,-26.367,842.053
1666057287.172,79.590,-63.477,-47.852,61.035,842.057
1666057287.176,-0.977,1.953,-42.969,-19.531,842.061
1666057287.180,-124.023,-65.918,-32.227,-119.141,842.065
1666057287.191,-71.289,-301.758,-34.180,-56.641,842.076
1666057287.195,58.105,-22.461,-47.363,53.223,842.080
1666057287.199,20.996,129.395,-51.270,5.859,842.084
1666057287.203,-122.559,-271.973,-49.316,-109.375,842.088
1666057287.207,-117.676,-500.488,-53.711,-90.332,842.092
1666057287.211,24.902,-929.688,-53.711,36.133,842.096
1666057287.215,48.828,-1000.000,-47.852,52.734,842.100
1666057287.218,-89.844,-655.273,-53.223,-79.102,842.104
1666057287.222,-137.207,-518.555,-61.523,-118.652,842.108
1666057287.226,-1.465,-74.219,-42.480,-0.977,842.111
1666057287.230,79.590,812.500,-28.809,49.805,842.115
1666057287.234,-44.922,408.691,-43.457,-59.570,842.119
1666057287.239,-142.090,-448.730,-40.039,-131.348,842.128
1666057287.243,-46.875,-151.855,-25.879,-42.480,842.132
1666057287.247,82.031,709.473,-22.949,59.570,842.135
1666057287.251,6.836,497.559,-32.715,-20.020,842.139
1666057287.255,-128.418,-394.531,-35.156,-121.094,842.143
1666057287.259,-84.961,-557.617,-25.879,-68.848,842.147
1666057287.263,52.246,247.559,-22.461,36.133,842.151
1666057287.266,34.180,492.676,-27.344,2.441,842.155
1666057287.270,-105.957,-578.613,-27.344,-115.234,842.159
1666057287.274,-126.465,-571.289,-20.996,-110.840,842.163
1666057287.278,3.418,380.371,-27.344,14.160,842.167
1666057287.282,39.551,298.828,-36.133,34.668,842.171
1666057287.296,-90.332,-204.102,-28.809,-83.496,842.197
1666057287.300,-152.832,-281.250,-33.203,-125.000,842.201
1666057287.304,-28.320,-105.957,-31.250,-11.230,842.205
1666057287.308,69.824,87.402,-11.719,56.152,842.209
1666057287.312,-38.086,-54.199,-25.879,-56.641,842.213
1666057287.316,-153.320,-506.836,-41.992,-137.695,842.217
1666057287.320,-80.566,-392.578,-31.738,-59.570,842.221
1666057287.323,59.082,-94.727,-27.344,45.410,842.224
1666057287.327,5.371,-820.312,-40.039,-4.883,842.228
1666057287.331,-134.277,-817.383,-36.621,-116.699,842.232
1666057287.335,-100.586,-86.426,-15.137,-77.637,842.236
1666057287.339,38.086,291.504,-12.207,41.504,842.240
1666057287.356,27.832,371.582,-25.879,19.043,842.243
1666057287.360,-112.793,59.570,-25.879,-104.980,842.247
1666057287.364,-136.719,-187.012,-28.809,-105.957,842.250
1666057287.368,-7.812,24.414,-32.227,2.441,842.254
1666057287.372,40.039,477.539,-25.879,20.508,842.258
1666057287.376,-70.801,67.871,-19.043,-83.008,842.262
1666057287.380,-141.602,-624.023,-11.719,-131.348,842.266
1666057287.383,-42.480,-403.320,-13.184,-38.574,842.270
1666057287.387,65.430,442.383,-11.230,38.574,842.274
1666057287.391,-28.320,461.914,-20.020,-51.758,842.278
1666057287.395,-143.066,-340.820,-34.180,-137.207,842.282
1666057287.399,-87.891,-727.539,-24.902,-62.012,842.286
1666057287.371,47.363,187.012,-7.324,51.270,842.257
1666057287.375,9.766,561.523,-15.137,-5.859,842.261
1666057287.379,-127.930,-423.340,-27.832,-123.047,842.265
1666057287.383,-119.629,-1000.000,-24.414,-92.285,842.269
1666057287.387,19.531,-302.734,-2.930,20.020,842.273
1666057287.391,37.109,284.180,-4.883,13.672,842.277
1666057287.395,-99.609,-510.742,-10.254,-100.586,842.281
1666057287.398,-138.672,-730.469,-10.254,-120.117,842.285
1666057287.402,-3.418,4.883,-4.883,-7.324,842.289
1666057287.406,80.566,598.145,-8.301,38.086,842.293
1666057287.410,-43.945,-59.570,-18.066,-70.312,842.296
1666057287.414,-134.277,-525.879,-8.301,-137.207,842.300
1666057287.418,-31.250,98.145,-6.836,-42.969,842.304
1666057287.422,83.496,680.664,-11.230,46.875,842.308
1666057287.426,-18.066,-172.363,-24.902,-41.016,842.312
1666057287.430,-145.020,-919.434,-12.207,-143.555,842.316
1666057287.434,-71.289,-155.273,13.184,-78.613,842.320
1666057287.438,63.965,307.129,8.301,49.805,842.324
1666057287.442,21.973,-298.828,-12.695,7.812,842.328
1666057287.445,-112.793,-636.719,-9.277,-114.258,842.332
1666057287.449,-107.422,-86.426,-5.859,-95.703,842.335
1666057287.453,41.016,280.762,-9.766,40.039,842.339
1666057287.457,87.891,182.617,-5.859,64.453,842.343
1666057287.461,-70.801,-138.184,-8.789,-81.055,842.347
1666057287.506,-142.090,-128.906,-13.672,-134.766,842.394
1666057287.510,-7.324,-51.270,-18.555,-9.766,842.398
1666057287.514,72.754,-207.031,-29.297,48.828,842.402
1666057287.518,-37.109,-161.133,-23.926,-61.523,842.406
1666057287.522,-130.859,-175.781,-17.578,-133.789,842.410
1666057287.526,-43.945,-511.719,-26.367,-42.969,842.414
1666057287.530,83.008,-860.840,-20.996,68.848,842.418
1666057287.533,6.348,-359.863,-13.184,-12.695,842.422
1666057287.537,-127.441,-106.934,-12.695,-125.488,842.425
1666057287.541,-84.473,-319.336,-9.766,-78.613,842.429
1666057287.545,66.406,318.359,-7.324,46.387,842.433
1666057287.549,44.434,672.363,-12.695,16.113,842.437
1666057287.513,-104.004,0.000,-22.949,-110.352,842.403
1666057287.517,-118.652,-515.625,-20.020,-94.727,842.407
1666057287.521,19.043,85.938,-11.230,28.320,842.411
1666057287.525,61.523,672.363,-6.348,53.711,842.415
1666057287.529,-69.824,72.754,-6.348,-62.012,842.418
1666057287.533,-131.836,-791.992,-7.812,-102.539,842.422
1666057287.537,-21.484,-391.602,5.371,4.395,842.426
1666057287.540,76.172,583.008,6.348,75.684,842.430
1666057287.544,-32.227,187.500,-14.648,-32.715,842.434
1666057287.548,-145.996,-682.129,-15.137,-118.652,842.438
1666057287.552,-62.500,-258.301,7.324,-27.832,842.442
1666057287.556,65.918,590.332,15.625,74.707,842.446
1666057287.566,-1.465,160.645,-3.906,-11.719,842.453
1666057287.570,-142.090,-685.547,-15.625,-134.277,842.457
1666057287.574,-110.352,-598.145,-11.230,-89.355,842.461
1666057287.578,39.551,-43.945,-13.184,31.250,842.465
1666057287.582,35.156,-111.328,-19.531,12.207,842.469
1666057287.586,-104.980,-908.203,-28.320,-95.703,842.473
1666057287.590,-136.230,-1000.000,-17.090,-89.844,842.477
1666057287.593,-7.812,-408.691,0.488,20.020,842.481
1666057287.597,69.824,374.512,-5.371,42.480,842.485
1666057287.601,-48.828,113.281,-18.066,-68.359,842.489
1666057287.605,-124.023,-82.031,-17.090,-110.352,842.492
1666057287.609,-14.648,173.828,-10.254,-0.488,842.496
1666057287.611,91.797,389.648,-5.371,82.031,842.497
1666057287.615,-4.395,193.359,-14.648,-14.648,842.501
1666057287.619,-125.488,-108.887,-21.484,-105.957,842.505
1666057287.623,-61.035,-109.375,-8.301,-29.785,842.509
1666057287.627,83.984,236.816,5.371,77.148,842.513
1666057287.631,30.273,125.488,-1.465,14.160,842.517
1666057287.635,-124.023,-512.695,-6.836,-103.027,842.521
1666057287.638,-100.586,-501.953,-2.441,-80.078,842.524
1666057287.642,41.504,-667.969,-15.137,46.875,842.528
1666057287.646,52.734,-461.914,-14.160,36.621,842.532
1666057287.650,-85.938,60.059,-10.742,-97.656,842.536
1666057287.654,-125.000,-409.668,-15.137,-107.910,842.540
1666057287.656,16.113,-81.055,-1.953,3.418,842.542
1666057287.660,91.797,628.418,-8.301,43.457,842.546
1666057287.664,-43.457,77.637,-29.785,-67.871,842.550
1666057287.668,-128.906,-833.496,-24.414,-121.582,842.554
1666057287.672,-23.926,-594.238,-7.324,-18.066,842.558
1666057287.676,83.496,200.684,-4.395,63.965,842.562
1666057287.680,0.977,177.734,-14.648,-28.809,842.566
1666057287.683,-126.953,-557.617,-20.996,-120.117,842.570
1666057287.687,-80.078,-826.172,-11.719,-47.363,842.574
1666057287.691,69.336,210.449,3.906,50.781,842.578
1666057287.695,41.504,601.074,-4.883,4.883,842.581
1666057287.699,-116.211,-390.625,-14.648,-106.445,842.585
1666057287.703,-118.652,-562.988,-5.859,-91.797,842.590
1666057287.707,32.227,397.949,4.395,31.250,842.594
1666057287.711,53.711,588.867,-15.137,27.344,842.598
1666057287.715,-91.309,-113.770,-29.785,-100.098,842.602
1666057287.719,-139.160,-365.234,-11.719,-117.676,842.606
1666057287.723,-3.906,-72.754,-2.441,1.465,842.610
1666057287.727,81.055,171.387,-7.324,65.918,842.613
1666057287.730,-48.340,-434.570,-7.812,-37.109,842.617
1666057287.734,-150.879,-677.246,1.465,-120.117,842.621
1666057287.738,-43.945,100.098,8.789,-33.203,842.625
1666057287.742,81.543,423.828,4.883,71.777,842.629
1666057287.746,0.000,-76.172,-13.672,-11.719,842.633
1666057287.747,-135.742,-361.816,-7.324,-117.188,842.636
1666057287.751,-100.098,-32.227,5.859,-63.965,842.640
1666057287.755,53.711,15.137,-1.953,38.574,842.644
1666057287.759,34.180,-78.125,-3.418,2.930,842.647
1666057287.763,-113.281,-160.156,-0.977,-106.445,842.651
1666057287.767,-110.840,-465.820,-1.953,-96.191,842.655
1666057287.771,29.297,-374.512,-2.441,27.832,842.659
1666057287.774,64.941,-781.250,-10.742,60.059,842.663
1666057287.778,-72.754,-721.191,-11.230,-74.707,842.667
1666057287.782,-123.047,-220.215,-13.672,-112.793,842.671
1666057287.786,14.648,-53.711,9.277,17.578,842.675
1666057287.790,92.773,482.910,20.996,63.965,842.679
1666057287.806,-35.645,440.430,10.254,-51.270,842.693
1666057287.810,-156.738,-213.867,7.324,-139.160,842.697
1666057287.814,-79.590,-334.961,8.789,-60.547,842.701
1666057287.818,62.012,381.348,19.043,58.105,842.705
1666057287.822,1.953,462.402,11.230,-9.277,842.709
1666057287.826,-134.277,-361.328,-5.859,-119.629,842.713
1666057287.830,-119.629,-1000.000,-17.578,-83.496,842.717
1666057287.833,27.344,-487.305,0.977,37.109,842.721
1666057287.837,35.645,496.582,18.066,21.484,842.725
1666057287.841,-114.746,-50.781,7.812,-107.422,842.728
1666057287.845,-141.113,-544.922,-6.348,-116.211,842.732
1666057287.849,0.000,133.789,5.371,2.930,842.736
1666057287.836,62.500,664.062,12.695,29.297,842.737
1666057287.840,-69.336,5.859,-3.418,-89.355,842.741
1666057287.844,-147.949,-785.645,0.000,-128.418,842.744
1666057287.848,-26.855,-199.707,16.602,-22.949,842.748
1666057287.852,79.590,471.680,15.625,54.199,842.752
1666057287.856,-25.391,-308.105,-0.488,-36.621,842.756
1666057287.860,-145.020,-988.281,-1.465,-132.324,842.760
1666057287.863,-70.312,-299.316,8.301,-63.965,842.764
1666057287.867,77.148,580.078,15.137,44.434,842.768
1666057287.871,24.414,-61.523,-1.953,-5.859,842.772
1666057287.875,-124.023,-922.363,-2.930,-114.746,842.776
1666057287.879,-103.027,-277.344,22.461,-92.773,842.780
1666057287.883,32.715,387.207,12.207,17.578,842.797
1666057287.887,22.949,311.035,-0.977,4.883,842.801
1666057287.891,-115.234,-129.395,-4.883,-114.258,842.805
1666057287.895,-123.535,-151.367,-9.766,-122.070,842.808
1666057287.899,3.906,188.477,-1.465,-13.672,842.812
1666057287.903,66.406,166.016,-4.395,25.879,842.816
1666057287.907,-41.504,-318.359,0.000,-73.730,842.820
1666057287.910,-137.695,-604.004,13.672,-125.488,842.824
1666057287.914,-49.805,-189.941,5.859,-38.086,842.828
1666057287.918,67.871,-360.840,-0.488,55.664,842.832
1666057287.922,-12.695,-421.387,0.977,-25.879,842.836
1666057287.926,-134.277,-123.535,-5.371,-135.742,842.840
1666057287.941,-81.543,-310.547,2.930,-71.289,842.827
1666057287.945,45.410,165.527,14.160,38.086,842.831
1666057287.949,9.766,232.422,12.207,-7.324,842.835
1666057287.953,-128.906,-309.082,18.555,-115.723,842.839
1666057287.957,-133.789,-676.758,19.043,-99.609,842.843
1666057287.961,5.371,-717.285,5.859,24.902,842.847
1666057287.965,41.016,83.984,15.137,27.832,842.850
1666057287.968,-91.309,137.695,15.137,-99.609,842.854
1666057287.972,-149.902,-564.453,4.883,-127.930,842.858
1666057287.976,-25.391,-403.320,6.348,-10.254,842.862
1666057287.980,66.895,330.566,20.996,58.594,842.866
1666057287.984,-46.387,250.977,23.926,-51.270,842.870
1666057287.986,-156.250,-682.129,8.301,-125.488,842.872
1666057287.990,-70.312,-707.031,8.789,-32.227,842.876
1666057287.994,43.945,474.121,16.113,56.152,842.880
1666057287.998,-32.227,439.941,12.207,-26.367,842.884
1666057288.002,-157.715,-375.488,13.184,-139.648,842.888
1666057288.006,-122.070,-488.770,22.461,-88.379,842.892
1666057288.010,21.484,113.770,25.879,23.438,842.896
1666057288.013,15.137,352.051,17.090,-8.789,842.899
1666057288.017,-130.371,-562.988,14.160,-121.094,842.903
1666057288.021,-139.648,-587.402,28.320,-106.934,842.907
1666057288.025,7.812,413.086,19.043,18.555,842.911
1666057288.029,56.641,470.703,2.930,35.156,842.915
1666057288.061,-78.613,-342.773,5.859,-85.938,842.948
1666057288.065,-150.391,-411.621,14.160,-130.859,842.951
1666057288.069,-28.809,74.707,18.066,-28.809,842.955
1666057288.073,67.383,65.430,9.766,41.016,842.959
1666057288.077,-44.434,-677.734,23.438,-48.828,842.963
1666057288.081,-156.738,-898.438,32.715,-127.930,842.967
1666057288.085,-82.031,-307.129,24.902,-51.270,842.971
1666057288.088,60.059,-85.449,28.809,52.734,842.975
1666057288.092,4.883,-395.020,26.855,-14.160,842.979
1666057288.096,-136.230,-220.703,21.973,-130.859,842.983
1666057288.100,-109.863,-41.504,21.484,-90.820,842.987
1666057288.104,44.922,298.828,34.180,37.109,842.991
1666057288.091,53.711,543.945,38.086,17.578,842.977
1666057288.095,-102.051,162.598,23.438,-117.188,842.981
1666057288.099,-130.859,-332.031,21.484,-118.652,842.985
1666057288.103,16.113,-156.738,32.227,9.766,842.989
1666057288.107,75.684,416.992,35.156,44.922,842.993
1666057288.111,-57.129,17.090,27.344,-78.125,842.997
1666057288.115,-147.949,-618.164,23.438,-133.301,843.001
1666057288.118,-41.992,-689.453,28.809,-28.320,843.005
1666057288.122,76.660,93.262,29.785,42.969,843.009
1666057288.126,-15.137,501.953,16.113,-49.805,843.013
1666057288.130,-129.883,-318.359,4.883,-135.742,843.016
1666057288.134,-66.406,-526.855,17.090,-67.871,843.020
1666057288.121,69.824,383.789,37.109,45.410,843.022
1666057288.125,22.461,631.836,30.273,-1.465,843.026
1666057288.129,-112.793,-288.574,12.695,-108.398,843.030
1666057288.133,-90.332,-1000.000,20.996,-70.801,843.034
1666057288.137,47.363,-340.332,38.574,43.945,843.038
1666057288.141,59.082,335.938,31.738,34.668,843.042
1666057288.145,-89.355,-507.812,27.344,-93.262,843.046
1666057288.148,-127.441,-736.816,29.785,-116.211,843.049
1666057288.152,3.906,208.008,23.438,-3.906,843.053
1666057288.156,66.406,724.609,14.648,45.410,843.057
1666057288.160,-47.363,-205.566,5.371,-57.129,843.061
1666057288.164,-138.672,-991.211,16.602,-126.953,843.065
1666057288.168,-42.969,-89.355,25.879,-42.480,843.066
1666057288.172,78.125,639.160,16.602,46.387,843.070
1666057288.176,0.488,191.406,11.719,-29.785,843.074
1666057288.180,-128.418,-259.277,20.020,-121.094,843.078
1666057288.184,-77.148,-3.906,32.227,-55.664,843.082
1666057288.188,69.336,233.887,29.297,62.500,843.086
1666057288.192,31.738,43.457,21.973,17.578,843.090
1666057288.195,-120.605,-285.645,16.113,-114.258,843.094
1666057288.199,-122.070,-396.973,14.648,-102.539,843.098
1666057288.203,24.902,159.180,18.555,27.344,843.102
1666057288.207,50.293,-264.648,13.184,44.922,843.106
1666057288.211,-89.844,-643.555,12.695,-84.961,843.109
1666057288.226,-138.184,-173.828,16.602,-118.652,843.112
1666057288.230,-9.766,4.395,31.250,10.254,843.116
1666057288.234,70.801,111.816,23.438,60.547,843.120
1666057288.238,-57.129,-28.320,16.602,-57.129,843.124
1666057288.242,-151.855,-223.633,21.484,-122.559,843.128
1666057288.246,-61.523,-592.285,16.602,-39.062,843.132
1666057288.250,50.293,-648.438,24.902,46.387,843.136
1666057288.253,-14.648,-17.578,31.738,-18.555,843.140
1666057288.257,-145.508,34.668,22.949,-117.188,843.144
1666057288.261,-113.281,-630.371,20.508,-69.336,843.148
1666057288.265,30.273,-455.566,21.973,46.387,843.151
1666057288.269,18.066,335.449,21.484,21.973,843.155
1666057288.259,-125.000,71.289,14.160,-101.074,843.171
1666057288.263,-138.184,-588.379,10.742,-108.887,843.175
1666057288.267,9.766,-94.238,20.996,17.090,843.179
1666057288.271,61.523,690.430,26.855,45.410,843.183
1666057288.275,-79.102,165.039,8.789,-81.055,843.187
1666057288.279,-145.996,-685.059,3.418,-125.000,843.191
1666057288.283,-23.438,-313.477,22.949,-14.648,843.195
1666057288.286,81.055,568.848,26.855,52.734,843.198
1666057288.290,-9.277,192.383,16.602,-40.527,843.202
1666057288.294,-144.043,-769.043,13.184,-120.117,843.206
1666057288.298,-87.402,-381.836,30.762,-55.664,843.210
1666057288.302,52.734,627.441,29.785,36.621,843.214
1666057288.316,-12.207,291.016,15.625,-23.438,843.216
1666057288.320,-150.879,-537.598,20.508,-133.301,843.220
1666057288.324,-124.512,-540.039,24.902,-102.051,843.224
1666057288.328,17.578,153.809,16.602,18.555,843.228
1666057288.332,14.160,156.738,8.301,7.324,843.232
1666057288.336,-139.648,-951.660,-1.465,-114.746,843.235
1666057288.340,-166.992,-889.648,14.160,-128.418,843.239
1666057288.343,-19.043,165.527,22.949,-8.789,843.243
1666057288.347,46.387,411.621,14.160,41.992,843.247
1666057288.351,-85.938,-38.086,14.160,-69.824,843.251
1666057288.355,-163.574,-187.012,11.230,-125.488,843.255
1666057288.359,-41.992,88.379,12.695,-25.391,843.259
1666057288.362,64.941,371.582,14.648,57.617,843.247
1666057288.366,-32.227,215.332,11.719,-42.480,843.251
1666057288.370,-143.555,-105.469,5.371,-137.695,843.255
1666057288.374,-79.590,-178.223,13.672,-66.895,843.259
1666057288.378,47.363,-10.742,24.902,38.086,843.263
1666057288.382,1.465,-136.719,16.113,-13.672,843.267
1666057288.386,-128.906,-420.410,14.160,-131.348,843.271
1666057288.389,-108.398,-420.410,15.137,-105.469,843.275
1666057288.393,25.391,-244.629,16.113,13.184,843.279
1666057288.397,35.645,241.699,22.461,16.113,843.283
1666057288.401,-99.609,192.383,16.113,-101.562,843.286
1666057288.405,-132.324,-414.062,15.625,-123.047,843.290
1666057288.405,-2.930,-412.109,28.320,-3.906,843.305
1666057288.409,72.266,417.480,40.527,48.828,843.309
1666057288.413,-53.223,141.113,26.367,-66.895,843.313
1666057288.417,-146.484,-821.777,9.766,-132.812,843.317
1666057288.421,-42.969,-645.996,25.879,-21.484,843.321
1666057288.425,71.777,127.441,37.109,65.918,843.325
1666057288.429,-9.277,39.062,26.367,-24.414,843.329
1666057288.432,-134.277,-704.102,21.484,-116.699,843.332
1666057288.436,-87.891,-941.895,37.598,-58.105,843.336
1666057288.440,52.734,128.418,52.734,44.922,843.340
1666057288.444,24.902,551.270,37.109,1.465,843.344
1666057288.448,-115.723,-188.965,18.555,-117.188,843.348
1666057288.466,-117.188,-259.766,20.996,-98.633,843.352
1666057288.470,21.973,435.547,31.738,20.020,843.356
1666057288.474,51.758,624.512,20.996,25.879,843.360
1666057288.478,-83.008,-80.566,12.695,-99.121,843.364
1666057288.482,-140.625,-359.375,28.809,-125.977,843.368
1666057288.486,-34.180,-69.336,32.715,-16.113,843.372
1666057288.490,49.316,152.832,16.113,36.133,843.376
1666057288.493,-54.199,-293.945,8.789,-69.336,843.379
1666057288.497,-155.273,-690.430,22.949,-142.090,843.383
1666057288.501,-80.566,-233.887,34.668,-56.641,843.387
1666057288.505,48.828,355.957,27.344,29.297,843.391
1666057288.509,-10.254,-390.625,16.602,-38.574,843.395
1666057288.511,-143.555,-729.004,21.484,-142.578,843.427
1666057288.515,-112.305,-8.789,15.137,-102.539,843.431
1666057288.519,32.715,91.309,24.902,22.949,843.435
1666057288.523,25.391,-92.773,37.109,10.742,843.439
1666057288.527,-122.559,-71.777,24.902,-110.352,843.442
1666057288.531,-140.137,-443.359,12.207,-116.211,843.446
1666057288.535,-8.789,-437.988,18.066,-12.695,843.450
1666057288.538,31.738,127.930,20.508,1.465,843.454
1666057288.542,-100.586,138.672,9.277,-111.816,843.458
1666057288.546,-166.016,-102.539,15.137,-150.391,843.462
1666057288.550,-47.363,-445.801,29.785,-33.691,843.466
1666057288.554,50.293,-626.465,28.320,46.875,843.470
1666057288.546,-42.480,0.977,21.973,-62.012,843.435
1666057288.550,-145.020,-96.680,19.043,-148.926,843.439
1666057288.554,-80.566,-474.121,30.273,-69.336,843.443
1666057288.558,51.758,160.645,40.039,39.062,843.447
1666057288.562,14.160,529.785,29.785,-5.371,843.451
1666057288.566,-125.488,-350.098,18.555,-111.328,843.455
1666057288.570,-118.164,-655.273,30.273,-78.125,843.459
1666057288.573,38.086,200.684,44.434,43.457,843.463
1666057288.577,57.129,635.742,28.809,23.926,843.467
1666057288.581,-85.449,-97.656,10.742,-101.562,843.471
1666057288.585,-115.723,-645.996,20.020,-114.258,843.474
1666057288.589,22.461,85.938,37.109,7.812,843.478
1666057288.587,90.332,685.547,37.109,49.805,843.486
1666057288.591,-44.434,-110.352,15.625,-71.289,843.490
1666057288.595,-139.648,-961.426,4.883,-131.348,843.494
1666057288.599,-40.527,-455.566,20.508,-38.086,843.498
1666057288.603,75.195,388.672,23.438,39.551,843.502
1666057288.607,-15.625,-117.188,-2.930,-46.875,843.506
1666057288.611,-147.949,-1000.000,-5.859,-129.395,843.510
1666057288.614,-91.797,-840.820,30.273,-68.359,843.514
1666057288.618,48.340,243.652,39.551,24.414,843.518
1666057288.622,9.766,338.867,25.391,-20.508,843.522
1666057288.626,-134.766,-237.305,22.461,-128.906,843.526
1666057288.630,-129.883,-105.469,28.320,-101.562,843.529
1666057288.633,16.113,397.461,33.691,26.855,843.547
1666057288.637,41.016,418.945,34.668,36.133,843.551
1666057288.641,-99.121,-31.738,35.645,-93.750,843.555
1666057288.645,-136.230,-220.215,37.598,-121.582,843.559
1666057288.649,-6.836,65.430,40.039,0.977,843.563
1666057288.653,62.012,-106.934,27.832,53.223,843.567
1666057288.657,-51.270,-522.949,28.320,-58.105,843.571
1666057288.660,-134.277,-296.387,37.598,-116.211,843.575
1666057288.664,-42.480,-46.387,33.691,-18.555,843.579
1666057288.668,60.059,-60.059,32.715,61.523,843.582
1666057288.672,-18.066,87.891,24.902,-29.297,843.586
1666057288.676,-145.508,6.348,9.277,-135.254,843.590
1666057288.706,-106.445,-277.344,3.418,-85.938,843.606
1666057288.710,43.457,130.859,11.719,27.344,843.610
1666057288.714,19.531,213.867,9.277,-3.906,843.614
1666057288.718,-137.207,-255.859,2.930,-129.395,843.618
1666057288.722,-137.695,-598.633,4.395,-114.746,843.622
1666057288.726,10.254,-662.598,16.602,20.508,843.626
1666057288.730,60.547,88.379,22.461,38.574,843.630
1666057288.733,-64.453,-107.910,2.441,-88.379,843.634
1666057288.737,-126.953,-765.625,3.906,-126.953,843.637
1666057288.741,-13.672,-208.496,22.461,-22.949,843.641
1666057288.745,75.195,625.977,22.461,41.992,843.645
1666057288.749,-35.156,355.469,8.789,-51.758,843.649
1666057288.735,-144.043,-651.367,2.441,-126.953,843.621
1666057288.739,-72.266,-664.062,17.090,-44.434,843.625
1666057288.743,54.688,545.410,20.996,55.176,843.629
1666057288.747,-6.836,491.211,2.930,-12.207,843.632
1666057288.751,-139.648,-375.488,5.371,-118.164,843.636
1666057288.755,-120.605,-505.859,8.789,-74.707,843.640
1666057288.759,21.484,112.305,18.066,42.969,843.644
1666057288.762,28.809,338.867,14.160,9.277,843.648
1666057288.766,-115.234,-314.941,8.301,-114.746,843.652
1666057288.770,-139.648,-532.715,19.531,-114.746,843.656
1666057288.774,-4.883,91.797,27.344,4.883,843.660
1666057288.778,52.734,343.262,18.555,33.203,843.664
1666057288.781,-75.195,-527.344,12.207,-86.426,843.668
1666057288.785,-134.277,-577.637,22.949,-120.117,843.671
1666057288.789,-13.672,-19.043,33.691,-8.789,843.675
1666057288.793,70.801,28.809,31.738,54.688,843.679
1666057288.797,-35.645,-715.332,14.648,-41.016,843.683
1666057288.801,-147.461,-1000.000,8.301,-131.836,843.687
1666057288.805,-71.777,-255.859,7.812,-59.570,843.691
1666057288.808,64.941,10.254,6.836,47.852,843.695
1666057288.812,8.301,-415.039,9.766,-13.672,843.699
1666057288.816,-127.441,-164.551,13.672,-127.930,843.703
1666057288.820,-107.422,-22.949,15.625,-89.844,843.707
1666057288.824,35.645,219.238,14.648,41.504,843.711
1666057288.829,45.410,256.836,10.742,24.414,843.726
1666057288.833,-96.191,-43.945,22.461,-102.539,843.730
1666057288.837,-136.719,-136.230,21.973,-124.023,843.734
1666057288.841,-13.184,-234.863,17.090,-10.742,843.738
1666057288.845,61.035,130.371,26.855,33.691,843.742
1666057288.849,-59.570,-35.645,20.020,-79.590,843.745
1666057288.853,-140.137,-537.109,17.090,-139.648,843.749
1666057288.856,-38.086,-815.430,22.949,-32.715,843.753
1666057288.860,70.801,-253.418,23.926,57.617,843.757
1666057288.864,-20.020,449.707,1.465,-51.758,843.761
1666057288.868,-145.996,-218.262,-9.277,-162.109,843.765
1666057288.872,-82.031,-316.406,10.254,-87.891,843.769
1666057288.871,62.012,521.973,21.973,22.461,843.786
1666057288.875,18.066,617.676,6.348,-28.320,843.790
1666057288.879,-123.535,-383.301,-4.883,-124.512,843.794
1666057288.883,-124.512,-815.918,12.207,-102.051,843.798
1666057288.887,8.301,-14.648,17.578,-0.977,843.802
1666057288.891,34.668,298.340,4.395,8.789,843.806
1666057288.895,-103.516,-446.289,-4.395,-99.121,843.810
1666057288.898,-155.762,-1000.000,-0.488,-130.859,843.813
1666057288.902,-28.320,-292.480,21.973,-27.344,843.817
1666057288.906,66.406,758.789,22.949,40.527,843.821
1666057288.910,-54.688,-72.266,-3.418,-74.219,843.825
1666057288.914,-151.855,-677.734,-7.812,-157.715,843.829
1666057288.917,-63.965,40.527,5.859,-61.035,843.804
1666057288.921,59.082,575.684,11.230,40.039,843.807
1666057288.925,-6.348,207.520,4.883,-39.062,843.811
1666057288.929,-131.836,-248.047,-1.953,-140.137,843.815
1666057288.933,-97.168,-146.484,4.883,-81.055,843.819
1666057288.937,44.922,174.805,13.672,33.691,843.823
1666057288.941,27.344,-280.273,4.395,0.977,843.827
1666057288.944,-116.211,-713.379,9.277,-127.441,843.831
1666057288.948,-123.535,-191.895,17.578,-120.117,843.835
1666057288.952,8.789,186.035,17.578,12.695,843.839
1666057288.956,46.875,152.344,14.160,44.434,843.843
1666057288.960,-99.121,-119.141,1.953,-75.684,843.846
1666057288.977,-158.691,-154.785,7.324,-116.211,843.862
1666057288.981,-34.180,15.625,12.695,-4.883,843.866
1666057288.985,53.711,-463.867,8.789,46.875,843.870
1666057288.989,-58.105,-497.559,11.719,-73.242,843.874
1666057288.993,-150.879,-167.480,14.160,-140.625,843.878
1666057288.997,-55.176,-500.977,11.230,-34.668,843.882
1666057289.001,56.152,-713.867,18.066,54.199,843.886
1666057289.004,-11.230,-133.301,21.973,-40.527,843.890
1666057289.008,-130.371,-199.707,4.883,-145.996,843.894
1666057289.012,-95.215,-733.887,7.812,-93.262,843.897
1666057289.016,63.477,-29.297,14.648,35.156,843.901
1666057289.020,65.918,677.734,-2.441,17.090,843.905
1666057289.008,-86.914,59.570,-14.160,-108.887,843.907
1666057289.012,-110.840,-407.227,-2.930,-112.793,843.911
1666057289.016,27.344,143.066,12.207,12.695,843.914
1666057289.020,73.242,698.242,12.207,42.969,843.918
1666057289.024,-66.895,152.344,4.395,-77.637,843.922
1666057289.028,-136.230,-669.922,1.953,-126.953,843.926
1666057289.032,-26.367,-314.453,15.137,-18.555,843.930
1666057289.035,84.961,567.871,26.855,63.477,843.934
1666057289.039,-1.465,280.273,10.254,-28.809,843.938
1666057289.043,-136.230,-696.777,5.371,-111.816,843.942
1666057289.047,-72.754,-613.281,25.391,-42.480,843.946
1666057289.051,83.496,329.102,27.832,59.570,843.950
1666057289.066,49.316,261.719,9.277,18.066,843.982
1666057289.070,-91.309,-556.152,5.859,-96.191,843.986
1666057289.074,-88.867,-560.059,17.090,-78.613,843.990
1666057289.078,52.734,140.625,26.367,41.016,843.994
1666057289.082,59.570,221.191,18.066,28.320,843.997
1666057289.086,-96.680,-834.961,1.465,-98.145,844.001
1666057289.090,-136.230,-670.410,13.184,-120.605,844.005
1666057289.093,0.977,324.707,21.484,-10.254,844.009
1666057289.097,76.172,131.836,10.742,37.598,844.013
1666057289.101,-41.992,-555.664,13.672,-74.707,844.017
1666057289.105,-133.301,-289.062,28.320,-128.906,844.021
1666057289.109,-32.715,80.566,29.785,-11.719,844.025
1666057289.113,-77.148,-91.309,17.578,-66.895,844.008
1666057289.117,58.594,27.832,20.020,43.457,844.012
1666057289.121,33.691,-170.410,14.648,9.766,844.016
1666057289.125,-100.098,-354.004,16.113,-107.422,844.020
1666057289.128,-104.004,-341.797,24.414,-87.891,844.024
1666057289.132,20.996,-58.594,26.367,28.809,844.028
1666057289.136,45.898,376.465,22.461,26.855,844.031
1666057289.140,-83.496,131.348,9.766,-87.402,844.035
1666057289.144,-136.719,-465.820,12.695,-115.234,844.039
1666057289.156,-13.184,-313.965,21.484,-1.953,844.042
1666057289.160,81.055,504.395,22.461,50.781,844.045
1666057289.164,-37.598,86.426,16.113,-63.477,844.049
1666057289.168,-148.926,-745.605,12.207,-132.324,844.053
1666057289.172,-60.059,-1000.000,16.113,-32.715,844.057
1666057289.176,65.430,-660.645,29.785,63.965,844.061
1666057289.180,-2.930,-54.688,26.367,-24.414,844.065
1666057289.183,-140.137,-667.969,12.207,-131.348,844.069
1666057289.187,-103.516,-711.426,17.578,-79.102,844.073
1666057289.191,47.363,465.332,25.391,31.738,844.077
1666057289.195,36.621,691.406,18.555,8.301,844.081
1666057289.199,-110.840,-147.949,11.230,-114.258,844.085
1666057289.203,-122.070,-380.371,14.160,-104.492,844.089
1666057289.207,19.043,354.980,22.461,22.949,844.092
1666057289.211,55.664,634.766,33.691,32.227,844.096
1666057289.215,-81.055,-25.879,43.457,-87.402,844.100
1666057289.219,-147.949,-360.840,42.969,-120.117,844.104
1666057289.223,-25.391,-188.477,46.387,-2.930,844.108
1666057289.227,74.219,122.559,55.664,66.895,844.112
1666057289.230,-49.316,-491.699,46.387,-30.762,844.116
1666057289.234,-168.945,-942.383,43.945,-120.605,844.120
1666057289.238,-74.219,-64.941,67.871,-61.523,844.124
1666057289.242,63.965,416.016,-8.789,32.715,844.128
1666057289.246,-7.812,136.719,-214.844,-37.109,844.132
1666057289.246,-144.531,-169.434,-302.246,-143.066,844.132
1666057289.250,-112.793,-35.156,-288.574,-88.867,844.136
1666057289.254,37.598,83.984,-277.832,37.598,844.140
1666057289.258,39.551,-51.758,-261.719,19.043,844.144
1666057289.262,-110.352,-94.238,-254.883,-106.445,844.148
1666057289.266,-135.254,-371.094,-248.047,-110.352,844.152
1666057289.270,8.301,-411.133,-231.445,20.020,844.155
1666057289.273,51.758,-682.617,-222.656,40.527,844.159
1666057289.277,-98.633,-602.051,-212.402,-107.910,844.163
1666057289.281,-151.367,-425.293,-201.172,-158.203,844.167
1666057289.285,-31.738,-482.422,-171.875,-45.410,844.171
1666057289.289,58.594,164.062,-143.066,37.598,844.175
1666057289.294,-35.156,450.195,-135.742,-51.270,844.182
1666057289.298,-147.461,-160.645,-144.043,-139.160,844.186
1666057289.302,-89.844,-234.863,-126.465,-65.918,844.189
1666057289.306,55.664,461.426,-99.121,47.852,844.193
1666057289.310,8.301,551.270,-106.934,-22.949,844.197
1666057289.314,-142.090,-312.500,-112.305,-145.508,844.201
1666057289.318,-132.812,-915.527,-97.656,-113.281,844.205
1666057289.321,14.648,-116.699,-67.383,8.789,844.209
1666057289.325,40.527,714.844,-66.406,13.184,844.213
1666057289.329,-95.215,-6.348,-87.402,-107.910,844.217
1666057289.333,-132.812,-490.234,-78.613,-123.047,844.221
1666057289.337,3.418,-46.875,-64.941,2.930,844.225
1666057289.337,70.801,457.031,-65.918,46.875,844.236
1666057289.341,-71.289,46.387,-71.289,-64.453,844.240
1666057289.345,-152.832,-867.676,-57.617,-119.141,844.244
1666057289.349,-41.992,-353.516,-31.738,-21.973,844.247
1666057289.353,62.988,619.629,-35.645,58.594,844.251
1666057289.357,-18.066,13.672,-58.594,-27.344,844.255
1666057289.361,-148.926,-1000.000,-58.594,-122.070,844.259
1666057289.364,-94.727,-659.668,-28.809,-68.359,844.263
1666057289.368,50.781,416.504,-19.043,44.434,844.267
1666057289.372,11.230,362.305,-32.715,-0.488,844.271
1666057289.376,-130.371,-224.609,-27.832,-123.047,844.275
1666057289.380,-118.164,-236.328,-12.207,-98.145,844.279
1666057289.399,26.855,370.605,-7.324,35.645,844.289
1666057289.403,40.527,433.105,-18.066,32.715,844.293
1666057289.407,-97.656,-227.539,-27.344,-100.098,844.297
1666057289.411,-151.855,-337.891,-22.461,-125.488,844.301
1666057289.415,-26.855,285.156,-13.672,-21.973,844.305
1666057289.419,55.664,-187.012,-18.555,33.691,844.309
1666057289.423,-67.383,-821.777,-5.859,-67.871,844.313
1666057289.426,-157.715,-275.391,2.930,-138.672,844.317
1666057289.430,-47.852,-51.270,2.930,-41.992,844.320
1666057289.434,75.195,224.121,6.836,54.199,844.324
1666057289.438,-4.883,329.590,-6.348,-31.250,844.328
1666057289.442,-140.137,-75.684,-13.672,-135.742,844.332
1666057289.441,-100.098,-328.613,-7.324,-77.148,844.328
1666057289.445,41.016,153.320,-2.441,33.691,844.332
1666057289.449,25.391,283.691,-10.254,-5.859,844.336
1666057289.453,-131.348,-272.461,-15.137,-121.582,844.339
1666057289.457,-146.484,-649.902,-7.324,-112.793,844.343
1666057289.461,12.695,-464.355,-0.977,-3.418,844.347
1666057289.465,57.129,130.371,-1.953,18.555,844.351
1666057289.468,-83.496,20.996,-7.324,-96.680,844.355
1666057289.472,-147.461,-545.410,-14.160,-139.160,844.359
1666057289.476,-40.039,-1000.000,-10.254,-22.949,844.363
1666057289.480,57.129,-341.797,4.883,48.340,844.367
1666057289.484,-32.715,297.852,-1.465,-58.105,844.371
1666057289.486,-139.648,-361.816,-2.930,-146.973,844.372
1666057289.490,-56.641,-184.570,11.230,-58.105,844.376
1666057289.494,87.402,604.492,12.207,59.570,844.380
1666057289.498,23.438,458.008,-6.836,-4.395,844.384
1666057289.502,-129.395,-418.945,-17.090,-128.418,844.388
1666057289.506,-107.910,-605.957,-4.395,-92.773,844.392
1666057289.510,44.922,79.102,2.930,38.574,844.396
1666057289.513,38.574,289.551,-10.254,7.324,844.400
1666057289.517,-122.070,-675.293,-15.137,-125.000,844.404
1666057289.521,-147.461,-819.824,-7.324,-127.930,844.408
1666057289.525,0.977,297.852,1.465,-13.672,844.411
1666057289.529,70.801,512.207,1.465,25.879,844.415
1666057289.531,-62.012,-94.727,-8.789,-94.727,844.417
1666057289.535,-136.719,-228.516,0.000,-148.926,844.421
1666057289.539,-36.133,-3.906,2.441,-35.156,844.425
1666057289.543,57.617,22.461,-5.371,41.504,844.429
1666057289.547,-24.902,-454.590,-5.371,-57.617,844.433
1666057289.551,-144.043,-702.637,-4.883,-145.020,844.437
1666057289.555,-82.031,-228.516,-5.371,-74.707,844.440
1666057289.558,62.012,29.785,-8.301,36.621,844.444
1666057289.562,0.000,-415.527,-15.625,-26.855,844.448
1666057289.566,-153.320,-388.672,-19.043,-160.156,844.452
1666057289.570,-125.000,-361.816,-18.555,-120.605,844.456
1666057289.574,18.066,-222.656,-11.719,14.160,844.460
1666057289.579,32.227,153.809,-13.672,8.301,844.468
1666057289.583,-103.027,164.062,-15.625,-117.676,844.472
1666057289.587,-145.996,-269.531,-13.672,-129.883,844.476
1666057289.591,-12.207,-16.113,-10.254,-9.766,844.480
1666057289.595,65.918,510.742,-17.090,28.320,844.484
1666057289.599,-60.059,22.949,-15.137,-85.449,844.488
1666057289.603,-153.809,-633.301,5.371,-137.207,844.492
1666057289.606,-42.969,-814.453,7.324,-26.855,844.495
1666057289.610,85.938,-41.992,6.348,70.312,844.499
1666057289.614,-1.465,478.027,-9.766,-32.227,844.503
1666057289.618,-139.160,-291.992,-22.461,-148.438,844.507
1666057289.622,-86.426,-428.223,-9.277,-88.867,844.511
1666057289.622,47.852,192.383,4.883,27.344,844.511
1666057289.626,23.926,421.875,1.465,-7.324,844.514
1666057289.630,-116.211,-372.070,-9.766,-125.977,844.518
1666057289.634,-119.141,-751.953,-12.695,-105.957,844.522
1666057289.638,12.207,252.930,-7.324,9.277,844.526
1666057289.642,20.996,403.320,-20.020,1.465,844.530
1666057289.646,-98.145,-415.039,-28.809,-105.469,844.534
1666057289.649,-138.184,-1000.000,-25.879,-116.211,844.538
1666057289.653,-21.973,-504.883,-14.648,-13.672,844.542
1666057289.657,72.754,571.289,-18.066,31.738,844.546
1666057289.661,-33.691,103.516,-20.996,-66.895,844.550
1666057289.665,-147.461,-354.492,-9.277,-129.883,844.553
1666057289.668,-61.035,110.352,-9.766,-39.551,844.555
1666057289.672,73.242,624.512,-14.648,68.848,844.559
1666057289.676,0.488,181.152,-27.344,-13.672,844.563
1666057289.680,-132.812,-458.008,-24.902,-133.789,844.566
1666057289.684,-92.773,-237.305,-13.672,-78.613,844.570
1666057289.688,54.688,232.910,-4.395,40.039,844.574
1666057289.692,36.621,-327.637,-11.230,7.812,844.578
1666057289.695,-115.234,-913.086,-13.672,-111.816,844.582
1666057289.699,-128.906,-268.066,-10.254,-119.629,844.586
1666057289.703,5.859,198.730,-10.742,-0.977,844.590
1666057289.707,52.246,323.242,-10.254,42.480,844.594
1666057289.711,-90.332,81.543,-15.137,-79.590,844.598
1666057289.726,-165.527,-238.281,-11.230,-128.418,844.613
1666057289.730,-42.480,-86.426,-11.230,-18.066,844.616
1666057289.734,56.641,49.805,-11.719,58.594,844.620
1666057289.738,-46.875,-77.637,-16.113,-44.922,844.624
1666057289.742,-156.738,-270.020,-13.672,-131.348,844.628
1666057289.746,-75.195,-494.629,-7.812,-41.504,844.632
1666057289.750,60.059,-884.277,-16.113,68.848,844.636
1666057289.753,3.906,-524.414,-9.277,-3.906,844.640
1666057289.757,-126.465,-66.406,-4.395,-115.234,844.644
1666057289.761,-100.098,-601.562,-2.930,-59.570,844.648
1666057289.765,51.758,-171.875,14.160,64.453,844.652
1666057289.769,56.641,653.320,-0.488,41.016,844.656
1666057289.757,-95.215,104.980,-21.973,-84.961,844.656
1666057289.761,-126.953,-416.016,-8.789,-93.262,844.660
1666057289.765,20.996,66.895,0.977,26.367,844.664
1666057289.769,87.891,614.746,-6.348,63.477,844.668
1666057289.773,-51.270,130.859,-25.391,-59.082,844.672
1666057289.777,-142.090,-692.871,-34.668,-124.512,844.676
1666057289.781,-39.062,-319.336,-24.902,-31.250,844.680
1666057289.784,68.359,520.508,-23.926,48.340,844.684
1666057289.788,-17.578,126.465,-22.461,-33.203,844.688
1666057289.792,-142.090,-863.770,-25.879,-115.234,844.692
1666057289.796,-83.496,-711.426,-13.672,-47.852,844.695
1666057289.800,65.430,389.160,0.488,54.688,844.699
1666057289.831,25.879,309.082,-6.836,8.301,844.717
1666057289.835,-114.258,-368.652,-8.301,-99.121,844.721
1666057289.839,-101.074,-493.164,0.000,-70.312,844.725
1666057289.843,37.598,131.348,4.883,37.598,844.729
1666057289.847,44.434,221.191,-19.531,21.973,844.733
1666057289.851,-108.398,-887.207,-35.156,-97.656,844.737
1666057289.855,-141.113,-754.395,-12.207,-107.910,844.741
1666057289.858,5.859,302.246,8.301,19.531,844.745
1666057289.862,82.520,167.480,-6.836,63.477,844.749
1666057289.866,-52.734,-527.832,-28.320,-65.430,844.752
1666057289.870,-147.461,-439.453,-32.227,-138.184,844.756
1666057289.874,-43.457,-243.652,-26.855,-47.852,844.760
1666057289.861,79.102,0.488,-16.602,46.875,844.747
1666057289.865,-4.395,-7.324,-22.949,-26.367,844.751
1666057289.869,-135.742,-137.695,-22.949,-128.418,844.755
1666057289.873,-89.844,-215.332,-7.812,-77.148,844.759
1666057289.877,56.152,178.711,-7.324,31.250,844.763
1666057289.881,27.832,105.469,-13.184,0.488,844.767
1666057289.885,-125.977,-308.105,-13.672,-121.094,844.771
1666057289.888,-128.418,-386.230,-13.672,-117.676,844.775
1666057289.892,16.113,-143.066,-9.277,12.207,844.778
1666057289.896,46.875,366.699,-9.277,22.949,844.782
1666057289.900,-97.656,168.945,-10.742,-109.863,844.786
1666057289.904,-145.020,-412.109,-19.043,-136.719,844.790
1666057289.907,-16.113,-680.176,-11.230,-3.418,844.796
1666057289.911,74.219,-136.230,5.371,58.594,844.800
1666057289.915,-48.340,-116.211,-8.301,-76.172,844.804
1666057289.919,-157.227,-781.250,-20.020,-159.180,844.808
1666057289.923,-56.152,-859.375,-13.672,-53.223,844.812
1666057289.927,76.172,-123.535,-3.906,47.363,844.816
1666057289.931,6.836,162.109,-2.441,-25.879,844.820
1666057289.934,-131.348,-606.934,-12.695,-134.766,844.824
1666057289.938,-99.121,-734.375,-13.672,-90.820,844.828
1666057289.942,51.270,449.707,0.000,32.227,844.832
1666057289.946,51.758,711.426,-1.465,13.184,844.836
1666057289.950,-81.055,-133.789,0.488,-107.422,844.839
1666057289.953,-99.609,-333.496,7.812,-104.980,844.841
1666057289.957,36.133,370.605,10.254,22.949,844.844
1666057289.961,78.613,624.512,-2.930,42.969,844.848
1666057289.965,-62.988,-109.375,-19.043,-87.891,844.852
1666057289.969,-134.766,-602.051,-15.625,-131.836,844.856
1666057289.973,-18.555,-251.465,1.465,-26.367,844.860
1666057289.977,83.008,314.941,1.465,35.156,844.864
1666057289.980,-30.273,-375.488,-8.789,-55.664,844.868
1666057289.984,-145.508,-912.109,3.418,-136.719,844.872
1666057289.988,-65.918,-2.441,18.555,-67.871,844.876
1666057289.992,57.129,486.816,12.207,34.668,844.880
1666057289.996,-7.324,223.633,11.719,-33.203,844.884
1666057290.011,-146.484,-163.086,5.371,-144.531,844.912
1666057290.015,-121.582,-147.461,7.324,-109.863,844.916
1666057290.019,24.902,75.684,15.137,19.043,844.920
1666057290.023,17.090,161.621,1.953,8.301,844.924
1666057290.027,-137.207,-39.551,-8.301,-123.535,844.928
1666057290.031,-163.086,-503.906,-3.418,-138.672,844.932
1666057290.035,-16.113,-431.152,9.766,-13.672,844.936
1666057290.038,42.969,-783.691,3.906,33.203,844.939
1666057290.042,-94.238,-845.703,2.441,-81.055,844.943
1666057290.046,-163.086,-296.875,7.324,-139.648,844.947
1666057290.050,-42.969,-148.438,20.996,-27.344,844.951
1666057290.054,71.289,411.621,29.297,57.617,844.955
1666057290.041,-27.832,501.953,7.812,-48.828,844.941
1666057290.045,-162.598,-152.344,3.906,-156.250,844.945
1666057290.049,-109.863,-282.227,8.301,-97.656,844.949
1666057290.053,32.227,369.629,10.254,20.508,844.953
1666057290.057,-11.719,518.066,0.488,-29.785,844.957
1666057290.061,-163.574,-357.910,-6.836,-152.832,844.961
1666057290.065,-150.391,-719.238,7.812,-123.535,844.964
1666057290.068,3.418,123.047,28.320,5.371,844.968
1666057290.072,24.902,557.617,23.926,3.418,844.972
1666057290.076,-122.559,-255.859,22.461,-121.582,844.976
1666057290.080,-168.945,-720.215,40.039,-136.230,844.980
1666057290.084,-39.551,22.949,59.570,-13.672,844.984
1666057290.086,41.016,673.828,55.176,33.691,844.986
1666057290.090,-79.102,38.574,31.250,-78.613,844.990
1666057290.094,-181.152,-1000.000,34.668,-140.625,844.994
1666057290.098,-78.125,-652.832,70.312,-51.270,844.998
1666057290.102,62.012,531.738,87.891,34.180,845.002
1666057290.106,-20.996,-66.895,67.871,-46.875,845.006
1666057290.110,-161.621,-903.809,65.430,-149.414,845.010
1666057290.113,-113.770,-154.785,79.102,-96.680,845.014
1666057290.117,40.039,635.742,66.895,27.832,845.018
1666057290.121,15.625,313.965,47.363,-7.812,845.022
1666057290.125,-129.883,-261.230,45.410,-135.742,845.025
1666057290.129,-131.836,-264.160,49.805,-124.512,845.029
1666057290.134,14.648,84.961,62.988,13.184,845.059
1666057290.138,52.246,111.328,70.312,34.668,845.062
1666057290.142,-91.797,-222.656,62.500,-104.980,845.066
1666057290.146,-153.320,-216.797,59.082,-145.508,845.070
1666057290.150,-27.832,111.816,62.988,-20.508,845.074
1666057290.154,61.035,225.586,57.617,42.480,845.078
1666057290.158,-58.105,-126.953,47.852,-78.125,845.082
1666057290.161,-148.438,-213.379,50.293,-158.203,845.086
1666057290.165,-64.941,-131.836,59.082,-62.012,845.090
1666057290.169,53.223,-160.156,67.871,39.062,845.094
1666057290.173,-9.277,-3.906,67.871,-30.762,845.098
1666057290.177,-137.695,-84.473,57.617,-131.836,845.102
1666057290.191,-109.375,-369.629,49.805,-92.773,845.078
1666057290.195,28.320,33.691,47.852,24.902,845.082
1666057290.199,16.113,212.891,43.457,-1.465,845.086
1666057290.203,-139.648,-455.078,36.621,-127.930,845.090
1666057290.207,-157.227,-757.812,39.551,-116.699,845.093
1666057290.211,-8.789,-1000.000,50.781,12.207,845.097
1666057290.215,40.039,-540.039,59.082,29.297,845.101
1666057290.218,-92.773,125.000,46.387,-99.121,845.105
1666057290.222,-156.250,-554.688,40.527,-135.742,845.109
1666057290.226,-36.133,-279.785,57.617,-21.973,845.113
1666057290.230,65.430,687.988,52.734,43.945,845.117
1666057290.234,-45.410,186.523,35.156,-60.059,845.121
1666057290.237,-157.227,-579.590,44.434,-140.625,845.122
1666057290.241,-72.754,-224.121,53.711,-58.594,845.126
1666057290.245,68.359,611.328,45.410,48.828,845.130
1666057290.249,19.531,431.641,33.691,-12.207,845.134
1666057290.253,-121.094,-607.910,26.367,-118.652,845.138
1666057290.257,-112.793,-763.672,31.738,-88.379,845.142
1666057290.261,21.973,-69.336,35.156,25.391,845.146
1666057290.264,35.156,204.102,20.996,15.625,845.150
1666057290.268,-112.305,-614.746,7.324,-102.051,845.154
1666057290.272,-145.996,-839.355,26.855,-113.281,845.158
1666057290.276,0.000,271.973,41.504,-0.977,845.161
1666057290.280,76.660,550.293,26.855,42.480,845.165
1666057290.281,-39.551,7.324,17.578,-62.988,845.167
1666057290.285,-140.625,-213.867,18.555,-127.930,845.171
1666057290.289,-49.805,-71.289,24.902,-33.691,845.175
1666057290.293,71.777,141.113,27.344,68.359,845.178
1666057290.297,-24.414,-88.867,17.578,-14.648,845.182
1666057290.301,-145.020,-536.133,7.812,-120.117,845.186
1666057290.305,-79.102,-467.285,-2.930,-68.359,845.190
1666057290.308,44.922,-135.254,-28.809,32.227,845.194
1666057290.312,3.418,-786.133,-47.363,-5.859,845.198
1666057290.316,-136.719,-841.309,-40.527,-121.094,845.202
1666057290.320,-124.512,-130.371,-27.344,-98.145,845.206
1666057290.324,27.344,220.703,-17.578,32.715,845.210
1666057290.326,52.246,495.605,-22.949,41.992,845.213
1666057290.330,-86.914,253.418,-41.992,-83.984,845.217
1666057290.334,-126.953,-167.480,-48.340,-105.469,845.221
1666057290.338,0.488,59.082,-41.504,3.906,845.225
1666057290.342,66.895,524.414,-47.363,46.387,845.228
1666057290.346,-47.852,59.570,-63.965,-65.430,845.232
1666057290.350,-144.043,-520.996,-64.453,-138.184,845.236
1666057290.353,-62.988,-730.957,-56.152,-46.875,845.240
1666057290.357,72.754,-30.273,-41.504,48.828,845.244
1666057290.361,-9.277,463.379,-56.641,-39.551,845.248
1666057290.365,-153.320,-461.914,-74.219,-143.066,845.252
1666057290.369,-102.051,-635.742,-58.594,-73.242,845.256
1666057290.372,36.621,313.965,-45.410,34.668,845.261
1666057290.376,4.883,605.469,-46.387,-0.977,845.264
1666057290.380,-131.836,-421.387,-49.316,-105.469,845.268
1666057290.384,-124.023,-761.230,-33.691,-86.914,845.272
1666057290.388,17.578,186.035,-28.320,25.879,845.276
1666057290.392,52.246,342.773,-42.969,40.039,845.280
1666057290.396,-93.262,-496.094,-51.758,-79.590,845.284
1666057290.399,-166.016,-945.801,-42.480,-125.000,845.288
1666057290.403,-30.273,-26.855,-24.414,-4.883,845.292
1666057290.407,79.590,712.402,-36.133,70.801,845.296
1666057290.411,-39.551,100.098,-46.875,-33.691,845.300
1666057290.415,-145.996,-375.488,-44.922,-113.281,845.303
1666057290.419,-55.664,-140.625,-46.387,-34.668,845.308
1666057290.423,64.941,192.871,-52.734,60.547,845.312
1666057290.427,-6.348,-44.922,-51.758,-8.789,845.316
1666057290.431,-135.254,-377.930,-44.434,-114.746,845.320
1666057290.435,-95.215,-185.059,-47.363,-77.637,845.324
1666057290.439,44.434,227.051,-47.363,30.762,845.328
1666057290.443,26.367,-284.668,-51.758,4.883,845.332
1666057290.446,-124.023,-885.742,-57.129,-125.488,845.336
1666057290.450,-134.766,-238.281,-53.711,-132.324,845.340
1666057290.454,11.230,195.801,-49.805,-1.465,845.343
1666057290.458,57.129,356.934,-54.688,25.879,845.347
1666057290.462,-78.613,151.367,-54.688,-90.332,845.351
1666057290.461,-149.902,-127.930,-34.180,-125.000,845.363
1666057290.465,-47.363,-10.254,-20.996,-20.996,845.366
1666057290.469,42.480,92.773,-17.578,45.410,845.370
1666057290.473,-54.199,-138.184,-19.043,-52.734,845.374
1666057290.477,-154.785,-360.840,-14.160,-132.812,845.378
1666057290.481,-81.543,-428.711,-12.695,-54.688,845.382
1666057290.485,51.270,-931.641,-18.066,56.641,845.386
1666057290.488,0.000,-703.125,-12.695,-2.441,845.390
1666057290.492,-135.742,-120.117,-18.555,-125.977,845.394
1666057290.496,-108.887,-294.922,-16.602,-96.191,845.398
1666057290.500,34.668,234.863,-10.254,15.625,845.402
1666057290.504,43.457,682.129,-23.438,0.977,845.406
1666057290.508,-103.027,68.359,-22.949,-126.953,845.407
1666057290.512,-143.066,-437.012,-17.090,-142.578,845.411
1666057290.516,-5.371,64.453,-6.836,-15.625,845.415
1666057290.520,64.453,678.711,-8.789,23.438,845.419
1666057290.524,-63.965,166.504,-18.555,-93.262,845.423
1666057290.528,-146.484,-686.035,-18.066,-151.367,845.427
1666057290.532,-40.527,-514.648,-6.836,-48.340,845.430
1666057290.535,74.219,296.875,-2.930,41.992,845.434
1666057290.539,-11.719,291.504,-22.461,-53.711,845.438
1666057290.543,-144.043,-775.391,-34.180,-144.531,845.442
1666057290.547,-82.031,-664.551,-8.789,-72.266,845.446
1666057290.551,77.148,572.266,6.836,44.434,845.450
1666057290.567,38.574,401.855,-19.043,0.000,845.452
1666057290.571,-117.676,-433.594,-29.297,-121.582,845.456
1666057290.575,-104.004,-597.168,-10.254,-87.891,845.460
1666057290.579,44.922,113.281,1.465,37.109,845.464
1666057290.583,52.734,333.008,-17.090,29.785,845.468
1666057290.587,-96.191,-793.457,-31.250,-92.773,845.472
1666057290.591,-131.836,-734.375,-19.043,-121.094,845.476
1666057290.594,-3.418,274.902,-11.719,-9.277,845.480
1666057290.598,74.707,106.934,-21.973,42.969,845.484
1666057290.602,-44.434,-751.953,-20.508,-63.477,845.488
1666057290.606,-141.113,-431.641,-0.977,-127.441,845.492
1666057290.610,-47.363,108.398,0.488,-30.273,845.495
1666057290.611,67.383,344.727,-2.930,63.965,845.497
1666057290.615,-13.672,278.320,-5.859,-21.484,845.501
1666057290.619,-139.160,-75.195,-10.742,-124.512,845.505
1666057290.623,-89.844,-162.109,-7.324,-68.359,845.509
1666057290.627,61.035,183.594,-0.977,52.246,845.513
1666057290.631,32.227,59.570,-4.883,24.414,845.517
1666057290.635,-123.047,-338.379,-8.301,-98.145,845.521
1666057290.638,-117.188,-304.688,-9.766,-96.191,845.524
1666057290.642,32.715,-483.398,-5.371,29.297,845.528
1666057290.646,68.848,-98.633,1.953,46.875,845.532
1666057290.650,-75.195,11.719,-11.230,-82.031,845.536
1666057290.654,-140.625,-749.512,-19.531,-124.023,845.540
1666057290.656,-14.648,-486.816,-14.648,-9.277,845.542
1666057290.660,75.195,416.016,-14.160,54.199,845.546
1666057290.664,-42.480,73.242,-22.949,-53.223,845.550
1666057290.668,-148.926,-824.707,-27.344,-129.395,845.554
1666057290.672,-68.848,-637.207,-9.766,-37.109,845.558
1666057290.676,61.035,129.395,1.953,54.199,845.562
1666057290.680,5.859,228.027,-16.113,-26.855,845.565
1666057290.683,-127.930,-508.301,-25.391,-140.137,845.569
1666057290.687,-104.004,-770.508,-7.324,-94.238,845.573
1666057290.691,33.691,354.492,-0.977,25.391,845.577
1666057290.695,24.414,670.898,-19.043,6.836,845.581
1666057290.699,-125.000,-171.875,-21.973,-117.188,845.585
1666057290.762,-137.695,-382.812,-8.301,-118.652,845.648
1666057290.766,6.348,115.234,-0.488,7.324,845.652
1666057290.770,48.828,416.016,-2.930,31.250,845.656
1666057290.774,-86.914,-222.168,-11.230,-89.355,845.660
1666057290.778,-160.156,-637.695,-11.719,-143.555,845.664
1666057290.782,-47.852,-234.375,-2.441,-31.738,845.668
1666057290.786,60.059,216.309,-7.324,47.852,845.672
1666057290.789,-41.992,-339.844,-19.043,-47.363,845.676
1666057290.793,-161.621,-753.906,-11.719,-140.137,845.680
1666057290.797,-85.449,3.418,-8.789,-68.848,845.684
1666057290.801,49.805,373.047,-14.648,47.363,845.688
1666057290.805,0.977,172.852,-26.367,-15.625,845.691
1666057290.764,-133.301,-123.047,-29.785,-126.465,845.651
1666057290.768,-109.863,-100.098,-21.973,-84.961,845.655
1666057290.772,40.039,67.871,-32.227,34.668,845.659
1666057290.776,52.734,77.148,-34.180,26.367,845.663
1666057290.780,-95.215,-276.367,-22.949,-91.797,845.667
1666057290.784,-133.789,-575.195,-22.461,-100.098,845.671
1666057290.788,11.719,-389.160,-9.766,31.250,845.675
1666057290.791,95.215,97.656,-6.836,73.242,845.679
1666057290.795,-51.270,184.570,-24.902,-68.848,845.682
1666057290.799,-145.508,-202.637,-33.691,-141.602,845.686
1666057290.803,-34.668,-342.773,-26.855,-25.879,845.690
1666057290.807,75.195,145.996,-9.766,72.754,845.694
1666057290.793,-2.441,340.332,-20.020,-22.461,845.692
1666057290.797,-127.930,-261.230,-35.156,-122.559,845.696
1666057290.801,-79.590,-538.574,-18.555,-49.805,845.700
1666057290.805,68.359,133.789,-7.812,56.641,845.703
1666057290.809,34.180,473.633,-20.996,7.812,845.707
1666057290.813,-119.141,-325.684,-25.879,-112.305,845.711
1666057290.817,-112.793,-1000.000,-18.066,-94.238,845.715
1666057290.820,22.949,-532.227,4.395,34.180,845.719
1666057290.824,47.363,472.168,1.953,29.297,845.723
1666057290.828,-91.309,33.691,-28.320,-103.027,845.727
1666057290.832,-150.879,-848.633,-33.691,-119.629,845.731
1666057290.836,-20.020,-1000.000,-23.438,7.812,845.735
1666057290.836,73.730,-104.004,-9.277,56.152,845.752
1666057290.840,-51.758,151.367,-12.207,-57.617,845.756
1666057290.844,-146.973,-686.035,-18.066,-121.094,845.760
1666057290.848,-29.785,-183.594,2.441,-9.277,845.764
1666057290.852,82.031,702.637,11.719,78.613,845.768
1666057290.856,-29.785,50.293,-16.113,-28.320,845.772
1666057290.860,-167.480,-967.285,-19.531,-140.625,845.775
1666057290.863,-123.535,-352.051,4.395,-92.285,845.779
1666057290.867,23.438,654.785,7.324,21.973,845.783
1666057290.871,4.395,97.168,-23.438,-16.113,845.787
1666057290.875,-151.855,-857.422,-27.832,-142.090,845.791
1666057290.879,-152.344,-289.062,7.812,-132.812,845.795
1666057290.883,-4.883,464.355,0.488,-14.648,845.781
1666057290.887,35.156,497.070,-13.672,10.254,845.785
1666057290.891,-93.262,82.520,-12.695,-102.539,845.789
1666057290.895,-145.508,-62.500,-9.766,-133.789,845.793
1666057290.899,-35.645,240.723,-14.648,-21.973,845.797
1666057290.903,60.547,264.160,-15.625,41.016,845.801
1666057290.907,-40.527,-84.473,-13.672,-57.617,845.805
1666057290.910,-158.203,-129.395,-4.395,-135.742,845.809
1666057290.914,-77.148,-37.109,1.465,-58.594,845.812
1666057290.918,57.129,164.551,-3.418,38.574,845.816
1666057290.922,-6.836,330.566,-10.254,-33.691,845.820
1666057290.926,-143.066,-167.969,-20.996,-138.672,845.824
1666057290.971,-117.676,-514.648,-19.531,-91.797,845.858
1666057290.975,34.180,-568.359,-9.766,36.621,845.862
1666057290.979,44.922,-436.523,-8.301,23.926,845.865
1666057290.983,-102.539,-221.191,-13.184,-115.234,845.869
1666057290.987,-131.348,-520.996,-18.555,-124.512,845.873
1666057290.991,0.000,-786.133,-8.789,9.277,845.877
1666057290.995,55.664,19.043,11.719,44.922,845.881
1666057290.998,-73.730,325.195,-1.465,-81.543,845.885
1666057291.002,-157.715,-586.426,-9.277,-128.418,845.889
1666057291.006,-50.293,-440.918,6.348,-17.090,845.893
1666057291.010,62.988,602.539,6.348,53.223,845.897
1666057291.014,-46.875,354.004,-7.812,-47.852,845.901
1666057290.986,-165.039,-435.059,-8.301,-131.836,845.874
1666057290.990,-80.566,-285.156,-3.418,-56.641,845.878
1666057290.994,65.430,276.855,-2.930,55.664,845.882
1666057290.998,24.414,263.672,-3.418,1.953,845.885
1666057291.002,-123.047,-475.586,-3.906,-109.863,845.889
1666057291.006,-110.352,-791.992,-2.441,-78.125,845.893
1666057291.010,33.203,3.906,2.930,36.621,845.897
1666057291.013,42.969,397.949,-6.348,19.043,845.901
1666057291.017,-93.262,-307.129,-11.719,-109.375,845.905
1666057291.021,-127.441,-469.238,-0.488,-127.930,845.909
1666057291.025,5.371,298.340,-0.488,-6.836,845.913
1666057291.029,73.242,434.082,-0.977,41.504,845.917
1666057291.046,-63.965,-255.859,1.465,-83.008,845.933
1666057291.050,-157.715,-414.551,11.230,-148.438,845.937
1666057291.054,-44.434,-187.012,20.996,-37.598,845.941
1666057291.058,76.172,-8.301,17.578,57.617,845.944
1666057291.062,-20.996,-678.223,-9.277,-33.691,845.948
1666057291.066,-138.184,-1000.000,-5.371,-137.207,845.952
1666057291.070,-76.660,-442.383,9.766,-74.707,845.956
1666057291.073,48.340,-138.184,-1.953,41.016,845.960
1666057291.077,18.555,-513.184,-8.789,-2.930,845.964
1666057291.081,-126.953,-388.184,-1.953,-128.418,845.968
1666057291.085,-124.023,-96.191,-1.953,-107.422,845.972
1666057291.089,28.320,134.766,2.930,22.461,845.976
1666057291.076,62.012,494.141,7.812,25.391,845.962
1666057291.080,-70.312,217.285,-0.977,-103.027,845.966
1666057291.084,-136.719,-250.977,-4.883,-129.395,845.970
1666057291.088,-15.137,-37.598,5.371,-17.090,845.974
1666057291.092,75.195,485.352,5.371,24.902,845.978
1666057291.096,-45.898,80.078,-10.742,-86.914,845.982
1666057291.100,-144.043,-650.879,-12.207,-145.508,845.986
1666057291.103,-49.805,-631.836,-5.371,-38.086,845.989
1666057291.107,72.266,213.867,-0.488,58.105,845.993
1666057291.111,6.348,500.000,0.488,-23.926,845.997
1666057291.115,-122.559,-140.625,-6.836,-122.070,846.001
1666057291.119,-84.473,-930.176,-9.766,-76.660,846.005
1666057291.121,59.570,-373.047,13.672,31.250,846.007
1666057291.125,49.316,603.027,13.672,-5.371,846.011
1666057291.129,-106.445,-314.941,-19.043,-128.418,846.015
1666057291.133,-130.371,-810.547,-17.578,-122.070,846.019
1666057291.137,18.555,150.391,-3.906,0.977,846.023
1666057291.141,56.641,458.008,0.488,20.996,846.026
1666057291.145,-85.449,-430.664,-15.625,-103.027,846.030
1666057291.148,-138.184,-882.324,34.180,-129.883,846.034
1666057291.152,-29.785,11.230,129.395,-12.695,846.038
1666057291.156,57.617,707.520,115.723,44.922,846.042
1666057291.160,-44.434,-145.996,93.262,-43.457,846.046
1666057291.164,-151.855,-689.453,88.379,-122.070,846.050
1666057291.168,-67.871,73.242,77.637,-50.781,846.066
1666057291.172,64.941,601.074,74.219,62.988,846.070
1666057291.176,-8.789,255.859,61.523,-10.254,846.074
1666057291.180,-148.926,-237.793,46.875,-133.301,846.078
1666057291.184,-114.258,-98.633,38.574,-78.125,846.082
1666057291.188,36.621,248.047,34.668,50.781,846.086
1666057291.192,29.297,-308.594,25.879,33.691,846.090
1666057291.195,-121.582,-752.441,20.996,-99.121,846.094
1666057291.199,-139.648,-213.379,21.973,-122.070,846.098
1666057291.203,-3.906,119.141,20.020,-2.441,846.101
1666057291.207,53.711,264.160,14.160,28.320,846.105
1666057291.211,-67.871,91.797,6.836,-89.844,846.109
1666057291.212,-135.254,-368.164,7.324,-130.859,846.110
1666057291.216,-35.156,-402.344,15.137,-20.020,846.114
1666057291.220,68.359,-202.148,3.906,60.547,846.118
1666057291.224,-21.973,-142.090,-10.254,-37.598,846.122
1666057291.228,-144.531,-257.324,-12.695,-142.578,846.126
1666057291.232,-90.332,-637.207,-25.879,-71.777,846.130
1666057291.236,54.199,-567.383,-13.672,48.828,846.134
1666057291.239,25.879,58.594,-3.418,-5.371,846.138
1666057291.243,-121.582,39.551,-13.672,-117.676,846.142
1666057291.247,-105.469,-690.430,-10.742,-85.938,846.146
1666057291.251,35.645,-437.012,0.488,37.109,846.150
1666057291.255,38.574,535.645,-2.441,34.180,846.153
1666057291.302,-97.168,88.379,-20.020,-89.355,846.202
1666057291.306,-138.184,-489.746,-21.973,-123.535,846.206
1666057291.310,-1.953,-28.809,-18.066,-0.977,846.210
1666057291.314,73.242,375.000,-16.113,63.477,846.214
1666057291.318,-58.594,72.266,-19.043,-53.223,846.217
1666057291.322,-150.391,-747.070,-37.598,-128.906,846.221
1666057291.326,-52.246,-748.535,-19.531,-37.109,846.225
1666057291.329,67.871,397.461,-0.977,55.664,846.229
1666057291.333,-10.254,316.895,-25.879,-31.738,846.233
1666057291.337,-137.207,-483.398,-28.320,-137.207,846.237
1666057291.341,-88.867,-193.359,-11.230,-75.684,846.241
1666057291.345,52.734,580.078,-11.230,46.875,846.245
1666057291.318,27.344,354.004,-23.926,4.395,846.208
1666057291.322,-121.094,-315.430,-29.785,-111.328,846.212
1666057291.326,-121.582,-498.535,-26.855,-80.566,846.216
1666057291.330,25.879,37.598,-18.555,32.715,846.220
1666057291.334,41.992,220.703,-20.996,40.039,846.224
1666057291.338,-98.145,-770.508,-26.855,-83.008,846.228
1666057291.342,-151.367,-847.656,-25.391,-123.047,846.232
1666057291.345,-33.203,-42.480,-20.020,-7.812,846.235
1666057291.349,52.246,211.426,-23.438,54.688,846.239
1666057291.353,-64.453,-196.777,-35.156,-52.734,846.243
1666057291.357,-164.551,-270.508,-28.320,-136.230,846.247
1666057291.361,-83.984,85.938,-21.484,-60.059,846.251
1666057291.362,31.738,72.754,-32.715,33.691,846.247
1666057291.366,-39.062,-167.480,-36.621,-28.320,846.251
1666057291.370,-166.016,-195.312,-28.809,-123.535,846.255
1666057291.374,-116.699,-117.188,-34.668,-86.426,846.259
1666057291.378,29.297,-270.508,-39.551,33.691,846.263
1666057291.382,17.090,-796.387,-29.297,10.742,846.267
1666057291.386,-129.883,-536.621,-25.879,-120.117,846.271
1666057291.389,-144.043,-204.102,-20.996,-113.770,846.275
1666057291.393,-6.836,-591.309,-21.484,17.090,846.279
1666057291.397,40.039,-932.129,-18.555,42.480,846.283
1666057291.401,-84.961,-288.086,-22.461,-91.309,846.287
1666057291.405,-155.762,-240.234,-40.039,-139.648,846.290
1666057291.406,-46.875,-149.414,-30.762,-28.320,846.292
1666057291.410,53.711,634.277,-17.578,42.480,846.296
1666057291.414,-37.598,282.715,-28.809,-53.711,846.300
1666057291.418,-145.020,-713.867,-34.668,-113.770,846.304
1666057291.422,-71.777,-678.711,-33.203,-31.738,846.308
1666057291.426,55.176,87.402,-27.344,37.598,846.311
1666057291.430,-10.742,352.539,-28.320,-31.738,846.315
1666057291.433,-139.648,-416.992,-45.898,-122.070,846.319
1666057291.437,-103.027,-773.926,-47.363,-81.543,846.323
1666057291.441,32.715,327.637,-36.133,16.113,846.327
1666057291.445,30.762,623.047,-54.688,-1.465,846.331
1666057291.449,-103.027,-399.902,-68.359,-118.652,846.335
1666057291.451,-133.301,-586.426,-56.152,-136.230,846.337
1666057291.455,14.648,385.742,-51.270,-5.371,846.341
1666057291.459,85.938,674.805,-64.941,39.062,846.345
1666057291.463,-39.062,12.207,-60.547,-62.988,846.349
1666057291.467,-122.559,-367.676,-44.922,-113.281,846.353
1666057291.471,-31.738,-158.691,-49.805,-28.320,846.357
1666057291.475,80.566,245.117,-52.734,40.527,846.361
1666057291.478,-5.371,-337.891,-52.246,-47.363,846.365
1666057291.482,-125.488,-764.160,-41.016,-143.555,846.369
1666057291.486,-72.266,-8.789,-35.156,-88.379,846.373
1666057291.490,59.570,406.250,-41.992,29.297,846.376
1666057291.494,49.316,285.645,-46.387,4.883,846.380
1666057291.496,-85.938,16.602,-46.387,-106.445,846.382
1666057291.500,-97.656,-185.059,-38.574,-93.262,846.386
1666057291.504,41.016,-116.699,-37.598,16.113,846.390
1666057291.508,56.152,-459.473,-38.574,28.320,846.394
1666057291.512,-87.402,-512.695,-37.598,-88.379,846.398
1666057291.516,-129.395,-384.766,-45.410,-114.746,846.402
1666057291.520,3.906,-473.633,-33.203,8.301,846.406
1666057291.523,79.102,-258.301,-22.949,53.711,846.410
1666057291.527,-37.109,59.082,-27.832,-62.988,846.414
1666057291.531,-130.859,-76.660,-26.367,-133.301,846.417
1666057291.535,-40.039,-170.898,-13.184,-44.922,846.421
1666057291.539,73.730,371.582,-9.766,46.387,846.425
1666057291.558,-1.953,502.930,-28.809,-28.320,846.446
1666057291.562,-125.488,-128.906,-46.387,-129.395,846.450
1666057291.566,-84.961,-320.801,-38.574,-78.613,846.453
1666057291.570,52.246,276.855,-29.297,29.785,846.457
1666057291.574,23.926,264.160,-37.598,-9.277,846.461
1666057291.578,-117.188,-416.504,-37.598,-120.605,846.465
1666057291.582,-119.629,-959.961,-29.297,-94.727,846.469
1666057291.585,17.090,-531.250,-9.766,29.785,846.473
1666057291.589,64.941,512.695,-6.348,38.574,846.477
1666057291.593,-74.707,33.203,-29.297,-88.867,846.481
1666057291.597,-138.184,-559.570,-32.715,-125.488,846.485
1666057291.601,-11.719,48.828,-18.066,-1.465,846.489
1666057291.586,77.637,626.465,-24.902,49.805,846.492
1666057291.590,-16.113,54.199,-36.621,-52.246,846.496
1666057291.594,-113.281,-814.453,-22.461,-112.793,846.500
1666057291.598,-35.156,-411.133,-7.812,-30.273,846.504
1666057291.602,86.914,508.789,-9.766,64.941,846.508
1666057291.606,14.160,-57.617,-20.508,-3.906,846.512
1666057291.610,-130.371,-975.098,-23.438,-110.840,846.516
1666057291.613,-98.145,-538.574,-19.043,-73.242,846.519
1666057291.617,49.316,448.730,-10.742,46.875,846.523
1666057291.621,41.992,141.602,-24.902,26.855,846.527
1666057291.625,-108.887,-1000.000,-33.203,-88.379,846.531
1666057291.629,-126.953,-743.164,-2.930,-88.867,846.535
1666057291.633,25.391,282.227,6.836,32.715,846.531
1666057291.637,66.406,476.562,-6.836,56.641,846.535
1666057291.641,-66.895,77.637,-10.742,-64.941,846.539
1666057291.645,-135.254,-177.734,-12.695,-123.047,846.542
1666057291.649,-22.949,102.539,-13.672,-30.762,846.546
1666057291.653,84.473,215.332,-17.578,42.969,846.550
1666057291.657,-27.344,-109.375,-24.902,-71.777,846.554
1666057291.660,-154.785,-231.934,-21.484,-153.320,846.558
1666057291.664,-82.520,-18.066,-11.230,-73.242,846.562
1666057291.668,49.805,-366.211,-17.090,26.855,846.566
1666057291.672,-0.977,-454.102,-16.602,-31.250,846.570
1666057291.676,-140.137,-56.152,-11.230,-144.043,846.574
1666057291.692,-117.676,-288.086,-8.789,-101.074,846.578
1666057291.696,40.039,75.684,0.488,23.926,846.582
1666057291.700,31.738,218.750,-2.930,7.812,846.586
1666057291.704,-124.023,-187.012,-0.488,-117.676,846.590
1666057291.708,-147.949,-500.977,-2.441,-127.930,846.593
1666057291.712,-13.672,-833.984,-4.883,-3.906,846.597
1666057291.716,66.406,-207.520,7.812,37.598,846.601
1666057291.719,-60.059,159.668,0.488,-87.402,846.605
1666057291.723,-158.203,-606.934,-24.902,-145.996,846.609
1666057291.727,-40.527,-485.840,-20.508,-39.551,846.613
1666057291.731,69.336,583.008,-9.766,35.645,846.617
1666057291.735,-23.438,279.785,-16.113,-46.875,846.621
1666057291.738,-139.648,-673.828,-17.578,-125.488,846.628
1666057291.742,-81.543,-458.008,-6.348,-60.547,846.632
1666057291.746,71.289,552.246,2.441,56.152,846.636
1666057291.750,39.551,502.930,-13.184,2.930,846.640
1666057291.754,-112.793,-341.309,-12.695,-126.465,846.644
1666057291.758,-117.188,-628.906,1.465,-100.586,846.648
1666057291.762,23.926,28.320,2.930,23.926,846.652
1666057291.765,53.223,494.629,-8.789,21.484,846.656
1666057291.769,-94.238,-478.516,-15.137,-100.098,846.659
1666057291.773,-148.438,-737.793,0.488,-123.535,846.663
1666057291.777,-8.789,265.625,1.953,1.465,846.667
1666057291.781,70.312,496.582,-5.859,58.105,846.671
1666057291.782,-52.246,-45.410,-12.207,-62.012,846.681
1666057291.786,-142.578,-305.664,-11.719,-122.070,846.685
1666057291.790,-47.852,-135.742,-6.348,-17.578,846.689
1666057291.794,58.105,18.066,-12.695,61.035,846.693
1666057291.798,-22.949,-468.750,-24.902,-29.785,846.697
1666057291.802,-155.273,-792.969,-20.508,-130.859,846.701
1666057291.806,-102.539,-374.512,-8.301,-69.824,846.705
1666057291.809,56.152,39.062,-11.719,47.363,846.708
1666057291.813,20.508,-668.457,-26.367,7.812,846.712
1666057291.817,-122.559,-693.359,-22.461,-119.141,846.716
1666057291.821,-122.559,-122.070,-18.066,-101.074,846.720
1666057291.825,7.324,116.699,-20.996,19.531,846.724
1666057291.827,52.246,434.082,-23.926,31.738,846.714
1666057291.831,-73.242,236.816,-23.926,-83.496,846.718
1666057291.835,-139.648,-190.918,-25.879,-125.000,846.722
1666057291.839,-21.484,-18.066,-19.043,-24.414,846.726
1666057291.843,58.105,374.512,-24.414,28.809,846.730
1666057291.847,-48.828,-86.426,-39.062,-65.430,846.733
1666057291.851,-140.137,-579.590,-38.574,-129.395,846.737
1666057291.854,-64.453,-862.305,-34.180,-49.316,846.741
1666057291.858,69.336,-242.676,-21.484,38.086,846.745
1666057291.862,11.230,471.191,-30.762,-36.133,846.749
1666057291.866,-143.066,-242.188,-47.363,-130.859,846.753
1666057291.870,-113.281,-581.055,-40.527,-82.031,846.757
1666057291.871,48.828,288.574,-27.344,37.109,846.757
1666057291.875,40.039,657.715,-42.969,8.301,846.761
1666057291.879,-118.164,-369.141,-63.965,-116.211,846.765
1666057291.883,-140.625,-813.965,-45.898,-104.980,846.769
1666057291.887,6.836,110.352,-39.062,12.695,846.773
1666057291.891,53.223,384.766,-61.523,32.715,846.777
1666057291.895,-89.355,-414.551,-73.242,-83.984,846.781
1666057291.898,-158.203,-1000.000,-69.336,-115.723,846.785
1666057291.902,-34.180,-288.574,-52.246,-6.836,846.789
1666057291.906,69.336,749.023,-50.293,64.453,846.793
1666057291.910,-35.156,-44.922,-69.336,-31.250,846.796
1666057291.914,-154.785,-828.613,-81.543,-134.766,846.800
1666057291.918,-81.055,-75.195,-67.871,-66.406,846.805
1666057291.922,62.500,562.500,-63.965,47.852,846.809
1666057291.926,-0.977,263.672,-75.195,-13.672,846.813
1666057291.930,-145.996,-230.469,-77.637,-127.441,846.817
1666057291.934,-112.793,-204.102,-75.684,-86.426,846.821
1666057291.938,42.480,179.199,-71.289,35.645,846.825
1666057291.942,41.016,-275.879,-83.008,23.926,846.829
1666057291.945,-101.074,-727.051,-87.891,-93.750,846.832
1666057291.949,-131.836,-193.359,-77.148,-107.422,846.836
1666057291.953,-0.488,121.582,-68.848,13.184,846.840
1666057291.957,62.500,187.988,-67.871,57.129,846.844
1666057291.961,-67.871,-6.348,-76.660,-70.312,846.848
1666057291.961,-152.832,-166.016,-82.520,-138.672,846.862
1666057291.965,-49.316,-101.074,-83.496,-45.898,846.866
1666057291.969,66.406,-83.496,-88.379,48.828,846.870
1666057291.973,-13.184,-56.641,-79.102,-24.902,846.874
1666057291.977,-136.230,-226.074,-79.590,-117.188,846.878
1666057291.981,-81.543,-471.191,-88.379,-57.617,846.882
1666057291.985,52.734,-923.340,-97.168,43.457,846.885
1666057291.988,13.672,-636.230,-95.215,-13.672,846.889
1666057291.992,-115.723,-83.984,-90.820,-133.301,846.893
1666057291.996,-104.980,-353.027,-89.844,-103.027,846.897
1666057292.000,36.133,171.387,-78.613,22.949,846.901
1666057292.004,51.758,704.102,-86.914,23.926,846.905
1666057292.009,-101.074,0.977,-107.910,-112.305,846.905
1666057292.013,-152.344,-769.531,-97.656,-132.812,846.909
1666057292.017,-16.113,-172.363,-88.379,-4.883,846.913
1666057292.021,69.824,698.730,-94.727,48.828,846.917
1666057292.025,-62.012,213.867,-106.934,-66.406,846.921
1666057292.029,-153.320,-750.488,-113.770,-142.578,846.925
1666057292.033,-46.387,-509.766,-92.773,-48.340,846.929
1666057292.036,79.590,501.465,-91.797,49.316,846.933
1666057292.040,1.465,365.723,-114.258,-27.832,846.937
1666057292.044,-134.277,-668.945,-121.582,-129.395,846.941
1666057292.048,-79.590,-502.930,-114.746,-67.383,846.944
1666057292.052,71.289,506.836,-105.957,55.664,846.948
1666057292.066,41.504,369.141,-117.676,13.672,846.953
1666057292.070,-112.305,-352.539,-128.906,-108.887,846.957
1666057292.074,-119.629,-537.598,-122.559,-91.797,846.961
1666057292.078,15.137,-114.746,-106.934,30.273,846.965
1666057292.082,49.805,26.855,-99.609,41.504,846.968
1666057292.086,-89.355,-868.652,-121.094,-75.195,846.972
1666057292.090,-133.301,-848.633,-123.535,-95.703,846.976
1666057292.093,14.160,194.824,-122.070,22.949,846.980
1666057292.097,92.773,428.223,-135.254,75.195,846.984
1666057292.101,-31.738,37.109,-125.000,-38.086,846.988
1666057292.105,-135.742,-131.348,-125.977,-125.488,846.992
1666057292.109,-61.523,62.500,-133.301,-42.969,846.996
1666057292.111,55.664,372.070,-125.000,50.293,846.997
1666057292.115,-13.672,278.809,-123.047,-22.461,847.001
1666057292.119,-160.156,-102.051,-131.348,-135.254,847.005
1666057292.123,-127.930,-185.547,-134.766,-84.961,847.009
1666057292.127,20.996,95.215,-133.301,38.574,847.013
1666057292.131,12.207,53.711,-137.695,21.973,847.017
1666057292.135,-128.418,-462.402,-143.555,-97.168,847.020
1666057292.138,-138.672,-561.523,-143.066,-103.516,847.024
1666057292.142,4.883,-723.145,-141.113,26.367,847.028
1666057292.146,51.270,-583.008,-140.625,48.828,847.032
1666057292.150,-80.566,8.301,-156.738,-71.289,847.036
1666057292.154,-154.785,-382.324,-167.969,-112.305,847.040
1666057292.171,-42.969,-241.699,-166.016,-5.371,847.058
1666057292.175,57.129,560.547,-163.574,67.383,847.062
1666057292.179,-41.504,125.000,-169.434,-32.227,847.066
1666057292.183,-150.391,-852.051,-176.270,-113.770,847.070
1666057292.187,-83.008,-702.148,-151.367,-41.992,847.073
1666057292.191,61.523,76.660,-135.742,66.406,847.077
1666057292.195,25.879,84.961,-159.668,5.371,847.081
1666057292.198,-114.746,-630.859,-168.457,-110.840,847.085
1666057292.202,-103.027,-897.949,-166.016,-69.336,847.089
1666057292.206,57.129,118.652,-160.645,56.152,847.093
1666057292.210,78.613,706.543,-173.828,49.805,847.097
1666057292.214,-78.613,-303.711,-190.430,-79.590,847.101
1666057292.201,-117.676,-730.957,-186.035,-101.074,847.088
1666057292.205,20.020,200.195,-177.246,23.926,847.092
1666057292.209,91.797,617.676,-182.129,80.566,847.096
1666057292.213,-28.809,-119.629,-187.500,-38.086,847.100
1666057292.217,-109.863,-551.758,-186.523,-105.957,847.104
1666057292.221,-0.488,-223.633,-186.035,-0.488,847.108
1666057292.225,108.398,190.918,-188.477,86.914,847.112
1666057292.228,14.648,-50.293,-197.754,-1.953,847.115
1666057292.232,-110.840,-413.574,-199.219,-94.727,847.119
1666057292.236,-56.641,-68.848,-193.848,-39.062,847.123
1666057292.240,94.238,418.945,-189.453,66.895,847.127
1666057292.244,59.570,-371.094,-191.406,21.973,847.131
1666057292.246,-94.238,-903.320,-185.059,-106.934,847.132
1666057292.250,-88.379,-126.465,-187.500,-89.844,847.136
1666057292.254,51.758,57.129,-200.195,32.715,847.140
1666057292.258,68.848,-75.195,-203.613,31.250,847.144
1666057292.262,-70.801,-32.227,-200.684,-86.914,847.148
1666057292.266,-114.746,-303.223,-192.383,-110.352,847.152
1666057292.270,8.301,-362.793,-182.617,4.395,847.155
1666057292.273,83.496,-383.789,-187.012,57.129,847.159
1666057292.277,-34.668,-140.625,-185.547,-52.734,847.163
1666057292.281,-127.930,-90.820,-185.059,-116.699,847.167
1666057292.285,-44.922,-196.289,-193.848,-31.738,847.171
1666057292.289,87.402,395.508,-192.871,54.199,847.175
1666057292.294,10.742,520.020,-199.219,-27.832,847.184
1666057292.298,-128.418,-224.121,-212.402,-119.629,847.188
1666057292.302,-76.660,-689.941,-204.102,-53.711,847.191
1666057292.306,70.801,38.086,-190.430,65.918,847.195
1666057292.310,51.270,546.387,-203.613,35.645,847.199
1666057292.314,-104.492,-270.020,-209.961,-92.773,847.203
1666057292.318,-109.863,-958.496,-196.289,-77.637,847.207
1666057292.321,36.621,-291.016,-188.477,44.434,847.211
1666057292.325,73.730,623.047,-192.871,44.922,847.215
1666057292.329,-62.500,66.406,-198.730,-75.684,847.219
1666057292.333,-125.977,-613.281,-201.172,-110.840,847.223
1666057292.337,-7.324,-149.902,-194.824,0.488,847.227
1666057292.336,96.191,630.371,-187.012,78.613,847.237
1666057292.340,-11.230,157.715,-201.172,-19.043,847.241
1666057292.344,-127.930,-765.625,-212.402,-116.699,847.245
1666057292.348,-45.410,-440.918,-193.848,-28.809,847.249
1666057292.352,95.215,240.234,-187.988,85.449,847.253
1666057292.356,34.180,-160.645,-208.984,16.113,847.257
1666057292.360,-110.352,-1000.000,-215.820,-86.426,847.261
1666057292.363,-77.637,-741.699,-189.453,-50.293,847.265
1666057292.367,74.219,364.258,-180.176,65.430,847.268
1666057292.371,76.172,368.164,-188.965,49.805,847.272
1666057292.375,-70.312,-215.332,-192.871,-73.730,847.276
1666057292.379,-103.516,-187.500,-187.500,-80.078,847.280
1666057292.383,41.504,264.160,-188.965,45.410,847.312
1666057292.387,96.680,395.508,-204.590,85.938,847.316
1666057292.391,-38.574,16.113,-201.172,-33.203,847.320
1666057292.395,-107.422,-183.105,-188.965,-88.867,847.324
1666057292.399,-4.883,100.098,-182.617,9.766,847.328
1666057292.403,99.121,189.941,-179.688,88.379,847.332
1666057292.407,8.789,-256.348,-180.176,4.395,847.336
1666057292.410,-123.047,-521.973,-195.801,-88.867,847.340
1666057292.414,-62.012,-125.488,-198.242,-29.297,847.344
1666057292.418,75.684,-354.980,-188.965,80.566,847.348
1666057292.422,26.367,-499.023,-185.059,17.090,847.351
1666057292.426,-103.027,-111.816,-183.594,-99.121,847.355
1666057292.429,-90.820,-354.492,-183.594,-65.918,847.340
1666057292.433,49.316,39.551,-176.270,50.781,847.344
1666057292.437,58.105,273.926,-183.105,42.480,847.348
1666057292.441,-94.238,-217.773,-194.336,-85.449,847.352
1666057292.445,-129.395,-605.469,-193.359,-92.773,847.356
1666057292.449,9.277,-766.602,-178.223,35.156,847.360
1666057292.453,76.172,-27.344,-165.039,69.336,847.364
1666057292.456,-42.480,213.379,-175.293,-46.875,847.368
1666057292.460,-125.488,-555.176,-183.594,-103.516,847.372
1666057292.464,-31.738,-615.723,-183.105,-13.184,847.375
1666057292.468,84.961,373.535,-177.246,62.500,847.379
1666057292.472,5.859,479.980,-180.664,-14.160,847.383
1666057292.487,-118.164,-477.051,-182.129,-96.191,847.374
1666057292.491,-61.523,-486.816,-163.574,-42.969,847.377
1666057292.495,78.613,434.570,-160.645,58.105,847.381
1666057292.499,44.922,493.652,-184.570,10.254,847.385
1666057292.503,-96.191,-502.930,-195.801,-93.262,847.389
1666057292.507,-97.168,-973.633,-179.688,-61.035,847.393
1666057292.511,48.828,-19.043,-168.457,49.805,847.397
1666057292.514,69.336,529.785,-175.781,43.457,847.401
1666057292.518,-72.754,-213.867,-172.852,-70.801,847.405
1666057292.522,-102.539,-391.113,-163.574,-88.867,847.409
1666057292.526,14.160,326.172,-160.645,19.531,847.413
1666057292.530,79.102,530.762,-169.434,68.359,847.417
1666057292.531,-33.203,-510.742,-184.082,-31.738,847.417
1666057292.535,-124.023,-740.723,-180.664,-98.145,847.421
1666057292.539,-38.574,-84.961,-187.500,-20.508,847.425
1666057292.543,78.125,57.617,-192.871,64.941,847.429
1666057292.547,11.230,-81.055,-193.359,-7.812,847.433
1666057292.551,-121.094,-423.340,-193.359,-112.305,847.437
1666057292.555,-81.055,-463.379,-179.688,-65.430,847.441
1666057292.558,61.035,-83.008,-170.898,52.246,847.444
1666057292.562,42.969,-643.555,-175.781,29.297,847.448
1666057292.566,-106.445,-700.684,-177.734,-101.074,847.452
1666057292.570,-116.211,-92.285,-174.805,-97.168,847.456
1666057292.574,25.879,167.480,-163.574,36.133,847.460
1666057292.577,69.824,494.629,-164.062,57.129,847.466
1666057292.581,-63.477,284.668,-177.734,-64.941,847.470
1666057292.585,-140.625,-282.227,-174.805,-108.887,847.474
1666057292.589,-24.902,-402.344,-159.180,-3.418,847.478
1666057292.593,68.359,178.223,-165.039,62.012,847.482
1666057292.597,-36.621,41.992,-180.176,-35.156,847.486
1666057292.601,-126.953,-518.555,-170.898,-110.840,847.489
1666057292.604,-57.129,-783.203,-163.086,-29.297,847.493
1666057292.608,68.359,-139.648,-164.062,60.059,847.497
1666057292.612,22.949,561.035,-179.199,-5.371,847.501
1666057292.616,-115.723,-149.902,-187.988,-112.793,847.505
1666057292.620,-100.586,-463.379,-163.086,-88.379,847.509
1666057292.621,44.434,324.707,-143.066,31.738,847.508
1666057292.625,60.059,691.895,-149.902,28.320,847.512
1666057292.629,-77.148,-267.090,-163.574,-74.707,847.516
1666057292.633,-106.934,-819.336,-169.434,-79.590,847.519
1666057292.637,29.297,63.477,-161.133,29.785,847.523
1666057292.641,81.055,422.852,-167.480,62.500,847.527
1666057292.645,-53.711,-395.996,-177.246,-50.293,847.531
1666057292.648,-129.395,-1000.000,-162.598,-101.562,847.535
1666057292.652,-18.066,-182.129,-145.020,-4.395,847.539
1666057292.656,89.844,671.875,-147.461,72.266,847.543
1666057292.660,-5.859,90.820,-152.832,-21.484,847.547
1666057292.664,-119.141,-429.199,-146.973,-103.027,847.551
1666057292.683,-55.176,-6.836,-141.602,-30.762,847.570
1666057292.687,84.473,507.324,-141.113,81.055,847.574
1666057292.691,37.109,189.941,-141.113,28.809,847.578
1666057292.695,-110.352,-299.805,-144.531,-93.750,847.582
1666057292.699,-94.238,-229.004,-145.508,-65.918,847.586
1666057292.703,45.410,125.488,-137.207,42.969,847.590
1666057292.707,56.152,-278.320,-134.277,35.156,847.594
1666057292.710,-81.543,-879.395,-134.277,-80.566,847.597
1666057292.714,-122.559,-444.824,-125.000,-103.516,847.601
1666057292.718,0.488,107.910,-127.441,9.766,847.605
1666057292.722,68.359,150.879,-128.906,61.523,847.609
1666057292.726,-45.898,-47.363,-128.906,-47.363,847.613
1666057292.741,-124.023,-151.855,-124.512,-104.980,847.628
1666057292.745,-26.367,-85.938,-117.676,-0.488,847.631
1666057292.749,81.055,-66.406,-118.652,72.754,847.635
1666057292.753,1.953,-15.137,-120.117,-17.090,847.639
1666057292.757,-114.258,-155.762,-130.371,-104.492,847.643
1666057292.761,-63.965,-579.590,-132.324,-43.945,847.647
1666057292.765,73.730,-229.492,-111.816,69.336,847.651
1666057292.768,48.828,336.426,-104.004,23.438,847.655
1666057292.772,-90.820,37.109,-109.863,-92.773,847.659
1666057292.776,-107.422,-509.277,-113.281,-72.754,847.663
1666057292.780,27.344,-1000.000,-107.422,59.570,847.667
1666057292.784,62.500,-521.973,-85.449,59.082,847.671
1666057292.758,-75.195,49.316,-90.820,-80.566,847.671
1666057292.762,-120.605,-414.551,-100.586,-104.004,847.675
1666057292.766,4.883,-27.832,-74.707,6.836,847.679
1666057292.770,84.473,659.668,-65.430,62.988,847.682
1666057292.774,-32.715,300.293,-79.102,-36.133,847.686
1666057292.778,-138.672,-606.934,-79.590,-104.492,847.690
1666057292.782,-58.594,-456.055,-71.777,-18.066,847.694
1666057292.785,59.570,512.207,-70.801,68.359,847.698
1666057292.789,-6.348,349.121,-81.055,-16.113,847.702
1666057292.793,-138.184,-541.992,-82.031,-121.094,847.706
1666057292.797,-97.168,-377.930,-75.195,-67.383,847.710
1666057292.801,59.082,464.355,-82.520,39.551,847.714
1666057292.816,39.551,353.027,-86.426,4.395,847.702
1666057292.820,-113.770,-737.793,-83.496,-107.422,847.706
1666057292.824,-122.070,-976.562,-76.172,-107.422,847.710
1666057292.828,23.438,74.219,-65.918,4.883,847.714
1666057292.832,54.199,326.172,-83.984,20.508,847.718
1666057292.836,-89.844,-781.738,-88.379,-88.867,847.722
1666057292.840,-145.020,-787.109,-69.336,-125.000,847.725
1666057292.843,-27.344,225.098,-62.012,-13.672,847.729
1666057292.847,67.383,235.840,-79.590,59.082,847.733
1666057292.851,-38.086,-414.062,-91.797,-51.270,847.737
1666057292.855,-143.066,-297.363,-67.871,-136.719,847.741
1666057292.859,-61.523,57.129,-54.199,-52.734,847.745
1666057292.862,67.383,267.578,-58.105,52.246,847.749
1666057292.866,4.883,202.637,-58.594,-16.602,847.753
1666057292.870,-121.582,-71.777,-51.758,-127.930,847.757
1666057292.874,-99.609,-299.316,-53.711,-96.191,847.761
1666057292.878,31.250,-173.828,-64.941,21.484,847.765
1666057292.882,34.180,-124.023,-70.801,9.277,847.769
1666057292.886,-114.746,-255.859,-72.266,-118.164,847.773
1666057292.889,-136.719,-246.582,-76.172,-132.812,847.777
1666057292.893,7.812,-520.508,-75.195,-10.742,847.781
1666057292.897,62.012,-133.789,-64.941,26.367,847.785
1666057292.901,-65.918,290.039,-70.312,-93.262,847.788
1666057292.905,-134.277,-284.668,-73.242,-133.789,847.792
1666057292.906,-24.902,-175.293,-61.523,-31.738,847.792
1666057292.910,80.566,546.387,-51.758,36.621,847.796
1666057292.914,-18.066,197.266,-57.129,-40.039,847.800
1666057292.918,-149.414,-715.820,-62.988,-119.629,847.804
1666057292.922,-73.242,-583.496,-53.711,-49.316,847.808
1666057292.926,55.176,126.465,-55.664,43.457,847.812
1666057292.930,-3.906,55.664,-61.523,-16.113,847.816
1666057292.933,-122.070,-552.246,-58.594,-110.840,847.820
1666057292.937,-106.934,-1000.000,-59.082,-81.055,847.824
1666057292.941,33.691,-392.578,-52.734,27.832,847.828
1666057292.945,56.641,528.320,-53.711,19.043,847.832
1666057292.949,-89.844,-139.160,-49.316,-92.773,847.835
1666057292.953,-130.371,-437.988,-35.645,-104.492,847.840
1666057292.957,-0.488,269.043,-36.133,0.977,847.843
1666057292.961,67.871,598.633,-45.410,45.898,847.847
1666057292.965,-54.199,-20.508,-44.922,-56.152,847.851
1666057292.969,-149.902,-395.996,-41.016,-119.629,847.855
1666057292.973,-52.246,-228.027,-40.527,-25.391,847.859
1666057292.977,55.664,147.949,-34.180,53.711,847.863
1666057292.980,-27.832,-339.355,-39.551,-35.156,847.867
1666057292.984,-153.809,-964.844,-41.016,-131.348,847.871
1666057292.988,-86.914,-311.523,-33.691,-70.312,847.875
1666057292.992,66.406,395.508,-36.621,48.340,847.879
1666057292.996,20.020,113.281,-44.434,4.883,847.882
1666057293.011,-118.652,-235.840,-35.156,-108.887,847.903
1666057293.015,-111.328,-72.754,-28.809,-89.355,847.907
1666057293.019,25.879,50.293,-32.227,21.484,847.911
1666057293.023,54.199,99.609,-32.715,25.879,847.914
1666057293.027,-82.520,11.719,-31.738,-83.008,847.918
1666057293.031,-136.719,-460.449,-24.414,-107.910,847.922
1666057293.035,-16.602,-387.207,-17.090,-6.348,847.926
1666057293.038,64.453,-688.965,-17.578,46.875,847.930
1666057293.042,-54.199,-635.742,-22.949,-62.012,847.934
1666057293.046,-155.762,-147.461,-39.062,-134.277,847.938
1666057293.050,-61.523,-229.980,-36.133,-48.340,847.942
1666057293.054,63.477,111.328,-27.832,47.363,847.946
1666057293.043,-12.695,348.145,-28.809,-29.785,847.930
1666057293.047,-138.184,-48.828,-33.203,-137.207,847.934
1666057293.051,-89.844,-571.777,-24.902,-71.289,847.938
1666057293.055,48.340,-26.855,-16.602,40.039,847.942
1666057293.059,30.762,553.223,-19.531,2.930,847.946
1666057293.063,-104.492,-262.695,-20.508,-101.562,847.950
1666057293.067,-116.699,-703.125,-30.273,-95.215,847.954
1666057293.070,21.484,81.543,-25.391,23.926,847.958
1666057293.074,66.895,663.086,-14.648,42.969,847.962
1666057293.078,-83.496,123.535,-33.691,-91.797,847.965
1666057293.082,-153.320,-758.789,-39.062,-135.742,847.969
1666057293.086,-18.066,-264.160,-16.602,-27.344,847.973
1666057293.102,80.078,680.664,-6.836,37.109,847.991
1666057293.106,-34.668,105.957,-18.555,-56.641,847.995
1666057293.110,-146.973,-839.844,-31.738,-125.488,847.999
1666057293.114,-60.547,-490.723,-8.301,-40.039,848.003
1666057293.118,74.707,482.422,1.953,61.035,848.007
1666057293.122,10.254,64.453,-21.484,-3.906,848.011
1666057293.126,-126.953,-1000.000,-30.762,-114.258,848.015
1666057293.129,-98.145,-704.590,-0.977,-80.566,848.019
1666057293.133,53.223,457.520,12.207,39.551,848.023
1666057293.137,45.410,443.359,-10.742,27.344,848.026
1666057293.141,-104.004,-196.289,-21.484,-95.703,848.030
1666057293.145,-120.605,-193.359,-11.230,-105.469,848.034
1666057293.148,14.648,270.020,-5.371,12.695,848.035
1666057293.152,77.637,373.535,-4.883,52.734,848.039
1666057293.156,-54.688,15.625,-2.441,-67.383,848.043
1666057293.160,-143.555,-223.633,-8.789,-125.000,848.046
1666057293.164,-44.434,-145.996,-14.160,-29.297,848.050
1666057293.168,58.594,-62.500,-20.020,38.086,848.054
1666057293.172,-26.855,-181.641,-20.996,-55.176,848.058
1666057293.175,-138.184,-235.352,-14.648,-141.113,848.062
1666057293.179,-83.008,-27.832,-15.625,-80.078,848.066
1666057293.183,50.781,-362.305,-18.066,35.645,848.070
1666057293.187,16.602,-687.988,-13.184,-11.230,848.074
1666057293.191,-123.047,-304.199,0.977,-129.395,848.078
1666057293.191,-122.070,-331.543,15.625,-97.656,848.076
1666057293.195,20.996,52.246,16.602,24.414,848.080
1666057293.199,40.527,254.883,7.812,14.160,848.084
1666057293.203,-104.004,-137.207,15.137,-111.328,848.088
1666057293.207,-137.207,-484.863,16.602,-117.188,848.092
1666057293.211,-9.766,-469.238,17.090,-3.906,848.096
1666057293.215,55.664,119.629,20.020,35.156,848.100
1666057293.218,-55.664,-105.957,19.043,-67.383,848.104
1666057293.222,-152.344,-665.039,26.855,-124.512,848.108
1666057293.226,-61.523,-1000.000,26.855,-13.672,848.112
1666057293.230,61.035,-450.684,34.180,72.754,848.115
1666057293.234,-25.391,301.758,20.020,-36.133,848.119
1666057293.237,-152.832,-305.664,5.371,-144.531,848.122
1666057293.241,-95.215,-246.094,5.859,-80.078,848.126
1666057293.245,50.293,580.566,8.301,33.691,848.130
1666057293.249,22.461,543.945,7.324,-9.766,848.134
1666057293.253,-118.652,-291.992,5.371,-119.629,848.138
1666057293.257,-124.512,-610.840,15.625,-93.262,848.142
1666057293.261,12.695,81.543,16.602,23.926,848.146
1666057293.264,46.875,590.820,-2.441,39.551,848.149
1666057293.268,-103.516,-401.367,-3.418,-74.707,848.153
1666057293.272,-159.180,-985.840,15.137,-106.934,848.157
1666057293.276,-15.625,27.832,18.555,1.465,848.161
1666057293.280,71.777,557.129,14.648,50.781,848.165
1666057293.280,-52.246,-153.320,20.508,-51.270,848.166
1666057293.284,-160.645,-378.906,23.438,-131.836,848.170
1666057293.288,-65.430,-98.145,21.973,-52.734,848.174
1666057293.292,61.523,87.891,25.391,45.410,848.178
1666057293.296,-10.254,-47.852,16.602,-19.043,848.181
1666057293.300,-135.742,-525.879,13.184,-124.512,848.185
1666057293.304,-100.586,-364.258,20.996,-75.684,848.189
1666057293.307,50.293,117.676,20.996,49.316,848.193
1666057293.311,35.156,-629.883,11.719,23.926,848.197
1666057293.315,-113.281,-728.516,26.367,-104.004,848.201
1666057293.319,-123.047,-156.738,35.645,-104.980,848.205
1666057293.323,6.348,17.090,26.367,10.742,848.209
1666057293.327,51.758,227.051,28.809,43.457,848.212
1666057293.331,-65.430,149.902,34.180,-69.824,848.216
1666057293.335,-129.883,-125.488,27.832,-108.398,848.220
1666057293.339,-17.578,-273.926,34.180,8.301,848.224
1666057293.343,78.613,162.109,47.852,65.918,848.228
1666057293.347,-27.832,82.031,32.227,-56.641,848.232
1666057293.351,-139.160,-550.293,20.020,-137.207,848.236
1666057293.354,-62.012,-827.148,24.902,-35.156,848.240
1666057293.358,69.336,-187.500,18.555,63.477,848.244
1666057293.362,8.301,482.910,6.836,-4.395,848.248
1666057293.366,-123.535,-186.523,7.324,-108.887,848.251
1666057293.370,-91.309,-475.586,22.461,-71.777,848.255
1666057293.371,32.715,307.129,36.133,38.574,848.272
1666057293.375,36.133,604.004,36.133,19.531,848.276
1666057293.379,-96.680,-360.352,16.113,-93.262,848.280
1666057293.383,-134.277,-948.730,14.648,-94.238,848.284
1666057293.387,-0.977,-114.746,30.273,12.695,848.288
1666057293.391,53.223,331.543,23.926,38.574,848.292
1666057293.395,-71.289,-448.242,9.766,-70.801,848.296
1666057293.398,-145.508,-1000.000,15.137,-115.723,848.300
1666057293.402,-41.016,-238.770,29.785,-15.625,848.304
1666057293.406,66.406,667.480,25.391,58.105,848.308
1666057293.410,-25.391,144.531,13.672,-31.738,848.312
1666057293.414,-142.090,-450.684,5.371,-125.977,848.315
1666057293.418,-70.312,-83.984,5.371,-58.105,848.305
1666057293.422,59.570,491.699,2.930,53.223,848.309
1666057293.426,17.578,252.930,-6.836,7.324,848.313
1666057293.430,-115.723,-280.273,-1.953,-112.305,848.317
1666057293.434,-110.840,-231.934,11.719,-97.168,848.321
1666057293.438,28.809,140.625,12.695,20.996,848.324
1666057293.442,49.316,-187.500,8.789,24.414,848.328
1666057293.445,-94.727,-630.859,19.043,-88.379,848.332
1666057293.449,-135.742,-321.777,24.414,-107.910,848.336
1666057293.453,1.465,146.484,16.602,5.859,848.340
1666057293.457,67.871,-315.430,6.836,54.688,848.344
1666057293.461,-66.895,-708.984,6.836,-55.664,848.348
1666057293.461,-149.902,-224.609,10.742,-128.906,848.362
1666057293.465,-43.945,-89.355,12.695,-41.504,848.366
1666057293.469,70.801,15.625,19.531,45.898,848.370
1666057293.473,-4.883,35.156,12.695,-37.109,848.373
1666057293.477,-135.254,-195.801,0.488,-134.766,848.377
1666057293.481,-93.750,-456.543,18.066,-67.871,848.381
1666057293.485,43.457,-852.539,28.320,42.480,848.385
1666057293.488,10.742,-757.324,23.926,-6.348,848.389
1666057293.492,-124.023,-239.746,28.320,-130.371,848.393
1666057293.496,-117.676,-599.121,33.203,-115.234,848.397
1666057293.500,21.484,-241.211,39.551,6.836,848.401
1666057293.504,46.387,646.484,34.180,15.137,848.405
1666057293.524,-86.914,209.961,21.973,-99.609,848.412
1666057293.528,-138.672,-375.488,27.832,-130.371,848.416
1666057293.532,-21.973,57.129,33.691,-23.438,848.420
1666057293.536,71.777,740.723,27.344,35.156,848.424
1666057293.540,-35.645,329.102,19.043,-63.965,848.428
1666057293.544,-139.160,-626.465,23.438,-131.348,848.432
1666057293.548,-60.059,-465.332,39.062,-57.129,848.435
1666057293.551,60.059,534.668,38.574,20.996,848.439
1666057293.555,-9.766,418.945,21.484,-51.270,848.443
1666057293.559,-153.809,-607.422,18.555,-153.809,848.447
1666057293.563,-110.352,-660.645,29.297,-96.680,848.451
1666057293.567,67.383,456.055,31.250,49.316,848.455
1666057293.565,54.688,568.848,20.020,20.020,848.451
1666057293.569,-116.699,-362.793,5.859,-124.512,848.455
1666057293.573,-117.676,-563.965,14.160,-110.352,848.459
1666057293.577,31.250,166.992,23.926,21.484,848.463
1666057293.581,53.223,420.410,12.695,34.668,848.466
1666057293.585,-84.961,-496.582,23.438,-78.125,848.470
1666057293.589,-152.344,-629.395,36.621,-117.676,848.474
1666057293.592,-33.691,186.523,29.785,-20.996,848.478
1666057293.596,65.918,316.406,23.438,46.387,848.482
1666057293.600,-51.270,-767.090,12.207,-41.016,848.486
1666057293.604,-164.062,-912.598,20.020,-123.047,848.490
1666057293.608,-80.078,-124.023,36.133,-63.965,848.494
1666057293.614,54.688,239.746,38.574,39.062,848.503
1666057293.618,5.371,84.961,33.203,-19.531,848.506
1666057293.622,-136.719,-107.422,23.438,-139.160,848.510
1666057293.626,-124.512,-63.965,20.508,-108.398,848.514
1666057293.630,15.625,-38.574,24.902,13.184,848.518
1666057293.634,14.160,-95.703,28.809,-4.883,848.522
1666057293.638,-126.465,-298.828,30.762,-132.812,848.526
1666057293.641,-148.438,-341.797,34.180,-131.348,848.530
1666057293.645,-11.719,-470.215,39.062,-2.930,848.534
1666057293.649,52.734,-137.207,45.898,29.785,848.538
1666057293.653,-74.219,257.324,36.133,-92.773,848.542
1666057293.657,-159.668,-327.148,21.484,-144.531,848.546
1666057293.656,-44.922,-196.777,33.691,-31.738,848.543
1666057293.660,69.336,562.988,43.457,46.875,848.547
1666057293.664,-20.996,166.992,31.250,-39.062,848.551
1666057293.668,-139.648,-768.555,23.926,-109.863,848.554
1666057293.672,-66.406,-656.250,38.086,-36.621,848.558
1666057293.676,78.125,103.516,48.828,52.246,848.562
1666057293.680,26.855,247.559,38.574,-11.719,848.566
1666057293.683,-120.605,-355.957,32.227,-122.070,848.570
1666057293.687,-119.629,-1000.000,29.297,-89.355,848.574
1666057293.691,28.809,-479.492,47.852,27.344,848.578
1666057293.695,61.035,591.309,60.547,28.809,848.582
1666057293.699,-81.543,-37.109,53.711,-90.332,848.586
1666057293.718,-127.441,-448.730,47.363,-114.258,848.605
1666057293.722,-12.695,284.668,44.922,-4.883,848.609
1666057293.726,58.594,684.082,43.945,31.738,848.612
1666057293.730,-53.223,73.730,41.016,-76.660,848.616
1666057293.734,-149.414,-364.746,38.086,-137.207,848.620
1666057293.738,-47.852,-205.566,42.969,-40.039,848.624
1666057293.742,81.055,225.586,48.828,53.711,848.628
1666057293.745,4.883,-358.398,30.273,-16.602,848.632
1666057293.749,-120.605,-910.645,28.320,-111.328,848.636
1666057293.753,-67.383,-86.914,49.316,-59.570,848.640
1666057293.757,73.730,444.824,46.875,62.500,848.644
1666057293.761,34.668,307.617,36.133,15.137,848.648
1666057293.761,-118.164,-40.527,21.484,-117.676,848.647
1666057293.765,-117.676,-50.781,26.367,-98.145,848.651
1666057293.769,15.137,75.195,39.062,33.203,848.655
1666057293.773,51.758,28.320,43.945,41.504,848.659
1666057293.777,-78.125,-24.902,39.062,-89.355,848.663
1666057293.781,-138.184,-416.992,33.691,-117.676,848.667
1666057293.785,-16.113,-446.289,43.945,-5.371,848.671
1666057293.788,66.406,135.742,34.180,50.293,848.675
1666057293.792,-40.527,73.242,25.391,-56.152,848.679
1666057293.796,-149.902,-346.191,34.668,-131.836,848.683
1666057293.800,-71.289,-325.684,38.086,-36.621,848.687
1666057293.804,48.828,-875.488,29.297,64.941,848.690
1666057293.807,-20.508,-670.410,33.203,-17.578,848.694
1666057293.811,-145.508,-162.109,35.645,-127.441,848.698
1666057293.815,-113.281,-263.672,37.598,-78.613,848.702
1666057293.819,27.832,361.816,43.457,39.062,848.706
1666057293.823,22.461,653.809,32.715,4.883,848.710
1666057293.827,-114.258,-259.277,25.391,-115.234,848.714
1666057293.831,-133.789,-741.211,28.320,-111.328,848.717
1666057293.834,6.348,30.273,32.227,2.930,848.721
1666057293.838,56.641,701.172,32.715,22.461,848.725
1666057293.842,-84.473,187.500,21.484,-94.727,848.729
1666057293.846,-152.832,-748.535,19.043,-130.859,848.733
1666057293.850,-42.480,-505.859,46.875,-16.602,848.737
1666057293.837,49.805,542.480,48.828,49.316,848.735
1666057293.841,-49.805,276.855,19.531,-53.223,848.739
1666057293.845,-147.949,-763.672,11.230,-125.977,848.743
1666057293.849,-72.266,-437.988,26.855,-54.199,848.747
1666057293.853,59.082,563.477,35.156,48.828,848.751
1666057293.857,2.930,29.297,26.367,-10.742,848.755
1666057293.861,-137.695,-724.121,26.367,-129.395,848.759
1666057293.864,-113.281,-246.582,29.297,-98.145,848.763
1666057293.868,25.391,522.949,32.715,23.438,848.767
1666057293.872,22.461,196.289,24.414,14.648,848.771
1666057293.876,-120.605,-901.855,19.043,-100.098,848.775
1666057293.880,-138.184,-510.254,33.691,-116.211,848.778
1666057293.884,0.000,340.820,37.109,-2.930,848.796
1666057293.888,63.477,299.316,42.969,44.434,848.799
1666057293.892,-59.082,-149.414,50.293,-67.383,848.803
1666057293.896,-144.531,-238.281,45.898,-129.395,848.807
1666057293.900,-46.875,229.492,32.227,-33.203,848.811
1666057293.904,60.547,-100.586,5.859,42.480,848.815
1666057293.908,-29.297,-732.422,8.789,-49.316,848.819
1666057293.911,-143.555,-248.047,34.668,-135.254,848.823
1666057293.915,-84.473,-62.500,30.273,-63.965,848.827
1666057293.919,54.199,221.191,34.668,39.551,848.831
1666057293.923,13.184,349.609,40.039,-14.648,848.835
1666057293.927,-126.953,-41.504,29.297,-125.488,848.839
1666057293.941,-112.305,-314.941,24.414,-99.121,848.827
1666057293.945,28.809,97.656,29.297,25.391,848.831
1666057293.949,52.246,330.566,23.438,25.391,848.835
1666057293.953,-83.984,-202.637,25.391,-99.609,848.839
1666057293.957,-133.301,-509.766,30.273,-114.746,848.843
1666057293.961,-20.020,-990.234,24.902,3.906,848.847
1666057293.965,59.082,-495.605,29.297,51.758,848.851
1666057293.968,-46.387,229.004,26.855,-63.965,848.855
1666057293.972,-142.578,-529.785,24.414,-135.254,848.859
1666057293.976,-54.688,-469.727,29.785,-49.805,848.863
1666057293.980,75.684,604.004,31.250,40.039,848.866
1666057293.984,6.836,478.516,21.973,-30.762,848.870
1666057293.986,-127.441,-463.867,27.344,-124.023,848.872
1666057293.990,-91.797,-442.383,33.203,-72.266,848.876
1666057293.994,52.734,489.746,31.738,39.062,848.880
1666057293.998,31.738,538.574,30.273,8.301,848.884
1666057294.002,-123.047,-283.691,18.066,-118.652,848.888
1666057294.006,-124.512,-638.184,13.184,-93.262,848.891
1666057294.010,17.090,-178.223,21.973,38.574,848.895
1666057294.013,46.875,166.016,22.949,33.203,848.899
1666057294.017,-93.262,-567.383,9.277,-80.078,848.903
1666057294.021,-156.250,-839.355,18.066,-111.328,848.907
1666057294.025,-26.367,145.020,33.203,-4.395,848.911
1666057294.029,63.477,375.000,17.578,52.246,848.915
1666057294.031,-40.039,-59.082,19.043,-49.805,848.917
1666057294.035,-144.043,-214.844,22.949,-124.023,848.921
1666057294.039,-70.312,-92.773,20.996,-52.246,848.925
1666057294.043,62.500,52.246,22.949,44.922,848.929
1666057294.047,-7.812,-325.684,20.508,-26.855,848.933
1666057294.051,-132.324,-720.215,20.020,-129.395,848.937
1666057294.055,-78.613,-324.219,23.926,-69.824,848.941
1666057294.058,50.781,59.082,26.367,39.551,848.945
1666057294.062,22.949,-299.805,27.344,8.789,848.949
1666057294.066,-118.652,-432.617,29.297,-126.465,848.953
1666057294.070,-146.484,-274.414,23.438,-135.254,848.956
1666057294.074,-13.672,-125.488,16.113,-8.789,848.960
1666057294.077,42.480,104.980,21.973,16.113,848.976
1666057294.081,-83.984,190.918,27.832,-107.910,848.980
1666057294.085,-148.438,-205.566,27.832,-137.695,848.984
1666057294.089,-33.691,-48.340,33.203,-27.344,848.988
1666057294.093,60.059,463.379,31.250,37.109,848.992
1666057294.097,-43.945,94.238,22.949,-58.594,848.996
1666057294.101,-158.691,-569.336,22.949,-147.949,849.000
1666057294.104,-92.285,-860.352,18.555,-72.266,849.003
1666057294.108,46.875,-213.867,25.391,35.156,849.007
1666057294.112,5.859,496.582,37.598,-24.902,849.011
1666057294.116,-136.230,-166.016,40.527,-142.090,849.015
1666057294.120,-114.746,-507.812,46.875,-113.770,849.019
1666057294.122,31.738,52.246,59.082,10.254,849.012
1666057294.126,31.738,507.812,47.852,0.488,849.016
1666057294.130,-103.027,-196.777,27.832,-116.211,849.020
1666057294.134,-141.602,-980.469,33.203,-121.094,849.024
1666057294.138,-12.207,-217.773,45.410,-2.930,849.028
1666057294.142,58.594,391.602,38.574,33.203,849.032
1666057294.146,-69.336,-358.887,19.531,-84.961,849.036
1666057294.149,-153.809,-896.484,20.508,-138.672,849.040
1666057294.153,-46.875,-97.168,31.738,-44.434,849.043
1666057294.157,63.477,689.453,29.297,35.645,849.047
1666057294.161,-31.250,112.793,28.809,-52.246,849.051
1666057294.165,-149.902,-498.535,27.344,-134.277,849.055
1666057294.167,-86.914,-60.547,31.250,-54.199,849.052
1666057294.171,51.270,540.527,35.645,49.316,849.056
1666057294.175,11.719,192.871,22.461,0.000,849.060
1666057294.179,-125.488,-424.316,17.578,-108.398,849.064
1666057294.183,-112.793,-242.188,29.785,-84.473,849.068
1666057294.187,29.297,176.758,35.156,35.645,849.072
1666057294.191,52.246,-278.809,27.832,36.621,849.076
1666057294.194,-84.961,-934.570,32.227,-92.773,849.080
1666057294.198,-126.953,-367.188,35.645,-123.047,849.084
1666057294.202,1.953,148.438,21.973,-10.742,849.087
1666057294.206,73.730,351.562,18.066,39.551,849.091
1666057294.210,-45.898,137.695,14.160,-64.941,849.095
1666057294.210,-146.484,-199.707,9.766,-136.230,849.111
1666057294.214,-50.781,-83.008,17.090,-48.340,849.115
1666057294.218,75.684,47.363,24.902,46.875,849.118
1666057294.222,-9.766,49.805,22.461,-41.504,849.122
1666057294.226,-145.508,-199.707,20.508,-141.113,849.126
1666057294.230,-108.398,-494.629,17.090,-79.102,849.130
1666057294.234,30.762,-896.484,18.555,40.527,849.134
1666057294.237,20.020,-619.629,35.645,1.465,849.138
1666057294.241,-116.699,-19.043,34.180,-121.582,849.142
1666057294.245,-124.512,-585.938,22.461,-103.027,849.146
1666057294.249,29.297,-277.832,24.414,22.949,849.150
1666057294.253,81.543,734.375,31.250,45.410,849.154
1666057294.258,-68.359,325.684,21.484,-79.590,849.156
1666057294.262,-134.766,-379.883,16.602,-117.676,849.160
1666057294.266,-9.277,-19.531,32.715,-2.930,849.164
1666057294.270,68.359,686.523,29.297,54.688,849.168
1666057294.274,-39.062,349.121,22.949,-53.223,849.171
1666057294.278,-140.625,-640.625,28.320,-132.324,849.175
1666057294.282,-68.848,-501.953,29.297,-55.664,849.179
1666057294.285,59.570,361.816,27.832,45.410,849.183
1666057294.289,1.953,142.090,23.438,-22.949,849.187
1666057294.293,-127.930,-759.277,17.090,-133.301,849.191
1666057294.297,-88.379,-669.434,36.621,-83.008,849.195
1666057294.301,55.664,483.398,38.086,31.250,849.199
1666057294.331,29.297,408.691,18.555,-7.812,849.217
1666057294.335,-123.047,-285.645,12.695,-135.254,849.221
1666057294.339,-142.578,-490.723,18.066,-127.930,849.225
1666057294.343,-4.395,16.113,34.180,-0.977,849.229
1666057294.347,44.434,340.332,29.297,16.602,849.233
1666057294.351,-85.449,-713.379,14.648,-94.238,849.237
1666057294.355,-152.832,-850.098,35.645,-131.348,849.241
1666057294.358,-55.176,138.184,39.062,-41.504,849.245
1666057294.362,44.434,226.074,13.184,25.391,849.248
1666057294.366,-38.574,-296.875,6.348,-58.594,849.252
1666057294.370,-144.531,-457.520,15.625,-127.930,849.256
1666057294.374,-74.707,-177.734,24.414,-53.223,849.260
1666057294.377,56.641,184.082,31.250,45.410,849.262
1666057294.381,3.418,110.840,27.832,-13.672,849.266
1666057294.385,-135.742,-81.543,23.438,-125.977,849.270
1666057294.389,-111.328,-139.160,27.832,-96.680,849.274
1666057294.393,29.297,-24.414,25.879,25.391,849.278
1666057294.397,38.574,-150.879,23.438,9.766,849.282
1666057294.401,-89.844,-259.277,24.902,-119.629,849.286
1666057294.404,-127.441,-353.027,32.715,-121.582,849.290
1666057294.408,-2.441,-159.668,43.457,-2.441,849.294
1666057294.412,62.012,391.113,36.621,26.367,849.298
1666057294.416,-59.082,295.898,33.203,-79.102,849.302
1666057294.420,-141.113,-272.949,32.227,-125.977,849.305
1666057294.408,-43.945,-728.027,25.391,-30.273,849.298
1666057294.412,60.547,-145.508,29.297,48.828,849.302
1666057294.416,-21.973,141.113,22.461,-42.969,849.306
1666057294.420,-143.066,-608.398,22.949,-123.047,849.310
1666057294.424,-89.844,-918.945,28.809,-50.293,849.314
1666057294.428,60.059,-275.879,31.250,48.340,849.318
1666057294.432,29.297,341.309,20.020,-5.859,849.322
1666057294.435,-121.582,-365.723,12.207,-121.094,849.326
1666057294.439,-118.164,-644.043,25.879,-107.422,849.330
1666057294.443,25.879,344.238,32.715,8.301,849.333
1666057294.447,39.062,636.719,20.020,9.277,849.337
1666057294.451,-104.492,-389.648,6.348,-102.539,849.341
1666057294.453,-150.391,-835.449,13.184,-115.234,849.343
1666057294.457,-20.996,167.480,28.320,-11.230,849.347
1666057294.461,64.941,643.555,18.555,29.785,849.351
1666057294.465,-52.246,-66.406,15.137,-80.078,849.355
1666057294.469,-152.344,-553.711,24.414,-143.555,849.359
1666057294.473,-56.152,-265.625,29.785,-43.945,849.363
1666057294.477,69.824,270.508,30.762,51.758,849.367
1666057294.480,-3.418,-279.785,12.207,-21.973,849.371
1666057294.484,-137.695,-899.902,15.137,-120.117,849.375
1666057294.488,-90.820,-101.074,26.367,-78.125,849.379
1666057294.492,53.711,450.684,15.625,30.273,849.382
1666057294.496,30.762,339.844,13.672,1.465,849.386
1666057294.496,-112.793,-55.664,10.742,-118.164,849.382
1666057294.500,-129.883,-86.426,13.184,-117.676,849.386
1666057294.504,9.766,103.516,20.508,5.371,849.390
1666057294.508,49.805,229.004,18.555,27.832,849.394
1666057294.512,-87.891,71.289,10.254,-87.891,849.398
1666057294.516,-144.531,-492.676,13.184,-126.465,849.402
1666057294.520,-16.113,-378.418,15.137,-12.695,849.406
1666057294.523,74.707,-689.453,6.836,57.129,849.410
1666057294.527,-37.598,-818.359,22.949,-62.012,849.414
1666057294.531,-142.090,-246.094,30.762,-147.949,849.418
1666057294.535,-67.383,-208.496,23.438,-61.035,849.422
1666057294.539,65.918,313.965,25.391,38.574,849.425
1666057294.543,2.930,530.273,24.902,-28.809,849.430
1666057294.547,-130.859,-52.734,24.902,-125.977,849.434
1666057294.551,-83.984,-321.289,33.203,-67.383,849.438
1666057294.555,52.246,258.301,34.668,52.734,849.442
1666057294.559,27.344,559.082,17.090,10.254,849.446
1666057294.563,-114.746,-175.781,6.836,-121.582,849.450
1666057294.567,-126.465,-914.551,12.207,-108.887,849.454
1666057294.570,10.254,-337.891,19.043,11.230,849.457
1666057294.574,66.895,501.465,14.160,31.738,849.461
1666057294.578,-60.547,-111.328,3.906,-73.730,849.465
1666057294.582,-136.230,-683.105,5.859,-121.582,849.469
1666057294.586,-27.344,-97.656,5.859,-33.203,849.473
1666057294.586,75.195,666.016,-5.859,33.203,849.487
1666057294.590,-35.645,216.797,-11.230,-57.617,849.491
1666057294.594,-157.715,-697.754,-9.766,-135.742,849.494
1666057294.598,-81.543,-428.223,1.953,-63.965,849.498
1666057294.602,57.129,570.801,5.859,31.738,849.502
1666057294.606,2.441,148.926,-9.277,-17.578,849.506
1666057294.610,-125.977,-1000.000,-4.395,-108.887,849.510
1666057294.613,-95.215,-660.645,17.578,-77.148,849.514
1666057294.617,46.387,433.105,21.484,32.227,849.518
1666057294.621,60.547,399.414,21.484,28.320,849.522
1666057294.625,-83.008,-176.758,26.367,-89.844,849.526
1666057294.629,-129.883,-418.457,22.461,-112.793,849.530
1666057294.634,0.488,129.883,24.414,2.930,849.530
1666057294.638,65.430,219.238,24.902,51.758,849.534
1666057294.642,-74.219,-296.387,17.090,-79.590,849.538
1666057294.646,-167.969,-232.910,10.742,-146.973,849.542
1666057294.650,-59.082,54.688,8.789,-35.645,849.546
1666057294.654,60.547,192.871,12.207,47.852,849.550
1666057294.658,-35.156,-196.289,20.020,-48.340,849.554
1666057294.661,-155.762,-335.449,17.578,-145.020,849.558
1666057294.665,-77.637,-127.930,20.508,-67.383,849.562
1666057294.669,69.336,-146.484,23.926,58.105,849.566
1666057294.673,29.785,-16.602,12.695,7.812,849.569
1666057294.677,-114.258,-45.410,6.348,-118.164,849.573
1666057294.735,-109.375,-368.652,8.301,-96.191,849.652
1666057294.739,40.527,-128.418,20.508,30.762,849.656
1666057294.743,76.172,108.398,20.020,40.527,849.659
1666057294.747,-72.266,-381.836,6.836,-86.426,849.663
1666057294.751,-130.859,-688.965,5.859,-117.188,849.667
1666057294.755,-6.348,-997.559,5.859,1.953,849.671
1666057294.759,66.895,-612.793,13.672,54.688,849.675
1666057294.762,-53.223,149.902,10.254,-61.523,849.679
1666057294.766,-144.531,-466.797,3.418,-123.047,849.683
1666057294.770,-54.199,-374.512,17.090,-28.320,849.687
1666057294.774,67.871,549.805,22.461,54.688,849.691
1666057294.778,-1.953,391.602,8.789,-32.227,849.695
1666057294.770,-133.301,-422.852,2.441,-133.789,849.656
1666057294.774,-91.797,-407.715,18.555,-76.172,849.660
1666057294.778,45.898,420.898,25.879,43.457,849.664
1666057294.782,23.438,443.359,8.789,6.836,849.668
1666057294.786,-119.629,-440.918,1.465,-120.605,849.672
1666057294.790,-124.023,-865.234,10.254,-109.375,849.676
1666057294.794,14.160,-190.430,28.320,14.160,849.680
1666057294.797,51.758,414.062,22.461,28.320,849.684
1666057294.801,-82.031,-352.539,0.977,-90.332,849.688
1666057294.805,-144.531,-686.035,9.766,-128.906,849.691
1666057294.809,-25.879,162.598,17.090,-18.066,849.695
1666057294.813,71.289,469.238,11.230,50.781,849.699
1666057294.773,-33.691,-159.180,9.277,-46.387,849.665
1666057294.777,-134.277,-499.023,18.555,-124.023,849.669
1666057294.781,-46.387,-346.191,31.250,-41.016,849.673
1666057294.785,78.125,-50.781,23.438,59.082,849.677
1666057294.789,3.418,-371.094,5.859,-15.137,849.681
1666057294.793,-130.859,-770.996,6.836,-123.535,849.685
1666057294.797,-96.191,-505.859,12.207,-84.473,849.689
1666057294.800,51.270,-145.020,14.648,39.062,849.692
1666057294.804,50.293,-2.441,9.277,26.367,849.696
1666057294.808,-97.656,-63.965,4.395,-103.516,849.700
1666057294.812,-126.465,-178.711,11.230,-113.770,849.704
1666057294.816,4.883,-161.133,18.066,4.395,849.708
1666057294.826,61.035,128.418,11.230,38.086,849.727
1666057294.830,-69.824,124.023,1.953,-81.543,849.731
1666057294.834,-145.020,-210.449,4.395,-136.230,849.735
1666057294.838,-29.785,-480.469,9.277,-32.715,849.738
1666057294.842,68.848,-945.801,9.277,48.340,849.742
1666057294.846,-37.109,-1000.000,5.859,-46.387,849.746
1666057294.850,-150.879,-883.301,12.207,-142.578,849.750
1666057294.853,-81.543,-411.621,20.508,-73.242,849.754
1666057294.857,46.387,466.309,19.531,36.621,849.758
1666057294.861,-6.836,501.465,8.789,-15.137,849.762
1666057294.865,-138.672,-337.891,12.695,-125.977,849.766
1666057294.869,-117.676,-531.738,15.137,-103.516,849.770
1666057294.871,21.973,319.336,17.090,16.113,849.757
1666057294.875,33.691,756.348,15.137,11.719,849.761
1666057294.879,-100.098,-105.469,10.254,-102.539,849.765
1666057294.883,-129.883,-924.316,15.625,-112.305,849.769
1666057294.887,4.395,-149.414,19.531,-4.395,849.773
1666057294.891,68.848,542.969,12.695,35.645,849.776
1666057294.895,-62.988,-323.730,-0.977,-76.172,849.780
1666057294.898,-146.973,-754.395,10.742,-132.324,849.784
1666057294.902,-40.527,67.871,27.344,-30.762,849.788
1666057294.906,71.777,814.941,16.602,42.969,849.792
1666057294.910,-25.391,82.520,0.977,-47.363,849.796
1666057294.914,-148.926,-845.215,-4.883,-140.625,849.800
1666057294.919,-92.285,-324.707,13.184,-82.520,849.807
1666057294.923,45.898,537.109,24.414,31.738,849.811
1666057294.927,13.184,186.523,7.324,-17.578,849.815
1666057294.931,-129.883,-439.453,-0.488,-141.113,849.819
1666057294.935,-111.328,-104.980,2.441,-109.863,849.823
1666057294.939,40.527,306.152,4.395,24.414,849.827
1666057294.943,48.828,-134.277,0.977,22.949,849.831
1666057294.946,-99.121,-630.371,4.883,-104.004,849.834
1666057294.950,-138.184,-132.812,12.695,-128.418,849.838
1666057294.954,-21.484,216.797,15.137,-20.996,849.842
1666057294.958,45.898,328.613,14.160,21.973,849.846
1666057294.962,-66.895,159.668,6.348,-84.473,849.850
1666057294.961,-153.320,-69.824,9.277,-144.043,849.862
1666057294.965,-60.547,-70.801,13.184,-44.434,849.866
1666057294.969,56.152,109.863,18.555,52.734,849.870
1666057294.973,-12.207,-65.918,20.508,-28.320,849.874
1666057294.977,-143.555,-397.949,11.230,-137.207,849.878
1666057294.981,-101.074,-422.363,8.301,-79.590,849.882
1666057294.985,44.922,-884.277,8.301,37.598,849.886
1666057294.988,23.926,-768.555,17.090,-2.441,849.890
1666057294.992,-122.559,-151.855,15.625,-125.488,849.894
1666057294.996,-136.719,-351.562,10.254,-123.535,849.898
1666057295.000,3.906,70.801,24.902,-6.348,849.901
1666057295.004,41.992,668.457,23.926,13.184,849.905
1666057295.008,-91.309,182.129,11.719,-103.027,849.907
1666057295.012,-158.203,-468.750,14.648,-143.555,849.911
1666057295.016,-32.227,-104.980,23.926,-29.297,849.915
1666057295.020,78.613,656.738,15.625,43.457,849.918
1666057295.024,-40.527,268.066,7.324,-56.641,849.922
1666057295.028,-169.434,-649.902,13.184,-139.160,849.926
1666057295.032,-89.844,-610.352,20.508,-69.336,849.930
1666057295.035,42.969,239.746,23.926,26.855,849.934
1666057295.039,-8.789,392.090,14.160,-33.691,849.938
1666057295.043,-142.090,-651.367,-5.859,-128.906,849.942
1666057295.047,-116.211,-749.023,1.953,-90.332,849.946
1666057295.051,33.691,415.039,18.066,24.902,849.950
1666057295.070,29.297,476.074,7.324,7.324,849.966
1666057295.074,-109.375,-229.004,8.789,-111.328,849.970
1666057295.078,-127.930,-523.438,20.508,-110.352,849.974
1666057295.082,10.742,38.086,28.320,14.160,849.978
1666057295.086,72.754,411.133,9.766,51.758,849.982
1666057295.090,-60.547,-627.441,-4.395,-64.941,849.986
1666057295.094,-136.719,-893.066,18.066,-116.211,849.990
1666057295.097,-27.832,8.301,22.461,-20.508,849.994
1666057295.101,69.336,172.363,7.324,53.711,849.998
1666057295.105,-32.227,-660.645,-1.953,-41.504,850.002
1666057295.109,-146.973,-535.645,2.441,-137.695,850.005
1666057295.113,-85.449,49.805,-1.953,-62.012,850.009
1666057295.111,51.270,298.828,0.000,45.410,849.997
1666057295.115,18.555,327.148,0.488,-12.695,850.001
1666057295.119,-119.629,5.371,2.441,-123.047,850.005
1666057295.123,-107.422,-104.004,6.836,-95.703,850.009
1666057295.127,30.273,139.160,11.719,22.461,850.013
1666057295.131,35.156,82.520,5.859,22.461,850.017
1666057295.135,-107.422,-221.191,-5.371,-98.633,850.021
1666057295.138,-136.719,-250.488,-3.418,-119.141,850.025
1666057295.142,1.953,-433.594,-1.953,1.465,850.029
1666057295.146,67.871,-39.062,0.977,43.457,850.032
1666057295.150,-48.828,92.773,-2.441,-69.336,850.036
1666057295.154,-130.371,-597.656,-6.348,-125.000,850.040
1666057295.156,-40.527,-651.367,9.277,-30.273,850.042
1666057295.160,67.871,199.707,20.996,56.152,850.046
1666057295.164,-16.113,220.703,2.930,-29.785,850.050
1666057295.168,-139.160,-684.570,-9.277,-129.883,850.054
1666057295.172,-91.309,-681.641,2.441,-69.336,850.058
1666057295.176,42.480,12.207,13.184,39.551,850.062
1666057295.180,8.301,295.410,-0.488,-10.742,850.066
1666057295.183,-125.488,-392.578,-11.230,-115.234,850.069
1666057295.187,-122.070,-821.777,-3.906,-86.914,850.073
1666057295.191,23.438,223.633,11.719,23.926,850.077
1666057295.195,59.570,764.648,7.324,28.809,850.081
1666057295.199,-89.355,3.906,-1.465,-90.820,850.085
1666057295.204,-137.695,-441.406,5.371,-113.281,850.094
1666057295.208,-1.953,-45.898,10.742,2.930,850.098
1666057295.212,72.266,529.297,4.883,51.270,850.102
1666057295.216,-57.129,-118.652,-5.371,-63.477,850.106
1666057295.220,-129.883,-662.109,1.953,-108.887,850.110
1666057295.224,-27.344,-245.605,13.184,-6.348,850.114
1666057295.228,76.660,226.074,19.043,72.754,850.118
1666057295.231,1.465,-253.906,11.719,5.371,850.121
1666057295.235,-140.625,-794.922,6.836,-109.863,850.125
1666057295.239,-96.191,-57.617,7.324,-74.707,850.129
1666057295.243,53.711,418.457,1.953,44.922,850.133
1666057295.247,30.762,339.355,10.742,19.043,850.137
1666057295.290,-113.770,-20.020,17.090,-104.980,850.176
1666057295.294,-123.535,-70.312,9.766,-91.797,850.180
1666057295.298,16.113,36.133,2.930,29.297,850.184
1666057295.302,55.664,-111.328,0.488,38.574,850.187
1666057295.306,-84.473,-258.789,-1.465,-82.031,850.191
1666057295.310,-142.090,-506.348,-1.465,-120.117,850.195
1666057295.314,-27.832,-337.891,6.348,-8.301,850.199
1666057295.317,54.688,-666.016,-0.977,70.801,850.203
1666057295.321,-42.969,-840.332,0.000,-33.691,850.207
1666057295.325,-149.414,-232.422,3.906,-131.836,850.211
1666057295.329,-73.242,-155.273,-0.488,-47.363,850.215
1666057295.333,61.523,266.113,4.883,57.617,850.219
1666057295.296,4.883,512.695,2.441,-8.789,850.182
1666057295.300,-139.160,-27.344,-10.254,-122.070,850.185
1666057295.304,-122.070,-299.805,-12.207,-87.891,850.189
1666057295.308,36.621,308.105,0.488,37.598,850.193
1666057295.312,38.574,604.492,2.441,25.879,850.197
1666057295.316,-116.211,-234.863,-4.883,-93.262,850.201
1666057295.320,-136.719,-858.398,-1.465,-98.145,850.205
1666057295.323,17.578,-224.609,14.648,11.230,850.209
1666057295.327,74.219,631.836,16.113,36.621,850.213
1666057295.331,-57.617,124.023,0.977,-72.754,850.217
1666057295.335,-130.371,-662.598,4.883,-115.234,850.221
1666057295.339,-20.508,-180.664,20.508,-18.066,850.224
1666057295.336,84.961,649.414,16.113,54.688,850.237
1666057295.340,-11.230,232.422,-1.953,-37.598,850.240
1666057295.344,-134.277,-830.566,-2.441,-124.512,850.244
1666057295.348,-75.195,-495.605,6.836,-53.223,850.248
1666057295.352,63.965,544.434,-1.465,49.805,850.252
1666057295.356,18.066,135.254,-13.672,-7.812,850.256
1666057295.360,-124.512,-872.070,-23.926,-119.629,850.260
1666057295.363,-111.328,-1000.000,-14.648,-81.543,850.264
1666057295.367,37.598,-396.973,11.230,40.039,850.268
1666057295.371,54.688,29.785,12.695,30.762,850.272
1666057295.375,-83.496,-417.969,3.906,-88.867,850.276
1666057295.379,-126.465,-156.250,3.906,-101.562,850.280
1666057295.383,-0.977,359.863,5.371,15.137,850.312
1666057295.387,76.660,397.949,8.301,46.875,850.316
1666057295.391,-52.246,5.859,4.883,-71.777,850.320
1666057295.395,-138.184,-143.066,6.836,-131.836,850.324
1666057295.399,-40.039,143.066,18.066,-42.480,850.328
1666057295.403,67.871,231.445,9.277,44.434,850.332
1666057295.407,-23.438,-63.965,-6.836,-43.945,850.335
1666057295.410,-145.020,-166.992,-10.254,-149.902,850.339
1666057295.414,-82.520,-66.406,-9.277,-84.473,850.343
1666057295.418,66.895,-117.676,3.906,38.086,850.347
1666057295.422,32.715,-26.367,14.160,-11.719,850.351
1666057295.426,-115.234,-239.258,10.254,-131.836,850.355
1666057295.471,-109.375,-598.145,11.230,-106.445,850.387
1666057295.475,37.109,-144.043,18.066,10.254,850.390
1666057295.479,63.965,124.023,10.254,19.043,850.394
1666057295.483,-75.684,-104.980,-0.488,-100.098,850.398
1666057295.487,-135.742,-382.812,-4.395,-121.094,850.402
1666057295.491,-18.555,-780.273,2.930,-3.418,850.406
1666057295.495,82.031,-92.773,31.738,51.758,850.410
1666057295.498,-28.320,412.598,31.250,-63.477,850.414
1666057295.502,-142.578,-491.211,17.578,-140.137,850.418
1666057295.506,-59.570,-501.465,12.695,-53.711,850.422
1666057295.510,63.477,561.523,8.789,33.203,850.426
1666057295.514,-7.324,542.969,-4.883,-41.016,850.430
1666057295.505,-135.742,-440.430,-7.812,-138.184,850.395
1666057295.509,-87.402,-583.984,12.207,-80.078,850.399
1666057295.513,53.711,223.633,20.020,43.945,850.403
1666057295.517,28.809,492.188,12.695,11.230,850.407
1666057295.521,-119.141,-402.344,-6.348,-104.004,850.411
1666057295.525,-131.348,-963.379,0.488,-99.121,850.415
1666057295.529,20.996,-143.555,17.090,6.836,850.419
1666057295.532,64.941,449.219,3.418,31.738,850.423
1666057295.536,-81.055,-153.809,-16.113,-82.520,850.426
1666057295.540,-138.184,-484.375,-10.742,-117.676,850.430
1666057295.544,-16.113,179.688,0.000,-8.789,850.434
1666057295.548,72.754,519.531,-3.906,53.711,850.438
1666057295.531,-24.902,-57.129,-2.930,-38.574,850.417
1666057295.535,-134.766,-362.305,4.883,-119.141,850.421
1666057295.539,-58.105,-181.152,5.859,-37.598,850.425
1666057295.543,70.801,85.938,1.465,64.453,850.429
1666057295.547,4.395,-456.543,-4.395,0.977,850.433
1666057295.551,-118.652,-878.418,5.859,-106.445,850.437
1666057295.555,-82.031,-441.895,12.207,-72.266,850.441
1666057295.558,48.340,-68.359,8.789,43.945,850.445
1666057295.562,44.434,92.773,9.766,20.020,850.449
1666057295.566,-91.797,-11.719,6.348,-89.355,850.452
1666057295.570,-127.930,-74.219,9.766,-96.191,850.456
1666057295.574,-4.883,-62.988,17.090,11.719,850.460
1666057295.576,61.523,-757.812,8.789,57.617,850.462
1666057295.580,-60.547,-854.004,10.742,-59.570,850.466
1666057295.584,-139.160,-332.031,11.230,-122.559,850.470
1666057295.588,-40.039,-26.855,4.883,-23.438,850.474
1666057295.592,62.500,492.188,0.977,60.547,850.478
1666057295.596,-20.020,153.320,-7.324,-33.691,850.482
1666057295.600,-144.043,-451.660,-3.906,-133.301,850.486
1666057295.603,-90.820,-854.980,-5.371,-52.734,850.490
1666057295.607,43.457,-541.016,0.488,51.758,850.494
1666057295.611,-0.977,401.855,5.859,-14.648,850.497
1666057295.615,-137.695,-26.367,-8.789,-120.605,850.501
1666057295.619,-132.324,-431.152,0.977,-91.797,850.505
1666057295.622,15.137,343.750,10.742,28.320,850.510
1666057295.626,43.945,757.812,-4.395,29.297,850.514
1666057295.630,-101.562,-150.879,-13.672,-88.379,850.517
1666057295.634,-134.277,-805.176,-2.930,-98.145,850.521
1666057295.638,-3.906,-47.363,8.301,6.836,850.525
1666057295.642,56.641,461.914,-6.348,36.621,850.529
1666057295.646,-59.570,-238.770,-15.625,-76.172,850.533
1666057295.649,-154.785,-876.953,-7.324,-143.066,850.537
1666057295.653,-64.453,-128.418,8.301,-46.875,850.541
1666057295.657,62.012,650.391,13.184,51.270,850.545
1666057295.661,-7.812,-31.250,12.695,-19.531,850.549
1666057295.665,-132.812,-573.242,15.137,-113.281,850.553
1666057295.696,-80.566,-0.977,11.230,-65.918,850.583
1666057295.700,55.176,620.117,-4.883,31.250,850.587
1666057295.704,20.996,208.008,-10.254,-10.254,850.591
1666057295.708,-114.746,-370.117,7.324,-119.141,850.594
1666057295.712,-111.816,-163.574,11.230,-98.633,850.598
1666057295.716,24.902,235.352,7.324,20.020,850.602
1666057295.720,46.387,-229.004,1.953,33.691,850.606
1666057295.723,-91.309,-871.094,4.883,-86.914,850.610
1666057295.727,-143.555,-305.664,14.160,-120.605,850.614
1666057295.731,-10.742,198.730,8.301,0.977,850.618
1666057295.735,77.637,359.375,-6.836,54.688,850.622
1666057295.739,-46.875,87.402,-5.371,-54.199,850.626
1666057295.726,-149.414,-430.664,0.488,-130.371,850.614
1666057295.730,-59.082,-330.078,4.395,-44.434,850.617
1666057295.734,72.266,-348.633,12.207,63.477,850.621
1666057295.738,4.395,-286.621,16.602,-8.789,850.625
1666057295.742,-132.812,-56.641,16.113,-127.441,850.629
1666057295.746,-104.492,-498.047,8.789,-85.938,850.633
1666057295.750,49.316,-156.250,14.160,45.410,850.637
1666057295.753,46.387,489.746,17.578,27.832,850.641
1666057295.757,-109.375,150.879,0.000,-104.492,850.645
1666057295.761,-133.789,-542.969,-0.488,-104.004,850.649
1666057295.765,5.371,-167.969,8.301,18.066,850.653
1666057295.769,55.664,648.926,9.277,33.691,850.657
1666057295.758,-73.730,289.551,6.348,-83.984,850.687
1666057295.762,-141.113,-618.652,-6.348,-120.117,850.691
1666057295.766,-34.180,-711.914,-7.324,-12.207,850.695
1666057295.770,62.012,278.320,0.000,48.828,850.699
1666057295.774,-38.086,343.750,-11.719,-46.387,850.702
1666057295.778,-154.297,-592.285,-11.719,-117.188,850.706
1666057295.782,-79.590,-573.730,1.953,-45.898,850.710
1666057295.785,60.059,455.566,5.371,48.340,850.714
1666057295.789,13.184,513.672,-3.418,-10.254,850.718
1666057295.793,-127.441,-617.188,-19.531,-99.609,850.722
1666057295.797,-117.188,-725.098,-7.812,-65.918,850.726
1666057295.801,31.250,426.758,5.371,36.621,850.730
1666057295.816,38.086,520.020,-11.230,24.902,850.706
1666057295.820,-111.328,-172.363,-21.484,-95.215,850.710
1666057295.824,-137.695,-547.363,-12.207,-110.840,850.714
1666057295.828,3.418,75.684,-0.488,-7.324,850.718
1666057295.832,63.965,437.988,-12.695,28.809,850.722
1666057295.836,-63.477,-641.602,-16.113,-73.730,850.726
1666057295.840,-135.254,-965.332,8.789,-124.023,850.729
1666057295.843,-32.227,-111.816,11.230,-17.578,850.733
1666057295.847,67.871,277.344,-3.906,67.871,850.737
1666057295.851,-33.203,-181.641,-10.254,-29.297,850.741
1666057295.855,-147.461,-262.207,-7.812,-129.883,850.745
1666057295.859,-73.730,45.898,-7.324,-60.547,850.749
1666057295.863,63.965,168.457,-5.859,46.875,850.749
1666057295.867,16.602,116.699,4.883,-13.672,850.753
1666057295.871,-126.953,-51.758,4.883,-123.535,850.757
1666057295.875,-105.957,-55.664,0.488,-81.055,850.761
1666057295.879,38.574,-217.285,-1.465,46.875,850.765
1666057295.883,47.852,-552.734,-1.953,45.410,850.769
1666057295.887,-98.145,-376.465,-3.418,-92.773,850.773
1666057295.890,-136.719,-263.672,-4.395,-111.328,850.777
1666057295.894,-5.859,-639.160,-0.488,11.719,850.780
1666057295.898,69.824,-562.500,5.371,57.617,850.784
1666057295.902,-47.363,145.020,2.930,-49.805,850.788
1666057295.906,-134.277,-235.840,-16.602,-124.023,850.792
1666057295.906,-48.828,-230.469,-18.066,-40.527,850.792
1666057295.910,54.199,544.922,-14.160,38.574,850.796
1666057295.914,-27.832,284.180,-25.391,-44.434,850.800
1666057295.918,-152.344,-579.590,-26.367,-138.672,850.804
1666057295.922,-83.496,-455.078,-12.695,-69.336,850.808
1666057295.926,64.453,166.016,-9.277,47.363,850.812
1666057295.930,18.066,146.973,-14.160,-3.906,850.815
1666057295.933,-122.559,-473.145,-25.391,-124.023,850.819
1666057295.937,-122.559,-1000.000,-21.973,-91.797,850.823
1666057295.941,28.320,-300.293,3.906,36.621,850.827
1666057295.945,60.547,515.137,-15.137,36.133,850.831
1666057295.949,-77.148,-372.070,-24.414,-78.125,850.835
1666057295.967,-122.559,-650.391,6.348,-105.957,850.852
1666057295.971,-3.418,214.355,5.371,-4.395,850.856
1666057295.975,91.309,652.344,-7.812,55.176,850.860
1666057295.979,-21.973,-0.977,-9.766,-46.387,850.864
1666057295.983,-140.625,-440.430,-8.301,-126.465,850.868
1666057295.987,-58.105,-209.961,0.000,-35.156,850.872
1666057295.991,72.266,226.562,-2.441,62.500,850.876
1666057295.994,-13.672,-284.668,-20.996,-13.184,850.880
1666057295.998,-145.508,-841.309,-16.602,-109.863,850.884
1666057296.002,-95.703,-124.023,-0.977,-61.523,850.888
1666057296.006,41.992,377.441,-11.719,44.434,850.891
1666057296.010,30.762,193.848,-18.066,11.719,850.895
1666057296.027,-112.305,-220.703,-12.695,-114.746,850.916
1666057296.031,-124.023,-412.109,-12.207,-104.980,850.920
1666057296.035,11.719,-76.172,-10.742,21.484,850.924
1666057296.039,52.246,-401.367,-5.371,42.969,850.928
1666057296.043,-83.984,-615.723,0.000,-77.637,850.932
1666057296.047,-148.926,-446.289,-6.348,-121.094,850.936
1666057296.051,-28.809,-445.312,4.395,-6.836,850.940
1666057296.054,67.383,140.137,10.254,53.223,850.944
1666057296.058,-33.203,332.031,-8.789,-51.758,850.948
1666057296.062,-146.973,7.324,-16.602,-124.512,850.951
1666057296.066,-73.730,-416.504,-12.207,-41.016,850.955
1666057296.070,67.383,-372.559,-2.441,58.105,850.959
1666057296.040,14.160,310.059,0.977,-15.137,850.940
1666057296.044,-126.953,6.348,-15.137,-125.977,850.944
1666057296.048,-100.586,-361.816,-9.277,-83.984,850.948
1666057296.052,49.805,90.820,3.418,39.062,850.952
1666057296.056,41.992,337.891,-11.719,16.602,850.956
1666057296.060,-112.305,-284.180,-25.879,-106.934,850.960
1666057296.064,-137.695,-748.535,-9.766,-111.816,850.963
1666057296.067,2.930,-78.125,1.953,6.348,850.967
1666057296.071,50.781,621.094,-4.883,42.480,850.971
1666057296.075,-78.613,183.594,-18.555,-72.754,850.975
1666057296.079,-150.391,-566.406,-16.602,-129.395,850.979
1666057296.083,-32.227,-145.508,-4.883,-25.391,850.983
1666057296.085,83.496,620.117,-11.230,51.758,850.986
1666057296.089,-11.719,238.281,-14.160,-37.598,850.990
1666057296.093,-144.043,-820.312,-24.414,-118.652,850.994
1666057296.097,-85.449,-911.621,-6.836,-53.711,850.998
1666057296.101,67.871,240.723,-2.441,41.992,851.002
1666057296.105,23.438,133.789,-43.945,-13.184,851.006
1666057296.109,-122.559,-870.605,-52.246,-117.676,851.010
1666057296.112,-105.957,-528.320,-25.879,-86.914,851.013
1666057296.116,31.738,538.574,-11.719,33.691,851.017
1666057296.120,43.457,351.074,-34.180,33.203,851.021
1666057296.124,-89.355,-656.250,-45.898,-94.727,851.025
1666057296.128,-130.859,-423.828,-32.715,-124.023,851.029
1666057296.132,-3.418,308.594,-38.574,-5.371,851.031
1666057296.136,73.730,463.867,-43.457,46.387,851.035
1666057296.140,-58.594,86.426,-37.598,-81.055,851.039
1666057296.144,-159.180,-201.660,-35.645,-156.250,851.043
1666057296.148,-52.734,15.137,-36.133,-54.199,851.046
1666057296.152,72.266,171.875,-41.016,41.016,851.050
1666057296.156,-16.602,-69.336,-48.340,-46.875,851.054
1666057296.159,-130.371,-217.285,-55.664,-137.207,851.058
1666057296.163,-81.543,-82.031,-56.152,-81.055,851.062
1666057296.167,32.715,-382.324,-62.012,16.602,851.066
1666057296.171,7.812,-534.668,-62.500,-18.066,851.070
1666057296.175,-123.047,-60.547,-53.711,-125.000,851.074
1666057296.192,-131.348,-276.367,-60.547,-99.609,851.078
1666057296.196,6.348,-171.875,-59.082,21.973,851.082
1666057296.200,50.293,131.348,-58.105,30.762,851.086
1666057296.204,-85.449,-149.902,-73.730,-93.262,851.090
1666057296.208,-145.020,-471.191,-85.449,-121.094,851.094
1666057296.212,-18.066,-833.984,-86.426,4.883,851.097
1666057296.216,75.684,-169.922,-83.984,60.547,851.101
1666057296.219,-34.668,380.371,-91.797,-56.641,851.105
1666057296.223,-149.414,-487.793,-107.910,-125.000,851.109
1666057296.227,-71.777,-605.469,-107.910,-47.363,851.113
1666057296.231,59.570,498.535,-100.586,28.320,851.117
1666057296.235,-5.371,345.703,-113.281,-36.133,851.121
1666057296.236,-138.672,-713.379,-123.535,-130.371,851.123
1666057296.240,-97.168,-600.586,-119.629,-89.844,851.126
1666057296.244,50.781,427.734,-116.211,27.832,851.130
1666057296.248,34.180,517.578,-126.465,10.742,851.134
1666057296.252,-105.469,-314.941,-125.977,-100.586,851.138
1666057296.256,-119.141,-743.164,-113.281,-91.309,851.142
1666057296.260,14.160,-79.102,-117.676,18.555,851.146
1666057296.263,66.406,561.523,-135.742,31.738,851.150
1666057296.267,-75.195,-374.512,-153.320,-85.449,851.154
1666057296.271,-147.949,-874.023,-146.973,-134.277,851.158
1666057296.275,-22.949,135.254,-136.719,-33.691,851.162
1666057296.279,64.453,535.645,-147.949,35.156,851.165
1666057296.281,-51.758,22.949,-157.715,-67.871,851.167
1666057296.285,-149.414,-300.781,-160.156,-145.508,851.171
1666057296.289,-69.824,-222.168,-157.227,-62.012,851.175
1666057296.293,68.359,100.098,-155.762,48.828,851.179
1666057296.297,10.254,-414.062,-166.992,-5.859,851.183
1666057296.301,-133.789,-955.566,-165.527,-112.305,851.186
1666057296.305,-107.910,-349.121,-159.180,-71.777,851.190
1666057296.308,43.457,139.648,-163.086,48.340,851.194
1666057296.312,49.316,-241.211,-170.898,32.715,851.198
1666057296.316,-99.609,-207.031,-166.992,-95.703,851.202
1666057296.320,-130.859,-66.895,-173.828,-111.816,851.206
1666057296.324,0.000,23.926,-174.316,5.859,851.210
1666057296.326,65.430,428.223,-179.199,55.176,851.211
1666057296.330,-55.664,286.133,-188.477,-51.270,851.215
1666057296.334,-136.719,-199.707,-185.547,-103.516,851.219
1666057296.338,-33.203,-125.977,-184.570,-9.277,851.223
1666057296.342,65.430,261.230,-188.965,58.105,851.227
1666057296.346,-24.414,-47.363,-195.801,-25.879,851.231
1666057296.350,-136.230,-514.648,-196.289,-112.793,851.234
1666057296.353,-73.730,-882.324,-199.707,-36.621,851.238
1666057296.357,64.453,-592.773,-199.219,79.590,851.242
1666057296.361,26.367,315.430,-202.148,21.484,851.246
1666057296.365,-111.328,-62.500,-219.727,-93.262,851.250
1666057296.369,-102.539,-466.309,-216.797,-68.359,851.254
1666057296.387,40.527,266.602,-202.148,49.316,851.274
1666057296.391,59.082,667.969,-206.543,46.875,851.278
1666057296.395,-86.426,-179.688,-218.262,-78.613,851.282
1666057296.399,-130.859,-804.199,-214.355,-101.562,851.285
1666057296.403,-4.883,-74.219,-208.496,8.301,851.289
1666057296.407,69.824,395.996,-223.145,49.316,851.293
1666057296.411,-40.527,-284.180,-240.234,-50.781,851.297
1666057296.414,-128.906,-971.680,-234.375,-102.539,851.301
1666057296.418,-33.691,-263.184,-214.844,-24.902,851.305
1666057296.422,79.590,707.520,-213.379,53.711,851.309
1666057296.426,-5.371,175.781,-225.586,-16.113,851.313
1666057296.430,-127.930,-526.367,-232.910,-117.188,851.317
1666057296.418,-75.684,-72.754,-224.121,-66.406,851.305
1666057296.422,56.152,543.945,-230.469,48.828,851.309
1666057296.426,33.691,307.617,-249.512,8.789,851.313
1666057296.430,-101.562,-229.492,-245.605,-99.609,851.317
1666057296.434,-117.676,-242.676,-244.141,-86.914,851.320
1666057296.438,20.996,-25.391,-249.023,24.414,851.324
1666057296.442,62.500,154.785,-245.117,39.062,851.328
1666057296.445,-78.613,-50.781,-251.953,-84.961,851.332
1666057296.449,-127.930,-273.926,-253.418,-108.398,851.336
1666057296.453,-8.789,120.117,-248.535,7.324,851.340
1666057296.457,68.359,-279.297,-260.254,65.918,851.344
1666057296.461,-43.457,-862.305,-259.277,-29.297,851.348
1666057296.476,-141.602,-346.680,-244.629,-106.934,851.362
1666057296.480,-49.316,-101.074,-250.000,-17.090,851.366
1666057296.484,65.918,6.348,-261.230,73.242,851.370
1666057296.488,1.465,45.410,-264.648,-13.184,851.374
1666057296.492,-118.164,-196.777,-265.625,-111.328,851.378
1666057296.496,-86.426,-458.984,-270.020,-54.199,851.382
1666057296.500,58.594,-904.785,-264.160,71.777,851.385
1666057296.503,53.711,-552.246,-252.441,48.340,851.389
1666057296.507,-92.285,27.832,-262.207,-84.473,851.393
1666057296.511,-114.258,-388.184,-268.555,-78.613,851.397
1666057296.515,26.855,12.207,-263.184,39.551,851.401
1666057296.519,81.543,630.859,-270.996,63.477,851.405
1666057296.521,-54.688,-15.625,-279.297,-57.617,851.452
1666057296.525,-124.512,-836.426,-277.344,-105.469,851.456
1666057296.529,-3.418,-360.840,-271.484,8.301,851.459
1666057296.533,109.375,582.520,-271.484,79.102,851.463
1666057296.537,4.395,310.547,-279.785,-8.789,851.467
1666057296.541,-120.605,-651.367,-284.668,-86.914,851.471
1666057296.545,-41.016,-562.500,-280.762,-16.602,851.475
1666057296.548,99.609,470.215,-272.949,85.938,851.479
1666057296.552,48.828,444.824,-285.645,24.902,851.483
1666057296.556,-95.215,-618.164,-297.852,-77.148,851.487
1666057296.560,-80.566,-692.871,-275.391,-41.016,851.491
1666057296.564,66.895,248.047,-267.578,64.941,851.495
1666057296.568,81.055,403.809,-284.180,57.129,851.454
1666057296.572,-63.477,-248.047,-292.480,-66.895,851.458
1666057296.576,-99.609,-611.816,-290.039,-79.102,851.462
1666057296.580,33.203,-187.500,-288.574,42.969,851.466
1666057296.584,96.680,132.324,-296.875,73.730,851.470
1666057296.588,-27.832,-642.578,-292.480,-43.945,851.474
1666057296.592,-102.051,-792.969,-274.902,-99.609,851.478
1666057296.595,-0.977,123.535,-266.602,-5.371,851.482
1666057296.599,98.633,317.383,-273.438,82.520,851.486
1666057296.603,15.625,-398.926,-279.785,9.277,851.490
1666057296.607,-99.121,-369.141,-273.926,-82.031,851.493
1666057296.611,-31.250,32.227,-263.672,-7.812,851.497
1666057296.611,120.117,103.516,-262.207,104.492,851.528
1666057296.615,74.219,103.516,-262.695,50.781,851.532
1666057296.619,-71.289,-43.457,-261.719,-63.477,851.536
1666057296.623,-56.641,-152.832,-261.719,-37.598,851.540
1666057296.627,86.426,-53.711,-247.070,86.914,851.544
1666057296.631,94.727,-41.992,-247.559,85.938,851.547
1666057296.635,-48.828,-400.391,-257.812,-34.668,851.551
1666057296.638,-93.750,-582.520,-253.418,-49.316,851.555
1666057296.642,40.039,-580.078,-254.395,68.848,851.559
1666057296.646,126.953,-921.387,-251.465,116.699,851.563
1666057296.650,6.836,-382.324,-248.535,-0.488,851.567
1666057296.654,-83.984,-183.594,-253.906,-67.383,851.571
1666057296.656,12.695,-177.734,-246.582,32.227,851.542
1666057296.660,139.648,590.332,-236.816,129.395,851.546
1666057296.664,69.336,297.363,-228.027,45.898,851.550
1666057296.668,-75.684,-623.047,-230.957,-67.383,851.554
1666057296.672,-41.016,-692.871,-233.398,-20.508,851.558
1666057296.676,111.328,-46.875,-218.750,98.145,851.561
1666057296.680,94.238,373.535,-219.727,65.430,851.565
1666057296.683,-47.363,-268.555,-237.305,-45.410,851.569
1666057296.687,-58.594,-764.648,-230.469,-25.879,851.573
1666057296.691,78.613,225.586,-207.031,95.215,851.577
1666057296.695,125.488,819.336,-213.379,109.863,851.581
1666057296.699,-17.578,-152.832,-226.562,-6.836,851.585
1666057296.701,-82.520,-686.523,-217.773,-35.645,851.587
1666057296.705,49.805,166.504,-206.543,75.195,851.591
1666057296.709,139.648,753.418,-223.633,129.883,851.595
1666057296.713,7.812,-148.926,-248.047,21.484,851.599
1666057296.717,-79.590,-822.754,-230.957,-29.297,851.603
1666057296.721,15.625,-325.195,-208.496,57.129,851.607
1666057296.725,107.910,184.082,-208.496,113.770,851.610
1666057296.728,37.598,-262.207,-227.539,36.621,851.614
1666057296.732,-91.797,-823.242,-224.121,-56.152,851.618
1666057296.736,-54.688,-146.484,-202.637,-14.160,851.622
1666057296.740,90.820,311.035,-206.543,100.586,851.626
1666057296.744,86.426,56.152,-210.938,75.195,851.630
1666057296.761,-53.223,-267.090,-206.055,-50.293,851.649
1666057296.765,-71.777,-105.957,-198.730,-48.340,851.653
1666057296.769,62.500,12.695,-189.453,73.242,851.657
1666057296.773,117.188,-163.086,-174.805,108.398,851.661
1666057296.777,-6.836,-206.543,-170.898,-11.230,851.665
1666057296.781,-89.844,-418.945,-177.734,-63.965,851.668
1666057296.785,17.090,-435.059,-183.105,44.922,851.672
1666057296.788,115.234,-297.363,-184.082,103.516,851.676
1666057296.792,16.113,-42.969,-175.293,5.371,851.680
1666057296.796,-87.891,-43.945,-183.594,-65.918,851.684
1666057296.800,-25.391,-219.238,-185.547,-9.277,851.688
1666057296.804,111.816,301.758,-173.340,90.820,851.692
1666057296.794,85.449,591.309,-167.480,56.152,851.683
1666057296.798,-55.176,-146.973,-170.410,-46.387,851.687
1666057296.802,-56.641,-712.402,-174.316,-31.250,851.691
1666057296.806,86.914,15.137,-161.621,76.660,851.695
1666057296.810,103.027,571.777,-161.133,77.148,851.699
1666057296.814,-47.363,-228.027,-174.316,-41.992,851.702
1666057296.818,-95.703,-945.312,-171.875,-52.246,851.706
1666057296.821,31.738,-344.238,-152.832,62.500,851.710
1666057296.825,104.492,601.562,-152.344,79.590,851.714
1666057296.829,-9.766,227.539,-165.039,-34.180,851.718
1666057296.833,-97.656,-804.688,-169.922,-72.266,851.722
1666057296.837,-2.930,-571.777,-156.250,12.207,851.726
1666057296.851,107.422,609.863,-142.578,82.520,851.738
1666057296.855,18.555,337.891,-157.715,7.812,851.742
1666057296.859,-105.469,-618.164,-170.410,-82.520,851.745
1666057296.863,-48.828,-566.406,-154.785,-21.484,851.749
1666057296.867,79.590,246.582,-145.996,71.289,851.753
1666057296.871,41.016,109.375,-156.250,27.832,851.757
1666057296.875,-103.516,-920.410,-166.016,-71.289,851.761
1666057296.878,-108.887,-873.047,-151.367,-57.617,851.765
1666057296.882,41.504,216.797,-142.578,57.129,851.769
1666057296.886,64.941,445.801,-149.902,67.871,851.773
1666057296.890,-68.848,-105.957,-142.090,-44.434,851.777
1666057296.894,-103.027,-138.184,-123.047,-67.871,851.781
1666057296.883,24.902,279.297,-110.352,30.762,851.782
1666057296.887,102.051,410.156,-115.234,78.125,851.786
1666057296.891,-20.508,65.430,-125.000,-23.926,851.790
1666057296.895,-113.770,-175.781,-122.070,-86.914,851.794
1666057296.899,-17.090,13.184,-117.188,4.395,851.798
1666057296.903,106.934,172.852,-113.281,93.262,851.802
1666057296.907,25.879,-204.102,-116.211,8.789,851.806
1666057296.910,-108.398,-508.789,-116.699,-102.539,851.810
1666057296.914,-61.035,-116.699,-105.957,-53.223,851.814
1666057296.918,74.219,-320.312,-110.840,72.754,851.818
1666057296.922,50.293,-662.598,-115.234,39.062,851.822
1666057296.926,-90.332,-185.547,-110.840,-88.379,851.825
1666057296.971,-95.215,-274.414,-96.191,-72.754,851.858
1666057296.975,43.945,41.504,-80.566,51.758,851.862
1666057296.979,73.242,294.434,-80.566,50.781,851.866
1666057296.983,-71.289,-149.902,-83.496,-83.496,851.870
1666057296.987,-129.395,-439.941,-72.266,-102.051,851.874
1666057296.991,-9.766,-742.676,-68.359,20.996,851.878
1666057296.995,73.730,-101.562,-72.266,74.707,851.882
1666057296.998,-28.809,352.539,-73.242,-36.133,851.885
1666057297.002,-132.324,-504.883,-80.566,-108.887,851.889
1666057297.006,-46.875,-747.559,-67.871,-16.602,851.893
1666057297.010,83.984,268.066,-50.293,72.266,851.897
1666057297.014,15.625,400.391,-56.152,-2.930,851.901
1666057296.977,-122.070,-432.617,-63.965,-109.863,851.871
1666057296.981,-87.891,-489.258,-51.758,-70.801,851.875
1666057296.985,59.570,455.078,-46.387,50.781,851.878
1666057296.989,57.129,614.746,-56.641,29.297,851.882
1666057296.993,-87.891,-226.074,-57.617,-92.285,851.886
1666057296.997,-111.816,-744.141,-45.898,-93.750,851.890
1666057297.001,22.461,-75.195,-32.715,25.391,851.894
1666057297.004,65.918,532.715,-37.598,55.176,851.898
1666057297.008,-54.199,-152.344,-44.922,-61.523,851.902
1666057297.012,-115.723,-507.812,-43.457,-108.887,851.906
1666057297.016,-15.137,134.766,-42.969,-14.160,851.910
1666057297.020,80.566,436.523,-45.410,51.758,851.914
1666057297.031,-24.414,-164.062,-43.457,-35.645,851.917
1666057297.035,-138.184,-398.926,-34.180,-116.699,851.921
1666057297.039,-67.383,-205.078,-17.578,-45.898,851.925
1666057297.043,68.359,51.758,-17.578,54.688,851.929
1666057297.047,21.973,-474.121,-41.016,6.836,851.933
1666057297.051,-127.930,-1000.000,-37.109,-105.957,851.937
1666057297.055,-104.004,-521.484,-9.766,-88.867,851.941
1666057297.058,49.805,99.121,0.488,33.203,851.945
1666057297.062,60.059,21.484,0.488,30.273,851.949
1666057297.066,-74.219,-22.949,2.930,-90.332,851.952
1666057297.070,-117.676,-67.383,1.953,-99.609,851.956
1666057297.074,6.348,87.891,0.977,14.648,851.960
1666057297.077,79.102,437.012,-5.859,48.828,851.966
1666057297.081,-36.133,227.051,-4.395,-57.617,851.970
1666057297.085,-122.070,-422.363,-7.324,-110.352,851.974
1666057297.089,-38.086,-513.672,-8.789,-28.320,851.978
1666057297.093,68.359,139.648,1.465,40.039,851.982
1666057297.097,-17.578,122.559,1.465,-45.898,851.986
1666057297.101,-147.461,-510.742,2.441,-137.695,851.990
1666057297.104,-93.262,-845.703,8.789,-79.102,851.994
1666057297.108,42.969,-262.207,22.949,32.715,851.998
1666057297.112,12.207,571.777,23.438,-13.184,852.002
1666057297.116,-127.930,-45.410,21.484,-132.324,852.005
1666057297.120,-129.883,-434.570,20.508,-106.934,852.009
1666057297.121,18.066,293.945,19.043,12.695,852.008
1666057297.125,41.992,717.773,14.160,10.254,852.012
1666057297.129,-108.398,-137.207,-3.418,-112.305,852.015
1666057297.133,-155.762,-806.152,3.418,-136.719,852.019
1666057297.137,-26.855,-181.641,13.672,-23.438,852.023
1666057297.141,52.246,328.613,6.836,36.133,852.027
1666057297.145,-64.453,-233.887,14.648,-64.941,852.031
1666057297.148,-160.156,-1000.000,23.926,-125.488,852.035
1666057297.152,-68.359,-410.156,27.344,-38.574,852.039
1666057297.156,55.176,649.902,22.461,43.457,852.043
1666057297.160,-21.484,293.457,21.973,-36.133,852.047
1666057297.164,-153.320,-345.703,32.715,-140.625,852.051
1666057297.168,-108.398,-32.227,52.734,-95.703,852.055
1666057297.172,37.109,514.648,56.152,34.180,852.059
1666057297.176,21.484,280.762,46.875,4.883,852.063
1666057297.180,-125.977,-241.699,51.270,-121.094,852.066
1666057297.184,-133.789,-272.949,48.828,-100.098,852.070
1666057297.188,21.973,65.430,49.316,20.020,852.074
1666057297.192,60.059,-277.832,47.363,29.297,852.078
1666057297.195,-79.102,-976.074,50.781,-90.332,852.082
1666057297.199,-137.207,-512.207,65.430,-125.977,852.086
1666057297.203,-17.578,99.609,54.688,-6.348,852.090
1666057297.207,74.707,148.926,51.270,61.523,852.094
1666057297.211,-36.133,-76.660,53.711,-45.898,852.098
1666057297.227,-141.113,-250.488,55.664,-119.629,852.118
1666057297.231,-56.152,-163.086,71.777,-29.297,852.122
1666057297.235,70.312,60.059,64.453,67.383,852.126
1666057297.239,3.906,85.938,49.316,-8.301,852.130
1666057297.243,-124.512,-188.477,56.641,-114.746,852.134
1666057297.247,-93.750,-449.219,67.383,-73.242,852.138
1666057297.251,37.598,-878.418,59.082,43.457,852.142
1666057297.254,29.785,-667.969,62.500,27.832,852.146
1666057297.258,-99.609,-60.059,42.969,-86.914,852.149
1666057297.262,-112.793,-499.023,-1.465,-87.402,852.153
1666057297.266,15.625,-216.797,2.441,27.832,852.157
1666057297.270,56.152,578.613,14.648,49.316,852.161
1666057297.271,-83.496,272.461,-6.348,-76.660,852.157
1666057297.275,-153.320,-595.703,-15.137,-113.770,852.161
1666057297.279,-43.457,-341.309,7.812,-2.441,852.165
1666057297.283,61.035,638.184,9.277,56.641,852.169
1666057297.287,-34.180,382.324,-13.184,-37.109,852.173
1666057297.291,-159.180,-600.098,-16.113,-120.605,852.177
1666057297.295,-92.285,-561.035,-8.789,-64.941,852.181
1666057297.298,49.316,421.875,-13.184,30.273,852.184
1666057297.302,1.953,489.746,-29.297,-23.438,852.188
1666057297.306,-140.625,-604.980,-30.762,-118.164,852.192
1666057297.310,-124.512,-801.270,-8.301,-76.172,852.196
1666057297.314,27.832,346.680,5.371,37.598,852.200
1666057297.317,38.086,422.363,-4.395,28.809,852.205
1666057297.321,-104.004,-473.633,-8.301,-91.797,852.209
1666057297.325,-143.066,-721.191,6.348,-102.539,852.213
1666057297.329,-4.883,36.133,23.926,8.789,852.217
1666057297.333,67.871,488.770,18.555,37.109,852.221
1666057297.337,-68.848,-571.289,-4.395,-77.148,852.225
1666057297.341,-141.602,-833.008,1.465,-130.371,852.229
1666057297.344,-32.715,154.785,20.020,-35.645,852.233
1666057297.348,71.777,363.281,22.461,57.129,852.237
1666057297.352,-19.043,-474.609,18.555,-28.320,852.241
1666057297.356,-141.602,-462.891,27.832,-135.742,852.244
1666057297.360,-81.543,71.777,37.109,-78.613,852.248
1666057297.361,52.246,285.156,45.410,25.391,852.248
1666057297.365,15.137,305.664,42.480,-22.949,852.252
1666057297.369,-123.047,-46.875,41.016,-128.418,852.256
1666057297.373,-115.723,-358.398,50.781,-104.980,852.259
1666057297.377,25.391,-312.988,52.734,19.043,852.263
1666057297.381,42.969,-245.117,55.664,21.484,852.267
1666057297.385,-73.730,-203.125,54.688,-89.355,852.271
1666057297.388,-102.051,-104.492,36.621,-112.793,852.275
1666057297.392,2.930,-481.445,31.250,-11.719,852.279
1666057297.396,73.730,-476.562,56.152,46.875,852.283
1666057297.400,-35.156,139.648,54.199,-69.336,852.287
1666057297.404,-129.395,-385.254,40.039,-140.625,852.291
1666057297.407,-41.504,-302.734,51.758,-43.945,852.293
1666057297.411,79.102,581.055,44.434,45.410,852.297
1666057297.415,-1.465,263.184,36.621,-30.762,852.301
1666057297.419,-132.324,-566.406,36.621,-129.395,852.305
1666057297.423,-94.727,-725.586,45.898,-75.195,852.309
1666057297.427,35.156,-71.289,61.523,29.785,852.313
1666057297.431,20.508,267.090,58.105,-8.301,852.317
1666057297.434,-106.934,-434.570,43.945,-115.723,852.321
1666057297.438,-114.258,-1000.000,52.734,-102.051,852.324
1666057297.442,31.738,-170.898,79.102,9.766,852.328
1666057297.446,75.195,697.266,66.895,22.949,852.332
1666057297.450,-69.824,28.320,56.641,-94.727,852.336
1666057297.451,-139.648,-385.254,63.477,-131.836,852.338
1666057297.455,-31.738,258.789,63.965,-26.367,852.342
1666057297.459,62.988,688.965,56.641,39.062,852.346
1666057297.463,-42.480,114.746,46.875,-56.641,852.349
1666057297.467,-142.090,-423.828,40.039,-131.348,852.353
1666057297.471,-48.828,-315.430,48.828,-40.039,852.357
1666057297.475,88.379,225.586,65.430,66.895,852.361
1666057297.478,27.832,-229.492,54.199,11.230,852.365
1666057297.482,-118.652,-961.914,45.898,-94.727,852.369
1666057297.486,-87.402,-219.238,61.035,-61.523,852.373
1666057297.490,52.734,473.633,57.129,49.316,852.377
1666057297.494,46.387,176.758,54.199,34.668,852.381
1666057297.512,-95.215,-235.840,62.012,-78.613,852.398
1666057297.516,-122.070,-116.211,67.871,-82.031,852.401
1666057297.520,14.648,51.758,69.336,36.621,852.405
1666057297.524,68.848,-52.246,58.105,62.012,852.409
1666057297.528,-59.082,-176.270,60.059,-61.523,852.413
1666057297.532,-134.766,-422.852,63.965,-110.840,852.417
1666057297.536,-23.926,-438.965,57.129,-5.371,852.421
1666057297.539,82.031,-243.652,57.617,73.242,852.425
1666057297.543,-13.184,21.973,65.918,-19.531,852.429
1666057297.547,-115.234,-54.199,65.918,-107.910,852.433
1666057297.551,-50.293,-297.852,81.543,-31.250,852.437
1666057297.555,75.195,169.434,88.867,70.312,852.441
1666057297.542,28.320,470.703,76.660,-2.441,852.429
1666057297.546,-98.145,38.086,67.871,-110.840,852.433
1666057297.550,-74.707,-622.070,60.547,-60.547,852.437
1666057297.554,64.941,-217.773,74.707,63.477,852.441
1666057297.558,69.824,562.012,63.965,41.504,852.445
1666057297.562,-77.148,-186.523,35.156,-90.820,852.449
1666057297.566,-107.422,-789.551,51.270,-91.797,852.453
1666057297.569,17.090,-115.234,62.500,23.438,852.457
1666057297.573,83.008,647.949,48.340,53.711,852.461
1666057297.577,-30.762,247.559,46.875,-56.152,852.465
1666057297.581,-119.141,-749.512,62.500,-105.469,852.468
1666057297.585,-28.809,-455.566,73.242,-19.043,852.472
1666057297.602,78.125,569.824,63.477,54.688,852.491
1666057297.606,-7.812,169.922,46.387,-24.414,852.495
1666057297.610,-130.859,-832.031,32.715,-111.816,852.499
1666057297.614,-75.684,-549.805,38.086,-64.453,852.503
1666057297.618,71.289,498.535,44.434,42.480,852.507
1666057297.622,38.086,169.922,25.391,8.301,852.511
1666057297.626,-109.375,-922.363,19.043,-99.121,852.514
1666057297.629,-103.516,-638.672,43.945,-69.824,852.518
1666057297.633,43.457,466.797,46.875,47.852,852.522
1666057297.637,68.359,375.488,33.203,55.176,852.526
1666057297.641,-66.895,-272.949,42.969,-73.730,852.530
1666057297.645,-115.234,-191.406,46.387,-108.398,852.534
1666057297.633,10.742,288.086,40.039,4.395,852.532
1666057297.637,87.402,438.965,44.922,53.223,852.536
1666057297.641,-38.086,53.223,47.363,-53.223,852.540
1666057297.645,-136.230,-342.285,53.711,-109.375,852.544
1666057297.649,-39.062,-286.133,56.641,-15.137,852.547
1666057297.653,86.914,42.969,57.129,76.172,852.551
1666057297.657,7.324,34.180,60.059,-0.488,852.555
1666057297.660,-115.723,-172.852,43.945,-106.934,852.559
1666057297.664,-68.848,-38.086,44.434,-55.176,852.563
1666057297.668,71.289,-311.035,60.547,75.195,852.567
1666057297.672,50.781,-649.902,58.105,43.457,852.571
1666057297.676,-92.285,-189.941,59.570,-94.727,852.575
1666057297.707,-106.445,-317.383,59.570,-92.285,852.594
1666057297.711,30.762,-63.965,65.430,36.133,852.598
1666057297.715,71.289,236.328,60.059,46.387,852.601
1666057297.719,-60.547,-104.492,52.246,-77.148,852.605
1666057297.723,-125.977,-423.340,46.387,-105.957,852.609
1666057297.727,-18.555,-804.688,54.688,-0.977,852.613
1666057297.731,71.777,-286.133,64.453,52.734,852.617
1666057297.734,-31.250,162.109,51.758,-57.129,852.621
1666057297.738,-136.230,-479.492,46.387,-128.418,852.625
1666057297.742,-58.105,-749.023,62.012,-31.738,852.629
1666057297.746,77.637,270.996,80.566,68.848,852.633
1666057297.750,8.301,541.992,57.617,-5.371,852.637
1666057297.736,-130.371,-317.871,46.875,-114.258,852.622
1666057297.740,-96.191,-392.578,72.754,-73.242,852.626
1666057297.744,53.223,476.074,90.820,40.039,852.630
1666057297.748,42.969,592.773,77.148,18.555,852.634
1666057297.752,-97.656,-215.332,75.684,-99.121,852.638
1666057297.756,-111.816,-660.156,81.543,-96.191,852.642
1666057297.760,16.113,-116.699,73.242,24.902,852.645
1666057297.763,63.965,471.191,72.754,50.781,852.649
1666057297.767,-64.941,-182.617,61.035,-76.172,852.653
1666057297.771,-139.648,-744.141,49.316,-130.859,852.657
1666057297.775,-28.809,-36.621,61.523,-17.090,852.661
1666057297.779,69.336,595.703,62.988,51.270,852.665
1666057297.781,-39.551,-325.684,39.062,-44.434,852.668
1666057297.785,-141.602,-958.008,52.734,-118.652,852.671
1666057297.789,-58.105,-367.676,79.102,-48.340,852.675
1666057297.793,76.660,121.094,74.219,56.152,852.679
1666057297.797,29.297,-153.320,61.523,8.301,852.683
1666057297.801,-114.746,-718.750,57.129,-104.004,852.687
1666057297.805,-103.516,-393.066,65.918,-82.031,852.691
1666057297.808,42.480,176.270,65.918,39.062,852.695
1666057297.812,59.082,-148.438,59.082,40.527,852.699
1666057297.816,-83.496,-191.895,53.223,-80.566,852.703
1666057297.820,-117.188,-38.086,45.898,-96.680,852.707
1666057297.824,19.531,-161.133,56.641,18.555,852.710
1666057297.827,90.332,191.895,80.078,60.547,852.714
1666057297.831,-32.715,333.496,82.520,-52.246,852.718
1666057297.835,-134.277,-84.473,62.012,-117.188,852.722
1666057297.839,-38.574,-180.176,64.453,-19.043,852.726
1666057297.843,86.914,318.848,73.730,64.941,852.730
1666057297.847,7.324,166.504,51.270,-26.367,852.734
1666057297.851,-120.605,-479.492,45.410,-114.258,852.738
1666057297.854,-71.289,-831.055,62.500,-52.246,852.741
1666057297.858,58.105,-341.309,73.730,43.945,852.745
1666057297.862,21.973,510.254,71.289,-4.395,852.749
1666057297.866,-112.305,-29.297,66.406,-101.074,852.753
1666057297.870,-104.492,-431.641,69.824,-74.707,852.757
1666057297.872,33.691,269.043,63.477,35.645,852.761
1666057297.876,62.500,663.086,53.711,37.598,852.765
1666057297.880,-79.590,-177.246,46.387,-83.008,852.769
1666057297.884,-129.395,-914.062,64.941,-106.934,852.773
1666057297.888,-0.977,-238.281,81.543,3.418,852.777
1666057297.892,79.102,358.398,63.965,55.664,852.781
1666057297.896,-28.320,-268.066,55.664,-45.898,852.785
1666057297.899,-128.418,-1000.000,53.711,-110.352,852.789
1666057297.903,-46.387,-408.691,69.336,-29.297,852.793
1666057297.907,84.473,703.125,72.266,63.965,852.796
1666057297.911,16.602,300.293,48.828,-8.301,852.800
1666057297.915,-118.652,-401.855,46.387,-114.746,852.804
1666057297.918,-73.242,-79.102,60.059,-68.848,852.804
1666057297.922,79.102,532.715,66.895,44.434,852.808
1666057297.926,41.016,316.406,65.918,3.418,852.812
1666057297.930,-117.676,-236.328,54.199,-104.492,852.816
1666057297.934,-110.352,-391.602,49.805,-72.266,852.820
1666057297.938,23.438,-17.578,51.758,34.180,852.824
1666057297.942,64.941,-234.863,50.781,50.293,852.828
1666057297.945,-59.082,-877.930,58.105,-53.711,852.832
1666057297.949,-112.305,-370.117,67.383,-89.844,852.835
1666057297.953,1.953,103.516,67.383,14.648,852.839
1666057297.957,97.168,402.344,65.430,83.984,852.843
1666057297.961,-5.859,311.523,47.363,-9.277,852.847
1666057297.961,-118.164,-46.387,40.527,-95.215,852.861
1666057297.965,-48.340,-71.777,38.574,-25.879,852.865
1666057297.969,75.684,21.484,32.715,70.312,852.869
1666057297.973,18.555,115.234,43.945,8.301,852.873
1666057297.977,-116.211,-105.957,51.270,-106.445,852.877
1666057297.981,-92.773,-465.332,41.992,-72.266,852.881
1666057297.985,49.805,-803.223,38.574,45.898,852.885
1666057297.988,48.828,-585.938,42.969,17.090,852.889
1666057297.992,-94.727,-87.891,32.715,-112.305,852.893
1666057297.996,-132.812,-504.395,23.926,-112.305,852.897
1666057298.000,4.883,-342.285,39.062,16.602,852.900
1666057298.004,75.684,563.477,37.598,42.480,852.904
1666057298.008,-56.641,273.438,24.414,-72.266,852.921
1666057298.012,-139.160,-445.801,34.180,-120.605,852.925
1666057298.016,-29.785,-129.395,49.316,-25.391,852.928
1666057298.020,74.219,654.297,53.223,53.223,852.932
1666057298.024,-22.949,377.441,45.410,-32.715,852.936
1666057298.028,-140.137,-562.988,34.668,-119.629,852.940
1666057298.032,-69.824,-685.547,41.504,-47.363,852.944
1666057298.035,69.824,246.582,45.410,55.664,852.948
1666057298.039,23.926,446.289,30.273,-10.254,852.952
1666057298.043,-121.582,-597.656,27.344,-120.605,852.956
1666057298.047,-103.516,-766.602,34.668,-77.148,852.960
1666057298.051,60.059,348.633,32.715,45.410,852.964
1666057298.066,68.359,536.621,21.973,37.598,852.952
1666057298.070,-83.984,-369.629,15.137,-76.660,852.956
1666057298.074,-124.512,-716.797,25.879,-90.332,852.960
1666057298.078,7.324,-57.617,39.551,20.020,852.964
1666057298.082,83.496,447.754,28.809,59.082,852.968
1666057298.086,-55.664,-574.219,8.789,-50.293,852.972
1666057298.090,-149.902,-923.828,24.414,-112.793,852.976
1666057298.093,-31.250,68.359,34.668,-26.367,852.979
1666057298.097,89.355,378.906,19.043,57.617,852.983
1666057298.101,0.488,-12.207,3.418,-15.625,852.987
1666057298.105,-124.512,-206.543,5.371,-102.539,852.991
1666057298.109,-71.289,-47.363,18.555,-44.434,852.995
1666057298.111,67.871,88.867,34.668,70.312,852.997
1666057298.115,40.039,45.898,38.086,31.738,853.001
1666057298.119,-104.980,-68.848,23.438,-98.633,853.005
1666057298.123,-107.910,-126.465,21.484,-95.215,853.009
1666057298.127,38.086,-188.965,27.832,31.250,853.013
1666057298.131,62.012,-267.090,27.344,45.898,853.016
1666057298.135,-89.844,-308.105,19.043,-80.566,853.020
1666057298.138,-138.672,-289.551,9.766,-115.234,853.024
1666057298.142,-15.625,-556.152,12.695,-1.953,853.028
1666057298.146,59.082,-322.266,26.855,53.223,853.032
1666057298.150,-55.664,215.820,20.996,-56.641,853.036
1666057298.154,-161.621,-287.109,6.836,-129.395,853.040
1666057298.156,-82.031,-263.184,4.883,-43.945,853.043
1666057298.160,58.594,521.484,16.602,64.453,853.046
1666057298.164,-11.230,239.258,8.789,-11.230,853.050
1666057298.168,-157.227,-662.598,2.930,-131.836,853.054
1666057298.172,-124.512,-958.984,25.391,-85.938,853.058
1666057298.176,21.973,-368.652,32.715,44.434,853.062
1666057298.180,12.207,375.000,13.184,13.184,853.066
1666057298.183,-124.512,-229.004,0.977,-122.070,853.070
1666057298.187,-136.719,-861.816,10.254,-113.770,853.074
1666057298.191,1.953,89.355,25.879,3.906,853.078
1666057298.195,53.223,790.527,13.184,22.461,853.082
1666057298.199,-89.355,20.508,2.441,-92.773,853.085
1666057298.202,-155.762,-467.285,9.766,-126.465,853.089
1666057298.206,-40.039,199.707,5.371,-22.949,853.093
1666057298.210,63.965,683.105,3.906,44.922,853.097
1666057298.214,-30.762,124.023,7.324,-49.805,853.101
1666057298.218,-144.531,-428.711,-2.441,-143.555,853.105
1666057298.222,-56.641,-312.500,7.324,-55.176,853.108
1666057298.226,76.172,179.199,14.648,45.898,853.112
1666057298.229,2.441,-304.688,7.812,-21.973,853.116
1666057298.233,-140.137,-934.082,24.414,-119.629,853.120
1666057298.237,-107.910,-245.117,26.855,-84.961,853.124
1666057298.241,40.527,378.906,10.742,28.320,853.128
1666057298.245,48.340,337.402,9.766,4.395,853.132
1666057298.277,-102.539,-40.527,12.695,-114.746,853.163
1666057298.281,-125.977,-119.141,16.602,-116.211,853.167
1666057298.285,13.672,17.578,18.555,3.418,853.171
1666057298.289,71.777,103.516,16.113,35.156,853.175
1666057298.293,-62.012,24.414,1.465,-88.867,853.179
1666057298.297,-152.344,-480.469,-0.488,-139.648,853.183
1666057298.301,-38.086,-366.211,16.602,-29.297,853.187
1666057298.304,67.383,-515.137,0.488,49.805,853.190
1666057298.308,-27.832,-718.262,-5.859,-42.969,853.194
1666057298.312,-133.301,-264.160,6.348,-123.535,853.198
1666057298.316,-61.035,-377.930,9.277,-52.246,853.202
1666057298.320,82.520,-59.082,13.672,49.316,853.206
1666057298.292,39.062,489.258,12.207,-7.324,853.206
1666057298.296,-110.352,23.926,5.859,-127.441,853.210
1666057298.300,-100.586,-370.117,7.324,-108.887,853.214
1666057298.304,48.340,227.539,20.508,29.785,853.218
1666057298.308,57.129,605.957,20.996,38.086,853.221
1666057298.312,-92.285,-243.652,16.602,-89.844,853.225
1666057298.316,-121.094,-780.273,22.461,-99.121,853.229
1666057298.319,9.277,-111.328,33.691,20.508,853.233
1666057298.323,78.125,699.707,28.809,55.176,853.237
1666057298.327,-47.363,216.797,12.695,-60.547,853.241
1666057298.331,-145.508,-721.680,20.020,-113.770,853.245
1666057298.335,-45.898,-441.406,40.527,-21.973,853.249
1666057298.337,81.055,562.012,41.504,61.523,853.236
1666057298.341,2.441,385.254,25.879,-13.184,853.240
1666057298.345,-130.371,-793.457,22.461,-103.027,853.244
1666057298.349,-80.566,-773.438,48.340,-48.828,853.247
1666057298.353,67.383,423.828,62.012,56.152,853.251
1666057298.357,35.156,257.324,36.133,9.766,853.255
1666057298.361,-109.375,-692.871,21.973,-110.352,853.259
1666057298.364,-106.934,-449.219,32.227,-93.750,853.263
1666057298.368,38.574,521.484,40.527,22.949,853.267
1666057298.372,64.453,387.207,24.414,33.203,853.271
1666057298.376,-75.195,-575.195,15.137,-81.055,853.275
1666057298.380,-124.512,-322.754,16.113,-116.699,853.279
1666057298.384,-5.859,313.965,12.207,-10.742,853.274
1666057298.388,75.684,308.105,20.996,48.828,853.277
1666057298.392,-27.832,-24.902,19.043,-50.293,853.281
1666057298.396,-125.000,-174.316,22.461,-114.258,853.285
1666057298.400,-33.691,156.738,39.551,-26.855,853.289
1666057298.404,92.285,-60.547,38.574,68.848,853.293
1666057298.408,14.160,-659.180,38.086,0.977,853.297
1666057298.411,-114.258,-282.227,42.480,-104.980,853.301
1666057298.415,-75.195,-109.863,31.738,-62.500,853.305
1666057298.419,64.941,167.480,34.668,55.176,853.309
1666057298.423,49.316,376.465,25.879,30.762,853.313
1666057298.427,-101.562,15.137,17.090,-89.844,853.317
1666057298.441,-114.746,-347.168,30.762,-81.055,853.327
1666057298.445,30.273,15.625,37.598,39.551,853.331
1666057298.449,55.176,238.770,24.414,31.738,853.335
1666057298.453,-88.379,-353.516,10.254,-99.609,853.339
1666057298.457,-136.719,-617.676,14.648,-109.863,853.343
1666057298.461,-27.832,-947.754,21.484,10.254,853.347
1666057298.465,61.523,-740.234,39.062,67.383,853.351
1666057298.468,-39.062,55.176,39.062,-46.875,853.355
1666057298.472,-140.625,-367.676,10.254,-126.465,853.359
1666057298.476,-55.664,-366.211,21.484,-44.434,853.363
1666057298.480,78.613,580.566,35.156,62.012,853.367
1666057298.484,17.090,571.289,12.207,-15.137,853.370
1666057298.501,-133.301,-302.246,-1.953,-130.371,853.388
1666057298.505,-96.680,-435.547,14.648,-73.242,853.392
1666057298.509,47.363,408.691,24.414,49.316,853.396
1666057298.513,38.086,597.168,10.254,37.109,853.400
1666057298.517,-94.238,-209.473,-3.418,-80.078,853.404
1666057298.521,-125.488,-765.625,1.953,-90.332,853.407
1666057298.525,8.789,-266.602,12.207,27.832,853.411
1666057298.528,69.824,266.113,7.324,55.664,853.415
1666057298.532,-68.848,-447.754,-5.371,-60.547,853.419
1666057298.536,-138.184,-897.949,2.441,-100.586,853.423
1666057298.540,-20.508,0.000,17.578,0.977,853.427
1666057298.544,87.891,537.109,16.602,77.148,853.431
1666057298.532,-10.742,-83.008,4.883,-23.926,853.432
1666057298.536,-144.043,-473.633,-0.488,-126.953,853.435
1666057298.540,-79.590,-247.559,0.488,-60.547,853.439
1666057298.544,61.523,91.309,4.395,44.434,853.443
1666057298.548,16.113,-351.074,2.930,-11.719,853.447
1666057298.552,-116.699,-908.691,-7.324,-132.324,853.451
1666057298.556,-96.191,-370.117,5.859,-107.422,853.455
1666057298.559,46.387,161.621,25.879,24.902,853.459
1666057298.563,57.617,134.277,20.508,28.320,853.463
1666057298.567,-87.891,-224.609,16.602,-89.355,853.467
1666057298.571,-127.930,-205.566,20.996,-112.305,853.471
1666057298.575,6.348,-29.297,20.020,-5.859,853.474
1666057298.576,78.125,-518.555,10.742,50.781,853.462
1666057298.580,-42.969,-334.473,13.184,-60.547,853.466
1666057298.584,-126.465,-164.062,15.625,-125.488,853.470
1666057298.588,-33.203,-139.160,25.879,-20.508,853.474
1666057298.592,63.477,389.648,18.555,51.758,853.478
1666057298.596,-10.254,118.652,-0.977,-41.016,853.482
1666057298.600,-120.117,-498.047,3.906,-130.859,853.486
1666057298.603,-72.754,-795.410,8.789,-77.148,853.490
1666057298.607,67.383,-148.926,11.230,37.109,853.494
1666057298.611,44.922,605.469,9.766,-2.930,853.497
1666057298.615,-99.609,14.648,1.465,-120.605,853.501
1666057298.619,-109.375,-718.262,4.883,-98.633,853.505
1666057298.636,37.109,-164.551,17.090,24.414,853.521
1666057298.640,65.918,629.395,11.719,28.320,853.525
1666057298.644,-85.938,8.789,-17.578,-102.539,853.529
1666057298.648,-129.883,-970.703,-24.414,-116.211,853.533
1666057298.652,-1.465,-482.910,2.441,1.953,853.537
1666057298.656,79.102,487.305,0.977,49.316,853.541
1666057298.660,-28.809,-69.824,-15.137,-45.898,853.545
1666057298.663,-129.395,-816.406,-8.789,-105.957,853.549
1666057298.667,-46.387,-211.426,6.836,-21.484,853.553
1666057298.671,78.613,759.277,8.789,63.965,853.557
1666057298.675,-1.953,330.566,0.977,-22.461,853.560
1666057298.679,-147.461,-407.227,-3.906,-139.160,853.564
1666057298.669,-102.539,-61.035,1.953,-94.727,853.554
1666057298.673,53.711,561.035,3.906,30.762,853.558
1666057298.677,36.621,249.023,-9.277,13.184,853.562
1666057298.681,-118.164,-294.434,0.000,-112.305,853.566
1666057298.685,-131.836,-169.434,20.020,-107.910,853.570
1666057298.689,0.000,49.316,22.461,11.719,853.574
1666057298.693,46.387,37.109,15.137,33.691,853.578
1666057298.696,-69.336,-157.715,15.137,-74.219,853.582
1666057298.700,-132.324,-209.473,15.137,-109.375,853.586
1666057298.704,-17.090,200.684,11.230,-2.930,853.589
1666057298.708,74.219,-140.137,1.465,62.012,853.593
1666057298.712,-33.691,-743.164,1.465,-38.574,853.597
1666057298.710,-136.719,-333.008,9.766,-120.117,853.610
1666057298.714,-59.570,-191.406,4.883,-41.504,853.614
1666057298.718,83.496,-4.883,10.742,70.312,853.618
1666057298.722,27.832,77.148,3.418,10.254,853.622
1666057298.726,-126.953,-268.066,-5.859,-106.445,853.626
1666057298.730,-91.309,-478.027,8.301,-68.848,853.629
1666057298.734,54.199,-840.332,5.859,55.176,853.633
1666057298.737,42.480,-785.156,4.883,38.086,853.637
1666057298.741,-92.285,-185.059,5.371,-91.309,853.641
1666057298.745,-123.047,-413.574,-0.488,-93.750,853.645
1666057298.749,12.207,-18.066,14.648,38.574,853.649
1666057298.753,81.055,732.422,11.719,74.219,853.653
1666057298.771,-47.363,357.910,-19.531,-48.828,853.657
1666057298.775,-122.070,-406.250,-25.391,-97.656,853.660
1666057298.779,-12.695,-169.434,-12.207,3.418,853.664
1666057298.783,93.262,639.648,-7.812,72.266,853.668
1666057298.787,-14.160,375.977,-23.926,-24.902,853.672
1666057298.791,-147.949,-636.719,-36.133,-123.047,853.676
1666057298.795,-76.172,-593.750,-20.508,-61.523,853.680
1666057298.798,76.172,240.723,-17.090,50.293,853.684
1666057298.802,31.738,168.945,-33.203,7.324,853.688
1666057298.806,-119.629,-657.227,-43.945,-106.445,853.692
1666057298.810,-112.305,-700.195,-23.438,-81.055,853.696
1666057298.814,33.691,320.801,-6.348,42.480,853.700
1666057298.815,55.664,459.961,-17.578,39.062,853.701
1666057298.819,-98.145,-198.242,-21.973,-88.867,853.705
1666057298.823,-142.090,-616.211,-9.766,-103.516,853.709
1666057298.827,0.000,-96.191,5.371,22.461,853.713
1666057298.831,81.543,416.016,-5.859,63.477,853.717
1666057298.835,-41.504,-547.852,-10.742,-50.293,853.721
1666057298.839,-140.137,-826.172,0.488,-113.770,853.724
1666057298.842,-27.344,102.051,-4.395,-18.066,853.728
1666057298.846,100.098,380.859,-19.531,77.637,853.732
1666057298.850,5.371,-555.664,-22.949,7.812,853.736
1666057298.854,-133.789,-834.961,-6.348,-102.539,853.740
1666057298.858,-74.219,-70.312,-2.441,-49.316,853.744
1666057298.860,66.406,143.066,-15.625,75.684,853.746
1666057298.864,33.691,-12.695,-26.367,30.762,853.750
1666057298.868,-103.516,-29.785,-22.949,-98.145,853.754
1666057298.872,-116.699,-138.184,-21.973,-87.891,853.758
1666057298.876,26.367,84.473,-19.531,41.016,853.762
1666057298.880,64.941,137.207,-16.113,50.293,853.766
1666057298.884,-75.684,-304.199,-13.672,-68.848,853.770
1666057298.887,-118.652,-349.609,-6.836,-84.961,853.774
1666057298.891,3.418,-461.426,-11.230,22.461,853.777
1666057298.895,95.703,-229.004,-8.789,70.312,853.781
1666057298.899,-10.742,265.625,-22.949,-42.480,853.785
1666057298.903,-125.488,-250.000,-35.645,-113.281,853.789
1666057298.906,-42.480,-434.570,-20.020,-21.484,853.792
1666057298.910,83.496,232.422,-13.672,77.148,853.796
1666057298.914,23.926,208.496,-24.902,5.859,853.800
1666057298.918,-97.656,-497.559,-23.438,-100.098,853.804
1666057298.922,-72.754,-892.578,-15.137,-41.504,853.807
1666057298.926,66.406,-370.605,-8.301,70.312,853.811
1666057298.930,53.711,341.309,-14.648,24.414,853.815
1666057298.933,-94.238,-252.930,-21.973,-100.586,853.819
1666057298.937,-104.492,-829.102,-14.160,-87.402,853.823
1666057298.941,44.922,38.574,-0.488,40.527,853.827
1666057298.945,96.191,726.562,-6.348,62.988,853.831
1666057298.949,-46.387,-2.441,-20.020,-61.035,853.835
1666057298.950,-125.000,-469.238,-27.832,-119.141,853.836
1666057298.954,-5.371,194.336,-16.113,-8.301,853.840
1666057298.958,101.562,691.895,-13.672,66.895,853.844
1666057298.962,-7.812,36.133,-22.461,-32.227,853.848
1666057298.966,-121.094,-537.109,-13.672,-112.305,853.852
1666057298.970,-47.852,-338.867,-14.160,-40.039,853.856
1666057298.974,84.961,245.117,-19.043,70.801,853.860
1666057298.977,28.320,-213.867,-31.738,20.020,853.864
1666057298.981,-115.234,-875.000,-35.645,-92.285,853.868
1666057298.985,-88.867,-116.699,-12.207,-57.617,853.871
1666057298.989,55.176,473.633,-8.789,64.941,853.875
1666057298.993,59.082,416.504,-25.391,41.504,853.879
1666057298.995,-73.242,8.301,-25.391,-74.707,853.882
1666057298.999,-100.586,-120.117,-14.648,-80.566,853.886
1666057299.003,29.297,44.922,-20.020,27.344,853.890
1666057299.007,94.238,-69.336,-18.555,66.895,853.893
1666057299.011,-35.156,-186.035,-9.277,-43.457,853.897
1666057299.015,-116.699,-475.098,-12.695,-88.867,853.901
1666057299.019,-12.695,-416.992,-22.949,8.301,853.905
1666057299.022,92.285,-594.727,-35.645,90.332,853.909
1666057299.026,0.488,-483.887,-28.320,-4.883,853.913
1666057299.030,-117.676,-94.727,-17.090,-105.469,853.917
1666057299.034,-54.688,-292.480,-14.648,-25.879,853.921
1666057299.038,87.891,241.211,-10.254,92.773,853.925
1666057299.058,43.457,578.613,-23.438,26.367,853.944
1666057299.062,-98.145,28.320,-34.668,-97.656,853.948
1666057299.066,-85.938,-459.473,-25.391,-75.195,853.952
1666057299.070,53.711,99.609,-14.160,36.133,853.956
1666057299.074,72.266,603.027,-33.691,38.574,853.960
1666057299.078,-69.336,-139.648,-45.898,-75.684,853.964
1666057299.082,-113.281,-922.363,-45.410,-81.543,853.968
1666057299.085,15.137,-512.207,-40.527,40.039,853.972
1666057299.089,94.727,316.406,-32.227,90.332,853.976
1666057299.093,-24.902,37.109,-43.945,-23.926,853.980
1666057299.097,-125.000,-684.082,-51.758,-102.051,853.983
1666057299.101,-25.879,-406.738,-34.668,-8.301,853.987
1666057299.087,98.145,558.594,-27.832,81.543,853.986
1666057299.091,17.090,308.105,-50.781,-8.789,853.990
1666057299.095,-107.910,-606.445,-54.199,-113.281,853.993
1666057299.099,-57.129,-467.773,-36.621,-50.781,853.997
1666057299.103,79.590,510.254,-26.855,65.918,854.001
1666057299.107,52.734,174.805,-38.086,31.250,854.005
1666057299.111,-85.938,-697.754,-53.711,-83.008,854.009
1666057299.114,-87.891,-408.691,-56.152,-71.289,854.013
1666057299.118,58.594,378.418,-55.176,43.945,854.017
1666057299.122,83.008,322.754,-69.336,53.711,854.021
1666057299.126,-61.523,-851.562,-83.984,-62.988,854.025
1666057299.130,-108.398,-876.953,-66.406,-92.285,854.029
1666057299.133,9.766,164.062,-50.781,18.555,854.019
1666057299.137,96.191,283.203,-60.059,77.637,854.023
1666057299.141,-18.066,-187.012,-70.801,-32.715,854.027
1666057299.145,-123.535,-304.688,-65.430,-104.492,854.031
1666057299.149,-29.785,52.246,-51.270,-16.113,854.035
1666057299.153,101.074,-108.398,-54.688,96.680,854.039
1666057299.157,23.926,-621.094,-61.523,32.715,854.043
1666057299.160,-99.121,-273.438,-56.641,-81.055,854.047
1666057299.164,-50.781,-132.324,-55.176,-30.762,854.050
1666057299.168,75.684,208.496,-57.129,83.008,854.054
1666057299.172,56.641,461.914,-64.453,50.781,854.058
1666057299.176,-82.520,102.051,-71.289,-75.684,854.062
1666057299.191,-91.309,-262.207,-62.500,-76.660,854.076
1666057299.195,50.293,-124.512,-51.270,47.852,854.080
1666057299.199,89.844,104.492,-52.246,72.754,854.084
1666057299.203,-41.504,-161.133,-53.711,-50.293,854.088
1666057299.207,-119.141,-373.047,-54.688,-94.727,854.092
1666057299.211,-3.906,-875.977,-65.918,16.113,854.096
1666057299.215,102.539,-754.883,-57.129,83.984,854.099
1666057299.218,7.324,90.332,-44.434,-13.184,854.103
1666057299.222,-95.215,-216.309,-55.176,-87.402,854.107
1666057299.226,-27.832,-239.746,-59.570,-15.137,854.111
1666057299.230,100.098,566.406,-60.059,82.031,854.115
1666057299.234,45.898,568.359,-68.359,24.414,854.119
1666057299.235,-99.121,-239.258,-66.406,-89.844,854.121
1666057299.239,-75.684,-354.004,-54.688,-58.594,854.124
1666057299.243,77.637,471.191,-46.387,64.453,854.128
1666057299.247,68.359,600.586,-53.711,49.316,854.132
1666057299.251,-78.613,-357.422,-60.059,-72.754,854.136
1666057299.255,-107.910,-882.324,-59.082,-79.590,854.140
1666057299.259,19.531,-91.797,-56.641,28.809,854.144
1666057299.262,88.379,603.516,-57.617,56.641,854.148
1666057299.266,-45.898,-329.102,-76.172,-49.316,854.152
1666057299.270,-132.812,-899.902,-70.312,-96.680,854.156
1666057299.274,-20.996,62.012,-53.223,-6.836,854.160
1666057299.278,92.285,570.312,-68.848,69.824,854.163
1666057299.280,0.977,134.766,-89.844,-15.625,854.165
1666057299.284,-113.770,-293.457,-82.031,-100.586,854.169
1666057299.288,-57.129,-326.172,-67.383,-32.715,854.173
1666057299.292,70.801,3.418,-70.801,62.988,854.177
1666057299.296,46.387,-251.465,-76.172,19.531,854.181
1666057299.300,-97.656,-808.594,-68.848,-96.680,854.185
1666057299.304,-92.285,-670.410,-62.012,-68.848,854.189
1666057299.307,58.105,-120.117,-61.035,72.266,854.193
1666057299.311,77.637,-519.531,-66.895,83.008,854.197
1666057299.315,-54.688,-652.344,-57.617,-38.574,854.201
1666057299.319,-94.238,-136.719,-56.152,-62.988,854.205
1666057299.323,25.391,-32.227,-67.383,33.203,854.208
1666057299.327,98.633,371.094,-65.430,70.801,854.213
1666057299.331,-25.879,324.219,-68.848,-38.086,854.217
1666057299.335,-119.629,-162.109,-75.195,-98.145,854.221
1666057299.339,-17.578,-230.957,-60.547,2.930,854.225
1666057299.343,102.539,295.410,-58.105,84.961,854.229
1666057299.347,33.203,114.746,-77.637,8.789,854.233
1666057299.351,-102.539,-478.027,-78.613,-98.145,854.237
1666057299.354,-71.777,-829.102,-60.059,-53.711,854.240
1666057299.358,71.289,-396.973,-48.828,69.824,854.244
1666057299.362,51.758,272.461,-56.641,34.668,854.248
1666057299.366,-89.844,-171.387,-63.477,-75.195,854.252
1666057299.370,-103.516,-616.211,-62.988,-57.129,854.256
1666057299.371,32.715,26.855,-62.500,55.664,854.257
1666057299.375,68.359,699.707,-64.453,57.617,854.260
1666057299.379,-73.730,-130.371,-62.500,-68.848,854.264
1666057299.383,-120.605,-683.594,-54.688,-92.773,854.268
1666057299.387,2.441,8.301,-43.945,20.996,854.272
1666057299.391,81.543,340.820,-52.246,76.172,854.276
1666057299.395,-23.926,-227.539,-69.336,-27.832,854.280
1666057299.398,-124.512,-1000.000,-65.430,-89.844,854.284
1666057299.402,-38.086,-599.121,-41.504,-8.301,854.288
1666057299.406,93.262,614.258,-45.410,87.891,854.292
1666057299.410,23.926,364.258,-60.547,21.484,854.296
1666057299.414,-106.934,-426.758,-58.105,-89.844,854.300
1666057299.418,-71.777,-342.285,-54.199,-46.875,854.316
1666057299.422,62.988,483.887,-44.434,76.172,854.320
1666057299.426,51.758,223.633,-49.316,57.129,854.324
1666057299.430,-88.379,-496.094,-47.852,-69.336,854.328
1666057299.434,-106.445,-280.273,-39.062,-69.336,854.332
1666057299.438,37.109,81.543,-44.434,52.734,854.336
1666057299.442,92.285,-233.398,-46.875,91.309,854.340
1666057299.445,-30.762,-754.395,-37.598,-21.484,854.344
1666057299.449,-101.562,-333.984,-36.621,-74.219,854.348
1666057299.453,0.000,71.289,-51.758,30.762,854.352
1666057299.457,102.539,314.453,-58.105,93.262,854.355
1666057299.461,-6.836,114.746,-46.875,-8.301,854.359
1666057299.476,-127.441,-143.555,-36.621,-91.309,854.364
1666057299.480,-60.059,-138.184,-34.180,-16.113,854.368
1666057299.484,72.754,7.324,-31.250,101.074,854.371
1666057299.488,28.320,-25.879,-38.574,39.062,854.375
1666057299.492,-104.492,-268.555,-43.945,-77.148,854.379
1666057299.496,-76.172,-384.277,-37.109,-34.668,854.383
1666057299.500,65.430,-813.477,-35.645,86.914,854.387
1666057299.503,71.777,-489.258,-31.738,68.359,854.391
1666057299.507,-73.730,146.973,-35.645,-62.012,854.395
1666057299.511,-117.188,-424.316,-47.363,-83.984,854.399
1666057299.515,23.926,-497.559,-45.898,24.902,854.403
1666057299.519,85.449,354.492,-43.457,58.594,854.407
1666057299.523,-54.199,315.918,-58.594,-66.895,854.410
1666057299.527,-131.836,-402.344,-55.176,-125.977,854.414
1666057299.531,-27.344,-140.137,-34.180,-20.996,854.418
1666057299.535,84.961,663.574,-38.086,61.035,854.422
1666057299.539,4.395,435.059,-47.363,-13.184,854.426
1666057299.543,-121.094,-536.621,-31.738,-87.891,854.430
1666057299.547,-66.406,-706.543,-24.414,-21.973,854.433
1666057299.550,83.496,193.848,-28.809,83.008,854.437
1666057299.554,50.293,500.000,-26.367,28.809,854.441
1666057299.558,-106.934,-552.734,-40.039,-95.703,854.445
1666057299.562,-112.793,-793.457,-39.551,-80.566,854.449
1666057299.566,34.180,329.590,-19.043,35.645,854.453
1666057299.567,61.523,538.086,-11.719,31.738,854.452
1666057299.571,-82.520,-187.012,-19.043,-85.449,854.456
1666057299.575,-123.535,-642.090,-19.043,-90.332,854.460
1666057299.579,10.742,-94.727,1.465,30.273,854.464
1666057299.583,84.961,433.594,-0.977,76.172,854.468
1666057299.587,-35.645,-338.379,-16.113,-34.668,854.472
1666057299.591,-128.906,-661.133,-1.953,-107.910,854.476
1666057299.594,-43.945,-169.922,-0.977,-26.855,854.480
1666057299.598,67.871,113.770,-22.461,66.406,854.484
1666057299.602,-15.625,-592.285,-44.434,-4.883,854.488
1666057299.606,-135.742,-990.234,-28.809,-99.121,854.492
1666057299.610,-74.219,-205.566,-4.883,-36.133,854.495
1666057299.613,75.684,306.641,-6.348,84.961,854.500
1666057299.617,58.105,381.348,-10.742,40.039,854.504
1666057299.621,-90.820,108.887,-23.926,-86.426,854.508
1666057299.625,-104.004,-126.953,-23.438,-82.031,854.511
1666057299.629,40.527,121.582,-5.859,29.297,854.515
1666057299.633,76.172,233.398,-3.906,39.551,854.519
1666057299.637,-62.500,-221.680,-15.137,-83.008,854.523
1666057299.640,-125.000,-288.086,-15.137,-109.375,854.527
1666057299.644,-5.859,-481.445,-15.625,14.160,854.531
1666057299.648,87.402,-292.480,-12.207,77.637,854.535
1666057299.652,-21.484,65.430,-11.230,-26.855,854.539
1666057299.656,-131.836,-402.344,-16.602,-113.281,854.543
1666057299.656,-51.270,-438.477,-9.277,-27.832,854.542
1666057299.660,75.195,286.133,-8.789,79.590,854.546
1666057299.664,10.742,312.988,-22.461,-2.930,854.550
1666057299.668,-124.512,-474.609,-24.414,-116.699,854.554
1666057299.672,-93.750,-555.176,-15.137,-65.918,854.558
1666057299.676,51.758,13.672,-18.066,54.199,854.562
1666057299.680,48.340,336.914,-13.672,41.992,854.566
1666057299.683,-92.285,-148.926,-6.836,-80.566,854.569
1666057299.687,-118.164,-1000.000,-27.344,-96.680,854.573
1666057299.691,23.438,-428.223,-16.602,17.090,854.577
1666057299.695,70.801,734.375,-17.090,48.828,854.581
1666057299.699,-68.848,120.117,-23.438,-62.500,854.585
1666057299.701,-138.184,-580.566,-10.742,-110.352,854.601
1666057299.705,-20.020,-51.758,-6.348,-9.277,854.605
1666057299.709,86.914,769.043,-17.578,64.453,854.609
1666057299.713,-14.160,64.453,-22.461,-26.855,854.613
1666057299.717,-134.277,-689.453,-5.859,-116.211,854.617
1666057299.721,-66.406,-272.949,1.465,-46.387,854.621
1666057299.725,74.219,263.184,2.930,68.848,854.625
1666057299.728,24.902,-239.258,-4.395,14.648,854.629
1666057299.732,-126.953,-841.797,-1.953,-115.723,854.633
1666057299.736,-103.027,-196.777,10.254,-77.637,854.636
1666057299.740,60.059,341.309,0.977,57.129,854.640
1666057299.744,63.965,377.930,-16.113,41.992,854.644
1666057299.760,-83.496,-9.766,-11.230,-83.496,854.646
1666057299.764,-119.141,-166.992,-9.766,-102.051,854.650
1666057299.768,7.324,-29.297,-12.207,24.902,854.654
1666057299.772,76.172,-333.008,-17.578,72.754,854.658
1666057299.776,-46.875,-437.012,-19.531,-58.105,854.662
1666057299.780,-131.348,-441.895,-20.996,-119.141,854.666
1666057299.784,-34.180,-417.480,-22.461,-14.160,854.669
1666057299.787,71.289,-176.758,-14.160,66.895,854.673
1666057299.791,-9.277,20.020,-11.719,-28.809,854.677
1666057299.795,-128.906,39.551,-11.230,-131.836,854.681
1666057299.799,-81.543,-326.172,-16.113,-68.848,854.685
1666057299.803,55.664,-174.805,-7.324,48.340,854.689
1666057299.792,28.809,408.203,-0.488,1.953,854.678
1666057299.796,-111.816,57.617,-7.812,-111.816,854.682
1666057299.800,-111.816,-379.883,-2.441,-90.332,854.686
1666057299.804,40.527,181.641,3.906,34.180,854.690
1666057299.808,64.453,667.969,-2.441,39.551,854.693
1666057299.812,-83.984,-103.516,-27.832,-87.402,854.697
1666057299.816,-125.488,-837.891,-27.344,-110.840,854.701
1666057299.819,-0.488,-328.613,-8.301,-6.348,854.705
1666057299.823,72.266,583.008,-9.277,39.062,854.709
1666057299.827,-41.016,320.801,-3.418,-60.059,854.713
1666057299.831,-142.578,-739.746,11.719,-118.652,854.717
1666057299.835,-53.223,-704.590,22.949,-40.039,854.721
1666057299.835,83.008,502.930,25.879,41.016,854.735
1666057299.839,17.578,460.449,6.836,-21.973,854.739
1666057299.843,-109.863,-547.852,1.465,-109.375,854.742
1666057299.847,-77.148,-502.441,15.137,-61.523,854.746
1666057299.851,53.223,421.387,23.926,44.434,854.750
1666057299.855,39.062,277.344,7.812,13.184,854.754
1666057299.859,-104.492,-823.730,-10.742,-98.633,854.758
1666057299.862,-136.230,-806.152,-2.930,-101.562,854.762
1666057299.866,-3.906,166.016,11.719,-2.930,854.766
1666057299.870,46.387,150.879,21.484,25.391,854.770
1666057299.874,-83.496,-403.320,20.996,-81.055,854.774
1666057299.878,-151.855,-244.141,11.230,-116.211,854.778
1666057299.882,-28.320,237.305,7.324,7.324,854.778
1666057299.886,66.406,404.297,5.371,66.895,854.782
1666057299.890,-45.410,118.652,6.836,-51.758,854.786
1666057299.894,-154.785,-151.367,12.207,-136.230,854.790
1666057299.898,-80.566,58.594,13.184,-57.129,854.794
1666057299.902,52.734,185.547,13.184,54.199,854.798
1666057299.906,1.465,-70.801,19.043,-5.859,854.802
1666057299.909,-136.230,-182.129,27.832,-117.188,854.806
1666057299.913,-106.934,-69.336,28.320,-77.148,854.810
1666057299.917,30.273,-159.668,16.113,34.180,854.814
1666057299.921,9.277,-95.215,-3.418,-2.441,854.817
1666057299.925,-133.301,-247.559,-13.184,-129.395,854.821
1666057299.941,-152.832,-655.273,-9.766,-127.441,854.827
1666057299.945,-10.254,-229.980,9.277,-1.465,854.831
1666057299.949,46.875,140.137,7.812,23.926,854.835
1666057299.953,-88.379,-126.465,-8.301,-96.680,854.838
1666057299.957,-163.086,-334.473,3.418,-135.254,854.842
1666057299.961,-50.293,-875.488,8.789,-18.066,854.846
1666057299.965,55.664,-386.719,6.836,56.152,854.850
1666057299.968,-46.387,409.180,-4.883,-50.781,854.854
1666057299.972,-163.574,-425.293,-11.719,-133.789,854.858
1666057299.976,-80.078,-479.980,-11.719,-59.082,854.862
1666057299.980,64.941,562.988,-10.254,40.039,854.866
1666057299.984,4.883,628.418,-17.578,-16.113,854.870
1666057299.985,-139.648,-268.066,-27.344,-128.418,854.871
1666057299.989,-122.559,-589.844,-11.230,-94.727,854.875
1666057299.993,22.461,157.227,0.977,24.902,854.879
1666057299.997,34.668,623.047,-3.906,16.113,854.883
1666057300.001,-117.188,-258.789,-14.648,-107.910,854.886
1666057300.005,-153.320,-958.008,-8.789,-122.559,854.890
1666057300.009,-16.602,-211.914,-1.953,-5.371,854.894
1666057300.012,56.152,584.473,-5.859,39.551,854.898
1666057300.016,-68.848,-274.902,-13.184,-75.195,854.902
1666057300.020,-170.410,-943.359,-3.418,-140.137,854.906
1666057300.024,-63.965,-22.949,14.648,-43.945,854.910
1666057300.028,58.105,545.898,1.465,45.898,854.914
1666057300.031,-33.203,126.953,-8.789,-48.340,854.916
1666057300.035,-159.668,-235.352,-0.977,-143.555,854.920
1666057300.039,-99.609,-224.121,7.812,-76.172,854.924
1666057300.043,45.898,89.355,4.395,30.273,854.928
1666057300.047,11.719,-370.605,-14.648,-7.324,854.932
1666057300.051,-137.207,-1000.000,-9.766,-120.117,854.936
1666057300.055,-130.371,-417.480,1.465,-102.539,854.940
1666057300.058,17.578,159.180,-10.254,20.996,854.944
1666057300.062,31.738,-215.332,-17.578,29.785,854.948
1666057300.066,-104.980,-322.266,-8.301,-93.750,854.952
1666057300.070,-148.926,-89.355,-10.742,-128.906,854.956
1666057300.074,-33.203,30.762,-11.230,-27.344,854.959
1666057300.076,48.828,393.555,-7.812,23.926,854.962
1666057300.080,-65.430,302.734,-15.625,-81.543,854.966
1666057300.084,-166.992,-173.828,-20.508,-153.809,854.970
1666057300.088,-79.102,-212.402,-21.484,-62.988,854.974
1666057300.092,42.480,340.332,-20.020,35.645,854.978
1666057300.096,-27.344,130.371,-19.043,-41.504,854.982
1666057300.100,-154.785,-602.539,-14.648,-154.297,854.986
1666057300.103,-115.234,-940.430,-9.277,-92.773,854.989
1666057300.107,21.973,-609.375,16.113,34.668,854.993
1666057300.111,3.906,337.891,22.461,-8.789,854.997
1666057300.115,-132.812,-11.230,-2.441,-132.324,855.001
1666057300.119,-130.859,-507.324,2.441,-118.652,855.005
1666057300.122,4.395,193.359,19.043,5.371,855.007
1666057300.126,42.969,699.219,12.695,28.809,855.011
1666057300.130,-86.426,-38.574,-7.812,-88.867,855.015
1666057300.134,-159.668,-846.191,0.488,-135.254,855.019
1666057300.138,-46.875,-222.656,9.766,-31.738,855.023
1666057300.142,43.457,394.531,-6.348,28.320,855.027
1666057300.146,-60.059,-192.383,-16.602,-78.613,855.031
1666057300.149,-159.180,-886.719,-7.324,-146.484,855.035
1666057300.153,-75.684,-350.586,15.625,-68.359,855.038
1666057300.157,42.969,454.102,15.625,16.113,855.042
1666057300.161,-25.391,-71.777,0.000,-49.316,855.046
1666057300.165,-147.461,-684.570,-5.371,-153.809,855.050
1666057300.168,-113.770,-160.645,3.418,-111.816,855.067
1666057300.172,34.668,486.816,11.230,21.973,855.071
1666057300.176,31.250,299.805,4.883,9.277,855.075
1666057300.180,-117.188,-207.520,-2.441,-119.629,855.078
1666057300.184,-135.742,-247.559,8.789,-118.652,855.082
1666057300.188,4.883,89.844,9.766,2.441,855.086
1666057300.192,62.012,-230.957,-1.953,33.203,855.090
1666057300.195,-70.312,-781.738,4.883,-83.496,855.094
1666057300.199,-161.621,-322.266,20.508,-134.277,855.098
1666057300.203,-55.664,72.754,19.043,-25.391,855.102
1666057300.207,66.895,369.629,8.789,52.734,855.106
1666057300.211,-30.273,121.094,-2.441,-44.434,855.110
1666057300.212,-145.996,-450.195,0.488,-133.789,855.111
1666057300.216,-78.125,-258.301,15.137,-63.965,855.115
1666057300.220,49.316,-172.852,22.949,46.875,855.119
1666057300.224,-2.441,-145.020,31.250,-7.812,855.123
1666057300.228,-143.066,-151.855,25.391,-125.488,855.127
1666057300.232,-125.977,-427.734,26.855,-88.867,855.130
1666057300.236,15.137,-812.500,36.621,37.109,855.134
1666057300.239,29.785,-505.371,36.133,25.879,855.138
1666057300.243,-112.305,123.047,20.508,-103.516,855.142
1666057300.247,-161.133,-483.887,5.371,-120.605,855.146
1666057300.251,-20.020,-500.488,30.273,6.348,855.150
1666057300.255,60.547,499.023,40.527,49.316,855.154
1666057300.273,-69.824,413.086,22.461,-73.242,855.160
1666057300.277,-155.762,-378.418,23.438,-133.789,855.164
1666057300.281,-56.152,-364.746,26.855,-37.109,855.168
1666057300.285,51.270,341.797,20.508,45.410,855.172
1666057300.289,-21.484,420.898,16.602,-36.133,855.176
1666057300.293,-145.996,-582.031,7.812,-135.742,855.180
1666057300.297,-104.980,-803.223,19.043,-80.078,855.184
1666057300.300,45.898,388.672,31.250,31.250,855.188
1666057300.304,11.719,592.285,17.090,-15.625,855.192
1666057300.308,-134.277,-311.523,26.367,-124.023,855.196
1666057300.312,-126.953,-389.648,41.992,-97.168,855.199
1666057300.316,16.602,366.211,33.691,15.625,855.203
1666057300.317,41.016,514.648,6.348,17.090,855.204
1666057300.321,-104.492,-96.191,-0.977,-102.051,855.208
1666057300.325,-154.297,-575.684,2.930,-130.371,855.212
1666057300.329,-28.320,-103.516,7.324,-31.738,855.216
1666057300.333,46.387,413.574,9.277,23.926,855.220
1666057300.337,-76.660,-337.891,6.836,-81.543,855.223
1666057300.341,-167.969,-814.941,15.625,-158.691,855.227
1666057300.344,-71.777,-177.734,34.180,-64.941,855.231
1666057300.348,58.105,398.438,29.785,30.273,855.235
1666057300.352,-21.973,-551.270,1.953,-38.574,855.239
1666057300.356,-157.227,-1000.000,8.789,-138.184,855.243
1666057300.360,-106.934,-277.344,14.648,-89.844,855.247
1666057300.361,43.457,281.738,20.508,29.297,855.247
1666057300.365,33.203,349.609,23.926,2.930,855.251
1666057300.369,-125.488,-7.324,16.113,-123.047,855.255
1666057300.373,-135.742,-189.453,27.832,-114.258,855.259
1666057300.377,14.160,84.961,25.391,13.184,855.263
1666057300.381,51.270,145.508,15.625,23.438,855.267
1666057300.385,-87.402,-162.598,12.695,-108.887,855.271
1666057300.388,-155.273,-308.105,15.137,-148.438,855.275
1666057300.392,-44.434,-607.910,17.578,-36.621,855.279
1666057300.396,48.828,-612.305,25.391,34.180,855.283
1666057300.400,-27.832,133.789,34.180,-60.547,855.286
1666057300.404,-135.742,-127.441,23.926,-147.949,855.290
1666057300.406,-82.031,-321.289,15.137,-74.707,855.336
1666057300.410,59.082,534.668,3.418,23.438,855.340
1666057300.414,-1.465,403.320,-10.254,-41.016,855.344
1666057300.418,-150.879,-458.496,-0.488,-150.879,855.348
1666057300.422,-114.258,-688.477,21.484,-110.352,855.352
1666057300.426,30.762,-114.746,24.902,12.207,855.356
1666057300.430,18.066,394.531,20.508,-11.719,855.360
1666057300.433,-129.883,-140.625,7.812,-133.789,855.364
1666057300.437,-164.551,-811.035,15.625,-131.836,855.368
1666057300.441,-29.785,-1.465,39.551,-12.207,855.371
1666057300.445,37.109,584.473,31.250,9.766,855.375
1666057300.449,-85.938,-291.016,32.227,-103.516,855.379
1666057300.484,-151.855,-738.281,41.504,-152.832,855.381
1666057300.488,-46.875,118.652,42.480,-62.500,855.385
1666057300.492,58.594,722.656,32.227,16.113,855.389
1666057300.496,-38.086,197.754,23.926,-74.707,855.393
1666057300.500,-161.133,-385.254,25.879,-152.344,855.397
1666057300.504,-92.773,-304.199,35.645,-74.219,855.401
1666057300.508,55.176,148.438,41.016,35.645,855.404
1666057300.511,8.301,0.977,26.855,-16.602,855.408
1666057300.515,-134.766,-438.477,18.555,-135.254,855.412
1666057300.519,-121.094,-163.086,17.090,-119.629,855.416
1666057300.523,18.555,326.660,19.531,-1.465,855.420
1666057300.527,41.504,220.215,24.902,9.766,855.424
1666057300.498,-97.656,-307.129,20.020,-110.352,855.387
1666057300.502,-144.043,-479.492,14.160,-130.859,855.391
1666057300.506,-11.719,-185.059,26.367,-6.348,855.394
1666057300.510,61.035,101.074,27.832,42.480,855.398
1666057300.514,-59.082,2.930,19.043,-67.871,855.402
1666057300.518,-150.879,-460.449,11.719,-133.301,855.406
1666057300.522,-61.035,-471.680,12.695,-39.062,855.410
1666057300.525,50.293,-54.199,14.160,42.480,855.414
1666057300.529,-28.320,194.824,8.789,-49.316,855.418
1666057300.533,-147.949,-28.320,0.000,-148.926,855.422
1666057300.537,-99.609,-370.605,15.137,-80.566,855.426
1666057300.541,40.039,28.320,39.062,41.504,855.430
1666057300.557,16.602,480.469,45.410,6.836,855.444
1666057300.561,-120.117,27.832,44.434,-115.234,855.448
1666057300.565,-127.441,-554.688,29.785,-106.445,855.452
1666057300.569,4.883,-1000.000,29.297,23.926,855.456
1666057300.573,30.762,-748.047,41.992,33.691,855.460
1666057300.577,-102.051,-375.000,40.039,-94.727,855.464
1666057300.581,-153.320,-825.195,29.297,-122.070,855.468
1666057300.584,-33.203,-893.066,42.480,-5.371,855.472
1666057300.588,61.035,236.816,63.477,49.805,855.476
1666057300.592,-39.551,398.438,54.688,-55.176,855.480
1666057300.596,-147.461,-324.707,51.270,-127.441,855.483
1666057300.600,-56.152,34.180,60.547,-38.574,855.487
1666057300.586,70.801,735.352,50.781,51.270,855.502
1666057300.590,-9.277,481.445,24.902,-29.297,855.506
1666057300.594,-149.902,-488.770,26.367,-128.418,855.510
1666057300.598,-107.422,-416.504,45.898,-80.566,855.513
1666057300.602,47.363,548.828,48.828,37.598,855.517
1666057300.606,29.785,319.824,33.691,16.113,855.521
1666057300.610,-125.488,-748.535,30.762,-110.352,855.525
1666057300.613,-143.066,-672.363,36.621,-114.746,855.529
1666057300.617,11.230,390.625,34.668,5.371,855.533
1666057300.621,53.223,458.984,25.879,20.020,855.537
1666057300.625,-99.121,-777.832,13.184,-100.586,855.541
1666057300.629,-166.504,-787.109,27.344,-141.602,855.545
1666057300.633,-36.133,260.254,39.062,-33.203,855.531
1666057300.637,64.941,498.535,33.203,42.969,855.535
1666057300.641,-37.598,135.254,33.691,-51.758,855.539
1666057300.645,-151.367,-156.250,36.133,-137.695,855.543
1666057300.649,-78.125,29.785,42.969,-56.641,855.546
1666057300.653,58.105,24.414,35.156,55.176,855.550
1666057300.657,2.930,-156.738,30.762,-8.301,855.554
1666057300.660,-131.348,-100.098,36.621,-125.000,855.558
1666057300.664,-107.910,-231.934,30.762,-74.219,855.562
1666057300.668,39.551,-28.809,30.273,48.340,855.566
1666057300.672,45.410,360.840,27.832,17.578,855.570
1666057300.676,-106.934,121.582,16.602,-114.746,855.574
1666057300.691,-138.672,-223.633,2.930,-120.605,855.578
1666057300.695,-4.883,-497.070,7.812,15.625,855.582
1666057300.699,61.035,-356.934,25.391,48.340,855.585
1666057300.703,-69.336,-75.195,22.949,-88.867,855.589
1666057300.707,-167.480,-324.707,17.578,-147.949,855.593
1666057300.711,-53.711,-801.270,22.461,-31.738,855.597
1666057300.715,71.777,-235.840,33.203,46.875,855.601
1666057300.718,-23.926,426.270,27.832,-57.129,855.605
1666057300.722,-153.809,-370.117,16.602,-149.414,855.609
1666057300.726,-85.449,-585.938,24.414,-69.824,855.613
1666057300.730,58.105,416.016,29.785,41.016,855.617
1666057300.734,10.254,414.551,15.625,-12.695,855.621
1666057300.737,-138.672,-581.543,13.184,-115.234,855.622
1666057300.741,-124.512,-663.086,22.949,-83.496,855.626
1666057300.745,30.273,377.930,31.738,40.527,855.630
1666057300.749,46.875,665.527,21.484,34.180,855.634
1666057300.753,-101.074,-166.016,16.113,-96.680,855.638
1666057300.757,-141.113,-761.230,18.066,-128.418,855.642
1666057300.761,-9.766,-104.492,28.320,-15.137,855.645
1666057300.764,63.965,618.652,25.879,36.133,855.649
1666057300.768,-66.406,-303.711,-2.441,-71.777,855.653
1666057300.772,-155.273,-895.996,11.719,-130.859,855.657
1666057300.776,-49.316,-23.438,36.133,-39.551,855.661
1666057300.780,59.082,360.352,26.367,44.434,855.665
1666057300.782,-23.926,49.316,25.879,-41.992,855.671
1666057300.786,-147.461,-395.508,26.855,-140.137,855.675
1666057300.790,-98.633,-453.125,21.484,-73.242,855.679
1666057300.794,34.668,117.188,23.438,31.738,855.683
1666057300.798,8.301,-312.012,10.742,-6.348,855.687
1666057300.802,-123.047,-1000.000,13.672,-114.258,855.691
1666057300.806,-115.723,-539.062,30.273,-109.863,855.695
1666057300.809,38.086,115.234,24.414,24.902,855.699
1666057300.813,61.035,-161.133,18.066,50.293,855.703
1666057300.817,-77.637,-253.906,20.020,-78.125,855.706
1666057300.821,-125.977,-103.516,16.113,-114.746,855.710
1666057300.825,-13.184,-38.574,17.578,-11.230,855.714
1666057300.826,76.172,406.250,14.160,45.410,855.712
1666057300.830,-36.621,361.816,6.836,-60.059,855.716
1666057300.834,-142.090,-129.883,9.766,-131.836,855.720
1666057300.838,-58.105,-201.660,9.277,-43.945,855.724
1666057300.842,62.500,153.809,7.324,43.945,855.728
1666057300.846,-4.395,35.645,7.324,-19.531,855.732
1666057300.850,-139.160,-430.664,5.859,-125.000,855.736
1666057300.853,-107.422,-834.961,5.859,-77.148,855.740
1666057300.857,40.039,-651.855,9.277,51.270,855.744
1666057300.861,32.715,292.969,15.625,18.066,855.748
1666057300.865,-118.652,35.156,17.578,-106.934,855.752
1666057300.869,-147.949,-452.637,21.484,-111.816,855.755
1666057300.871,-9.766,175.293,18.066,-1.465,855.757
1666057300.875,42.480,680.176,4.395,19.043,855.761
1666057300.879,-89.844,-25.391,-5.859,-97.168,855.765
1666057300.883,-164.062,-818.359,-2.930,-141.113,855.769
1666057300.887,-56.152,-197.754,21.973,-36.621,855.773
1666057300.891,50.293,382.812,27.832,32.715,855.777
1666057300.895,-49.316,-187.500,14.648,-56.152,855.781
1666057300.898,-156.250,-967.773,15.625,-131.348,855.785
1666057300.902,-73.730,-527.344,39.062,-61.523,855.789
1666057300.906,64.941,655.273,41.504,41.504,855.793
1666057300.910,-7.324,327.637,21.484,-17.578,855.797
1666057300.914,-147.949,-428.223,23.438,-124.023,855.800
1666057300.918,-120.117,-119.141,34.180,-104.004,855.805
1666057300.922,19.531,525.391,39.062,6.836,855.809
1666057300.926,28.320,407.227,21.973,-2.930,855.813
1666057300.930,-111.816,-180.176,6.348,-125.488,855.817
1666057300.934,-139.648,-285.645,21.973,-129.395,855.821
1666057300.938,4.395,56.641,31.738,-9.766,855.824
1666057300.942,64.453,-203.125,20.508,32.715,855.828
1666057300.945,-72.266,-724.121,11.719,-80.566,855.832
1666057300.949,-151.855,-314.941,23.926,-139.160,855.836
1666057300.953,-33.691,-24.414,34.668,-28.809,855.840
1666057300.957,75.684,26.367,34.180,50.781,855.844
1666057300.961,-18.555,30.273,31.738,-33.691,855.848
1666057300.961,-136.719,-89.355,24.414,-135.254,855.876
1666057300.965,-74.219,-162.109,20.020,-83.496,855.880
1666057300.969,65.918,18.555,26.367,35.156,855.884
1666057300.973,14.648,113.281,24.414,-21.973,855.888
1666057300.977,-127.930,-158.203,19.531,-140.137,855.892
1666057300.981,-120.117,-392.090,20.020,-102.051,855.896
1666057300.985,38.086,-803.711,8.301,31.250,855.900
1666057300.988,56.641,-569.824,11.230,21.484,855.904
1666057300.992,-104.492,81.055,12.207,-119.629,855.908
1666057300.996,-133.301,-346.191,12.207,-138.672,855.911
1666057301.000,4.883,-62.500,28.320,-20.996,855.915
1666057301.004,65.430,592.285,30.273,30.273,855.919
1666057301.009,-54.199,85.938,23.438,-83.984,855.898
1666057301.013,-150.879,-759.766,20.020,-149.902,855.902
1666057301.017,-60.059,-450.684,28.809,-51.270,855.906
1666057301.021,72.754,622.559,41.504,36.133,855.910
1666057301.025,-11.719,449.219,35.645,-42.969,855.913
1666057301.029,-152.344,-603.027,22.461,-142.090,855.917
1666057301.033,-96.191,-629.883,32.715,-77.148,855.921
1666057301.036,58.105,462.891,41.504,48.828,855.925
1666057301.040,33.203,563.477,23.926,14.648,855.929
1666057301.044,-122.070,-446.777,15.625,-109.863,855.933
1666057301.048,-125.000,-531.250,22.949,-102.539,855.937
1666057301.052,30.273,368.652,25.879,26.855,855.941
1666057301.066,68.359,571.289,25.391,44.922,855.953
1666057301.070,-81.543,-336.426,37.109,-83.008,855.957
1666057301.074,-155.273,-819.824,47.852,-124.512,855.961
1666057301.078,-46.875,-307.129,49.805,-22.461,855.965
1666057301.082,25.391,169.922,53.711,24.414,855.968
1666057301.086,-83.496,-511.719,42.969,-69.336,855.972
1666057301.090,-174.316,-1000.000,43.457,-134.766,855.976
1666057301.093,-92.285,-184.570,44.434,-71.289,855.980
1666057301.097,36.621,470.215,30.273,21.973,855.984
1666057301.101,-28.809,215.332,27.832,-36.133,855.988
1666057301.105,-161.133,-75.195,26.367,-145.508,855.992
1666057301.109,-117.676,-44.434,26.367,-98.633,855.996
1666057301.111,27.344,208.984,30.273,26.367,855.998
1666057301.115,12.695,308.594,23.926,-9.766,856.002
1666057301.119,-128.906,63.477,15.137,-135.254,856.006
1666057301.123,-138.672,-152.344,25.879,-117.676,856.010
1666057301.127,-0.488,-3.418,33.691,9.766,856.014
1666057301.131,37.109,85.938,19.043,19.043,856.017
1666057301.135,-102.051,-303.223,12.695,-101.562,856.021
1666057301.138,-171.387,-531.738,14.160,-143.555,856.025
1666057301.142,-43.945,-631.348,22.461,-29.785,856.029
1666057301.146,68.848,-557.129,31.738,44.434,856.033
1666057301.150,-39.062,66.406,12.695,-66.895,856.037
1666057301.154,-158.691,-193.359,-1.465,-147.461,856.041
1666057301.156,-87.402,-260.742,9.766,-62.988,856.042
1666057301.160,46.387,478.516,9.766,36.621,856.046
1666057301.164,-2.441,325.195,3.906,-20.996,856.050
1666057301.168,-133.789,-450.195,6.348,-120.117,856.054
1666057301.172,-106.934,-759.277,15.137,-76.660,856.058
1666057301.176,46.387,-240.234,26.367,42.969,856.062
1666057301.180,51.758,308.105,19.043,20.508,856.066
1666057301.183,-102.051,-186.035,5.859,-110.352,856.069
1666057301.187,-139.648,-1000.000,3.418,-117.676,856.073
1666057301.191,-8.301,-289.551,18.555,1.953,856.077
1666057301.195,59.082,748.047,9.277,40.527,856.081
1666057301.199,-64.453,-29.297,-1.953,-72.754,856.085
1666057301.201,-135.742,-544.922,8.789,-125.000,856.087
1666057301.205,-31.738,132.812,11.230,-25.879,856.091
1666057301.209,81.543,720.703,9.766,61.035,856.095
1666057301.213,-2.441,242.188,7.812,-22.461,856.099
1666057301.217,-135.254,-448.730,-1.465,-125.000,856.103
1666057301.221,-85.449,-403.320,-0.977,-58.105,856.107
1666057301.225,52.734,223.145,15.137,51.270,856.110
1666057301.228,15.625,-168.457,13.672,4.395,856.114
1666057301.232,-131.836,-849.121,6.836,-112.305,856.118
1666057301.236,-124.023,-203.125,11.719,-92.285,856.122
1666057301.240,24.414,234.863,17.090,30.273,856.126
1666057301.244,48.828,128.418,22.461,33.691,856.130
1666057301.247,-98.633,-148.438,23.926,-77.148,856.136
1666057301.251,-142.090,-181.641,24.414,-104.004,856.140
1666057301.255,-0.488,-23.926,29.297,11.230,856.144
1666057301.259,80.566,-293.945,38.086,62.012,856.148
1666057301.263,-44.434,-422.363,29.297,-56.641,856.151
1666057301.267,-140.137,-424.805,15.625,-124.023,856.155
1666057301.271,-44.434,-381.348,16.113,-41.016,856.159
1666057301.274,77.637,-255.371,16.602,50.781,856.163
1666057301.278,0.488,-21.484,11.719,-15.625,856.167
1666057301.282,-131.348,47.363,0.977,-118.652,856.171
1666057301.286,-82.031,-233.887,13.184,-67.871,856.175
1666057301.290,61.523,238.281,38.574,55.176,856.179
1666057301.293,24.414,556.641,24.414,18.555,856.183
1666057301.297,-124.512,-215.332,-2.930,-111.328,856.187
1666057301.301,-118.652,-649.414,12.207,-105.957,856.191
1666057301.305,30.762,99.609,22.949,18.066,856.195
1666057301.309,51.758,526.855,14.160,25.879,856.199
1666057301.313,-92.285,-197.266,10.742,-90.820,856.203
1666057301.317,-135.254,-875.977,9.277,-108.398,856.206
1666057301.320,-15.625,-728.027,17.578,-5.371,856.210
1666057301.324,75.195,351.074,23.438,49.316,856.214
1666057301.328,-29.785,297.852,8.789,-47.852,856.218
1666057301.332,-135.742,-475.098,5.859,-125.488,856.222
1666057301.336,-59.570,-149.902,17.578,-44.434,856.226
1666057301.336,69.824,630.371,31.738,57.129,856.254
1666057301.340,0.000,430.176,18.555,-6.348,856.258
1666057301.344,-135.742,-608.887,1.953,-117.676,856.262
1666057301.348,-102.051,-676.758,21.973,-79.102,856.266
1666057301.352,25.879,207.031,24.902,34.180,856.270
1666057301.356,24.414,254.395,4.395,3.906,856.274
1666057301.360,-116.699,-756.836,-4.883,-103.027,856.278
1666057301.363,-141.113,-906.250,13.672,-101.562,856.282
1666057301.367,-2.441,229.492,24.414,-0.488,856.285
1666057301.371,45.410,546.387,6.836,26.367,856.289
1666057301.375,-85.449,-51.270,4.395,-93.750,856.293
1666057301.379,-168.457,-193.848,16.113,-143.066,856.297
1666057301.383,-58.105,203.613,14.648,-38.086,856.282
1666057301.387,55.176,468.262,6.348,33.691,856.286
1666057301.391,-49.316,153.809,-3.906,-57.617,856.290
1666057301.395,-159.668,-142.090,-1.953,-131.348,856.294
1666057301.399,-82.520,-4.395,6.836,-54.688,856.297
1666057301.403,42.480,2.441,11.719,55.176,856.301
1666057301.407,-6.348,-304.199,19.531,5.859,856.305
1666057301.410,-146.973,-514.648,21.973,-122.070,856.309
1666057301.414,-130.371,-332.031,22.461,-100.586,856.313
1666057301.418,19.043,46.387,23.926,20.508,856.317
1666057301.422,31.250,262.207,25.391,12.695,856.321
1666057301.426,-106.934,71.777,17.578,-106.934,856.325
1666057301.441,-146.484,-251.465,14.648,-123.535,856.327
1666057301.445,-13.184,-365.234,24.414,-3.418,856.331
1666057301.449,58.594,-168.945,28.320,38.086,856.335
1666057301.453,-84.473,-73.730,19.043,-76.172,856.339
1666057301.457,-172.852,-339.844,3.418,-135.742,856.343
1666057301.461,-54.688,-780.273,-0.488,-30.273,856.347
1666057301.465,63.965,-182.129,10.254,46.875,856.351
1666057301.468,-23.926,414.551,-2.930,-57.129,856.355
1666057301.472,-147.949,-387.695,-16.113,-141.113,856.359
1666057301.476,-93.750,-934.082,-8.789,-66.895,856.363
1666057301.480,43.945,34.668,14.160,35.645,856.366
1666057301.484,11.719,629.395,11.719,-20.996,856.370
1666057301.486,-121.582,-263.672,9.277,-132.324,856.373
1666057301.490,-113.281,-520.020,15.137,-102.539,856.377
1666057301.494,35.156,341.797,17.090,18.066,856.380
1666057301.498,62.012,660.156,19.043,27.344,856.384
1666057301.502,-82.031,-85.938,12.695,-91.797,856.388
1666057301.506,-131.348,-739.746,6.348,-115.723,856.392
1666057301.510,-0.488,-255.859,12.207,-0.977,856.396
1666057301.513,82.031,550.293,9.277,40.527,856.400
1666057301.517,-57.617,-239.258,-8.301,-69.824,856.404
1666057301.521,-151.367,-896.973,2.441,-125.000,856.408
1666057301.525,-44.434,-62.500,15.137,-39.551,856.412
1666057301.529,79.102,358.398,11.719,39.551,856.416
1666057301.546,13.672,-208.496,8.301,-32.227,856.448
1666057301.550,-117.188,-545.898,14.160,-116.699,856.452
1666057301.554,-77.637,-346.680,14.160,-68.359,856.455
1666057301.558,53.223,100.586,2.441,35.156,856.459
1666057301.562,24.902,-309.570,-5.859,8.301,856.463
1666057301.566,-112.305,-1000.000,11.230,-103.027,856.467
1666057301.570,-122.070,-412.598,19.531,-105.469,856.471
1666057301.573,24.414,165.527,6.348,13.672,856.475
1666057301.577,73.242,-186.523,2.930,43.457,856.479
1666057301.581,-68.848,-284.180,4.883,-75.684,856.483
1666057301.585,-141.113,-98.145,0.488,-116.699,856.487
1666057301.589,-16.113,-30.273,0.000,-9.277,856.491
1666057301.577,89.355,414.551,4.395,50.293,856.465
1666057301.581,-28.809,269.531,5.371,-62.012,856.469
1666057301.585,-137.695,-367.188,6.348,-134.766,856.473
1666057301.589,-48.340,-543.457,19.531,-40.039,856.477
1666057301.593,75.684,63.477,28.809,62.012,856.481
1666057301.597,3.418,263.184,16.602,-15.625,856.485
1666057301.601,-137.207,-476.562,11.719,-124.023,856.489
1666057301.604,-112.305,-655.762,27.832,-79.590,856.493
1666057301.608,37.598,105.469,38.574,25.391,856.496
1666057301.612,37.598,640.625,26.367,-2.930,856.500
1666057301.616,-101.074,21.484,18.066,-122.070,856.504
1666057301.620,-126.465,-708.008,17.578,-122.070,856.508
1666057301.621,7.324,-82.520,34.668,-0.977,856.508
1666057301.625,69.336,688.477,43.457,37.109,856.512
1666057301.629,-54.688,18.066,28.320,-69.824,856.516
1666057301.633,-141.113,-909.668,9.277,-112.305,856.519
1666057301.637,-48.340,-703.613,13.672,-10.742,856.523
1666057301.641,67.871,143.066,19.043,50.293,856.527
1666057301.645,-22.461,-26.855,2.441,-48.828,856.531
1666057301.648,-151.855,-898.438,4.395,-127.441,856.535
1666057301.652,-73.242,-587.402,26.855,-48.828,856.539
1666057301.656,62.012,630.371,24.414,51.758,856.543
1666057301.660,2.930,429.688,11.230,-6.836,856.547
1666057301.664,-129.395,-286.621,9.766,-125.000,856.551
1666057301.667,-106.445,-73.242,21.973,-89.844,856.554
1666057301.671,34.668,528.320,25.879,42.969,856.558
1666057301.675,43.457,435.547,11.719,29.785,856.562
1666057301.679,-103.516,-131.836,0.000,-94.238,856.566
1666057301.683,-146.484,-228.027,9.766,-108.398,856.570
1666057301.687,-14.648,93.750,24.414,3.906,856.574
1666057301.691,48.828,-203.613,11.719,46.387,856.578
1666057301.694,-74.707,-795.410,7.324,-62.012,856.582
1666057301.698,-145.996,-392.090,22.461,-124.023,856.586
1666057301.702,-38.086,95.703,15.625,-31.250,856.589
1666057301.706,77.148,347.656,12.695,64.453,856.593
1666057301.710,-14.648,193.359,9.277,-21.484,856.597
1666057301.711,-146.484,-111.328,-0.977,-127.441,856.612
1666057301.715,-87.891,-108.887,-0.977,-60.547,856.616
1666057301.719,56.641,35.645,3.906,46.387,856.620
1666057301.723,24.414,156.738,5.371,-6.836,856.623
1666057301.727,-131.348,-146.973,1.465,-123.047,856.627
1666057301.731,-128.418,-457.031,4.883,-104.980,856.631
1666057301.735,20.508,-808.105,11.230,24.414,856.635
1666057301.738,40.527,-449.219,14.648,31.250,856.639
1666057301.742,-90.820,149.902,1.953,-90.820,856.643
1666057301.746,-134.766,-463.867,5.371,-108.887,856.647
1666057301.750,-15.625,-299.805,19.531,1.465,856.651
1666057301.754,69.336,563.965,16.113,50.293,856.655
1666057301.762,-33.203,371.094,8.301,-58.594,856.655
1666057301.766,-133.301,-530.273,5.371,-126.953,856.659
1666057301.770,-41.992,-436.035,13.184,-36.133,856.663
1666057301.774,83.984,533.691,18.555,53.711,856.667
1666057301.778,5.371,455.078,8.789,-25.391,856.671
1666057301.782,-142.090,-548.828,-4.883,-129.395,856.675
1666057301.786,-100.098,-712.402,5.371,-72.266,856.679
1666057301.789,54.199,317.383,17.578,51.758,856.683
1666057301.793,27.344,551.758,3.906,13.184,856.687
1666057301.797,-117.676,-500.000,-3.418,-100.098,856.691
1666057301.801,-120.117,-673.828,16.602,-90.332,856.694
1666057301.805,27.832,265.625,23.438,26.367,856.698
1666057301.816,64.941,303.711,-2.441,43.457,856.702
1666057301.820,-70.312,-425.293,-5.859,-80.078,856.706
1666057301.824,-129.395,-765.625,6.348,-110.840,856.710
1666057301.828,-10.254,-171.875,12.207,1.465,856.714
1666057301.832,75.684,464.355,10.742,59.570,856.718
1666057301.836,-27.344,-441.895,-3.906,-31.738,856.722
1666057301.840,-129.883,-995.605,8.789,-106.934,856.725
1666057301.843,-61.035,-47.363,8.789,-52.734,856.729
1666057301.847,59.570,409.180,-8.301,38.574,856.733
1666057301.851,6.836,81.543,-6.348,-14.160,856.737
1666057301.855,-125.977,-131.348,-9.277,-115.723,856.741
1666057301.859,-104.492,-29.297,-8.789,-85.449,856.745
1666057301.861,49.316,250.977,9.766,34.180,856.748
1666057301.865,46.875,334.473,8.789,23.926,856.752
1666057301.869,-102.051,-127.930,-5.859,-98.145,856.755
1666057301.873,-121.582,-533.691,-4.883,-108.398,856.759
1666057301.877,12.695,-406.738,5.859,4.883,856.763
1666057301.881,72.754,-234.863,11.719,38.086,856.767
1666057301.885,-60.547,-228.516,4.395,-73.242,856.771
1666057301.888,-138.184,-245.117,-3.418,-116.699,856.775
1666057301.892,-31.738,-546.387,-7.324,-12.207,856.779
1666057301.896,78.613,-307.129,3.418,65.430,856.783
1666057301.900,-11.719,325.684,5.859,-25.391,856.787
1666057301.904,-146.973,-253.418,-3.418,-127.441,856.791
1666057301.906,-81.543,-395.020,8.789,-63.965,856.793
1666057301.910,64.453,445.801,15.137,43.945,856.797
1666057301.914,19.531,364.258,-4.395,-6.348,856.801
1666057301.918,-137.207,-530.762,-13.184,-115.723,856.804
1666057301.922,-116.211,-783.691,1.465,-80.078,856.808
1666057301.926,49.805,-188.477,13.184,37.109,856.812
1666057301.930,51.758,193.359,7.812,11.230,856.816
1666057301.933,-99.121,-345.703,-5.859,-108.398,856.820
1666057301.937,-128.418,-1000.000,1.953,-106.445,856.824
1666057301.941,1.953,-380.371,15.137,1.465,856.828
1666057301.945,60.547,708.008,0.000,28.320,856.832
1666057301.949,-67.383,117.188,-3.418,-77.148,856.836
1666057301.951,-152.832,-476.074,10.742,-124.512,856.837
1666057301.955,-54.199,118.164,15.625,-25.391,856.841
1666057301.959,58.105,641.113,13.672,45.410,856.845
1666057301.963,-22.461,139.648,6.836,-46.387,856.849
1666057301.967,-141.602,-438.965,3.906,-137.207,856.853
1666057301.971,-82.031,-409.180,5.859,-72.266,856.857
1666057301.975,56.152,90.820,10.742,33.203,856.860
1666057301.978,20.996,-245.605,-0.977,-8.789,856.864
1666057301.982,-123.047,-890.137,2.930,-113.281,856.868
1666057301.986,-118.164,-225.586,16.602,-93.262,856.872
1666057301.990,25.879,413.574,4.883,21.484,856.876
1666057301.994,54.199,361.328,-6.348,27.344,856.880
1666057301.996,-84.473,-75.684,1.465,-82.520,856.882
1666057302.000,-137.207,-172.363,11.719,-105.957,856.886
1666057302.004,-16.113,9.766,1.953,0.977,856.890
1666057302.008,65.430,-98.145,-2.930,48.828,856.894
1666057302.012,-48.340,-220.703,1.465,-55.176,856.898
1666057302.016,-139.648,-450.195,-6.348,-129.395,856.902
1666057302.020,-45.410,-397.949,-0.488,-45.898,856.906
1666057302.023,74.707,-248.535,4.395,57.129,856.910
1666057302.027,-4.395,-72.266,-5.859,-33.203,856.914
1666057302.031,-140.137,-41.992,-7.812,-137.207,856.917
1666057302.035,-102.051,-409.180,1.465,-72.266,856.921
1666057302.039,50.293,-36.621,10.254,39.062,856.925
1666057302.044,35.156,524.902,9.766,-0.977,856.933
1666057302.048,-113.770,126.953,-0.488,-119.629,856.937
1666057302.052,-130.371,-504.883,-1.465,-112.305,856.941
1666057302.056,14.648,-55.176,13.184,7.812,856.945
1666057302.060,60.059,610.840,2.930,27.344,856.949
1666057302.064,-81.055,-51.270,-15.625,-92.285,856.953
1666057302.068,-149.902,-911.621,-3.418,-131.348,856.957
1666057302.071,-40.527,-585.938,11.230,-16.113,856.960
1666057302.075,65.918,544.922,15.137,53.223,856.964
1666057302.079,-36.621,355.957,-4.883,-46.387,856.968
1666057302.083,-153.320,-448.730,-3.418,-121.582,856.972
1666057302.087,-75.195,-146.973,6.836,-62.500,856.976
1666057302.087,55.176,563.477,6.348,29.785,856.976
1666057302.091,-14.648,229.980,1.465,-25.879,856.980
1666057302.095,-153.320,-720.703,-9.766,-132.324,856.984
1666057302.099,-107.910,-560.547,2.930,-84.473,856.987
1666057302.103,32.227,352.539,11.719,27.344,856.991
1666057302.107,19.531,207.520,-7.324,0.977,856.995
1666057302.111,-119.141,-749.023,-20.020,-109.375,856.999
1666057302.114,-136.230,-975.098,2.441,-104.004,857.003
1666057302.118,5.859,106.445,26.855,10.742,857.007
1666057302.122,83.984,499.512,18.066,55.176,857.011
1666057302.126,-27.832,-89.355,1.953,-45.410,857.015
1666057302.130,-126.953,-180.664,-3.418,-118.652,857.019
1666057302.147,-51.758,229.492,3.418,-39.062,857.033
1666057302.151,45.410,457.031,-2.930,43.457,857.036
1666057302.155,-11.719,215.332,-6.836,-19.531,857.040
1666057302.159,-118.652,-269.043,-2.441,-116.699,857.044
1666057302.163,-75.684,-204.102,-2.930,-73.730,857.048
1666057302.167,60.547,-128.906,-17.090,27.832,857.052
1666057302.171,13.184,-727.051,-17.578,-22.949,857.056
1666057302.174,-138.672,-471.680,-7.812,-149.414,857.060
1666057302.178,-121.094,-170.898,-5.371,-137.695,857.064
1666057302.182,30.762,153.320,14.648,-6.836,857.068
1666057302.186,46.875,441.895,16.602,0.000,857.072
1666057302.190,-91.309,99.609,9.766,-125.000,857.075
1666057302.206,-125.488,-337.402,8.301,-145.020,857.092
1666057302.210,-5.371,-69.824,2.441,-33.691,857.096
1666057302.214,67.383,223.633,5.859,4.395,857.100
1666057302.218,-47.852,-104.004,12.695,-106.445,857.104
1666057302.222,-142.090,-420.410,20.508,-157.715,857.108
1666057302.226,-41.504,-519.043,23.926,-58.105,857.112
1666057302.230,57.129,-20.996,14.160,19.531,857.116
1666057302.233,-32.715,102.539,7.324,-63.477,857.120
1666057302.237,-136.719,-329.590,11.230,-148.438,857.124
1666057302.241,-84.473,-1000.000,5.859,-72.754,857.128
1666057302.245,58.594,-674.316,18.066,38.574,857.132
1666057302.249,36.133,315.918,16.113,-12.695,857.135
1666057302.236,-113.281,-155.762,-1.953,-134.277,857.122
1666057302.240,-110.352,-451.660,2.441,-119.141,857.126
1666057302.244,27.344,385.254,2.930,-3.418,857.130
1666057302.248,46.875,676.270,-6.348,5.371,857.134
1666057302.252,-96.680,-127.441,-13.672,-112.305,857.138
1666057302.256,-145.996,-748.535,-8.301,-140.137,857.142
1666057302.260,-9.766,-228.027,5.859,-27.832,857.145
1666057302.263,76.660,527.344,5.371,31.250,857.149
1666057302.267,-41.504,-110.840,-6.836,-57.617,857.153
1666057302.271,-139.648,-695.801,-2.930,-124.512,857.157
1666057302.275,-37.598,27.832,1.953,-37.109,857.161
1666057302.279,88.379,653.320,-7.324,58.105,857.165
1666057302.281,3.906,-202.148,-20.020,-12.695,857.168
1666057302.285,-126.465,-886.230,-8.301,-104.492,857.171
1666057302.289,-80.078,-360.840,-2.930,-58.105,857.175
1666057302.293,57.129,174.316,-11.230,50.781,857.179
1666057302.297,32.715,-250.488,-23.438,23.438,857.183
1666057302.301,-121.094,-1000.000,-26.855,-102.539,857.187
1666057302.305,-131.348,-454.102,-17.578,-100.586,857.191
1666057302.308,17.578,218.750,-9.766,17.578,857.195
1666057302.312,66.895,-65.430,-3.418,36.621,857.199
1666057302.316,-70.312,-227.051,-8.301,-82.031,857.203
1666057302.320,-137.207,-19.043,-19.043,-126.953,857.207
1666057302.324,-14.160,-195.312,-10.742,-10.742,857.210
1666057302.326,87.891,18.066,-2.441,71.777,857.212
1666057302.330,-30.762,319.824,-18.066,-33.691,857.216
1666057302.334,-157.227,-14.160,-33.691,-126.953,857.220
1666057302.338,-80.078,-370.605,-25.391,-45.410,857.224
1666057302.342,53.711,58.105,-19.043,57.617,857.228
1666057302.346,3.418,179.688,-25.879,-8.301,857.232
1666057302.350,-130.371,-414.551,-33.203,-124.023,857.236
1666057302.353,-111.816,-855.957,-31.738,-95.215,857.240
1666057302.357,35.156,-463.379,-16.602,21.484,857.244
1666057302.361,42.480,556.641,-14.160,8.301,857.248
1666057302.365,-92.773,140.137,-29.785,-103.027,857.251
1666057302.369,-111.816,-412.598,-29.785,-105.957,857.255
1666057302.402,21.484,196.289,-16.113,11.719,857.288
1666057302.406,71.777,627.930,-15.625,41.992,857.292
1666057302.410,-59.082,-67.871,-24.902,-71.289,857.296
1666057302.414,-137.207,-916.504,-34.180,-117.188,857.300
1666057302.418,-30.273,-497.559,-32.715,-13.184,857.304
1666057302.422,69.336,319.336,-33.691,61.035,857.308
1666057302.426,-25.879,-57.129,-40.527,-30.273,857.312
1666057302.429,-143.066,-771.484,-37.598,-115.723,857.315
1666057302.433,-82.031,-332.520,-26.855,-58.105,857.319
1666057302.437,62.988,694.824,-26.367,40.527,857.323
1666057302.441,23.438,373.535,-31.738,0.488,857.327
1666057302.445,-121.582,-386.230,-41.504,-109.375,857.331
1666057302.431,-109.375,-160.645,-41.016,-91.309,857.317
1666057302.435,36.621,495.605,-36.133,29.785,857.321
1666057302.439,46.875,416.992,-39.062,34.180,857.325
1666057302.443,-90.820,-165.527,-36.621,-90.820,857.329
1666057302.447,-125.000,-332.031,-39.551,-114.258,857.333
1666057302.451,-2.441,-131.348,-37.598,6.836,857.336
1666057302.455,62.500,-20.508,-40.527,51.758,857.340
1666057302.458,-53.711,-174.316,-46.875,-68.848,857.344
1666057302.462,-136.719,-220.215,-50.781,-129.883,857.348
1666057302.466,-41.504,48.828,-57.617,-18.555,857.352
1666057302.470,62.012,239.746,-69.824,65.918,857.356
1666057302.474,-23.926,11.719,-65.430,-26.855,857.360
1666057302.461,-131.836,-189.453,-46.875,-120.117,857.362
1666057302.465,-74.219,-73.242,-45.410,-57.129,857.366
1666057302.469,57.617,-414.551,-59.570,64.453,857.370
1666057302.473,24.902,-962.891,-52.734,25.391,857.374
1666057302.477,-117.188,-479.004,-43.945,-100.098,857.377
1666057302.481,-122.070,-437.500,-62.012,-84.473,857.381
1666057302.485,20.996,-232.422,-55.176,18.555,857.385
1666057302.488,51.758,258.301,-50.293,15.625,857.389
1666057302.492,-94.238,116.211,-76.172,-104.492,857.393
1666057302.496,-144.043,-285.645,-89.844,-128.418,857.397
1666057302.500,-9.766,-886.719,-72.754,2.930,857.401
1666057302.504,70.312,-186.035,-54.199,60.547,857.405
1666057302.508,-51.758,396.973,-63.965,-51.270,857.406
1666057302.512,-159.180,-387.695,-79.590,-128.418,857.410
1666057302.516,-77.148,-219.727,-69.336,-53.223,857.414
1666057302.520,54.199,646.484,-59.082,37.598,857.418
1666057302.524,-24.414,484.375,-77.148,-43.945,857.422
1666057302.528,-153.809,-576.172,-85.449,-140.625,857.426
1666057302.532,-99.121,-669.434,-64.453,-72.754,857.430
1666057302.535,50.781,426.270,-62.500,42.480,857.434
1666057302.539,37.109,639.160,-70.801,3.906,857.438
1666057302.543,-111.816,-473.145,-62.988,-113.281,857.441
1666057302.547,-119.629,-764.648,-58.105,-99.609,857.445
1666057302.551,15.137,312.500,-58.594,13.672,857.449
1666057302.582,53.711,611.328,-61.523,28.809,857.468
1666057302.586,-83.008,-152.344,-74.219,-91.309,857.471
1666057302.590,-154.297,-692.383,-74.219,-126.465,857.475
1666057302.594,-31.738,-177.246,-62.500,-18.066,857.479
1666057302.598,63.477,481.445,-65.918,44.434,857.483
1666057302.602,-41.016,-403.809,-76.172,-47.852,857.487
1666057302.606,-142.578,-974.121,-72.266,-126.953,857.491
1666057302.609,-69.336,-85.938,-56.641,-58.594,857.495
1666057302.613,61.035,373.535,-57.617,49.805,857.499
1666057302.617,0.488,-80.078,-77.637,-5.859,857.503
1666057302.621,-144.531,-282.715,-71.289,-119.629,857.507
1666057302.625,-105.469,-29.785,-60.547,-76.660,857.511
1666057302.615,50.781,-3.418,-59.082,49.316,857.511
1666057302.619,43.457,-99.121,-65.430,24.414,857.515
1666057302.623,-107.422,-34.180,-78.613,-111.816,857.519
1666057302.627,-129.883,-163.574,-70.801,-114.746,857.523
1666057302.631,7.324,-31.250,-55.176,1.465,857.527
1666057302.635,59.082,83.984,-58.105,24.902,857.531
1666057302.639,-69.336,-138.672,-64.941,-79.590,857.535
1666057302.642,-141.113,-273.926,-61.523,-125.000,857.539
1666057302.646,-42.480,-290.039,-61.035,-28.809,857.543
1666057302.650,67.871,175.781,-62.012,51.270,857.546
1666057302.654,-20.996,353.027,-77.637,-41.504,857.550
1666057302.658,-135.742,-150.391,-83.984,-139.160,857.554
1666057302.657,-69.336,-755.371,-73.730,-66.406,857.543
1666057302.661,66.895,-259.277,-60.059,49.805,857.547
1666057302.665,20.020,246.094,-68.359,-4.883,857.551
1666057302.669,-129.395,-463.867,-77.637,-127.930,857.555
1666057302.673,-118.652,-955.078,-63.477,-92.285,857.559
1666057302.677,22.949,-528.320,-55.664,25.879,857.563
1666057302.681,37.109,142.578,-61.523,12.695,857.567
1666057302.684,-104.980,-373.535,-67.383,-101.562,857.571
1666057302.688,-142.090,-831.055,-59.570,-116.211,857.575
1666057302.692,-7.324,-18.066,-49.316,-4.883,857.578
1666057302.696,67.383,799.316,-53.711,41.016,857.582
1666057302.700,-54.199,39.551,-68.848,-64.941,857.586
1666057302.702,-137.695,-662.109,-67.383,-123.047,857.587
1666057302.706,-30.762,48.340,-49.316,-22.949,857.591
1666057302.710,88.379,679.199,-51.758,65.918,857.595
1666057302.714,-5.371,227.051,-61.523,-20.020,857.599
1666057302.718,-144.043,-457.031,-67.383,-124.512,857.603
1666057302.722,-93.750,-406.738,-59.082,-65.430,857.607
1666057302.726,50.293,179.199,-54.688,45.410,857.611
1666057302.729,18.555,-184.082,-77.637,1.953,857.615
1666057302.733,-132.324,-1000.000,-74.219,-116.211,857.619
1666057302.737,-129.883,-439.453,-47.852,-110.352,857.623
1666057302.741,24.414,355.469,-49.316,15.137,857.627
1666057302.745,44.922,427.734,-56.641,29.785,857.630
1666057302.761,-87.891,47.363,-55.176,-98.145,857.649
1666057302.765,-132.812,-119.141,-53.711,-127.441,857.652
1666057302.769,-15.137,-5.859,-54.688,-12.207,857.656
1666057302.773,68.848,-99.609,-57.129,49.805,857.660
1666057302.777,-45.410,-149.902,-61.523,-50.293,857.664
1666057302.781,-135.254,-394.043,-63.965,-116.699,857.668
1666057302.785,-41.016,-383.301,-56.641,-29.785,857.672
1666057302.788,68.848,-312.988,-63.477,57.617,857.676
1666057302.792,-7.812,-325.684,-62.988,-22.949,857.680
1666057302.796,-139.160,-123.535,-64.941,-132.812,857.684
1666057302.800,-97.656,-337.402,-78.613,-79.102,857.688
1666057302.804,59.570,-48.828,-62.988,48.828,857.691
1666057302.792,34.668,484.375,-56.641,8.789,857.678
1666057302.796,-132.812,151.367,-65.918,-129.395,857.682
1666057302.800,-144.043,-534.180,-57.617,-112.305,857.686
1666057302.804,14.160,-152.344,-50.293,24.414,857.690
1666057302.808,50.293,528.809,-47.852,37.109,857.694
1666057302.812,-106.445,-226.074,-55.176,-89.355,857.698
1666057302.816,-145.996,-815.430,-54.688,-121.094,857.702
1666057302.819,-5.859,-165.039,-41.992,-9.766,857.706
1666057302.823,94.727,734.863,-45.410,62.500,857.710
1666057302.827,-25.391,389.160,-59.570,-39.062,857.714
1666057302.831,-142.090,-693.848,-69.824,-126.465,857.717
1666057302.835,-62.500,-863.770,-50.781,-59.082,857.721
1666057302.837,60.547,295.410,-36.133,34.180,857.737
1666057302.841,-3.418,535.156,-48.828,-18.555,857.741
1666057302.845,-135.254,-552.734,-56.152,-119.141,857.745
1666057302.849,-102.051,-548.340,-52.734,-82.520,857.749
1666057302.853,38.086,430.664,-48.340,23.438,857.752
1666057302.857,39.551,329.590,-51.758,8.789,857.756
1666057302.861,-106.934,-722.168,-59.082,-103.516,857.760
1666057302.864,-139.648,-823.730,-45.410,-116.699,857.764
1666057302.868,1.953,286.621,-29.785,0.000,857.768
1666057302.872,64.453,546.875,-39.062,32.715,857.772
1666057302.876,-58.105,-134.277,-43.457,-81.543,857.776
1666057302.880,-151.367,-370.117,-46.875,-136.230,857.780
1666057302.884,-57.129,115.234,-56.152,-52.246,857.774
1666057302.888,54.688,148.926,-59.570,28.320,857.778
1666057302.892,-47.363,-186.035,-64.941,-55.176,857.782
1666057302.896,-163.086,-247.559,-61.523,-139.160,857.786
1666057302.900,-92.773,-26.367,-48.828,-68.848,857.789
1666057302.904,54.199,-160.645,-45.410,42.480,857.793
1666057302.908,16.113,-614.258,-44.434,-5.371,857.797
1666057302.911,-122.070,-322.754,-41.504,-121.094,857.801
1666057302.915,-108.398,-79.102,-44.434,-86.426,857.805
1666057302.919,35.645,-218.262,-42.480,46.875,857.809
1666057302.923,53.223,-70.801,-41.016,49.805,857.813
1666057302.927,-90.332,136.230,-48.340,-83.008,857.817
1666057302.957,-132.812,-229.980,-46.875,-108.398,857.843
1666057302.961,-8.789,19.043,-46.387,7.812,857.847
1666057302.965,66.406,319.336,-43.945,61.523,857.851
1666057302.969,-47.852,-204.102,-44.922,-50.293,857.855
1666057302.973,-144.531,-532.227,-53.711,-120.117,857.859
1666057302.977,-69.336,-847.168,-57.617,-27.344,857.862
1666057302.981,40.039,-781.738,-48.340,55.176,857.866
1666057302.984,-24.414,19.531,-44.922,-37.109,857.870
1666057302.988,-145.508,-256.836,-48.340,-131.348,857.874
1666057302.992,-95.215,-345.703,-31.738,-75.195,857.878
1666057302.996,53.711,557.129,-30.273,27.832,857.882
1666057303.000,21.973,712.891,-41.992,-10.742,857.886
1666057302.988,-120.117,-190.430,-44.434,-130.859,857.875
1666057302.992,-118.652,-478.516,-36.133,-109.863,857.879
1666057302.996,18.066,352.539,-33.203,10.254,857.882
1666057303.000,48.828,712.891,-40.039,21.484,857.886
1666057303.004,-95.703,-67.871,-49.316,-91.309,857.890
1666057303.008,-155.273,-735.840,-45.898,-120.605,857.894
1666057303.012,-20.996,-236.816,-36.133,-2.441,857.898
1666057303.015,65.918,267.578,-39.551,58.105,857.902
1666057303.019,-57.129,-153.809,-46.875,-62.988,857.906
1666057303.023,-155.273,-471.191,-39.062,-137.695,857.910
1666057303.027,-61.035,-12.207,-28.809,-47.363,857.914
1666057303.031,67.383,592.285,-30.762,40.039,857.918
1666057303.046,-7.812,-163.086,-46.875,-29.785,857.933
1666057303.050,-139.648,-962.891,-51.270,-123.047,857.937
1666057303.054,-96.191,-489.746,-44.434,-74.707,857.941
1666057303.058,44.434,11.719,-35.645,43.457,857.945
1666057303.062,33.203,116.211,-33.203,15.137,857.949
1666057303.066,-106.934,-414.551,-33.691,-104.980,857.953
1666057303.070,-125.000,-491.211,-21.484,-93.750,857.956
1666057303.073,9.277,194.336,-11.719,20.020,857.960
1666057303.077,53.223,-392.578,-29.297,46.387,857.964
1666057303.081,-76.660,-908.203,-37.109,-72.266,857.968
1666057303.085,-137.207,-220.703,-26.855,-123.535,857.972
1666057303.089,-27.344,-18.066,-26.855,-10.742,857.976
1666057303.078,57.617,285.645,-31.738,49.316,857.965
1666057303.082,-45.898,359.863,-27.832,-52.246,857.968
1666057303.086,-152.344,-113.281,-22.949,-118.652,857.972
1666057303.090,-70.312,-220.703,-11.719,-28.809,857.976
1666057303.094,67.383,274.414,-1.465,76.660,857.980
1666057303.098,13.672,168.945,-20.508,2.930,857.984
1666057303.102,-114.746,-569.336,-29.297,-118.652,857.988
1666057303.105,-95.215,-729.492,-15.625,-76.660,857.992
1666057303.109,48.828,72.754,-5.859,47.363,857.996
1666057303.113,52.734,628.418,-23.438,19.043,858.000
1666057303.117,-88.867,113.281,-39.062,-102.539,858.004
1666057303.121,-118.652,-772.949,-34.180,-91.309,858.008
1666057303.121,3.418,-618.164,-13.672,30.273,858.008
1666057303.125,73.730,503.906,-3.906,54.688,858.011
1666057303.129,-49.316,50.293,-28.320,-57.617,858.015
1666057303.133,-136.719,-714.355,-38.574,-111.816,858.019
1666057303.137,-27.832,-80.566,-25.391,-16.113,858.023
1666057303.141,84.473,473.633,-29.297,65.430,858.027
1666057303.145,-9.277,57.129,-51.270,-26.367,858.031
1666057303.148,-136.719,-861.816,-55.664,-112.305,858.035
1666057303.152,-73.730,-685.547,-19.043,-39.062,858.039
1666057303.156,74.707,593.750,-4.395,65.918,858.043
1666057303.160,30.762,461.914,-20.508,13.184,858.047
1666057303.164,-111.816,-270.996,-18.066,-102.051,858.051
1666057303.188,-106.445,-98.145,-20.020,-89.355,858.080
1666057303.192,29.297,487.305,-25.391,29.785,858.084
1666057303.196,43.945,158.203,-24.414,38.574,858.087
1666057303.200,-99.121,-480.957,-11.230,-90.820,858.091
1666057303.204,-147.461,-240.723,-5.371,-122.559,858.095
1666057303.208,-16.602,118.652,-6.836,-1.953,858.099
1666057303.212,52.734,-139.160,-9.766,44.434,858.103
1666057303.215,-63.965,-649.414,-19.043,-69.336,858.107
1666057303.219,-146.484,-261.719,-14.160,-125.977,858.111
1666057303.223,-53.223,107.910,-10.254,-37.598,858.115
1666057303.227,69.336,367.676,-12.207,48.340,858.119
1666057303.231,-5.859,267.090,-13.184,-22.949,858.123
1666057303.226,-125.977,-79.590,-13.672,-122.559,858.113
1666057303.230,-70.801,-98.633,-21.973,-70.312,858.117
1666057303.234,62.500,63.477,-28.320,40.039,858.121
1666057303.238,28.320,202.637,-28.320,-6.348,858.125
1666057303.242,-115.234,-189.941,-28.320,-126.953,858.128
1666057303.246,-126.953,-702.148,-28.320,-111.816,858.132
1666057303.250,10.254,-379.395,-18.066,19.531,858.136
1666057303.253,56.641,292.480,-9.766,44.922,858.140
1666057303.257,-85.938,119.141,-24.414,-77.148,858.144
1666057303.261,-146.484,-415.039,-37.598,-116.699,858.148
1666057303.265,-17.578,-973.145,-35.645,-1.465,858.152
1666057303.269,68.359,-575.195,-24.414,53.223,858.156
1666057303.287,-46.387,199.707,-34.180,-64.941,858.173
1666057303.291,-143.555,-430.664,-34.180,-144.531,858.177
1666057303.295,-49.805,-346.680,-18.066,-50.781,858.181
1666057303.299,73.730,603.516,-16.113,56.641,858.185
1666057303.303,0.000,447.754,-31.738,-21.484,858.189
1666057303.307,-140.625,-514.160,-44.922,-127.441,858.193
1666057303.311,-100.098,-616.699,-27.344,-77.148,858.197
1666057303.314,53.711,143.066,-12.695,41.504,858.200
1666057303.318,35.645,446.777,-14.160,16.602,858.204
1666057303.322,-111.816,-416.016,-23.438,-100.098,858.208
1666057303.326,-131.836,-968.262,-19.043,-97.168,858.212
1666057303.330,2.930,-17.090,-4.883,9.766,858.216
1666057303.316,57.617,565.430,-14.648,27.832,858.203
1666057303.320,-72.266,-47.852,-30.762,-87.891,858.206
1666057303.324,-142.578,-611.816,-29.297,-129.883,858.210
1666057303.328,-25.879,-104.492,-2.930,-17.090,858.214
1666057303.332,73.730,504.883,-1.953,55.664,858.218
1666057303.336,-27.832,-248.535,-25.391,-46.387,858.222
1666057303.340,-134.766,-683.105,-26.367,-135.742,858.226
1666057303.343,-59.082,-19.043,-13.184,-65.430,858.230
1666057303.347,73.730,441.406,-15.625,42.480,858.234
1666057303.351,17.578,-328.613,-28.320,-11.230,858.238
1666057303.355,-121.582,-725.586,-20.508,-121.094,858.242
1666057303.359,-96.680,-74.707,-2.441,-84.473,858.245
1666057303.361,45.898,214.355,-3.906,34.668,858.247
1666057303.365,44.922,-531.250,-15.137,20.020,858.251
1666057303.369,-99.609,-609.375,-5.859,-106.445,858.255
1666057303.373,-125.000,-101.074,-11.230,-113.770,858.259
1666057303.377,31.250,82.031,-10.254,26.855,858.263
1666057303.381,83.008,180.176,-10.254,68.359,858.267
1666057303.385,-65.918,-96.680,-20.996,-67.871,858.270
1666057303.388,-137.695,-183.594,-15.625,-123.535,858.274
1666057303.392,-34.668,-464.844,-15.625,-17.090,858.278
1666057303.396,66.895,-253.418,-18.555,62.988,858.282
1666057303.400,-16.113,406.250,-20.020,-31.738,858.286
1666057303.404,-131.836,-106.445,-27.832,-123.047,858.290
1666057303.406,-75.195,-446.289,-12.207,-61.035,858.292
1666057303.410,75.195,268.066,2.441,38.574,858.296
1666057303.414,39.551,372.559,-13.672,-16.602,858.300
1666057303.418,-109.375,-345.215,-21.973,-133.789,858.304
1666057303.422,-107.910,-772.949,-9.277,-99.609,858.308
1666057303.426,37.598,-322.266,5.859,23.438,858.312
1666057303.430,59.082,373.535,-0.488,20.020,858.316
1666057303.433,-77.637,-37.109,-14.648,-95.703,858.319
1666057303.437,-120.605,-785.645,-7.324,-117.188,858.323
1666057303.441,2.930,-135.742,8.789,-5.371,858.327
1666057303.445,79.102,785.645,2.930,38.574,858.331
1666057303.449,-62.012,103.027,-4.883,-92.773,858.335
1666057303.451,-159.180,-525.391,3.418,-171.387,858.337
1666057303.455,-50.781,79.590,6.348,-70.312,858.341
1666057303.459,74.707,577.637,-14.160,27.832,858.345
1666057303.463,-14.160,-140.137,-22.949,-47.363,858.349
1666057303.467,-145.020,-786.133,-15.137,-147.949,858.353
1666057303.471,-80.566,-468.750,-2.930,-85.449,858.357
1666057303.475,71.289,161.621,5.371,42.969,858.361
1666057303.478,44.434,-179.199,-6.348,4.395,858.365
1666057303.482,-106.445,-848.145,-12.695,-122.070,858.369
1666057303.486,-107.910,-241.699,-2.441,-104.004,858.373
1666057303.490,36.133,377.930,2.441,23.438,858.377
1666057303.494,64.941,414.062,-12.695,29.785,858.380
1666057303.511,-73.730,-8.301,-20.020,-92.285,858.398
1666057303.515,-127.441,-177.246,-14.160,-127.930,858.402
1666057303.519,-4.883,-43.457,-12.695,-9.766,858.406
1666057303.523,85.938,-95.215,-3.418,57.617,858.409
1666057303.527,-24.902,-214.355,6.348,-51.270,858.413
1666057303.531,-125.488,-464.355,0.977,-124.512,858.417
1666057303.535,-44.434,-335.938,-4.395,-37.109,858.421
1666057303.538,77.637,-527.832,-10.254,66.895,858.425
1666057303.542,18.066,-533.691,-0.977,10.254,858.429
1666057303.546,-119.629,-83.496,-0.488,-105.469,858.433
1666057303.550,-83.496,-288.574,-3.418,-67.383,858.437
1666057303.554,54.688,170.410,3.418,45.410,858.441
1666057303.542,34.668,584.473,-4.883,5.371,858.430
1666057303.546,-110.352,131.836,-19.531,-117.188,858.434
1666057303.550,-127.930,-451.660,-20.996,-108.398,858.438
1666057303.554,13.672,-13.672,-1.953,12.207,858.442
1666057303.558,61.035,633.789,-3.418,37.109,858.445
1666057303.562,-74.219,-130.371,-18.066,-73.242,858.449
1666057303.566,-153.320,-727.539,-8.789,-121.094,858.453
1666057303.569,-41.992,-153.809,-1.953,-21.484,858.457
1666057303.573,61.035,364.746,4.395,56.641,858.461
1666057303.577,-43.457,257.812,-1.953,-43.945,858.465
1666057303.581,-153.320,-603.027,-21.484,-123.535,858.469
1666057303.585,-77.637,-778.809,-1.953,-41.504,858.473
1666057303.586,64.453,401.367,10.742,52.734,858.486
1666057303.590,4.395,511.719,-3.418,-9.277,858.490
1666057303.594,-144.043,-529.297,-9.277,-116.699,858.494
1666057303.598,-101.074,-462.402,10.254,-73.242,858.498
1666057303.602,41.016,407.227,20.996,41.016,858.502
1666057303.606,37.598,261.719,4.395,21.973,858.506
1666057303.610,-102.539,-730.957,-8.789,-94.238,858.510
1666057303.613,-138.672,-813.965,-2.441,-110.840,858.513
1666057303.617,-6.348,286.133,1.465,0.977,858.517
1666057303.621,58.594,548.340,-7.324,50.781,858.521
1666057303.625,-67.871,-232.910,-9.766,-59.570,858.525
1666057303.629,-149.414,-526.367,2.441,-123.047,858.529
1666057303.635,-46.875,158.203,10.254,-32.227,858.525
1666057303.639,62.988,340.332,2.930,49.316,858.529
1666057303.643,-32.227,-227.051,-6.348,-32.227,858.532
1666057303.647,-162.598,-275.391,-7.812,-136.230,858.536
1666057303.651,-101.074,18.066,-0.977,-70.801,858.540
1666057303.655,37.109,-63.477,-1.953,47.363,858.544
1666057303.659,4.395,-205.566,-6.836,-8.301,858.548
1666057303.662,-130.371,-123.535,-8.789,-127.441,858.552
1666057303.666,-118.652,-198.242,-4.883,-96.191,858.556
1666057303.670,25.391,-117.188,11.230,27.344,858.560
1666057303.674,53.223,134.277,13.672,31.250,858.564
1666057303.678,-82.520,87.891,0.977,-87.402,858.568
1666057303.691,-125.000,-341.797,5.371,-116.211,858.577
1666057303.695,8.789,-240.723,12.207,2.441,858.581
1666057303.699,87.891,81.055,17.578,57.617,858.585
1666057303.703,-35.645,-71.289,25.879,-50.781,858.589
1666057303.707,-129.883,-306.641,19.043,-115.723,858.593
1666057303.711,-44.434,-827.148,3.906,-22.949,858.597
1666057303.715,57.617,-830.566,10.254,57.129,858.600
1666057303.718,-14.648,-18.555,11.719,-30.762,858.604
1666057303.722,-138.184,-292.480,2.441,-129.395,858.608
1666057303.726,-92.773,-410.156,12.695,-72.754,858.612
1666057303.730,58.105,394.531,20.508,42.480,858.616
1666057303.734,30.273,469.727,0.488,-1.465,858.620
1666057303.737,-125.488,-291.992,-16.113,-130.371,858.623
1666057303.741,-123.535,-496.582,-3.418,-114.746,858.627
1666057303.745,12.695,310.059,6.836,3.906,858.631
1666057303.749,39.062,542.480,-2.441,20.508,858.635
1666057303.753,-84.961,-365.723,-12.695,-80.566,858.639
1666057303.757,-147.461,-996.582,-6.836,-123.535,858.642
1666057303.761,-28.809,-202.637,9.277,-22.949,858.646
1666057303.764,71.289,656.738,3.418,50.293,858.650
1666057303.768,-44.434,-215.820,-18.066,-48.340,858.654
1666057303.772,-156.738,-907.227,-9.766,-130.859,858.658
1666057303.776,-64.453,-18.066,14.648,-51.758,858.662
1666057303.780,72.754,573.242,17.090,47.363,858.666
1666057303.781,5.859,194.336,3.906,-27.832,858.667
1666057303.785,-132.812,-312.500,0.488,-132.324,858.671
1666057303.789,-90.820,-403.320,18.066,-75.195,858.675
1666057303.793,61.523,27.832,27.832,48.828,858.679
1666057303.797,42.969,-139.648,11.230,20.020,858.683
1666057303.801,-119.141,-758.301,2.930,-115.723,858.687
1666057303.805,-137.695,-649.902,7.812,-127.441,858.691
1666057303.808,6.348,-51.270,1.465,-7.324,858.695
1666057303.812,51.758,-401.855,-7.812,31.250,858.699
1666057303.816,-76.660,-735.352,-2.930,-73.242,858.703
1666057303.820,-136.230,-164.062,-7.812,-120.605,858.707
1666057303.824,-27.344,-27.344,-4.395,-12.207,858.710
1666057303.826,74.707,388.672,7.324,62.988,858.712
1666057303.830,-21.973,427.734,0.977,-37.598,858.716
1666057303.834,-143.555,-81.055,-0.977,-128.906,858.720
1666057303.838,-75.195,-250.488,8.301,-57.129,858.724
1666057303.842,60.059,270.020,5.859,48.828,858.728
1666057303.846,2.930,206.055,-2.930,-9.766,858.732
1666057303.850,-141.602,-417.480,7.812,-120.117,858.736
1666057303.853,-112.793,-812.988,9.766,-79.590,858.740
1666057303.857,30.762,-565.918,13.672,43.457,858.744
1666057303.861,34.180,209.961,8.789,22.949,858.747
1666057303.865,-99.121,26.367,-7.324,-89.355,858.751
1666057303.869,-119.629,-608.398,4.883,-78.125,858.755
1666057303.871,4.395,-108.398,20.020,21.973,858.757
1666057303.875,53.223,657.715,14.648,31.738,858.761
1666057303.879,-82.520,-5.371,6.836,-89.844,858.765
1666057303.883,-169.434,-792.969,15.625,-144.531,858.769
1666057303.887,-58.105,-244.141,34.668,-40.527,858.773
1666057303.891,64.941,386.719,29.297,50.781,858.777
1666057303.895,-28.320,-62.012,17.090,-37.109,858.781
1666057303.898,-161.133,-767.090,18.555,-133.301,858.785
1666057303.902,-93.750,-357.422,38.574,-73.242,858.789
1666057303.906,57.129,663.574,33.203,41.016,858.792
1666057303.910,13.184,420.410,14.160,-1.953,858.796
1666057303.914,-129.883,-508.789,17.090,-117.188,858.800
1666057303.918,-117.676,-462.891,19.531,-90.820,858.806
1666057303.922,25.391,466.309,20.996,23.926,858.809
1666057303.926,46.875,281.738,21.973,31.250,858.813
1666057303.930,-78.613,-500.488,20.508,-74.219,858.817
1666057303.934,-124.023,-258.301,13.672,-97.168,858.821
1666057303.938,-26.367,115.723,7.324,-0.488,858.825
1666057303.942,46.387,-154.297,9.766,45.898,858.829
1666057303.945,-58.105,-665.527,8.301,-58.105,858.833
1666057303.949,-150.391,-367.676,14.648,-130.371,858.837
1666057303.953,-59.082,32.227,25.879,-39.062,858.841
1666057303.957,60.547,384.277,30.762,57.617,858.845
1666057303.961,-23.438,264.648,18.555,-25.391,858.849
1666057303.962,-149.902,-96.680,8.301,-124.023,858.861
1666057303.966,-104.004,-130.859,12.695,-70.312,858.865
1666057303.970,33.203,16.113,14.160,38.574,858.869
1666057303.974,9.766,-13.184,11.230,7.324,858.873
1666057303.978,-122.559,-272.949,15.625,-103.027,858.877
1666057303.982,-115.234,-463.867,20.020,-88.379,858.881
1666057303.986,20.508,-824.707,14.648,26.367,858.885
1666057303.989,41.504,-724.121,20.508,28.320,858.889
1666057303.993,-91.309,-85.938,23.438,-95.215,858.892
1666057303.997,-141.113,-352.539,16.113,-122.559,858.896
1666057304.001,-18.555,-157.715,27.344,-8.789,858.900
1666057304.005,71.777,600.586,26.855,55.664,858.904
1666057304.008,-41.992,402.344,11.719,-55.664,858.908
1666057304.012,-145.508,-384.766,7.324,-131.348,858.912
1666057304.016,-68.359,-285.645,18.555,-50.781,858.916
1666057304.020,60.059,550.293,21.973,44.434,858.920
1666057304.024,1.465,310.059,14.648,-21.973,858.924
1666057304.028,-133.789,-706.543,8.301,-127.441,858.928
1666057304.032,-104.004,-874.512,16.113,-76.172,858.932
1666057304.035,43.457,194.336,31.250,41.016,858.936
1666057304.039,42.480,589.844,30.273,23.438,858.939
1666057304.043,-100.586,-426.270,16.113,-103.516,858.943
1666057304.047,-134.277,-604.004,17.090,-113.770,858.947
1666057304.051,-0.977,326.660,28.320,10.742,858.951
1666057304.066,59.082,601.562,17.090,44.434,858.952
1666057304.070,-71.289,-91.309,4.883,-80.566,858.956
1666057304.074,-143.066,-692.871,7.812,-135.742,858.960
1666057304.078,-30.273,-161.621,16.113,-33.691,858.964
1666057304.082,74.707,525.879,17.090,42.969,858.968
1666057304.086,-28.320,-397.949,3.906,-42.480,858.972
1666057304.090,-145.508,-948.242,16.602,-135.254,858.976
1666057304.093,-63.965,-265.137,21.484,-73.242,858.980
1666057304.097,66.406,174.316,2.930,41.016,858.984
1666057304.101,8.301,-131.348,2.930,-16.113,858.988
1666057304.105,-127.930,-305.176,17.090,-136.719,858.991
1666057304.109,-107.422,-12.207,22.461,-101.562,858.995
1666057304.127,39.062,209.473,19.531,16.602,859.013
1666057304.131,47.363,330.078,17.578,0.488,859.017
1666057304.135,-98.633,112.793,15.137,-125.977,859.021
1666057304.139,-139.160,-131.348,12.207,-136.719,859.025
1666057304.143,-14.160,-50.781,12.207,-3.906,859.029
1666057304.147,54.688,42.969,9.277,43.945,859.033
1666057304.151,-63.965,-106.934,15.625,-69.336,859.036
1666057304.154,-147.461,-178.223,20.020,-125.000,859.040
1666057304.158,-39.062,-437.012,16.602,-20.508,859.044
1666057304.162,72.754,-336.426,18.555,65.430,859.048
1666057304.166,-15.137,0.488,22.461,-19.531,859.052
1666057304.170,-136.230,-480.469,14.160,-119.629,859.056
1666057304.172,-117.676,-781.738,5.859,-96.680,859.058
1666057304.176,25.391,-340.820,16.602,27.832,859.062
1666057304.180,46.875,364.258,13.672,32.715,859.065
1666057304.183,-86.426,-79.590,5.371,-81.543,859.069
1666057304.187,-126.465,-607.910,16.113,-96.191,859.073
1666057304.191,-7.324,85.449,18.066,5.371,859.077
1666057304.195,65.918,790.039,2.441,40.527,859.081
1666057304.199,-45.898,68.359,-3.418,-59.082,859.085
1666057304.203,-147.461,-985.840,0.000,-112.793,859.089
1666057304.207,-56.152,-293.945,18.555,-23.926,859.093
1666057304.211,76.660,721.680,19.043,61.035,859.097
1666057304.215,2.441,161.133,9.277,-14.160,859.101
1666057304.219,-125.488,-508.789,14.160,-117.188,859.105
1666057304.223,-78.613,-363.281,20.020,-62.988,859.109
1666057304.227,59.570,153.809,18.555,48.340,859.113
1666057304.230,28.809,-130.859,-4.883,14.160,859.117
1666057304.234,-123.535,-811.035,-6.348,-108.887,859.121
1666057304.238,-124.512,-264.160,17.578,-102.051,859.125
1666057304.242,15.137,356.934,16.602,22.461,859.129
1666057304.246,50.293,419.922,18.066,36.133,859.132
1666057304.246,-83.008,43.945,24.902,-82.520,859.132
1666057304.250,-142.578,-149.902,14.160,-109.863,859.136
1666057304.254,-18.555,-114.258,12.207,6.348,859.139
1666057304.258,81.055,-7.812,23.926,69.336,859.143
1666057304.262,-33.691,-48.340,17.578,-41.992,859.147
1666057304.266,-140.625,-535.156,7.324,-119.629,859.151
1666057304.270,-57.129,-390.625,16.113,-35.645,859.155
1666057304.273,62.012,-500.488,18.555,74.219,859.159
1666057304.277,-0.977,-798.828,18.555,8.789,859.163
1666057304.281,-122.070,-225.586,21.973,-111.816,859.167
1666057304.285,-87.402,-217.285,17.090,-66.895,859.171
1666057304.289,41.504,151.367,8.301,39.062,859.175
1666057304.321,34.668,568.848,-0.488,13.672,859.208
1666057304.325,-100.586,140.625,0.488,-98.145,859.212
1666057304.329,-128.906,-386.230,1.953,-105.469,859.216
1666057304.333,5.859,8.789,11.230,8.789,859.220
1666057304.337,62.500,555.664,12.695,38.086,859.223
1666057304.341,-64.941,-48.828,1.465,-73.242,859.227
1666057304.345,-134.766,-828.613,-5.371,-108.398,859.231
1666057304.348,-29.785,-828.125,10.742,-3.418,859.235
1666057304.352,64.453,261.230,18.066,51.758,859.239
1666057304.356,-36.133,355.957,-5.371,-49.805,859.243
1666057304.360,-155.762,-450.684,-4.395,-137.695,859.247
1666057304.364,-84.473,-190.430,13.184,-67.871,859.251
1666057304.336,56.152,606.445,21.484,48.828,859.236
1666057304.340,9.277,476.562,3.906,-5.371,859.240
1666057304.344,-127.930,-594.727,-3.906,-121.582,859.244
1666057304.348,-105.957,-553.223,16.113,-83.984,859.248
1666057304.352,36.621,361.328,20.996,32.715,859.252
1666057304.356,45.410,197.266,13.672,21.484,859.256
1666057304.360,-92.285,-660.156,15.625,-96.680,859.260
1666057304.363,-123.535,-632.324,23.438,-112.305,859.264
1666057304.367,10.742,-12.695,22.949,4.883,859.268
1666057304.371,75.684,144.043,8.301,50.293,859.271
1666057304.375,-59.570,-233.887,-1.465,-67.383,859.275
1666057304.379,-134.277,-326.660,0.977,-124.023,859.279
1666057304.399,-23.438,153.320,5.859,-16.602,859.290
1666057304.403,74.707,313.965,8.789,62.988,859.294
1666057304.407,-20.508,-610.840,9.766,-21.973,859.298
1666057304.411,-148.926,-669.922,14.648,-126.953,859.301
1666057304.415,-83.008,28.809,1.953,-69.824,859.305
1666057304.419,59.082,-68.359,-9.766,44.922,859.309
1666057304.423,12.695,-295.898,-10.254,-2.930,859.313
1666057304.426,-131.348,-176.270,-10.254,-119.141,859.317
1666057304.430,-123.047,-162.109,-16.602,-105.957,859.321
1666057304.434,15.137,-138.672,-23.926,10.742,859.325
1666057304.438,37.109,-45.410,-28.809,20.020,859.329
1666057304.442,-92.285,-109.863,-21.484,-99.609,859.333
1666057304.441,-138.672,-287.109,-16.602,-123.047,859.327
1666057304.445,-16.113,-81.543,-23.926,-13.672,859.331
1666057304.449,64.453,171.387,-31.250,34.180,859.335
1666057304.453,-44.922,-41.504,-36.621,-69.336,859.339
1666057304.457,-126.465,-355.957,-34.668,-125.000,859.343
1666057304.461,-33.203,-506.348,-28.320,-25.879,859.347
1666057304.465,77.148,112.305,-18.066,62.988,859.350
1666057304.468,9.766,354.004,-15.625,-22.461,859.354
1666057304.472,-129.395,-284.668,-33.203,-127.930,859.358
1666057304.476,-112.305,-991.699,-52.246,-75.684,859.362
1666057304.480,33.691,-685.547,-25.879,39.062,859.366
1666057304.484,36.621,362.793,-18.066,7.812,859.370
1666057304.486,-105.957,-57.129,-49.805,-107.910,859.372
1666057304.490,-125.488,-652.832,-47.852,-98.633,859.376
1666057304.494,10.742,129.883,-35.156,13.672,859.380
1666057304.498,55.176,777.344,-45.898,31.738,859.384
1666057304.502,-72.266,-129.883,-54.688,-75.684,859.388
1666057304.506,-128.418,-1000.000,-50.293,-102.051,859.392
1666057304.510,-16.602,-245.117,-43.945,-0.488,859.396
1666057304.513,66.406,667.480,-51.758,51.758,859.400
1666057304.517,-41.016,-146.973,-77.148,-46.387,859.404
1666057304.521,-156.738,-875.000,-70.312,-125.488,859.408
1666057304.525,-85.449,-29.297,-49.805,-61.523,859.412
1666057304.529,54.199,556.152,-47.852,40.527,859.415
1666057304.531,-3.418,255.371,-50.293,-19.043,859.419
1666057304.535,-140.625,-204.102,-62.012,-135.254,859.422
1666057304.539,-101.562,-322.754,-68.359,-89.844,859.426
1666057304.543,37.109,31.250,-67.383,32.715,859.430
1666057304.547,28.320,-322.266,-75.195,20.508,859.434
1666057304.551,-112.305,-1000.000,-75.684,-99.609,859.438
1666057304.555,-130.371,-494.629,-69.824,-110.840,859.442
1666057304.558,7.812,125.977,-78.125,17.578,859.446
1666057304.562,47.852,-244.629,-82.031,52.734,859.450
1666057304.566,-65.918,-351.074,-71.777,-76.172,859.454
1666057304.570,-124.023,-166.016,-85.938,-123.047,859.458
1666057304.574,-21.484,-190.918,-87.402,-17.578,859.461
1666057304.576,81.543,290.527,-75.684,57.129,859.462
1666057304.580,-23.438,365.723,-86.914,-36.621,859.466
1666057304.584,-137.695,-66.406,-93.750,-114.746,859.470
1666057304.588,-55.176,-201.172,-82.031,-37.598,859.474
1666057304.592,79.102,343.750,-77.637,61.035,859.478
1666057304.596,33.203,265.625,-102.539,11.719,859.482
1666057304.600,-108.887,-412.109,-111.816,-104.004,859.486
1666057304.603,-104.492,-831.055,-111.816,-78.613,859.490
1666057304.607,39.551,-700.195,-101.074,43.457,859.493
1666057304.611,57.129,288.574,-98.633,29.297,859.497
1666057304.615,-83.496,130.371,-113.281,-85.938,859.501
1666057304.619,-118.164,-413.086,-106.934,-98.633,859.505
1666057304.621,15.137,151.367,-101.074,25.391,859.507
1666057304.625,77.637,745.117,-107.910,65.918,859.511
1666057304.629,-43.945,125.000,-116.211,-52.734,859.515
1666057304.633,-126.465,-754.395,-115.723,-102.051,859.519
1666057304.637,-25.391,-263.184,-108.398,-4.883,859.523
1666057304.641,87.402,359.863,-113.281,71.777,859.527
1666057304.645,2.930,-51.270,-128.906,-26.367,859.531
1666057304.648,-117.676,-759.277,-135.254,-112.305,859.535
1666057304.652,-62.012,-476.562,-119.629,-43.945,859.539
1666057304.656,79.102,328.613,-118.652,60.059,859.543
1666057304.660,45.410,81.055,-138.672,19.043,859.547
1666057304.664,-96.191,-603.027,-152.832,-97.656,859.550
1666057304.666,-88.867,-271.973,-141.113,-81.055,859.554
1666057304.670,54.688,467.773,-139.160,38.086,859.558
1666057304.674,74.707,408.691,-143.066,44.922,859.562
1666057304.678,-60.059,-137.207,-140.625,-71.289,859.566
1666057304.682,-106.934,-246.582,-144.043,-99.121,859.570
1666057304.686,20.508,14.160,-141.602,14.160,859.574
1666057304.690,98.633,-189.453,-149.414,81.055,859.578
1666057304.693,-30.273,-698.242,-158.691,-24.414,859.582
1666057304.697,-122.559,-404.297,-146.484,-95.215,859.586
1666057304.701,-32.227,-1.465,-148.926,-6.348,859.589
1666057304.705,83.008,390.137,-154.297,77.637,859.593
1666057304.709,8.301,128.418,-160.645,2.441,859.597
1666057304.726,-120.117,-386.719,-162.109,-100.586,859.612
1666057304.730,-77.148,-49.805,-159.668,-63.965,859.616
1666057304.734,63.965,-288.574,-175.293,56.152,859.620
1666057304.738,48.828,-477.051,-166.016,22.949,859.623
1666057304.742,-90.332,-139.160,-158.203,-116.211,859.627
1666057304.746,-105.469,-409.180,-176.270,-100.098,859.631
1666057304.750,38.086,-717.773,-170.410,29.785,859.635
1666057304.753,76.660,-229.004,-154.785,42.480,859.639
1666057304.757,-61.523,215.332,-167.480,-83.496,859.643
1666057304.761,-130.859,-345.215,-179.688,-116.699,859.647
1666057304.765,-6.348,-89.844,-169.922,-3.906,859.651
1666057304.769,102.051,649.414,-165.527,63.965,859.655
1666057304.758,-2.930,441.406,-177.246,-40.039,859.655
1666057304.762,-115.723,-402.832,-187.500,-113.770,859.659
1666057304.766,-35.156,-528.809,-172.363,-19.531,859.662
1666057304.770,93.750,425.293,-170.410,78.613,859.666
1666057304.774,30.273,568.359,-190.918,9.766,859.670
1666057304.778,-95.703,-535.645,-199.707,-89.844,859.674
1666057304.782,-69.336,-871.582,-180.664,-42.480,859.678
1666057304.785,80.566,214.355,-169.434,78.613,859.682
1666057304.789,83.984,673.340,-184.570,59.570,859.686
1666057304.793,-64.453,-395.508,-202.148,-54.688,859.690
1666057304.797,-84.961,-850.098,-195.312,-54.688,859.694
1666057304.801,64.941,221.191,-174.316,64.453,859.698
1666057304.817,114.258,635.254,-193.359,97.168,859.703
1666057304.821,-27.832,13.672,-205.566,-33.203,859.707
1666057304.825,-96.191,-550.781,-194.336,-88.379,859.711
1666057304.829,8.301,-179.688,-187.500,21.484,859.715
1666057304.833,103.027,497.070,-195.312,90.820,859.719
1666057304.837,4.883,-340.332,-219.238,-0.977,859.723
1666057304.841,-110.352,-1000.000,-211.914,-83.496,859.726
1666057304.844,-33.203,-214.355,-191.406,-11.719,859.730
1666057304.848,92.285,400.879,-205.078,95.703,859.734
1666057304.852,43.457,-54.688,-210.938,39.551,859.738
1666057304.856,-76.172,-253.906,-203.613,-74.219,859.742
1666057304.860,-64.941,-36.133,-207.031,-48.340,859.746
1666057304.861,72.754,230.469,-198.242,71.777,859.747
1666057304.865,85.938,263.672,-199.219,70.312,859.751
1666057304.869,-55.176,7.812,-208.984,-48.340,859.755
1666057304.873,-97.168,-150.879,-200.684,-59.082,859.759
1666057304.877,28.320,-0.488,-188.965,56.641,859.763
1666057304.881,102.051,58.105,-187.500,88.867,859.767
1666057304.885,-17.578,-179.199,-187.988,-29.785,859.771
1666057304.888,-106.934,-398.926,-184.570,-90.332,859.775
1666057304.892,-13.672,-650.879,-187.500,8.301,859.779
1666057304.896,98.145,-710.449,-185.547,87.891,859.782
1666057304.900,18.066,-57.129,-183.594,-9.277,859.786
1666057304.904,-106.934,-143.066,-191.406,-103.516,859.790
1666057304.906,-49.316,-327.637,-183.105,-30.273,859.792
1666057304.910,95.215,427.246,-178.711,93.750,859.796
1666057304.914,56.641,371.094,-189.941,46.387,859.800
1666057304.918,-88.867,-430.176,-192.871,-71.777,859.804
1666057304.922,-83.984,-792.969,-180.664,-42.969,859.808
1666057304.926,53.711,-324.219,-173.340,80.078,859.812
1666057304.930,80.078,318.359,-183.105,86.426,859.816
1666057304.933,-54.688,-79.102,-199.219,-34.668,859.819
1666057304.937,-104.004,-791.992,-204.102,-59.570,859.823
1666057304.941,25.879,-249.512,-186.523,53.223,859.827
1666057304.945,109.863,509.766,-185.059,93.262,859.831
1666057304.949,-10.254,-40.039,-200.684,-20.020,859.835
1666057304.951,-106.445,-722.168,-195.312,-77.148,859.851
1666057304.955,-9.766,-64.453,-172.363,8.789,859.855
1666057304.959,120.605,671.387,-173.340,99.609,859.859
1666057304.963,45.898,248.535,-194.336,27.832,859.863
1666057304.967,-90.820,-408.691,-197.266,-73.730,859.867
1666057304.971,-46.387,-419.434,-176.758,-9.766,859.871
1666057304.975,96.680,119.141,-182.129,100.586,859.875
1666057304.978,77.148,-182.129,-194.336,54.688,859.879
1666057304.982,-63.477,-821.289,-184.570,-59.570,859.883
1666057304.986,-72.754,-243.652,-175.293,-48.340,859.886
1666057304.990,56.152,340.332,-180.176,65.918,859.890
1666057304.994,102.539,378.418,-181.641,81.543,859.894
1666057304.997,-20.020,-213.867,-180.664,-30.762,859.887
1666057305.001,-86.914,-490.723,-178.223,-68.848,859.891
1666057305.005,25.391,-4.395,-170.898,46.387,859.895
1666057305.009,129.883,-288.086,-177.246,140.137,859.898
1666057305.013,29.297,-723.633,-177.246,39.551,859.902
1666057305.017,-92.285,-537.109,-171.875,-75.195,859.906
1666057305.021,-20.508,-367.676,-161.621,2.441,859.910
1666057305.024,108.398,-170.410,-160.645,108.887,859.914
1666057305.028,62.012,53.711,-164.062,41.016,859.918
1666057305.032,-58.594,31.250,-166.504,-61.523,859.922
1666057305.036,-33.691,-313.965,-176.758,-28.809,859.926
1666057305.040,109.375,89.355,-167.969,83.496,859.930
1666057305.042,105.957,568.848,-166.504,64.453,859.929
1666057305.046,-30.273,229.492,-180.176,-59.570,859.933
1666057305.050,-51.270,-327.637,-175.293,-51.270,859.937
1666057305.054,75.684,-158.691,-166.992,67.871,859.941
1666057305.058,120.605,505.859,-170.410,90.820,859.945
1666057305.062,-5.371,-14.648,-179.199,-16.602,859.948
1666057305.066,-74.219,-855.957,-182.129,-55.664,859.952
1666057305.069,17.578,-848.633,-166.504,44.434,859.956
1666057305.073,120.605,234.863,-152.344,103.027,859.960
1666057305.077,31.738,436.523,-163.574,1.953,859.964
1666057305.081,-88.379,-354.980,-166.504,-77.148,859.968
1666057305.085,-25.879,-176.270,-157.715,-10.742,859.972
1666057305.086,109.863,573.242,-156.738,96.680,860.001
1666057305.090,63.477,505.371,-165.039,46.387,860.005
1666057305.094,-72.266,-510.254,-161.621,-63.477,860.009
1666057305.098,-52.246,-574.219,-142.578,-32.715,860.013
1666057305.102,81.055,283.203,-137.695,79.102,860.017
1666057305.106,94.238,248.047,-145.020,80.566,860.021
1666057305.110,-39.062,-669.434,-159.180,-25.391,860.025
1666057305.113,-80.566,-945.312,-147.949,-50.781,860.029
1666057305.117,52.734,130.859,-115.723,51.270,860.033
1666057305.121,119.629,501.953,-124.512,93.750,860.036
1666057305.125,-3.906,-146.484,-136.719,-12.207,860.040
1666057305.129,-92.773,-295.898,-133.301,-65.430,860.044
1666057305.192,9.277,139.648,-128.906,32.715,860.079
1666057305.196,126.465,410.645,-125.000,112.305,860.083
1666057305.200,42.480,75.195,-136.719,30.273,860.087
1666057305.204,-75.195,-188.965,-137.695,-64.453,860.091
1666057305.208,-16.113,32.227,-122.559,-0.977,860.095
1666057305.212,112.305,-95.215,-123.535,119.141,860.098
1666057305.216,77.637,-380.859,-125.000,72.754,860.102
1666057305.219,-53.223,-201.660,-122.559,-49.805,860.106
1666057305.223,-50.293,-410.156,-121.094,-28.320,860.110
1666057305.227,82.031,-257.324,-111.328,87.402,860.114
1666057305.231,102.051,214.355,-112.305,85.938,860.118
1666057305.235,-36.621,97.656,-119.141,-42.969,860.122
1666057305.195,-90.332,-251.953,-110.352,-65.430,860.086
1666057305.199,28.320,-432.617,-97.168,47.363,860.090
1666057305.203,106.934,-233.398,-105.957,94.727,860.093
1666057305.207,-4.883,-26.855,-113.281,-11.230,860.097
1666057305.211,-101.562,-350.098,-104.980,-75.684,860.101
1666057305.215,-18.555,-554.199,-100.586,15.625,860.105
1666057305.219,100.586,-12.695,-90.332,99.121,860.109
1666057305.222,35.645,358.887,-92.285,21.484,860.113
1666057305.226,-95.215,-280.273,-114.258,-84.473,860.117
1666057305.230,-47.852,-538.574,-100.098,-19.531,860.121
1666057305.234,106.445,208.496,-73.730,104.004,860.125
1666057305.238,83.008,389.648,-82.031,55.664,860.129
1666057305.239,-60.547,-345.215,-91.797,-62.988,860.126
1666057305.243,-66.406,-713.379,-78.613,-51.270,860.130
1666057305.247,62.988,193.359,-64.941,69.824,860.134
1666057305.251,96.191,666.504,-76.172,82.520,860.138
1666057305.255,-33.691,-217.285,-87.891,-34.668,860.142
1666057305.259,-96.680,-999.023,-79.102,-68.359,860.146
1666057305.263,14.160,-246.094,-62.012,31.738,860.150
1666057305.266,101.074,603.027,-68.848,86.914,860.154
1666057305.270,-1.953,-125.488,-83.984,-10.254,860.158
1666057305.274,-113.770,-1000.000,-87.891,-76.172,860.162
1666057305.278,-37.109,-661.133,-59.082,-3.418,860.166
1666057305.282,102.539,397.949,-43.945,86.914,860.169
1666057305.297,36.621,315.918,-61.523,27.832,860.186
1666057305.301,-112.793,-361.328,-60.547,-77.148,860.190
1666057305.305,-79.590,-440.918,-47.852,-38.574,860.194
1666057305.309,69.336,109.375,-38.574,67.383,860.198
1666057305.313,61.523,232.422,-43.945,43.945,860.202
1666057305.317,-72.266,-377.930,-53.223,-63.965,860.206
1666057305.321,-84.961,-567.383,-37.598,-62.988,860.210
1666057305.324,51.270,198.730,-36.133,42.480,860.214
1666057305.328,105.957,-214.355,-53.711,76.172,860.217
1666057305.332,-23.926,-1000.000,-30.762,-32.715,860.221
1666057305.336,-91.309,-376.953,-12.207,-86.426,860.225
1666057305.340,10.254,-31.250,-23.438,14.648,860.229
1666057305.326,112.305,210.938,-28.809,83.008,860.212
1666057305.330,18.066,408.203,-34.180,-15.137,860.216
1666057305.334,-107.422,20.020,-29.297,-95.703,860.220
1666057305.338,-36.133,-231.934,-19.531,-18.555,860.224
1666057305.342,100.098,128.418,-14.648,85.938,860.228
1666057305.346,52.734,232.422,-8.301,30.762,860.232
1666057305.350,-88.379,-380.371,-8.301,-84.473,860.236
1666057305.353,-77.148,-677.246,0.488,-54.199,860.240
1666057305.357,70.312,17.090,8.301,60.547,860.244
1666057305.361,80.078,632.812,-15.137,36.133,860.247
1666057305.365,-70.801,181.641,-21.484,-93.262,860.251
1666057305.369,-106.934,-701.660,-17.578,-100.586,860.255
1666057305.371,21.973,-677.246,-13.184,18.555,860.258
1666057305.375,91.797,439.941,2.441,60.059,860.262
1666057305.379,-22.949,139.648,-5.371,-46.875,860.265
1666057305.383,-115.723,-758.789,-6.348,-102.051,860.269
1666057305.387,-23.926,-200.195,2.441,-7.812,860.273
1666057305.391,92.285,460.449,-4.883,75.195,860.277
1666057305.395,12.207,57.617,-9.766,-7.812,860.281
1666057305.398,-117.188,-818.359,-8.301,-92.285,860.285
1666057305.402,-56.641,-675.781,18.066,-32.715,860.289
1666057305.406,91.309,599.121,30.273,63.477,860.293
1666057305.410,54.199,479.980,16.602,20.508,860.297
1666057305.414,-86.914,-293.457,18.555,-92.285,860.301
1666057305.417,-75.684,-70.801,22.949,-72.754,860.305
1666057305.421,67.871,547.363,23.926,46.387,860.308
1666057305.425,84.961,501.953,18.066,49.805,860.312
1666057305.429,-62.500,-104.980,20.508,-75.684,860.316
1666057305.433,-114.746,-276.855,33.691,-98.633,860.320
1666057305.437,3.906,46.387,37.109,17.090,860.324
1666057305.441,83.984,-60.547,26.367,76.660,860.328
1666057305.444,-22.461,-590.332,24.902,-29.297,860.332
1666057305.448,-123.535,-371.094,31.250,-113.770,860.336
1666057305.452,-35.156,-123.047,30.762,-25.879,860.340
1666057305.456,93.262,19.043,37.109,79.590,860.344
1666057305.460,21.484,42.480,33.691,8.301,860.347
1666057305.461,-112.793,-50.293,22.949,-101.074,860.360
1666057305.465,-72.754,-93.750,26.367,-49.805,860.364
1666057305.469,69.336,24.902,36.133,64.453,860.368
1666057305.473,46.875,162.598,32.227,28.809,860.372
1666057305.477,-89.355,-36.621,19.043,-87.402,860.376
1666057305.481,-86.426,-362.305,20.996,-78.125,860.380
1666057305.485,41.016,-791.504,24.902,50.293,860.384
1666057305.488,77.637,-494.141,28.320,66.895,860.388
1666057305.492,-47.852,131.348,25.391,-70.801,860.391
1666057305.496,-123.047,-359.863,17.090,-104.980,860.395
1666057305.500,-3.906,-146.484,32.227,5.371,860.399
1666057305.504,89.844,445.801,39.062,60.059,860.403
1666057305.509,-23.438,179.199,41.504,-41.992,860.396
1666057305.513,-124.023,-520.020,41.992,-122.070,860.400
1666057305.517,-53.223,-508.301,39.062,-52.246,860.404
1666057305.521,76.660,487.793,45.898,49.805,860.408
1666057305.525,18.555,474.609,39.551,-5.371,860.412
1666057305.529,-121.094,-565.918,27.832,-111.328,860.416
1666057305.533,-84.961,-923.828,37.598,-70.312,860.420
1666057305.536,62.500,163.086,55.176,44.922,860.424
1666057305.540,62.500,663.086,46.387,15.625,860.428
1666057305.544,-88.867,-424.316,34.180,-103.516,860.432
1666057305.548,-114.746,-735.840,38.574,-110.352,860.435
1666057305.552,31.250,326.660,50.293,-0.488,860.439
1666057305.567,77.148,661.133,41.992,28.320,860.455
1666057305.571,-61.035,-35.645,34.180,-82.520,860.459
1666057305.575,-134.277,-604.004,50.781,-122.070,860.463
1666057305.579,-18.555,-320.801,63.965,-11.719,860.467
1666057305.583,89.355,300.293,60.547,60.059,860.471
1666057305.587,-11.230,-348.145,45.410,-32.227,860.475
1666057305.591,-133.301,-1000.000,53.711,-114.746,860.478
1666057305.594,-61.035,-187.500,73.242,-43.945,860.482
1666057305.598,83.008,524.902,62.012,55.176,860.486
1666057305.602,19.531,293.457,40.039,-11.719,860.490
1666057305.606,-122.559,-51.270,40.039,-118.652,860.494
1666057305.610,-98.633,-37.109,48.340,-90.820,860.498
1666057305.611,43.945,255.859,50.293,32.227,860.498
1666057305.615,61.523,352.051,56.641,31.250,860.502
1666057305.619,-91.309,78.125,61.035,-93.750,860.506
1666057305.623,-130.371,-143.555,64.453,-113.281,860.510
1666057305.627,3.906,-28.809,67.871,-3.906,860.514
1666057305.631,65.918,84.473,61.523,30.273,860.517
1666057305.635,-52.246,-239.258,54.199,-70.801,860.521
1666057305.638,-134.277,-546.875,60.059,-122.559,860.525
1666057305.642,-41.504,-670.410,51.758,-28.809,860.529
1666057305.646,74.219,-621.582,67.383,62.012,860.533
1666057305.650,-3.906,59.570,80.566,-26.367,860.537
1666057305.654,-127.930,-124.512,66.406,-113.770,860.541
1666057305.655,-75.195,-313.965,73.242,-48.340,860.555
1666057305.659,69.336,397.949,80.078,57.129,860.559
1666057305.663,33.203,365.723,71.777,3.418,860.563
1666057305.667,-115.234,-365.234,55.176,-126.465,860.567
1666057305.671,-116.699,-755.859,60.059,-103.516,860.571
1666057305.675,18.066,-301.270,69.824,19.043,860.575
1666057305.679,48.828,301.270,65.430,23.438,860.579
1666057305.682,-77.637,-90.332,62.988,-91.309,860.583
1666057305.686,-129.395,-966.797,61.523,-101.562,860.587
1666057305.690,-2.441,-482.910,70.312,18.555,860.590
1666057305.694,78.125,719.238,58.594,61.035,860.594
1666057305.698,-30.273,168.945,49.316,-43.945,860.598
1666057305.701,-117.188,-492.188,73.730,-106.445,860.601
1666057305.705,-36.621,52.734,87.402,-24.414,860.605
1666057305.709,86.426,670.898,78.613,67.871,860.609
1666057305.713,10.254,260.254,62.500,-5.859,860.613
1666057305.717,-123.047,-440.430,54.688,-110.352,860.617
1666057305.721,-77.637,-372.559,52.246,-54.688,860.621
1666057305.725,61.035,192.383,57.129,65.430,860.625
1666057305.728,39.551,-78.125,55.664,29.297,860.629
1666057305.732,-100.098,-587.402,55.664,-95.703,860.633
1666057305.736,-112.305,-242.676,62.012,-87.891,860.637
1666057305.740,32.715,182.617,70.801,39.551,860.640
1666057305.744,82.520,-158.203,52.734,72.266,860.644
1666057305.747,-67.871,-771.484,35.645,-63.965,860.637
1666057305.751,-145.508,-278.320,46.875,-138.672,860.640
1666057305.755,-32.715,13.184,56.152,-38.086,860.644
1666057305.759,65.918,-79.102,69.824,38.574,860.648
1666057305.763,-55.176,-138.184,66.895,-78.613,860.652
1666057305.767,-162.598,-321.289,59.570,-160.156,860.656
1666057305.771,-75.684,-385.742,60.547,-72.266,860.660
1666057305.774,44.922,-24.902,62.012,15.625,860.664
1666057305.778,-10.742,233.398,59.570,-43.457,860.668
1666057305.782,-144.043,75.195,58.105,-152.832,860.672
1666057305.786,-110.840,-289.062,54.199,-111.328,860.676
1666057305.790,40.039,-203.125,67.871,19.043,860.679
1666057305.794,38.574,154.785,83.496,4.395,860.685
1666057305.798,-105.957,-51.758,69.824,-121.582,860.688
1666057305.802,-134.277,-549.316,74.707,-120.117,860.692
1666057305.806,-9.766,-232.910,81.543,-1.465,860.696
1666057305.810,48.340,492.676,59.082,20.020,860.700
1666057305.814,-71.777,-58.594,49.805,-93.262,860.704
1666057305.818,-144.043,-827.637,61.523,-135.254,860.708
1666057305.821,-32.715,-825.684,79.590,-29.297,860.712
1666057305.825,70.801,284.180,89.355,41.016,860.716
1666057305.829,-25.879,448.242,75.195,-54.688,860.720
1666057305.833,-138.184,-452.148,81.543,-132.812,860.724
1666057305.837,-77.148,-298.828,103.516,-56.152,860.728
1666057305.836,62.012,622.070,104.004,42.480,860.738
1666057305.840,19.531,562.012,96.680,-19.043,860.742
1666057305.844,-125.488,-426.758,94.727,-133.789,860.746
1666057305.848,-118.652,-644.043,93.262,-107.910,860.749
1666057305.852,29.785,222.656,91.309,18.555,860.753
1666057305.856,43.945,407.227,77.637,13.184,860.757
1666057305.860,-115.234,-598.145,73.730,-104.980,860.761
1666057305.863,-150.391,-1000.000,91.797,-107.422,860.765
1666057305.867,-7.324,22.461,109.375,8.301,860.769
1666057305.871,60.547,603.516,94.727,39.062,860.773
1666057305.875,-70.801,15.137,77.637,-83.496,860.777
1666057305.879,-154.297,-196.289,75.684,-142.090,860.781
1666057305.883,-44.922,184.570,77.148,-36.621,860.782
1666057305.887,77.637,464.355,85.938,55.664,860.786
1666057305.891,-13.184,157.227,84.961,-31.738,860.790
1666057305.895,-147.461,-107.422,81.055,-139.160,860.794
1666057305.899,-84.473,9.277,77.637,-81.543,860.798
1666057305.903,58.594,-19.043,74.219,40.527,860.801
1666057305.907,20.020,-281.250,73.242,-0.977,860.805
1666057305.910,-126.953,-386.230,70.801,-120.117,860.809
1666057305.914,-120.117,-102.539,76.172,-98.145,860.813
1666057305.918,23.438,-220.703,65.918,30.273,860.817
1666057305.922,52.734,-477.051,68.359,40.527,860.821
1666057305.926,-74.707,-74.707,81.543,-90.332,860.825
1666057305.941,-127.441,-203.613,89.844,-121.582,860.827
1666057305.945,-12.207,-6.348,98.633,-9.766,860.831
1666057305.949,68.359,240.234,78.613,45.410,860.835
1666057305.953,-49.316,-46.387,59.570,-61.523,860.839
1666057305.957,-146.973,-177.246,58.594,-135.742,860.843
1666057305.961,-55.664,-788.574,68.359,-34.668,860.847
1666057305.965,62.500,-488.770,80.566,50.781,860.851
1666057305.968,-20.508,385.742,71.289,-48.340,860.855
1666057305.972,-147.461,-360.840,59.082,-141.602,860.859
1666057305.976,-92.773,-761.719,64.453,-83.496,860.862
1666057305.980,44.434,260.742,74.707,26.855,860.866
1666057305.984,25.391,724.609,68.848,-5.371,860.870
1666057305.986,-110.352,-174.316,66.895,-125.977,860.872
1666057305.990,-120.117,-475.098,67.871,-118.164,860.876
1666057305.994,15.625,357.422,61.523,9.277,860.880
1666057305.998,44.922,713.867,52.734,34.668,860.884
1666057306.002,-92.285,-86.914,34.668,-92.285,860.888
1666057306.006,-148.926,-823.242,40.039,-136.719,860.892
1666057306.010,-30.762,-208.984,57.617,-24.414,860.896
1666057306.013,67.383,650.879,62.012,45.410,860.899
1666057306.017,-34.180,-149.902,47.363,-45.898,860.903
1666057306.021,-132.812,-893.066,44.922,-116.699,860.907
1666057306.025,-49.316,-163.574,62.012,-36.621,860.911
1666057306.029,73.242,286.133,52.734,55.664,860.915
1666057306.031,13.184,-145.508,44.922,-13.184,860.917
1666057306.035,-116.699,-500.977,49.805,-112.305,860.921
1666057306.039,-87.891,-379.395,43.945,-66.406,860.925
1666057306.043,50.781,24.414,43.457,45.898,860.929
1666057306.047,52.734,-102.051,52.246,27.832,860.933
1666057306.051,-92.773,-728.027,52.734,-102.539,860.936
1666057306.055,-126.465,-552.246,49.805,-122.559,860.940
1666057306.058,11.230,93.262,51.270,-3.418,860.944
1666057306.062,64.941,-109.375,48.828,39.062,860.948
1666057306.066,-67.383,-358.398,41.016,-72.754,860.952
1666057306.070,-140.625,-89.844,31.738,-124.023,860.956
1666057306.074,-31.250,-42.480,41.016,-14.648,860.960
1666057306.091,71.777,336.914,53.711,71.289,860.978
1666057306.095,-24.414,166.016,51.270,-20.020,860.982
1666057306.099,-142.578,-288.574,50.781,-117.676,860.986
1666057306.103,-75.684,-390.137,59.082,-41.992,860.990
1666057306.107,65.430,-96.191,73.242,64.941,860.994
1666057306.111,11.230,105.957,73.242,-2.441,860.997
1666057306.115,-128.906,-379.883,63.477,-110.840,861.001
1666057306.118,-108.398,-827.148,62.012,-72.266,861.005
1666057306.122,25.391,-495.605,68.848,47.852,861.009
1666057306.126,48.340,511.230,69.336,35.156,861.013
1666057306.130,-89.355,136.719,55.176,-83.496,861.017
1666057306.134,-135.742,-461.426,59.570,-98.145,861.021
1666057306.122,-0.488,66.895,60.059,12.207,861.008
1666057306.126,68.848,670.898,56.641,60.547,861.012
1666057306.130,-64.453,34.668,52.246,-50.781,861.016
1666057306.134,-146.973,-821.777,41.992,-114.746,861.019
1666057306.138,-40.039,-539.551,55.176,-23.926,861.023
1666057306.142,80.566,197.266,69.336,55.176,861.027
1666057306.146,-1.953,-5.371,50.293,-27.832,861.031
1666057306.149,-129.883,-603.516,31.738,-117.188,861.035
1666057306.153,-80.566,-272.949,41.016,-49.316,861.039
1666057306.157,61.523,610.840,51.270,59.570,861.043
1666057306.161,27.344,461.914,30.273,10.742,861.047
1666057306.165,-125.977,-706.055,12.207,-106.445,861.051
1666057306.167,-127.441,-562.988,32.227,-101.074,861.054
1666057306.171,23.926,431.641,49.316,16.602,861.058
1666057306.175,56.152,431.641,46.875,35.156,861.062
1666057306.179,-91.309,-113.770,35.156,-90.332,861.066
1666057306.183,-145.508,-275.391,31.738,-126.465,861.070
1666057306.187,-18.066,-51.758,41.016,-8.789,861.074
1666057306.191,69.336,-165.039,49.805,50.781,861.078
1666057306.194,-47.363,-850.586,48.828,-55.664,861.081
1666057306.198,-145.996,-544.434,55.176,-119.629,861.085
1666057306.202,-53.711,125.000,60.547,-31.738,861.089
1666057306.206,67.871,407.715,67.383,47.363,861.093
1666057306.210,-10.742,287.109,51.270,-29.297,861.097
1666057306.212,-137.695,-43.945,37.109,-123.047,861.111
1666057306.216,-94.238,-79.590,53.223,-81.055,861.115
1666057306.220,50.293,55.176,67.871,34.668,861.119
1666057306.224,28.320,176.758,52.246,4.395,861.123
1666057306.228,-121.582,-105.469,36.621,-120.117,861.127
1666057306.232,-126.465,-412.598,35.156,-114.258,861.131
1666057306.236,8.789,-747.559,31.250,9.277,861.135
1666057306.239,47.852,-486.816,39.062,30.273,861.139
1666057306.243,-80.078,132.324,27.832,-93.750,861.143
1666057306.247,-142.578,-443.848,15.137,-125.488,861.146
1666057306.251,-26.367,-465.820,28.320,-15.625,861.150
1666057306.255,62.988,349.609,38.574,45.410,861.154
1666057306.258,-41.992,394.531,26.367,-49.316,861.156
1666057306.262,-148.438,-370.605,25.879,-120.605,861.160
1666057306.266,-73.242,-307.617,41.016,-33.691,861.164
1666057306.270,59.570,605.957,44.922,62.988,861.168
1666057306.274,0.000,550.781,33.203,-11.230,861.172
1666057306.278,-125.488,-556.641,12.695,-107.910,861.176
1666057306.282,-100.098,-727.539,25.879,-75.195,861.180
1666057306.285,20.020,417.480,41.992,17.578,861.183
1666057306.289,16.113,682.617,30.762,-2.930,861.187
1666057306.293,-125.488,-358.398,21.973,-116.211,861.191
1666057306.297,-148.926,-612.793,22.949,-111.816,861.195
1666057306.301,-3.906,161.621,28.809,14.648,861.199
1666057306.316,54.199,304.688,18.066,39.062,861.203
1666057306.320,-83.008,-367.676,6.836,-80.566,861.206
1666057306.324,-165.039,-875.977,22.949,-135.254,861.210
1666057306.328,-57.129,-207.031,38.086,-41.504,861.214
1666057306.332,60.059,540.527,32.715,39.062,861.218
1666057306.336,-33.203,-325.195,5.859,-50.781,861.222
1666057306.340,-157.715,-931.152,6.348,-136.719,861.226
1666057306.343,-95.215,-13.672,24.902,-74.707,861.230
1666057306.347,46.875,410.156,25.391,27.344,861.234
1666057306.351,5.371,89.355,11.719,-23.438,861.238
1666057306.355,-139.648,-141.602,10.742,-132.812,861.242
1666057306.359,-127.930,-62.988,11.719,-104.004,861.246
1666057306.362,19.043,194.824,18.066,12.207,861.261
1666057306.366,21.973,256.836,20.996,-5.859,861.265
1666057306.370,-127.441,-243.164,1.953,-144.531,861.269
1666057306.374,-158.691,-395.508,-6.836,-158.203,861.273
1666057306.378,-44.434,-156.738,-5.371,-34.180,861.277
1666057306.382,21.484,-253.418,-5.371,7.812,861.281
1666057306.386,-88.867,-270.508,3.418,-100.098,861.285
1666057306.389,-176.270,-217.285,17.090,-153.320,861.289
1666057306.393,-83.008,-496.094,14.160,-61.035,861.293
1666057306.397,25.391,-399.414,22.949,24.414,861.297
1666057306.401,-44.922,251.465,34.668,-56.641,861.300
1666057306.405,-164.551,-186.035,20.508,-148.926,861.304
1666057306.407,-114.258,-369.629,15.625,-93.262,861.293
1666057306.411,29.297,337.402,14.648,24.414,861.297
1666057306.415,1.953,288.574,4.395,-7.324,861.301
1666057306.419,-141.113,-479.980,1.953,-127.441,861.305
1666057306.423,-142.090,-829.590,16.602,-125.000,861.309
1666057306.427,2.441,-336.426,30.273,-12.207,861.313
1666057306.431,34.668,166.504,28.320,-0.977,861.317
1666057306.434,-104.004,-289.062,23.926,-122.070,861.321
1666057306.438,-164.551,-887.695,20.996,-144.043,861.325
1666057306.442,-36.133,-294.922,35.156,-26.367,861.329
1666057306.446,59.570,722.656,35.645,29.785,861.333
1666057306.450,-53.711,142.090,16.602,-79.590,861.336
1666057306.468,-154.785,-754.395,19.531,-141.602,861.355
1666057306.472,-65.430,-129.395,39.551,-44.922,861.359
1666057306.476,66.895,696.289,40.527,45.898,861.363
1666057306.480,-6.348,284.180,26.855,-34.180,861.367
1666057306.484,-144.531,-354.004,17.578,-143.555,861.370
1666057306.488,-104.492,-300.293,17.578,-89.355,861.374
1666057306.492,42.480,104.492,23.926,31.738,861.378
1666057306.495,23.438,-199.707,12.207,1.465,861.382
1666057306.499,-131.348,-1000.000,3.906,-119.629,861.386
1666057306.503,-137.695,-498.535,23.926,-124.023,861.390
1666057306.507,10.742,399.414,33.691,-4.395,861.394
1666057306.511,52.246,446.289,35.645,20.996,861.398
1666057306.496,-82.031,21.973,36.133,-96.191,861.382
1666057306.500,-142.090,-144.043,36.621,-128.418,861.386
1666057306.504,-19.043,-78.613,29.785,-12.207,861.390
1666057306.508,70.801,268.555,20.508,48.828,861.394
1666057306.512,-38.086,209.961,9.277,-60.059,861.398
1666057306.516,-144.043,-405.762,0.488,-135.742,861.402
1666057306.520,-64.941,-421.875,2.441,-57.129,861.406
1666057306.523,68.359,105.957,9.766,40.527,861.410
1666057306.527,-0.977,344.727,20.508,-28.809,861.414
1666057306.531,-134.766,-71.289,18.066,-140.625,861.418
1666057306.535,-103.516,-334.473,15.625,-97.168,861.421
1666057306.539,36.133,-688.477,19.531,36.133,861.425
1666057306.544,34.180,-750.000,35.156,24.414,861.434
1666057306.548,-111.328,-174.316,28.809,-108.398,861.438
1666057306.552,-140.137,-391.602,9.766,-119.141,861.442
1666057306.556,-1.465,-6.348,22.949,-4.883,861.446
1666057306.560,59.570,732.910,20.020,16.113,861.450
1666057306.564,-79.590,115.234,-4.883,-104.980,861.454
1666057306.568,-164.551,-834.473,-12.695,-150.391,861.458
1666057306.571,-56.152,-609.375,6.348,-48.340,861.461
1666057306.575,61.523,543.945,21.484,22.949,861.465
1666057306.579,-34.180,486.816,6.836,-69.824,861.469
1666057306.583,-159.180,-344.727,2.930,-159.668,861.473
1666057306.587,-74.219,-173.340,16.602,-82.031,861.477
1666057306.587,62.500,479.980,12.695,28.809,861.477
1666057306.591,4.395,251.953,1.953,-36.621,861.481
1666057306.595,-132.812,-521.973,0.977,-158.691,861.485
1666057306.599,-119.629,-406.738,10.742,-131.836,861.489
1666057306.603,30.762,412.598,23.926,-0.977,861.492
1666057306.607,45.410,342.773,22.949,-0.488,861.496
1666057306.611,-100.586,-614.258,2.930,-116.211,861.500
1666057306.614,-138.672,-1000.000,4.883,-130.371,861.504
1666057306.618,-3.418,11.230,40.039,-19.043,861.508
1666057306.622,59.570,572.266,41.504,22.949,861.512
1666057306.626,-67.871,-39.551,21.973,-101.074,861.516
1666057306.630,-143.555,-228.516,18.066,-161.621,861.520
1666057306.633,-44.434,203.613,23.438,-54.688,861.531
1666057306.637,64.941,500.488,20.020,31.250,861.535
1666057306.641,-27.344,144.043,7.812,-61.035,861.539
1666057306.645,-157.227,-394.531,0.000,-155.762,861.543
1666057306.649,-102.051,-165.039,0.488,-87.891,861.547
1666057306.653,39.551,79.590,-7.812,17.090,861.551
1666057306.657,-0.488,-706.055,0.488,-23.438,861.555
1666057306.660,-138.672,-636.230,25.879,-138.184,861.559
1666057306.664,-129.883,-133.789,22.461,-118.164,861.563
1666057306.668,11.230,212.402,22.461,15.625,861.567
1666057306.672,44.434,435.547,17.578,18.555,861.571
1666057306.676,-96.680,43.945,21.484,-104.492,861.574
1666057306.691,-147.949,-275.391,34.668,-124.023,861.578
1666057306.695,-30.273,-25.391,28.809,-6.836,861.582
1666057306.699,47.852,252.441,15.137,44.922,861.586
1666057306.703,-66.406,14.648,6.836,-66.895,861.589
1666057306.707,-164.551,-211.914,4.395,-136.719,861.593
1666057306.711,-73.730,-786.133,-0.977,-44.922,861.597
1666057306.715,53.223,-669.434,19.043,48.828,861.601
1666057306.718,-20.996,113.770,20.020,-36.133,861.605
1666057306.722,-152.344,-214.355,1.953,-143.066,861.609
1666057306.726,-106.934,-680.664,-0.977,-85.449,861.613
1666057306.730,32.227,164.062,2.930,41.504,861.617
1666057306.734,15.625,712.402,-3.418,10.742,861.621
1666057306.751,-132.324,-138.672,-12.695,-113.770,861.637
1666057306.755,-137.207,-496.094,-6.348,-101.562,861.641
1666057306.759,17.578,240.234,18.066,26.855,861.645
1666057306.763,63.965,625.977,25.879,44.922,861.649
1666057306.767,-75.195,-83.984,21.484,-77.637,861.653
1666057306.771,-143.555,-817.383,27.344,-116.211,861.657
1666057306.775,-27.832,-261.230,37.109,-10.742,861.660
1666057306.778,65.918,612.793,23.926,53.223,861.664
1666057306.782,-43.457,-154.297,-1.465,-44.434,861.668
1666057306.786,-157.227,-1000.000,18.066,-120.605,861.672
1666057306.790,-71.777,-159.668,34.668,-46.875,861.676
1666057306.794,57.617,651.855,5.859,49.805,861.680
1666057306.781,-14.648,269.043,-13.184,-25.879,861.666
1666057306.785,-148.438,-257.812,-0.488,-132.324,861.670
1666057306.789,-118.164,-349.609,3.906,-83.496,861.674
1666057306.793,22.949,108.398,-4.395,35.156,861.678
1666057306.797,17.090,-104.980,-6.836,10.254,861.682
1666057306.801,-128.418,-824.219,-4.883,-116.211,861.686
1666057306.805,-146.484,-504.395,-3.906,-125.977,861.690
1666057306.808,-3.418,129.395,-2.930,-6.348,861.694
1666057306.812,58.105,242.188,-8.789,25.391,861.697
1666057306.816,-64.941,33.691,-15.137,-85.938,861.701
1666057306.820,-137.695,-199.219,-4.883,-124.023,861.705
1666057306.824,-30.762,-182.617,13.672,-22.949,861.709
1666057306.825,61.035,-557.617,18.555,40.039,861.710
1666057306.829,-41.992,-486.816,8.789,-60.547,861.714
1666057306.833,-163.086,-78.613,-3.418,-151.855,861.718
1666057306.837,-94.727,-266.602,2.930,-87.891,861.722
1666057306.841,46.875,270.020,13.672,26.855,861.726
1666057306.845,-7.812,278.809,11.719,-24.414,861.730
1666057306.849,-150.879,-370.117,3.418,-144.043,861.734
1666057306.852,-122.559,-800.293,2.930,-97.656,861.738
1666057306.856,21.973,-569.336,19.043,40.039,861.742
1666057306.860,40.527,429.199,20.020,19.043,861.745
1666057306.864,-95.215,160.645,-3.418,-110.840,861.749
1666057306.868,-141.602,-437.988,-2.930,-121.094,861.753
1666057306.871,-10.742,93.262,13.184,-13.672,861.757
1666057306.875,56.641,499.023,-2.930,29.297,861.761
1666057306.879,-67.383,-114.258,-16.602,-79.102,861.765
1666057306.883,-154.297,-896.484,-13.184,-139.160,861.768
1666057306.887,-50.293,-599.121,-0.977,-36.621,861.772
1666057306.891,69.336,276.855,6.836,47.852,861.776
1666057306.895,-18.066,37.598,-3.418,-44.922,861.780
1666057306.898,-149.902,-742.676,-5.371,-141.113,861.784
1666057306.902,-103.027,-422.852,16.113,-83.496,861.788
1666057306.906,46.387,671.387,30.762,32.227,861.792
1666057306.910,11.719,455.078,11.230,-10.254,861.796
1666057306.914,-138.184,-310.059,8.789,-133.301,861.800
1666057306.916,-137.207,-148.926,30.762,-106.445,861.802
1666057306.920,11.719,507.324,31.250,16.602,861.806
1666057306.924,30.762,520.996,20.020,5.371,861.810
1666057306.928,-114.746,-163.574,19.043,-119.141,861.813
1666057306.932,-152.344,-514.648,16.602,-129.395,861.817
1666057306.936,-22.949,-125.000,13.672,-12.695,861.821
1666057306.940,59.570,-3.418,3.418,42.480,861.825
1666057306.943,-65.430,-785.156,1.953,-65.918,861.829
1666057306.947,-157.227,-588.867,16.113,-140.625,861.833
1666057306.951,-49.316,97.168,16.113,-41.992,861.837
1666057306.955,74.219,459.961,22.461,60.547,861.841
1666057306.959,-14.648,382.812,7.812,-21.484,861.845
1666057306.960,-143.066,-30.762,-4.883,-134.766,861.874
1666057306.964,-99.121,-65.430,-0.488,-90.332,861.878
1666057306.968,21.973,105.469,0.488,24.902,861.882
1666057306.972,0.488,184.082,8.789,-10.254,861.886
1666057306.976,-126.953,-88.867,8.301,-133.789,861.890
1666057306.980,-136.230,-412.598,0.000,-127.930,861.894
1666057306.984,-7.812,-743.652,3.418,1.465,861.898
1666057306.987,44.434,-782.715,23.926,22.461,861.902
1666057306.991,-77.637,-156.738,26.367,-104.980,861.906
1666057306.995,-147.949,-308.594,12.695,-149.414,861.910
1666057306.999,-41.504,-189.453,11.230,-46.387,861.914
1666057307.003,51.758,527.344,14.160,17.090,861.917
1666057307.007,-52.734,469.727,9.277,-87.891,861.904
1666057307.011,-163.086,-418.457,-0.977,-160.156,861.908
1666057307.015,-87.402,-517.578,8.789,-73.730,861.912
1666057307.019,49.805,482.910,9.766,30.762,861.915
1666057307.023,-13.184,511.719,-6.836,-23.926,861.919
1666057307.027,-159.180,-530.762,-14.160,-129.883,861.923
1666057307.031,-120.605,-785.645,2.441,-89.355,861.927
1666057307.034,46.387,294.434,25.391,42.480,861.931
1666057307.038,41.992,535.156,20.508,26.855,861.935
1666057307.042,-127.930,-434.570,12.695,-113.770,861.939
1666057307.046,-167.480,-638.672,17.578,-136.719,861.943
1666057307.050,-24.902,208.984,14.160,-9.766,861.947
1666057307.065,36.133,622.070,4.883,26.367,861.951
1666057307.069,-104.980,-286.133,10.254,-96.680,861.955
1666057307.073,-183.594,-1000.000,31.250,-145.996,861.959
1666057307.077,-60.547,-204.590,38.574,-39.062,861.963
1666057307.081,55.664,599.609,33.691,31.250,861.967
1666057307.085,-50.781,-324.219,13.184,-67.871,861.970
1666057307.089,-174.805,-951.660,12.695,-151.855,861.974
1666057307.092,-96.191,-30.273,31.250,-75.684,861.978
1666057307.096,41.504,502.930,17.090,37.109,861.982
1666057307.100,-6.836,193.848,5.859,-20.996,861.986
1666057307.104,-143.555,-206.543,10.742,-125.488,861.990
1666057307.108,-128.906,-320.312,9.766,-91.309,861.994
1666057307.110,15.137,-108.887,13.184,19.531,861.996
1666057307.114,26.367,7.324,12.695,10.742,862.000
1666057307.118,-121.582,-23.438,15.625,-115.234,862.004
1666057307.122,-148.438,-136.719,14.648,-127.441,862.008
1666057307.126,-25.879,-15.137,7.812,-7.324,862.012
1666057307.130,33.203,97.656,0.000,33.203,862.015
1666057307.134,-65.430,-132.812,-2.441,-70.801,862.019
1666057307.137,-146.973,-176.758,-1.953,-122.559,862.023
1666057307.141,-63.477,-491.211,-14.160,-30.762,862.027
1666057307.145,52.246,-418.945,-15.625,50.781,862.031
1666057307.149,-26.367,268.555,-21.484,-40.527,862.035
1666057307.153,-148.438,-144.531,-41.992,-141.113,862.039
1666057307.156,-80.078,-339.355,-25.879,-66.895,862.042
1666057307.160,53.223,294.922,-5.371,31.738,862.046
1666057307.164,8.301,258.789,-17.578,-23.926,862.050
1666057307.168,-127.930,-432.129,-17.090,-122.559,862.054
1666057307.172,-127.930,-937.012,-7.324,-92.285,862.058
1666057307.176,15.137,-605.469,-5.371,36.133,862.062
1666057307.180,45.898,266.113,-12.207,30.762,862.066
1666057307.183,-90.332,26.855,-22.949,-94.238,862.069
1666057307.187,-139.648,-761.230,-6.348,-111.816,862.073
1666057307.191,-18.066,-174.316,17.090,-0.488,862.077
1666057307.195,68.848,759.766,7.812,48.828,862.081
1666057307.199,-42.969,107.910,-5.859,-63.477,862.085
1666057307.201,-147.461,-538.086,-4.883,-143.555,862.087
1666057307.205,-61.523,36.133,13.184,-65.918,862.091
1666057307.209,66.895,721.191,21.484,30.273,862.095
1666057307.213,-1.465,299.805,12.207,-40.527,862.099
1666057307.217,-143.555,-432.617,15.137,-150.879,862.103
1666057307.221,-101.562,-417.480,13.672,-97.168,862.107
1666057307.225,57.617,89.355,9.766,23.926,862.111
1666057307.228,33.691,-134.277,-4.395,-0.977,862.115
1666057307.232,-114.258,-986.328,-11.719,-120.117,862.119
1666057307.236,-120.117,-531.738,15.137,-122.070,862.123
1666057307.240,26.367,358.887,30.273,-5.371,862.127
1666057307.244,79.102,476.074,29.297,23.926,862.130
1666057307.246,-59.082,34.180,21.973,-83.984,862.132
1666057307.250,-125.977,-176.270,12.207,-121.582,862.136
1666057307.254,-12.695,-11.230,4.395,-8.789,862.140
1666057307.258,74.219,-104.980,-3.906,56.641,862.144
1666057307.262,-30.273,-253.418,-8.301,-39.551,862.148
1666057307.266,-130.859,-527.832,-8.789,-126.465,862.152
1666057307.270,-46.875,-421.875,-5.859,-62.988,862.156
1666057307.273,72.754,-458.984,-7.812,40.527,862.160
1666057307.277,6.836,-426.270,-1.953,-25.391,862.163
1666057307.281,-130.859,-5.371,14.160,-138.184,862.167
1666057307.285,-104.004,-252.930,18.066,-89.844,862.171
1666057307.289,41.016,73.242,8.789,32.227,862.175
1666057307.292,35.156,543.945,16.602,10.742,862.179
1666057307.296,-107.422,174.805,22.461,-113.281,862.183
1666057307.300,-131.348,-417.969,13.184,-116.699,862.187
1666057307.304,4.395,-73.242,20.020,7.324,862.191
1666057307.308,56.152,522.949,18.066,40.039,862.194
1666057307.312,-71.289,-58.105,-2.441,-77.148,862.198
1666057307.316,-136.719,-863.281,-4.883,-122.070,862.202
1666057307.319,-32.227,-621.582,7.812,-22.949,862.206
1666057307.323,70.312,502.441,6.836,49.316,862.210
1666057307.327,-27.832,444.336,-9.766,-41.504,862.214
1666057307.331,-149.414,-514.160,-5.371,-140.625,862.218
1666057307.335,-85.449,-364.746,6.836,-79.590,862.222
1666057307.336,48.340,553.711,4.883,23.438,862.236
1666057307.340,7.324,523.438,-5.859,-20.996,862.240
1666057307.344,-127.441,-505.859,-1.465,-117.676,862.244
1666057307.348,-115.723,-653.320,14.160,-93.750,862.248
1666057307.352,28.320,292.480,18.555,23.438,862.251
1666057307.356,39.551,358.887,4.395,14.160,862.255
1666057307.360,-111.328,-645.996,-18.066,-103.516,862.259
1666057307.363,-154.785,-865.234,-7.812,-125.977,862.263
1666057307.367,-27.832,193.359,5.859,-21.973,862.267
1666057307.371,45.410,523.438,-6.836,35.156,862.271
1666057307.375,-69.336,-53.711,-14.160,-69.824,862.275
1666057307.379,-139.648,-234.863,-2.930,-118.652,862.279
1666057307.386,-40.527,72.266,1.953,-20.020,862.277
1666057307.390,46.387,123.047,-12.207,44.434,862.281
1666057307.394,-33.691,-235.352,-19.531,-40.527,862.285
1666057307.398,-141.602,-245.117,0.000,-130.371,862.289
1666057307.402,-95.703,10.742,4.883,-68.359,862.293
1666057307.406,32.227,-49.316,-5.859,47.852,862.297
1666057307.410,17.578,-242.676,-8.301,2.930,862.300
1666057307.413,-116.211,-191.406,-3.418,-114.258,862.304
1666057307.417,-117.676,-146.973,0.977,-91.797,862.308
1666057307.421,22.461,-194.336,8.789,25.391,862.312
1666057307.425,50.781,-8.301,19.531,21.973,862.316
1666057307.429,-92.285,118.164,8.301,-109.863,862.320
1666057307.441,-149.414,-291.992,0.977,-145.508,862.328
1666057307.445,-22.949,-97.168,13.184,-36.621,862.331
1666057307.449,62.012,221.680,14.648,24.414,862.335
1666057307.453,-59.082,-236.816,3.418,-84.961,862.339
1666057307.457,-153.320,-577.148,7.812,-154.297,862.343
1666057307.461,-68.848,-835.938,8.301,-54.688,862.347
1666057307.465,52.734,-907.227,14.160,45.898,862.351
1666057307.468,-3.906,-141.602,19.531,-35.645,862.355
1666057307.472,-141.602,-217.773,11.719,-142.578,862.359
1666057307.476,-110.840,-399.902,17.090,-89.844,862.363
1666057307.480,33.691,428.711,23.438,22.949,862.367
1666057307.484,17.090,678.223,13.672,-8.301,862.370
1666057307.488,-131.836,-178.223,2.441,-118.652,862.376
1666057307.492,-152.832,-529.297,7.324,-114.258,862.379
1666057307.496,0.977,270.996,24.414,1.465,862.383
1666057307.500,59.082,673.828,29.785,25.879,862.387
1666057307.504,-80.078,-75.684,12.207,-89.355,862.391
1666057307.508,-148.926,-777.344,5.859,-130.371,862.395
1666057307.512,-41.992,-337.891,15.137,-25.879,862.399
1666057307.515,51.758,386.719,13.672,40.039,862.403
1666057307.519,-46.387,-154.785,-5.371,-53.223,862.407
1666057307.523,-157.715,-1000.000,-1.953,-132.812,862.411
1666057307.527,-81.055,-315.430,31.250,-64.453,862.415
1666057307.531,48.828,371.582,38.574,35.156,862.419
1666057307.531,-5.859,140.625,24.902,-26.855,862.417
1666057307.535,-138.184,-171.875,14.160,-138.672,862.421
1666057307.539,-117.676,-284.668,12.207,-98.633,862.425
1666057307.543,15.625,15.137,12.207,18.555,862.429
1666057307.547,14.160,131.836,0.977,4.395,862.433
1666057307.551,-125.488,-457.520,-8.789,-104.004,862.437
1666057307.555,-150.391,-512.207,-0.977,-114.746,862.440
1666057307.558,-14.160,187.988,5.859,-1.465,862.444
1666057307.562,40.039,-293.457,-8.789,38.086,862.448
1666057307.566,-88.867,-1000.000,-5.859,-65.918,862.452
1666057307.570,-142.090,-390.625,13.184,-108.887,862.456
1666057307.574,-38.086,90.332,14.648,-23.438,862.460
1666057307.576,51.270,375.000,9.766,43.945,862.462
1666057307.580,-24.902,421.875,-0.488,-32.715,862.466
1666057307.584,-141.113,22.461,-4.395,-126.465,862.470
1666057307.588,-90.820,-138.672,3.418,-70.312,862.474
1666057307.592,40.039,281.738,9.277,27.344,862.478
1666057307.596,-4.883,214.844,2.441,-30.762,862.482
1666057307.600,-134.766,-312.988,0.488,-131.836,862.485
1666057307.603,-125.000,-753.418,-2.930,-100.098,862.489
1666057307.607,10.254,-499.023,5.859,15.137,862.493
1666057307.611,30.273,500.977,10.742,6.348,862.497
1666057307.615,-98.145,191.895,-9.766,-104.004,862.501
1666057307.619,-129.883,-518.066,-7.324,-118.652,862.505
1666057307.622,-9.766,-16.602,14.648,-16.602,862.511
1666057307.626,64.941,715.332,20.508,28.320,862.515
1666057307.630,-40.039,136.230,15.625,-73.730,862.518
1666057307.634,-132.324,-852.539,11.230,-134.277,862.522
1666057307.638,-44.922,-511.719,17.578,-43.945,862.526
1666057307.642,62.500,302.246,24.902,45.898,862.530
1666057307.646,-9.277,52.734,10.742,-35.645,862.534
1666057307.649,-135.254,-730.957,3.418,-134.766,862.538
1666057307.653,-89.355,-486.816,27.344,-75.195,862.542
1666057307.657,63.477,591.797,31.250,40.039,862.546
1666057307.661,23.926,425.293,15.625,6.348,862.550
1666057307.665,-125.488,-311.035,19.043,-103.516,862.554
1666057307.669,-112.305,-178.711,28.320,-84.961,862.559
1666057307.673,38.574,308.105,34.668,28.809,862.562
1666057307.677,63.965,123.047,24.414,44.434,862.566
1666057307.681,-64.453,-388.184,17.090,-64.941,862.570
1666057307.685,-112.793,-294.434,22.461,-103.027,862.574
1666057307.689,11.719,-25.391,18.066,12.695,862.578
1666057307.693,95.703,-106.445,8.789,80.078,862.582
1666057307.696,-42.480,-768.066,7.324,-45.410,862.586
1666057307.700,-149.902,-569.824,6.836,-137.207,862.590
1666057307.704,-52.734,99.609,-1.953,-59.082,862.594
1666057307.708,74.707,360.352,-5.859,38.574,862.598
1666057307.712,-0.977,231.445,-21.484,-31.738,862.602
1666057307.711,-125.000,-100.098,-19.043,-130.371,862.614
1666057307.715,-76.660,-100.586,-12.207,-69.824,862.618
1666057307.719,61.035,16.602,-14.160,43.945,862.621
1666057307.723,44.922,70.312,-18.555,0.488,862.625
1666057307.727,-97.656,-289.062,-22.949,-123.535,862.629
1666057307.731,-119.629,-554.199,-17.578,-117.188,862.633
1666057307.735,9.766,-687.988,-20.508,5.859,862.637
1666057307.738,60.059,-905.273,-9.766,28.320,862.641
1666057307.742,-75.195,-355.957,2.441,-91.309,862.645
1666057307.746,-140.137,-354.492,-7.324,-121.582,862.649
1666057307.750,-18.066,-167.480,-5.371,-17.578,862.653
1666057307.754,77.637,628.418,-3.906,43.457,862.657
1666057307.773,-16.602,489.746,-8.301,-49.805,862.660
1666057307.777,-114.258,-332.520,-3.418,-118.652,862.664
1666057307.781,-45.410,-322.266,3.906,-40.527,862.668
1666057307.785,81.055,574.707,2.441,58.105,862.672
1666057307.789,26.367,536.133,-16.602,-12.207,862.676
1666057307.793,-102.539,-468.750,-29.297,-111.328,862.679
1666057307.797,-70.801,-761.719,-12.695,-60.059,862.683
1666057307.800,63.477,97.656,11.719,53.711,862.687
1666057307.804,59.082,585.449,9.766,28.320,862.691
1666057307.808,-90.332,-362.305,-5.859,-90.820,862.695
1666057307.812,-115.234,-815.430,0.000,-89.355,862.699
1666057307.816,18.555,204.590,25.879,16.113,862.703
1666057307.816,79.102,622.070,27.832,56.152,862.702
1666057307.820,-39.062,3.418,13.184,-54.199,862.706
1666057307.824,-117.188,-592.773,5.859,-116.699,862.710
1666057307.828,-15.625,-218.262,8.301,-18.555,862.714
1666057307.832,92.285,483.887,17.578,64.453,862.718
1666057307.836,-7.324,-166.992,18.555,-30.273,862.722
1666057307.840,-137.207,-695.312,15.137,-130.371,862.726
1666057307.843,-64.941,-59.570,12.695,-61.035,862.730
1666057307.847,82.031,496.094,6.348,49.805,862.734
1666057307.851,29.785,-335.449,-12.207,2.930,862.737
1666057307.855,-122.070,-1000.000,-10.254,-116.699,862.741
1666057307.859,-95.215,-342.773,5.859,-101.074,862.745
1666057307.862,45.898,284.668,3.906,30.762,862.748
1666057307.866,43.945,375.488,-5.371,26.367,862.752
1666057307.870,-90.332,124.512,-17.090,-98.633,862.756
1666057307.874,-127.930,-100.586,-16.113,-121.094,862.760
1666057307.878,-7.324,52.734,-2.441,-17.090,862.764
1666057307.882,63.477,125.977,-5.371,30.762,862.768
1666057307.886,-54.199,-86.914,-14.648,-79.590,862.772
1666057307.889,-138.672,-131.836,-2.441,-140.625,862.776
1666057307.893,-41.504,-380.371,3.906,-41.016,862.780
1666057307.897,65.430,-289.551,3.906,47.852,862.784
1666057307.901,-19.043,325.684,5.859,-42.969,862.787
1666057307.905,-147.461,-99.121,-3.906,-138.184,862.791
1666057307.906,-100.586,-455.078,0.977,-73.242,862.792
1666057307.910,39.062,290.039,5.371,39.551,862.796
1666057307.914,17.578,397.949,-7.324,0.977,862.800
1666057307.918,-118.164,-354.492,-10.254,-113.770,862.804
1666057307.922,-120.605,-866.211,-7.812,-96.680,862.808
1666057307.926,27.832,-550.781,10.254,23.926,862.812
1666057307.930,68.848,226.074,11.719,36.621,862.816
1666057307.933,-71.289,21.973,-0.977,-78.613,862.820
1666057307.937,-137.695,-865.234,-5.859,-108.398,862.824
1666057307.941,-37.598,-537.109,6.348,-15.625,862.828
1666057307.945,50.293,639.648,5.859,26.855,862.832
1666057307.949,-53.711,84.961,-11.230,-59.082,862.835
1666057307.951,-147.461,-509.766,-6.836,-117.188,862.838
1666057307.955,-46.875,34.180,2.930,-33.691,862.842
1666057307.959,76.172,562.500,12.207,64.453,862.846
1666057307.963,0.000,-18.066,7.324,-11.230,862.849
1666057307.967,-135.254,-719.727,0.488,-125.977,862.853
1666057307.971,-90.820,-489.258,8.789,-82.520,862.857
1666057307.975,53.711,270.508,14.648,30.762,862.861
1666057307.978,39.551,53.223,-8.789,6.836,862.865
1666057307.982,-106.445,-807.617,-10.742,-106.934,862.869
1666057307.986,-121.582,-269.043,9.277,-109.863,862.873
1666057307.990,15.137,428.711,3.418,5.371,862.877
1666057307.994,52.734,434.570,-9.277,20.996,862.881
1666057308.011,-81.543,6.348,-18.555,-99.609,862.942
1666057308.015,-144.531,-153.809,-18.555,-132.812,862.946
1666057308.019,-27.344,6.348,-16.602,-25.879,862.950
1666057308.023,68.848,-128.906,-16.602,41.016,862.954
1666057308.027,-36.133,-292.969,-20.996,-54.199,862.958
1666057308.031,-144.043,-458.008,-27.832,-128.906,862.962
1666057308.035,-66.895,-343.750,-17.578,-58.105,862.966
1666057308.038,61.035,-464.844,-14.648,40.039,862.970
1666057308.042,0.000,-596.191,-14.648,-19.531,862.973
1666057308.046,-143.555,-85.449,-17.578,-136.230,862.977
1666057308.050,-118.164,-175.293,-16.602,-92.285,862.981
1666057308.054,33.203,198.730,-6.348,27.832,862.985
1666057308.060,38.086,583.008,-1.953,10.254,862.951
1666057308.064,-95.703,121.582,-5.859,-101.562,862.955
1666057308.068,-118.164,-441.895,-4.883,-103.516,862.959
1666057308.072,10.254,-43.457,-2.441,5.371,862.963
1666057308.076,65.430,580.078,-5.371,34.180,862.967
1666057308.080,-67.871,-75.195,-4.883,-79.590,862.971
1666057308.084,-150.391,-827.148,-7.324,-126.465,862.975
1666057308.087,-43.945,-514.648,1.465,-24.414,862.979
1666057308.091,62.988,317.383,0.000,48.828,862.983
1666057308.095,-29.785,372.559,-15.137,-43.457,862.986
1666057308.099,-146.484,-588.379,-23.926,-129.883,862.990
1666057308.103,-92.285,-747.070,-10.254,-59.082,862.994
1666057308.086,47.852,367.676,5.859,31.250,862.986
1666057308.090,9.277,550.293,-12.207,-36.621,862.990
1666057308.094,-137.207,-522.461,-24.414,-143.555,862.993
1666057308.098,-119.141,-646.484,-8.789,-107.910,862.997
1666057308.102,20.508,382.812,-5.371,10.254,863.001
1666057308.106,32.715,345.703,-18.066,7.812,863.005
1666057308.110,-104.004,-454.590,-15.625,-113.770,863.009
1666057308.113,-138.672,-495.605,0.000,-134.766,863.013
1666057308.117,-10.254,265.137,6.836,-15.137,863.017
1666057308.121,63.965,504.395,-7.812,33.691,863.021
1666057308.125,-57.129,-481.445,-26.367,-68.848,863.025
1666057308.129,-144.531,-1000.000,-19.043,-114.258,863.029
1666057308.147,-35.156,-448.730,10.254,-22.461,863.034
1666057308.151,83.496,403.320,14.160,53.711,863.038
1666057308.155,-12.207,156.738,-4.395,-30.762,863.042
1666057308.159,-141.113,-158.203,-5.859,-127.441,863.046
1666057308.163,-82.031,62.012,2.930,-66.895,863.049
1666057308.167,58.105,91.797,6.836,47.852,863.053
1666057308.171,4.883,-330.078,2.930,8.789,863.057
1666057308.174,-136.230,-242.188,5.859,-115.234,863.061
1666057308.178,-125.977,-68.359,5.859,-104.004,863.065
1666057308.182,9.766,104.980,4.395,17.578,863.069
1666057308.186,43.457,377.930,3.418,19.043,863.073
1666057308.190,-100.098,212.891,-1.953,-101.562,863.077
1666057308.206,-154.297,-216.797,0.000,-125.488,863.092
1666057308.210,-21.973,-91.797,12.695,-10.254,863.096
1666057308.214,65.918,196.777,1.465,48.340,863.100
1666057308.218,-58.105,15.137,-12.695,-63.477,863.104
1666057308.222,-141.113,-283.203,-6.836,-121.582,863.108
1666057308.226,-50.293,-625.488,-6.348,-32.227,863.112
1666057308.230,56.152,-65.918,5.371,49.316,863.116
1666057308.233,-10.742,416.504,2.930,-22.949,863.120
1666057308.237,-139.160,-143.066,-6.348,-137.207,863.123
1666057308.241,-98.145,-935.547,-6.836,-76.172,863.127
1666057308.245,41.504,-416.504,5.859,46.875,863.131
1666057308.249,23.438,609.375,1.465,3.906,863.135
1666057308.235,-124.512,-124.512,-11.719,-110.352,863.121
1666057308.239,-135.254,-527.344,-3.906,-99.121,863.124
1666057308.243,14.648,292.969,-1.953,22.949,863.128
1666057308.247,54.199,500.977,-10.254,36.133,863.132
1666057308.251,-85.449,-384.766,-13.184,-81.543,863.136
1666057308.255,-142.090,-951.172,1.953,-115.234,863.140
1666057308.259,-20.508,-179.199,16.113,-13.672,863.144
1666057308.262,78.613,663.086,10.254,50.293,863.148
1666057308.266,-34.180,-21.484,-2.930,-58.105,863.152
1666057308.270,-147.949,-595.703,-6.836,-134.766,863.156
1666057308.274,-69.824,-33.691,5.371,-49.805,863.160
1666057308.278,65.918,599.609,7.324,44.922,863.164
1666057308.281,1.465,-109.863,-14.160,-21.973,863.166
1666057308.285,-139.648,-949.219,-12.695,-121.094,863.170
1666057308.289,-95.703,-474.121,-7.324,-80.078,863.174
1666057308.293,46.387,170.898,-11.230,35.156,863.178
1666057308.297,35.645,-50.781,-5.371,16.602,863.182
1666057308.301,-107.422,-685.547,-10.254,-117.188,863.186
1666057308.305,-127.441,-561.523,-9.277,-117.676,863.190
1666057308.308,8.789,47.852,9.277,9.766,863.194
1666057308.312,49.316,-242.676,5.371,38.574,863.198
1666057308.316,-77.148,-771.484,9.277,-72.266,863.201
1666057308.320,-139.648,-188.477,14.648,-125.488,863.205
1666057308.324,-32.715,20.508,-6.348,-35.156,863.209
1666057308.326,75.684,362.305,-12.695,41.504,863.212
1666057308.330,-11.230,421.387,-16.113,-46.387,863.216
1666057308.334,-126.465,-42.969,-18.555,-137.695,863.220
1666057308.338,-70.801,-205.078,-8.301,-71.777,863.224
1666057308.342,60.547,288.086,-8.301,30.762,863.228
1666057308.346,17.578,208.008,-16.602,-23.926,863.232
1666057308.350,-129.883,-306.152,-16.113,-149.414,863.235
1666057308.353,-97.656,-650.391,-19.531,-97.656,863.239
1666057308.357,46.875,-642.090,-11.230,43.457,863.243
1666057308.361,30.762,239.258,0.488,5.371,863.247
1666057308.365,-113.281,135.742,-5.371,-124.512,863.251
1666057308.369,-142.578,-648.438,-1.465,-124.512,863.255
1666057308.386,-7.812,-166.504,20.996,-7.324,863.272
1666057308.390,65.430,717.773,26.855,24.902,863.276
1666057308.394,-60.059,121.094,15.137,-88.379,863.280
1666057308.398,-163.574,-776.367,9.766,-155.762,863.284
1666057308.402,-75.684,-303.223,20.020,-64.453,863.288
1666057308.406,42.969,371.582,16.113,31.738,863.292
1666057308.410,-32.227,-15.625,-1.465,-49.805,863.296
1666057308.413,-142.578,-744.141,-1.953,-142.578,863.300
1666057308.417,-80.566,-436.523,14.648,-75.195,863.304
1666057308.421,69.336,667.969,19.043,44.434,863.308
1666057308.425,47.852,467.285,11.230,12.695,863.311
1666057308.429,-100.586,-485.840,3.906,-104.492,863.315
1666057308.418,-104.980,-361.816,3.906,-97.168,863.304
1666057308.422,34.668,528.809,21.484,25.879,863.308
1666057308.426,64.941,376.953,20.020,32.715,863.312
1666057308.430,-77.148,-516.113,16.113,-88.379,863.316
1666057308.434,-129.395,-369.629,22.949,-119.141,863.320
1666057308.438,-4.395,-8.789,12.207,-11.230,863.324
1666057308.442,71.289,-1.465,1.953,49.316,863.328
1666057308.445,-44.922,-200.684,-3.906,-60.059,863.332
1666057308.449,-139.648,-289.551,0.000,-139.160,863.336
1666057308.453,-46.875,146.484,10.254,-50.781,863.339
1666057308.457,71.777,98.145,1.953,54.688,863.343
1666057308.461,-7.324,-454.102,0.977,-11.719,863.347
1666057308.462,-135.742,-234.375,14.648,-123.535,863.351
1666057308.466,-81.055,-166.992,17.578,-74.707,863.355
1666057308.470,63.965,-169.922,14.648,54.688,863.359
1666057308.474,40.039,-50.293,5.371,21.484,863.363
1666057308.478,-113.281,-101.562,0.000,-106.445,863.367
1666057308.482,-125.488,-355.469,7.324,-99.609,863.371
1666057308.486,11.230,-713.379,9.277,25.391,863.375
1666057308.489,50.781,-587.891,13.184,43.945,863.378
1666057308.493,-74.219,3.906,8.301,-79.590,863.382
1666057308.497,-137.695,-266.113,1.953,-111.816,863.386
1666057308.501,-24.902,-145.508,6.348,-8.301,863.390
1666057308.505,71.777,570.312,6.836,46.875,863.394
1666057308.507,-34.180,460.938,6.348,-57.129,863.405
1666057308.511,-148.926,-359.863,-1.953,-132.812,863.409
1666057308.515,-68.359,-330.078,8.789,-46.387,863.412
1666057308.519,62.012,568.848,22.461,53.711,863.416
1666057308.523,-2.441,400.879,12.695,-19.043,863.420
1666057308.527,-138.672,-601.562,-1.465,-120.605,863.424
1666057308.531,-114.258,-977.539,6.836,-78.613,863.428
1666057308.534,34.668,88.867,31.738,30.273,863.432
1666057308.538,39.551,717.285,20.508,14.648,863.436
1666057308.542,-111.816,-277.832,7.324,-103.516,863.440
1666057308.546,-148.926,-550.293,16.602,-116.211,863.444
1666057308.550,-6.836,367.188,19.043,-2.441,863.448
1666057308.566,52.246,705.078,3.418,30.762,863.452
1666057308.570,-90.332,14.160,-1.465,-82.031,863.456
1666057308.574,-166.504,-659.180,0.488,-130.859,863.460
1666057308.578,-48.828,-163.574,-0.488,-26.855,863.463
1666057308.582,57.129,600.586,-4.395,41.504,863.467
1666057308.586,-39.062,-256.348,-24.414,-53.223,863.471
1666057308.590,-159.180,-1000.000,-23.438,-141.113,863.475
1666057308.593,-85.449,-387.695,0.488,-76.172,863.479
1666057308.597,52.246,371.094,-0.488,23.926,863.483
1666057308.601,4.395,-14.160,-4.395,-32.227,863.487
1666057308.605,-138.672,-432.617,-1.953,-137.207,863.491
1666057308.609,-122.559,-71.289,-3.906,-107.910,863.495
1666057308.614,29.785,284.180,-1.465,14.648,863.503
1666057308.618,48.340,354.004,-10.742,11.719,863.507
1666057308.622,-95.215,75.684,-11.719,-112.793,863.511
1666057308.626,-133.301,-166.992,-9.277,-115.234,863.515
1666057308.630,-1.953,-41.992,-28.320,3.418,863.519
1666057308.634,62.500,52.734,-35.156,42.969,863.522
1666057308.638,-59.082,-141.113,-29.785,-70.801,863.526
1666057308.641,-144.043,-184.082,-24.902,-132.324,863.530
1666057308.645,-51.270,-398.438,-29.785,-29.785,863.534
1666057308.649,61.035,-592.773,-22.949,60.059,863.538
1666057308.653,-17.090,-31.738,-18.066,-31.250,863.542
1666057308.657,-146.484,-103.027,-32.715,-126.465,863.546
1666057308.656,-97.168,-469.727,-24.902,-65.430,863.543
1666057308.660,41.016,145.020,-13.672,36.621,863.546
1666057308.664,13.672,329.590,-26.367,-1.465,863.550
1666057308.668,-128.418,-428.711,-38.086,-113.770,863.554
1666057308.672,-127.441,-649.414,-31.250,-104.492,863.558
1666057308.676,20.996,-182.617,-19.043,21.973,863.562
1666057308.680,54.688,221.191,-9.766,33.691,863.566
1666057308.683,-75.684,-24.414,-19.043,-92.773,863.570
1666057308.687,-135.742,-814.453,-40.527,-118.652,863.574
1666057308.691,-27.344,-886.719,-27.344,-8.301,863.578
1666057308.695,62.500,303.223,-19.043,38.086,863.582
1666057308.699,-41.992,205.566,-39.551,-71.289,863.585
1666057308.701,-136.230,-627.441,-33.203,-138.184,863.588
1666057308.705,-39.062,-89.844,-22.949,-40.527,863.592
1666057308.709,81.543,752.930,-20.020,46.387,863.596
1666057308.713,-6.836,217.285,-21.973,-35.156,863.600
1666057308.717,-141.602,-727.539,-21.484,-133.789,863.604
1666057308.721,-95.703,-551.270,-7.812,-83.008,863.607
1666057308.725,43.945,270.508,-2.441,31.738,863.611
1666057308.728,20.508,107.422,-30.273,-1.465,863.615
1666057308.732,-120.605,-812.012,-41.016,-112.305,863.619
1666057308.736,-125.488,-330.566,-14.160,-102.539,863.623
1666057308.740,14.160,381.348,-6.348,17.578,863.627
1666057308.744,64.453,418.457,-5.371,48.340,863.631
1666057308.762,-64.941,63.965,-0.977,-74.707,863.648
1666057308.766,-133.789,-187.012,-0.977,-122.070,863.652
1666057308.770,-20.508,0.488,-4.883,-19.531,863.656
1666057308.774,65.430,-265.625,-17.090,42.480,863.660
1666057308.778,-46.875,-713.867,-12.207,-51.758,863.664
1666057308.782,-153.809,-520.508,-2.441,-128.418,863.668
1666057308.786,-78.613,-339.844,-4.395,-59.082,863.672
1666057308.789,49.316,-274.414,4.395,39.062,863.676
1666057308.793,-5.859,-121.094,13.184,-21.484,863.680
1666057308.797,-133.301,54.688,13.672,-129.883,863.683
1666057308.801,-106.445,-184.082,8.789,-86.914,863.687
1666057308.805,30.273,150.391,10.254,31.738,863.691
1666057308.792,23.926,516.113,10.254,13.184,863.692
1666057308.796,-113.281,161.621,5.859,-107.910,863.696
1666057308.800,-130.371,-360.840,11.230,-111.816,863.700
1666057308.804,4.395,-20.996,25.391,8.789,863.704
1666057308.808,66.406,565.918,19.043,49.805,863.707
1666057308.812,-57.617,-68.359,0.977,-65.430,863.711
1666057308.816,-139.648,-801.270,0.488,-125.000,863.715
1666057308.819,-39.551,-364.746,14.648,-18.555,863.719
1666057308.823,71.777,547.363,18.555,61.523,863.723
1666057308.827,-24.414,398.438,-5.859,-32.715,863.727
1666057308.831,-149.414,-565.430,-20.508,-118.164,863.731
1666057308.835,-85.449,-970.215,3.906,-39.062,863.735
1666057308.836,52.734,162.109,19.043,64.453,863.736
1666057308.840,6.836,470.703,-0.488,-1.465,863.740
1666057308.844,-140.625,-673.340,-7.324,-118.652,863.744
1666057308.848,-118.652,-600.586,-0.488,-93.750,863.748
1666057308.852,35.156,380.371,1.465,20.508,863.752
1666057308.856,47.363,372.070,-5.371,19.043,863.756
1666057308.860,-99.121,-591.797,-7.812,-97.168,863.760
1666057308.863,-138.184,-874.023,1.465,-115.234,863.763
1666057308.867,-2.441,37.109,16.113,-10.742,863.767
1666057308.871,69.336,555.664,4.883,30.762,863.771
1666057308.875,-55.664,-368.652,-8.789,-72.754,863.775
1666057308.879,-145.996,-638.184,3.418,-128.906,863.779
1666057308.883,-33.691,171.387,6.836,-28.809,863.780
1666057308.887,88.867,467.773,6.348,65.918,863.784
1666057308.891,1.465,140.625,-0.977,-9.277,863.788
1666057308.895,-121.094,-145.508,1.953,-111.328,863.792
1666057308.899,-68.359,-29.297,8.789,-66.895,863.796
1666057308.903,65.918,-48.828,-1.953,51.270,863.800
1666057308.907,33.203,-202.637,0.977,13.672,863.804
1666057308.910,-107.422,-156.250,-0.488,-117.676,863.808
1666057308.914,-111.328,-103.516,-10.254,-101.074,863.812
1666057308.918,29.297,-66.895,-4.883,24.902,863.816
1666057308.922,50.293,-123.535,-2.930,32.227,863.820
1666057308.926,-95.215,-90.332,-1.465,-88.867,863.823
1666057308.956,-130.371,-200.684,3.906,-113.770,863.843
1666057308.960,-9.277,-244.629,7.324,-4.883,863.847
1666057308.964,61.523,-104.004,2.441,43.457,863.851
1666057308.968,-44.922,-63.965,1.953,-60.547,863.855
1666057308.972,-135.742,-191.406,7.324,-129.395,863.859
1666057308.976,-51.270,-788.086,2.930,-43.945,863.863
1666057308.980,69.336,-541.504,13.672,53.711,863.866
1666057308.983,-1.953,311.523,11.719,-29.785,863.870
1666057308.987,-137.207,-221.191,-6.836,-129.883,863.874
1666057308.991,-94.238,-473.633,-3.906,-77.148,863.878
1666057308.995,41.016,362.793,7.812,32.227,863.882
1666057308.999,29.297,708.496,3.418,8.301,863.886
1666057308.986,-101.074,-118.652,-13.672,-115.234,863.872
1666057308.990,-113.770,-596.680,-6.348,-115.723,863.876
1666057308.994,24.902,177.734,21.484,14.648,863.880
1666057308.998,76.172,744.629,11.230,27.344,863.884
1666057309.002,-66.406,-114.258,-17.578,-101.074,863.888
1666057309.006,-137.695,-968.262,-9.277,-140.625,863.892
1666057309.010,-14.160,-381.348,11.719,-31.738,863.896
1666057309.013,76.660,511.719,9.766,45.410,863.899
1666057309.017,-39.551,-106.445,-18.555,-57.129,863.903
1666057309.021,-141.602,-879.395,-23.438,-136.719,863.907
1666057309.025,-41.016,-146.484,5.859,-44.434,863.911
1666057309.029,73.730,610.352,14.160,46.875,863.915
1666057309.031,-12.695,-98.145,-2.930,-31.738,863.918
1666057309.035,-151.855,-899.414,-7.324,-133.789,863.922
1666057309.039,-122.559,-503.418,-1.465,-96.680,863.926
1666057309.043,25.391,91.797,-1.953,19.531,863.930
1666057309.047,25.879,-209.473,-1.465,12.695,863.934
1666057309.051,-109.863,-999.512,0.977,-94.238,863.938
1666057309.055,-123.535,-473.145,16.602,-93.750,863.941
1666057309.058,6.348,307.617,16.113,24.414,863.945
1666057309.062,54.199,-56.641,2.441,54.199,863.949
1666057309.066,-77.637,-349.609,0.977,-72.754,863.953
1666057309.070,-150.391,-22.949,-0.977,-131.836,863.957
1666057309.074,-41.504,28.809,5.859,-16.113,863.961
1666057309.076,60.059,315.918,10.742,70.312,863.962
1666057309.080,-22.949,327.148,7.812,-27.344,863.966
1666057309.084,-136.230,-88.379,5.859,-118.652,863.970
1666057309.088,-70.801,-227.051,2.441,-44.922,863.974
1666057309.092,69.824,236.816,-3.418,60.547,863.978
1666057309.096,29.297,200.195,-17.578,0.488,863.982
1666057309.100,-114.746,-416.504,-19.043,-118.164,863.986
1666057309.103,-109.863,-781.738,-18.066,-83.984,863.990
1666057309.107,24.902,-786.133,-5.371,44.922,863.994
1666057309.111,37.109,110.840,11.230,25.391,863.998
1666057309.115,-93.750,139.648,-4.395,-97.656,864.001
1666057309.119,-127.441,-449.219,-4.395,-102.539,864.005
1666057309.121,7.812,91.309,14.160,14.648,864.007
1666057309.125,70.312,718.262,4.883,58.594,864.011
1666057309.129,-63.477,25.879,-16.113,-55.664,864.015
1666057309.133,-149.414,-836.914,-11.230,-115.234,864.019
1666057309.137,-47.363,-335.449,0.488,-29.785,864.023
1666057309.141,60.547,346.680,-9.277,30.273,864.027
1666057309.145,-30.273,-7.324,-20.508,-57.617,864.030
1666057309.148,-149.414,-730.469,-10.742,-141.113,864.034
1666057309.152,-94.238,-630.859,8.301,-80.566,864.038
1666057309.156,45.898,349.121,9.277,25.391,864.042
1666057309.160,17.578,395.996,-11.719,-9.766,864.046
1666057309.164,-133.301,-485.352,-23.438,-121.094,864.050
1666057309.181,-134.277,-379.395,-9.766,-101.562,864.067
1666057309.185,16.113,447.266,0.000,24.414,864.071
1666057309.189,45.898,458.984,-8.789,31.250,864.075
1666057309.193,-84.473,-157.227,-18.555,-97.168,864.079
1666057309.197,-130.859,-303.223,-12.207,-113.281,864.083
1666057309.201,-17.578,-52.246,-9.766,-5.859,864.087
1666057309.205,60.547,-83.008,-17.090,42.969,864.091
1666057309.208,-45.410,-612.793,-13.672,-41.016,864.095
1666057309.212,-137.695,-433.105,0.977,-114.746,864.099
1666057309.216,-45.410,82.031,-0.977,-38.086,864.103
1666057309.220,62.988,276.855,-7.324,44.434,864.106
1666057309.224,-16.602,-125.977,-2.930,-33.691,864.110
1666057309.227,-110.352,-142.090,-15.137,-123.535,864.112
1666057309.231,-125.488,-419.922,-14.160,-108.887,864.116
1666057309.235,24.902,-227.051,-4.883,4.883,864.120
1666057309.238,69.336,424.316,-2.930,23.926,864.124
1666057309.242,-82.031,211.426,-6.348,-88.867,864.128
1666057309.246,-142.578,-305.664,-5.859,-119.141,864.132
1666057309.250,-16.113,-628.906,0.977,-2.441,864.136
1666057309.254,74.219,46.875,12.695,62.500,864.140
1666057309.258,-34.668,448.730,0.000,-44.434,864.154
1666057309.262,-141.113,-431.641,-4.395,-110.840,864.158
1666057309.266,-55.664,-477.539,17.090,-22.949,864.162
1666057309.270,72.754,534.668,17.578,54.688,864.166
1666057309.274,10.742,563.477,-6.836,-25.391,864.169
1666057309.278,-118.652,-504.395,-23.438,-123.047,864.173
1666057309.282,-104.492,-920.410,-14.160,-83.008,864.177
1666057309.285,37.598,180.176,5.859,40.039,864.181
1666057309.289,37.598,702.637,-13.672,15.625,864.185
1666057309.293,-108.887,-145.996,-23.438,-114.258,864.189
1666057309.297,-124.512,-416.016,-3.418,-104.004,864.193
1666057309.301,10.254,291.504,0.488,8.301,864.197
1666057309.316,61.523,626.953,-13.184,35.645,864.202
1666057309.320,-76.660,-4.395,-23.926,-78.613,864.206
1666057309.324,-151.855,-641.602,-20.508,-126.953,864.210
1666057309.328,-32.715,-195.312,-7.324,-14.648,864.213
1666057309.332,71.289,435.547,-6.348,62.012,864.217
1666057309.336,-35.645,-372.070,-22.949,-26.367,864.221
1666057309.340,-154.785,-1000.000,-11.230,-109.375,864.225
1666057309.343,-88.379,-237.793,2.930,-49.805,864.229
1666057309.347,53.711,430.176,-10.742,57.617,864.233
1666057309.351,17.578,140.625,-15.625,6.348,864.237
1666057309.355,-119.629,-147.461,-15.625,-116.211,864.241
1666057309.359,-109.375,-27.832,-13.672,-95.703,864.245
1666057309.363,26.367,297.852,-9.766,26.855,864.250
1666057309.367,44.922,317.383,-9.277,25.879,864.254
1666057309.371,-96.191,0.488,-12.695,-91.797,864.258
1666057309.375,-132.324,-180.664,-15.137,-106.445,864.262
1666057309.379,5.371,-8.789,-3.906,4.883,864.266
1666057309.383,62.988,60.059,-6.836,37.109,864.269
1666057309.387,-57.129,-177.734,-10.742,-72.266,864.273
1666057309.390,-138.672,-477.051,-12.207,-129.395,864.277
1666057309.394,-43.945,-630.371,-20.508,-33.203,864.281
1666057309.398,66.406,-644.531,-10.742,61.035,864.285
1666057309.402,-18.555,-105.957,-9.277,-33.691,864.289
1666057309.406,-134.277,-161.621,-11.719,-132.324,864.293
1666057309.407,-85.938,-341.797,3.906,-78.613,864.293
1666057309.411,54.199,339.844,4.883,24.902,864.296
1666057309.415,23.438,333.496,-7.812,-17.578,864.300
1666057309.419,-121.582,-455.566,-15.137,-128.418,864.304
1666057309.423,-117.676,-727.539,-5.859,-104.980,864.308
1666057309.427,24.902,-243.164,1.465,16.602,864.312
1666057309.431,55.176,188.965,1.465,32.227,864.316
1666057309.434,-83.008,-66.406,-7.324,-95.215,864.320
1666057309.438,-145.996,-821.777,-17.578,-125.000,864.324
1666057309.442,-34.668,-775.879,7.324,-6.348,864.328
1666057309.446,57.129,388.672,9.766,40.527,864.332
1666057309.450,-45.410,213.379,-21.484,-70.312,864.335
1666057309.451,-139.648,-616.699,-13.184,-140.137,864.337
1666057309.455,-47.852,-67.383,5.371,-50.781,864.341
1666057309.459,80.566,713.867,-2.930,40.039,864.345
1666057309.463,2.930,296.387,-21.973,-42.480,864.349
1666057309.467,-138.672,-369.141,-29.785,-141.113,864.353
1666057309.471,-96.191,-289.551,-19.531,-90.820,864.357
1666057309.475,44.434,185.547,-5.859,20.020,864.361
1666057309.478,26.367,-70.801,-18.066,-10.742,864.365
1666057309.482,-110.840,-779.297,-19.531,-120.605,864.368
1666057309.486,-115.234,-307.129,2.930,-113.281,864.372
1666057309.490,26.367,413.086,1.465,0.488,864.376
1666057309.494,56.152,416.016,-10.254,22.461,864.380
1666057309.497,-82.520,-249.023,-14.160,-94.238,864.386
1666057309.501,-142.578,-404.785,-24.414,-129.395,864.390
1666057309.505,-25.879,58.594,-26.367,-21.973,864.394
1666057309.509,50.781,-229.492,-24.414,38.574,864.398
1666057309.513,-63.965,-722.168,-22.949,-61.523,864.402
1666057309.517,-154.297,-537.598,-15.625,-138.184,864.406
1666057309.521,-71.777,-255.371,-13.672,-51.758,864.410
1666057309.524,51.758,-216.797,-12.695,52.246,864.414
1666057309.528,-11.719,-192.871,-11.719,-20.508,864.418
1666057309.532,-141.602,8.301,-12.207,-130.859,864.422
1666057309.536,-112.793,-212.402,-17.578,-94.727,864.426
1666057309.540,31.738,156.738,-14.648,24.414,864.429
1666057309.542,28.320,579.102,-6.836,10.742,864.429
1666057309.546,-120.605,166.504,-21.973,-114.258,864.433
1666057309.550,-147.461,-441.406,-34.180,-122.559,864.437
1666057309.554,-7.812,-123.535,-22.949,-5.371,864.441
1666057309.558,49.316,600.586,-18.066,20.020,864.445
1666057309.562,-72.754,44.922,-24.414,-96.191,864.449
1666057309.566,-138.184,-787.598,-25.391,-139.648,864.453
1666057309.569,-28.809,-906.250,-13.672,-31.738,864.457
1666057309.573,72.266,130.859,2.441,32.715,864.461
1666057309.577,-33.691,459.961,2.441,-71.777,864.464
1666057309.581,-144.043,-351.562,-2.441,-145.020,864.468
1666057309.585,-76.172,-229.492,0.000,-74.707,864.472
1666057309.602,61.035,604.004,7.812,20.508,864.488
1666057309.606,11.719,610.352,-9.277,-40.039,864.492
1666057309.610,-135.254,-423.828,-18.555,-152.344,864.496
1666057309.614,-114.258,-494.629,-6.348,-119.629,864.500
1666057309.618,31.250,371.094,-4.395,9.766,864.504
1666057309.622,41.992,336.426,-6.836,10.254,864.508
1666057309.626,-108.398,-605.469,-18.555,-103.516,864.511
1666057309.629,-144.531,-996.582,0.977,-107.422,864.515
1666057309.633,0.000,66.406,21.973,4.883,864.519
1666057309.637,62.500,595.215,-1.465,37.109,864.523
1666057309.641,-72.266,-65.918,-11.719,-73.730,864.527
1666057309.645,-148.926,-388.672,-2.930,-125.000,864.531
1666057309.633,-44.434,112.305,0.488,-43.457,864.549
1666057309.637,69.824,449.707,-8.301,39.551,864.553
1666057309.641,-11.230,35.156,-10.742,-33.203,864.557
1666057309.645,-129.883,-271.973,2.930,-121.582,864.561
1666057309.649,-77.148,-48.828,10.742,-59.082,864.565
1666057309.653,57.129,35.645,2.441,48.828,864.568
1666057309.657,24.902,-159.668,-10.254,0.977,864.572
1666057309.660,-121.094,-281.738,-18.555,-120.605,864.576
1666057309.664,-116.211,-422.363,-12.695,-101.074,864.580
1666057309.668,30.273,-344.238,-10.742,25.879,864.584
1666057309.672,55.664,-589.844,0.977,36.133,864.588
1666057309.676,-80.566,-359.375,10.742,-82.520,864.592
1666057309.721,-131.348,-220.215,4.395,-100.586,864.607
1666057309.725,-10.254,-14.160,0.977,4.883,864.611
1666057309.729,64.941,258.301,-5.859,47.363,864.615
1666057309.733,-55.176,13.184,-10.742,-61.035,864.619
1666057309.737,-146.973,-145.508,-4.883,-123.535,864.623
1666057309.741,-59.570,-755.859,-4.883,-18.555,864.626
1666057309.745,51.270,-561.035,-6.348,69.336,864.630
1666057309.748,-15.625,377.930,-8.301,-16.602,864.634
1666057309.752,-136.230,-130.371,-21.484,-113.281,864.638
1666057309.756,-88.379,-416.504,-9.766,-64.941,864.642
1666057309.760,50.293,205.566,0.000,47.852,864.646
1666057309.764,29.297,439.453,-5.371,21.973,864.650
1666057309.726,-90.820,-129.883,-7.324,-86.426,864.621
1666057309.730,-103.516,-682.617,-2.930,-80.566,864.625
1666057309.734,20.996,77.148,4.395,27.344,864.628
1666057309.738,68.359,707.031,1.953,43.945,864.632
1666057309.742,-67.871,17.578,-10.742,-66.895,864.636
1666057309.746,-135.742,-750.488,-24.414,-99.609,864.640
1666057309.750,-20.508,-216.797,-15.625,-13.672,864.644
1666057309.753,71.289,597.656,-19.531,37.109,864.648
1666057309.757,-35.645,-48.340,-30.273,-50.293,864.652
1666057309.761,-138.184,-629.395,-14.648,-126.953,864.656
1666057309.765,-56.641,16.113,-3.906,-54.688,864.660
1666057309.769,59.570,626.953,-8.301,38.574,864.664
1666057309.796,-5.859,48.340,-18.555,-23.438,864.682
1666057309.800,-130.371,-754.883,-18.066,-120.117,864.686
1666057309.804,-93.262,-574.707,-7.812,-83.984,864.690
1666057309.808,51.758,109.863,-8.789,25.391,864.694
1666057309.812,41.992,-141.113,-27.344,13.184,864.698
1666057309.816,-106.445,-1000.000,-25.391,-101.074,864.702
1666057309.820,-133.301,-727.051,-2.441,-118.164,864.705
1666057309.823,5.371,238.770,-3.906,-13.184,864.709
1666057309.827,51.270,119.629,-13.672,11.719,864.713
1666057309.831,-91.309,-218.262,-17.090,-101.074,864.717
1666057309.835,-139.648,-115.723,-13.184,-127.930,864.721
1666057309.839,-12.695,24.902,-8.301,-7.324,864.725
1666057309.825,72.266,382.324,-9.277,53.223,864.712
1666057309.829,-25.879,351.562,-9.766,-47.363,864.715
1666057309.833,-130.859,-75.195,-15.137,-116.699,864.719
1666057309.837,-72.266,-316.895,-14.160,-44.922,864.723
1666057309.841,54.688,104.004,-13.184,47.363,864.727
1666057309.845,13.184,270.508,-17.578,-4.395,864.731
1666057309.849,-122.070,-400.879,-15.137,-117.676,864.735
1666057309.852,-105.469,-769.531,-9.766,-89.844,864.739
1666057309.856,42.480,-99.609,-8.301,25.391,864.743
1666057309.860,42.480,610.352,-20.020,9.766,864.747
1666057309.864,-102.539,188.965,-24.902,-114.258,864.751
1666057309.868,-132.324,-685.547,-28.809,-120.605,864.755
1666057309.885,0.000,-641.113,-21.973,2.441,864.771
1666057309.889,71.777,448.242,-16.113,38.086,864.775
1666057309.893,-54.199,54.199,-30.762,-77.148,864.779
1666057309.897,-148.438,-836.914,-28.320,-134.277,864.783
1666057309.901,-42.969,-339.844,-18.066,-36.621,864.787
1666057309.905,81.543,341.797,-21.484,51.270,864.791
1666057309.909,-11.719,62.012,-24.414,-30.762,864.794
1666057309.912,-141.113,-789.062,-20.020,-125.977,864.798
1666057309.916,-85.938,-688.965,-5.371,-63.477,864.802
1666057309.920,59.570,598.145,-0.488,46.387,864.806
1666057309.924,30.273,522.949,-14.648,8.789,864.810
1666057309.928,-113.770,-286.133,-15.137,-108.887,864.814
1666057309.916,-119.629,-162.109,-6.836,-85.938,864.802
1666057309.920,24.902,517.090,-1.953,29.297,864.806
1666057309.924,50.781,516.602,-13.672,30.273,864.810
1666057309.928,-91.797,-162.109,-23.438,-91.309,864.814
1666057309.932,-132.324,-227.539,-19.043,-109.863,864.818
1666057309.936,-8.301,14.648,-14.648,11.230,864.822
1666057309.940,66.895,147.949,-14.648,58.105,864.826
1666057309.943,-46.387,21.484,-18.066,-49.805,864.830
1666057309.947,-139.160,-352.539,-16.113,-123.535,864.833
1666057309.951,-52.734,-229.004,-14.648,-42.480,864.837
1666057309.955,66.895,-111.816,-25.879,59.570,864.841
1666057309.959,-12.207,-714.844,-23.438,-4.883,864.845
1666057309.960,-140.625,-514.160,-11.719,-112.305,864.859
1666057309.964,-90.820,-56.641,-13.184,-63.965,864.863
1666057309.968,56.152,106.445,-10.254,51.758,864.867
1666057309.972,37.598,227.051,-17.090,15.625,864.871
1666057309.976,-111.328,-32.715,-19.531,-101.562,864.875
1666057309.980,-113.281,-389.648,-11.230,-86.426,864.879
1666057309.984,27.832,-686.523,-18.066,40.039,864.883
1666057309.987,59.082,-526.367,-13.672,43.945,864.887
1666057309.991,-81.543,53.711,-15.625,-89.355,864.891
1666057309.995,-145.996,-250.488,-25.879,-118.652,864.894
1666057309.999,-21.484,-105.469,-17.090,-11.230,864.898
1666057310.003,67.383,341.797,-23.926,47.852,864.902
1666057310.009,-41.016,188.965,-27.832,-53.711,864.895
1666057310.013,-135.254,-399.414,-30.273,-123.535,864.899
1666057310.017,-48.828,-588.867,-24.414,-44.434,864.903
1666057310.021,82.520,380.371,-4.883,53.711,864.907
1666057310.025,15.137,512.695,-15.137,-7.324,864.911
1666057310.029,-123.535,-558.105,-34.668,-110.352,864.915
1666057310.033,-96.680,-745.605,-23.926,-62.500,864.919
1666057310.036,43.945,353.516,-14.160,41.016,864.923
1666057310.040,37.109,641.602,-34.668,17.090,864.926
1666057310.044,-116.699,-247.070,-45.410,-101.562,864.930
1666057310.048,-133.301,-571.289,-36.621,-109.863,864.934
1666057310.052,13.184,152.344,-27.344,13.672,864.938
1666057310.066,66.406,611.816,-36.133,38.086,864.952
1666057310.070,-73.242,-65.430,-49.805,-87.402,864.956
1666057310.074,-141.602,-755.859,-48.340,-133.789,864.960
1666057310.078,-20.508,-340.820,-37.109,-26.367,864.964
1666057310.082,79.102,431.641,-33.203,45.898,864.968
1666057310.086,-27.344,-255.371,-49.805,-46.875,864.972
1666057310.090,-146.484,-1000.000,-51.270,-120.117,864.976
1666057310.093,-74.707,-283.203,-41.016,-52.734,864.979
1666057310.097,63.477,530.273,-50.293,39.551,864.983
1666057310.101,11.230,330.566,-50.781,-17.090,864.987
1666057310.105,-132.812,-83.496,-50.781,-122.559,864.991
1666057310.109,-98.145,-60.059,-49.805,-86.914,864.995
1666057310.112,41.992,271.973,-58.105,27.344,864.998
1666057310.116,41.016,311.523,-66.895,20.020,865.002
1666057310.120,-94.727,36.621,-66.406,-99.609,865.006
1666057310.124,-130.371,-173.340,-69.336,-111.328,865.009
1666057310.128,-6.836,-21.484,-66.895,-1.465,865.013
1666057310.132,54.688,91.797,-66.895,32.715,865.017
1666057310.136,-66.406,-258.301,-72.266,-75.684,865.021
1666057310.139,-148.926,-333.496,-71.777,-134.766,865.025
1666057310.143,-41.016,-388.184,-74.707,-32.227,865.029
1666057310.147,62.500,-685.547,-76.172,52.734,865.033
1666057310.151,-27.832,-124.512,-78.613,-36.133,865.037
1666057310.155,-142.578,-101.562,-86.914,-128.906,865.041
1666057310.155,-81.543,-308.105,-83.984,-66.895,865.040
1666057310.159,53.711,325.684,-86.914,36.621,865.044
1666057310.163,16.602,333.496,-100.098,-9.277,865.048
1666057310.167,-120.117,-432.129,-105.469,-122.559,865.052
1666057310.171,-104.492,-692.383,-99.121,-92.285,865.056
1666057310.175,41.992,-174.805,-97.168,26.367,865.060
1666057310.179,56.641,272.949,-118.164,20.020,865.064
1666057310.182,-93.262,-163.086,-128.906,-100.586,865.068
1666057310.186,-145.020,-861.816,-135.254,-129.883,865.072
1666057310.190,-16.113,-898.438,-125.977,-14.160,865.076
1666057310.194,70.312,235.352,-113.281,34.668,865.079
1666057310.198,-47.852,226.562,-128.418,-72.754,865.083
1666057310.200,-142.578,-447.266,-122.559,-130.371,865.085
1666057310.204,-33.691,83.496,-114.746,-41.016,865.089
1666057310.208,82.520,742.676,-122.070,43.945,865.093
1666057310.212,-5.859,293.457,-135.254,-35.645,865.097
1666057310.216,-125.488,-458.984,-142.578,-135.254,865.101
1666057310.220,-71.289,-387.207,-143.555,-81.543,865.105
1666057310.224,62.012,189.453,-146.973,29.785,865.109
1666057310.227,25.879,-67.383,-160.156,-3.418,865.113
1666057310.231,-123.047,-830.078,-162.109,-117.188,865.117
1666057310.235,-124.512,-476.074,-147.949,-102.539,865.120
1666057310.239,25.391,126.465,-143.555,22.461,865.124
1666057310.243,62.500,58.594,-148.926,34.668,865.128
1666057310.245,-84.473,-289.062,-147.461,-89.844,865.159
1666057310.249,-134.277,-135.254,-150.391,-118.652,865.163
1666057310.253,-9.766,82.031,-161.133,-4.395,865.167
1666057310.257,72.266,-61.035,-167.969,49.805,865.171
1666057310.261,-25.391,-294.922,-169.922,-55.664,865.175
1666057310.265,-120.117,-424.805,-172.363,-129.395,865.179
1666057310.269,-33.691,-313.965,-167.969,-43.457,865.183
1666057310.272,80.566,-253.906,-166.016,66.895,865.186
1666057310.276,7.812,-216.309,-175.293,2.441,865.190
1666057310.280,-111.328,11.230,-173.828,-103.027,865.194
1666057310.284,-71.777,-168.945,-169.922,-53.223,865.198
1666057310.288,71.777,197.754,-179.199,64.453,865.202
1666057310.292,57.617,330.566,-191.895,40.527,865.189
1666057310.296,-85.449,-51.758,-203.125,-74.219,865.193
1666057310.300,-91.797,-399.414,-205.566,-68.848,865.197
1666057310.304,23.926,-355.957,-198.730,27.344,865.201
1666057310.308,52.246,382.324,-199.707,32.715,865.205
1666057310.312,-67.383,16.602,-211.914,-84.961,865.208
1666057310.316,-137.695,-848.633,-218.750,-126.953,865.212
1666057310.319,-28.809,-683.105,-214.355,-14.648,865.216
1666057310.323,73.730,418.457,-208.496,51.758,865.220
1666057310.327,-25.391,432.617,-215.332,-41.016,865.224
1666057310.331,-141.113,-541.504,-223.145,-113.281,865.228
1666057310.335,-66.406,-378.906,-215.332,-42.969,865.232
1666057310.336,74.219,603.027,-208.984,57.129,865.252
1666057310.340,23.926,562.500,-215.820,-1.465,865.256
1666057310.344,-116.211,-537.598,-224.121,-103.027,865.260
1666057310.348,-99.121,-896.973,-208.008,-59.082,865.263
1666057310.352,43.945,70.312,-205.566,57.129,865.267
1666057310.356,59.570,322.754,-221.191,42.969,865.271
1666057310.360,-81.543,-620.605,-231.934,-68.359,865.275
1666057310.363,-102.539,-875.977,-222.168,-67.383,865.279
1666057310.367,38.574,261.719,-209.961,34.180,865.283
1666057310.371,90.332,676.758,-233.887,62.500,865.287
1666057310.375,-32.715,-21.484,-242.188,-38.086,865.291
1666057310.379,-111.816,-266.602,-240.723,-81.055,865.295
1666057310.398,-10.742,211.426,-241.699,8.789,865.285
1666057310.402,96.191,527.832,-246.582,83.496,865.288
1666057310.406,6.836,129.395,-255.371,-1.465,865.292
1666057310.410,-105.957,-178.223,-247.070,-97.168,865.296
1666057310.414,-50.781,-19.043,-237.793,-34.180,865.300
1666057310.418,81.543,39.551,-246.582,83.008,865.304
1666057310.422,53.223,-354.492,-256.836,38.574,865.308
1666057310.425,-83.984,-485.352,-245.117,-86.914,865.312
1666057310.429,-77.148,-173.340,-239.258,-72.754,865.316
1666057310.433,57.617,-56.152,-245.117,55.664,865.320
1666057310.437,67.383,91.309,-245.605,62.988,865.324
1666057310.441,-69.336,45.410,-250.000,-62.500,865.327
1666057310.441,-107.422,-163.574,-245.117,-76.660,865.328
1666057310.445,15.625,-426.758,-238.281,46.387,865.331
1666057310.449,83.984,-557.129,-238.770,85.449,865.335
1666057310.453,-24.902,-162.598,-244.629,-26.855,865.339
1666057310.457,-111.328,-283.691,-252.441,-88.867,865.343
1666057310.461,-19.531,-475.586,-247.070,10.742,865.347
1666057310.465,105.957,107.910,-233.398,106.445,865.351
1666057310.468,29.297,338.379,-240.234,19.043,865.355
1666057310.472,-93.262,-315.918,-252.930,-84.473,865.359
1666057310.476,-43.457,-878.906,-245.605,-14.648,865.363
1666057310.480,93.750,-843.262,-236.328,101.562,865.367
1666057310.484,66.895,48.340,-238.281,49.805,865.371
1666057310.486,-66.406,-104.004,-248.535,-67.871,865.372
1666057310.490,-69.336,-457.520,-247.070,-61.035,865.376
1666057310.494,73.730,363.281,-242.188,54.199,865.380
1666057310.498,108.398,803.223,-257.324,70.312,865.384
1666057310.502,-29.785,8.301,-270.508,-45.898,865.388
1666057310.506,-88.379,-754.883,-257.812,-65.918,865.392
1666057310.510,36.133,-157.227,-237.305,48.340,865.396
1666057310.513,127.930,704.102,-235.352,110.352,865.400
1666057310.517,10.742,-67.383,-256.348,11.230,865.404
1666057310.521,-99.121,-897.949,-262.695,-65.430,865.408
1666057310.525,-6.836,-268.066,-248.047,22.461,865.412
1666057310.529,131.836,419.434,-242.676,123.047,865.415
1666057310.531,59.082,5.859,-248.535,54.199,865.432
1666057310.535,-77.637,-551.270,-255.371,-55.176,865.436
1666057310.539,-36.621,-375.488,-246.582,-6.836,865.440
1666057310.543,108.398,79.590,-244.141,116.211,865.444
1666057310.547,91.797,-67.871,-255.859,84.473,865.447
1666057310.551,-58.594,-842.285,-250.977,-33.203,865.451
1666057310.555,-69.336,-484.863,-238.770,-27.832,865.455
1666057310.558,64.941,287.598,-237.793,80.566,865.459
1666057310.562,105.469,-97.168,-250.977,101.562,865.463
1666057310.566,-13.672,-481.445,-244.141,-3.418,865.467
1666057310.570,-75.195,-107.910,-229.492,-50.293,865.471
1666057310.574,41.992,63.477,-235.352,40.039,865.475
1666057310.577,145.996,332.520,-234.863,105.469,865.467
1666057310.581,29.785,76.660,-229.492,11.719,865.470
1666057310.585,-87.891,-220.215,-231.934,-71.289,865.474
1666057310.589,-5.371,-261.230,-229.492,14.648,865.478
1666057310.593,130.859,-69.336,-224.121,131.836,865.482
1666057310.597,85.449,56.152,-225.098,66.406,865.486
1666057310.601,-51.758,-384.277,-223.633,-52.734,865.490
1666057310.604,-33.691,-741.699,-229.980,-9.766,865.494
1666057310.608,114.258,-270.508,-219.727,115.234,865.498
1666057310.612,112.793,506.836,-215.820,88.379,865.502
1666057310.616,-33.691,130.859,-228.516,-37.109,865.506
1666057310.620,-54.688,-712.402,-226.074,-37.109,865.510
1666057310.621,68.359,-423.828,-210.938,84.961,865.507
1666057310.625,131.348,614.746,-204.590,118.652,865.511
1666057310.629,15.137,45.898,-216.797,8.301,865.515
1666057310.633,-67.871,-885.254,-212.402,-41.016,865.519
1666057310.637,38.086,-482.422,-199.219,50.293,865.523
1666057310.641,141.113,271.484,-205.078,124.512,865.527
1666057310.645,47.852,66.895,-211.914,34.668,865.531
1666057310.648,-76.172,-773.926,-220.215,-55.664,865.535
1666057310.652,-22.949,-689.941,-208.984,13.184,865.539
1666057310.656,124.023,551.270,-204.102,122.070,865.543
1666057310.660,92.773,527.344,-222.656,79.590,865.546
1666057310.664,-61.035,-256.348,-214.355,-40.527,865.550
1666057310.667,-48.340,-192.383,-198.242,-15.625,865.554
1666057310.671,105.957,465.820,-191.895,104.980,865.558
1666057310.675,121.094,464.355,-193.848,105.957,865.562
1666057310.679,-14.160,-173.340,-192.383,-9.766,865.566
1666057310.683,-63.965,-261.230,-178.223,-32.227,865.570
1666057310.687,54.199,-2.441,-167.969,77.148,865.574
1666057310.691,140.625,-56.152,-168.945,126.465,865.578
1666057310.694,17.090,-743.164,-181.152,12.207,865.582
1666057310.698,-81.055,-563.965,-177.246,-64.453,865.586
1666057310.702,20.508,201.660,-168.457,34.180,865.589
1666057310.706,130.859,176.758,-169.434,133.789,865.593
1666057310.710,58.105,-103.027,-161.621,54.199,865.597
1666057310.711,-65.918,-90.820,-163.574,-49.316,865.611
1666057310.715,-15.625,-35.645,-164.062,3.418,865.615
1666057310.719,128.418,114.258,-154.297,116.211,865.619
1666057310.723,91.797,96.680,-161.133,74.707,865.623
1666057310.727,-50.781,-82.520,-165.527,-41.504,865.626
1666057310.731,-50.781,-312.012,-151.855,-20.996,865.630
1666057310.735,87.402,-650.391,-139.160,103.027,865.634
1666057310.738,119.141,-563.477,-130.859,108.398,865.638
1666057310.742,-12.695,-156.738,-132.324,-13.184,865.642
1666057310.746,-70.801,-556.641,-135.742,-25.879,865.646
1666057310.750,45.410,-380.859,-127.441,74.219,865.650
1666057310.754,142.578,426.270,-115.723,116.211,865.654
1666057310.758,28.809,381.836,-117.188,16.113,865.656
1666057310.762,-70.801,-388.672,-117.676,-49.316,865.660
1666057310.766,17.090,-312.988,-106.934,35.645,865.664
1666057310.770,142.578,565.430,-112.793,120.605,865.668
1666057310.774,74.707,503.906,-121.582,46.387,865.672
1666057310.778,-60.547,-581.055,-119.141,-52.246,865.676
1666057310.782,-21.973,-749.512,-93.750,-0.488,865.680
1666057310.785,125.000,342.773,-76.172,112.305,865.684
1666057310.789,119.141,654.297,-95.215,87.891,865.688
1666057310.793,-31.250,-282.715,-101.562,-38.086,865.692
1666057310.797,-42.480,-526.855,-93.262,-30.273,865.695
1666057310.801,94.727,127.930,-95.215,94.727,865.699
1666057310.816,125.000,425.781,-98.145,104.492,865.747
1666057310.820,-1.953,-224.609,-92.285,-4.883,865.751
1666057310.824,-66.406,-892.090,-84.961,-40.527,865.755
1666057310.828,44.434,-250.000,-85.449,53.223,865.758
1666057310.832,140.625,539.062,-89.844,115.234,865.762
1666057310.836,40.527,-256.836,-91.309,20.020,865.766
1666057310.840,-80.078,-949.707,-81.055,-62.012,865.770
1666057310.843,-6.836,-64.941,-66.895,17.578,865.774
1666057310.847,121.582,481.445,-68.848,117.676,865.778
1666057310.851,59.570,174.316,-76.660,45.898,865.782
1666057310.855,-73.730,-187.500,-70.312,-58.105,865.786
1666057310.859,-46.875,-51.758,-63.477,-26.855,865.790
1666057310.865,91.797,325.195,-57.129,89.844,865.756
1666057310.869,103.027,278.809,-49.316,82.520,865.760
1666057310.873,-39.551,-236.816,-45.410,-41.016,865.764
1666057310.877,-72.754,-291.992,-31.738,-46.387,865.768
1666057310.881,58.105,-3.906,-26.855,74.707,865.772
1666057310.885,111.816,-134.766,-41.504,110.840,865.776
1666057310.889,-16.113,-261.230,-48.828,2.930,865.779
1666057310.892,-89.844,-185.547,-45.898,-58.594,865.783
1666057310.896,15.625,-376.465,-46.387,27.344,865.787
1666057310.900,115.234,-256.348,-37.598,97.656,865.791
1666057310.904,20.020,183.105,-37.598,-3.418,865.795
1666057310.908,-104.980,-255.859,-39.551,-92.773,865.799
1666057310.907,-42.969,-679.688,-10.742,-19.043,865.793
1666057310.911,102.539,-81.055,1.953,92.773,865.797
1666057310.915,60.547,290.527,-16.113,37.598,865.801
1666057310.919,-78.613,-464.355,-15.137,-75.684,865.805
1666057310.923,-63.965,-812.988,-8.301,-35.645,865.809
1666057310.927,82.520,-313.477,-9.766,85.938,865.813
1666057310.931,104.492,205.078,-3.418,67.871,865.817
1666057310.934,-44.922,-84.473,1.953,-54.199,865.821
1666057310.938,-99.609,-740.723,-2.441,-64.453,865.825
1666057310.942,23.438,-1000.000,6.348,43.457,865.829
1666057310.946,103.027,-3.906,18.066,80.078,865.833
1666057310.950,-16.113,256.348,9.766,-36.621,865.836
1666057310.953,-113.281,-410.645,11.230,-104.004,865.839
1666057310.957,-8.301,51.758,22.949,2.930,865.843
1666057310.961,114.746,743.652,28.320,108.398,865.847
1666057310.965,31.250,349.121,35.156,31.738,865.851
1666057310.969,-95.215,-396.484,39.551,-75.195,865.855
1666057310.973,-53.711,-399.414,45.410,-35.156,865.859
1666057310.977,80.078,239.258,51.270,79.102,865.863
1666057310.980,59.082,105.469,49.805,45.410,865.867
1666057310.984,-93.262,-954.590,43.945,-76.660,865.871
1666057310.988,-102.539,-521.484,59.082,-67.871,865.875
1666057310.992,46.387,487.305,68.359,52.734,865.879
1666057310.996,79.590,460.449,55.664,55.664,865.882
1666057310.996,-58.594,-6.348,43.945,-65.430,865.882
1666057311.000,-106.445,-106.934,46.387,-77.637,865.886
1666057311.004,10.254,29.297,45.410,26.367,865.890
1666057311.008,89.355,136.230,37.598,73.242,865.894
1666057311.012,-20.020,-18.555,33.203,-27.832,865.898
1666057311.016,-122.070,-488.770,37.598,-106.445,865.902
1666057311.020,-37.109,-247.070,57.129,-26.855,865.906
1666057311.023,79.590,-279.785,43.945,69.824,865.909
1666057311.027,1.953,-740.723,36.133,-1.953,865.913
1666057311.031,-131.836,-399.414,51.270,-109.863,865.917
1666057311.035,-83.496,-387.695,55.176,-71.777,865.921
1666057311.039,57.617,31.250,68.359,33.691,865.925
1666057311.041,41.992,483.887,75.195,8.789,865.927
1666057311.045,-104.004,183.105,70.801,-112.305,865.931
1666057311.049,-138.184,-402.832,61.035,-110.352,865.935
1666057311.053,8.301,-204.590,63.477,21.484,865.939
1666057311.057,67.383,561.523,69.824,50.293,865.943
1666057311.061,-82.520,71.777,70.801,-80.566,865.947
1666057311.065,-161.621,-789.551,66.406,-136.230,865.951
1666057311.068,-38.574,-639.648,71.289,-28.320,865.955
1666057311.072,57.617,457.031,87.402,38.086,865.958
1666057311.076,-54.688,503.418,78.125,-65.430,865.962
1666057311.080,-163.086,-339.355,81.543,-150.879,865.966
1666057311.084,-89.844,-194.336,96.191,-70.312,865.970
1666057311.087,37.109,364.258,93.750,31.250,865.976
1666057311.091,-16.602,245.117,83.984,-41.504,865.980
1666057311.095,-156.738,-598.633,67.383,-134.766,865.984
1666057311.099,-136.230,-768.555,76.660,-93.750,865.988
1666057311.103,17.090,327.148,97.656,9.277,865.992
1666057311.107,16.602,431.641,88.867,-14.160,865.995
1666057311.111,-131.348,-581.055,76.172,-136.719,865.999
1666057311.114,-164.551,-695.312,77.637,-145.020,866.003
1666057311.118,-32.715,330.078,91.797,-32.227,866.007
1666057311.122,26.855,559.570,91.797,14.648,866.011
1666057311.126,-103.027,-47.363,74.219,-94.727,866.015
1666057311.130,-189.453,-278.809,76.660,-159.180,866.019
1666057311.133,-84.473,145.508,89.355,-62.500,866.047
1666057311.137,35.645,458.008,83.984,27.832,866.051
1666057311.141,-59.570,-11.719,63.477,-75.195,866.055
1666057311.145,-180.664,-481.934,72.754,-171.875,866.059
1666057311.149,-113.281,-142.090,86.914,-93.750,866.063
1666057311.153,21.484,88.379,78.613,20.508,866.067
1666057311.157,-25.879,-672.363,68.359,-21.484,866.070
1666057311.160,-170.410,-656.738,68.359,-140.625,866.074
1666057311.164,-162.598,-67.383,73.242,-132.812,866.078
1666057311.168,-16.602,191.406,73.242,-21.973,866.082
1666057311.172,-3.906,405.762,55.176,-26.855,866.086
1666057311.176,-149.414,110.840,46.875,-151.855,866.090
1666057311.192,-193.359,-261.230,43.457,-170.898,866.079
1666057311.196,-59.082,19.043,41.504,-51.270,866.083
1666057311.200,13.672,228.516,44.434,-3.418,866.086
1666057311.204,-109.375,-61.523,44.922,-117.188,866.090
1666057311.208,-186.035,-245.605,42.480,-176.758,866.094
1666057311.212,-97.656,-749.512,33.203,-84.473,866.098
1666057311.216,-6.348,-710.938,31.250,-7.812,866.102
1666057311.219,-79.102,0.000,35.156,-92.773,866.106
1666057311.223,-199.707,-243.652,30.762,-189.453,866.110
1666057311.227,-153.320,-501.953,47.363,-131.836,866.114
1666057311.231,-11.719,294.434,60.059,-26.855,866.118
1666057311.235,-37.109,700.684,40.527,-77.148,866.122
1666057311.237,-177.246,-115.234,28.809,-186.523,866.122
1666057311.241,-188.477,-708.984,33.203,-174.805,866.126
1666057311.245,-51.758,77.637,35.156,-63.477,866.130
1666057311.249,-10.254,699.707,6.348,-48.340,866.134
1666057311.253,-153.809,-14.648,-8.789,-160.645,866.138
1666057311.257,-216.309,-766.113,13.672,-193.359,866.142
1666057311.261,-83.496,-160.156,34.180,-91.309,866.146
1666057311.264,-1.465,641.602,20.508,-38.574,866.150
1666057311.268,-120.605,-166.504,-13.184,-143.066,866.154
1666057311.272,-226.562,-1000.000,-1.465,-218.262,866.157
1666057311.276,-134.277,-255.859,30.762,-137.695,866.161
1666057311.280,-1.465,591.309,23.926,-33.203,866.165
1666057311.282,-72.266,184.570,25.391,-100.586,866.170
1666057311.286,-204.590,-302.734,29.297,-200.684,866.174
1666057311.290,-171.875,-317.871,19.531,-155.762,866.178
1666057311.294,-20.020,140.137,25.879,-29.297,866.181
1666057311.298,-42.969,-87.891,21.973,-56.641,866.185
1666057311.302,-206.055,-880.371,25.391,-182.617,866.189
1666057311.306,-200.684,-604.492,50.781,-171.387,866.193
1666057311.309,-49.316,204.590,54.688,-53.711,866.197
1666057311.313,-12.207,-91.309,41.992,-32.715,866.201
1666057311.317,-148.438,-538.086,52.246,-157.715,866.205
1666057311.321,-208.008,-312.500,60.547,-190.430,866.209
1666057311.325,-93.750,-223.633,63.477,-74.707,866.213
1666057311.341,4.395,180.176,65.430,-12.207,866.227
1666057311.345,-90.332,265.137,67.383,-108.398,866.231
1666057311.349,-191.406,-45.898,63.477,-181.641,866.235
1666057311.353,-126.465,-241.211,59.570,-99.609,866.239
1666057311.357,6.836,53.223,63.477,-10.742,866.243
1666057311.361,-46.387,35.645,57.617,-80.078,866.247
1666057311.365,-186.035,-333.496,57.617,-191.406,866.251
1666057311.368,-161.133,-528.809,56.152,-157.227,866.255
1666057311.372,-18.555,-794.922,63.965,-26.855,866.259
1666057311.376,-11.230,17.090,76.660,-46.875,866.263
1666057311.380,-159.668,185.059,61.035,-165.039,866.266
1666057311.384,-185.059,-406.250,57.617,-160.645,866.270
1666057311.372,-51.758,67.383,67.871,-52.734,866.261
1666057311.376,3.418,430.176,49.805,-29.785,866.265
1666057311.380,-114.258,-134.277,41.016,-142.090,866.269
1666057311.384,-193.359,-847.168,50.781,-187.500,866.273
1666057311.388,-93.262,-605.469,61.523,-91.797,866.276
1666057311.392,15.625,299.316,75.195,-23.926,866.280
1666057311.396,-72.754,59.082,68.359,-109.375,866.284
1666057311.399,-187.012,-555.664,73.242,-191.406,866.288
1666057311.403,-125.977,-200.195,83.008,-130.371,866.292
1666057311.407,5.371,664.551,75.684,-37.598,866.296
1666057311.411,-30.762,513.672,72.266,-84.473,866.300
1666057311.415,-170.898,-592.773,85.449,-183.105,866.304
1666057311.417,-157.227,-502.930,106.445,-151.855,866.305
1666057311.421,-3.418,539.551,110.840,-32.227,866.309
1666057311.425,12.695,540.039,84.961,-34.668,866.312
1666057311.429,-136.230,-234.863,58.594,-161.133,866.316
1666057311.433,-178.711,-518.066,61.035,-180.176,866.320
1666057311.437,-44.434,-68.848,75.195,-54.199,866.324
1666057311.441,31.250,65.918,74.219,-5.371,866.328
1666057311.444,-95.703,-750.977,66.895,-107.422,866.332
1666057311.448,-179.688,-640.625,81.055,-165.527,866.336
1666057311.452,-72.754,178.711,83.984,-83.008,866.340
1666057311.456,33.203,468.262,71.289,0.488,866.344
1666057311.460,-41.016,306.641,77.148,-71.777,866.348
1666057311.477,-158.691,-77.148,78.125,-165.039,866.363
1666057311.481,-121.094,-62.500,59.082,-112.793,866.367
1666057311.485,16.602,122.559,54.199,3.418,866.371
1666057311.489,-12.207,123.047,29.297,-33.691,866.375
1666057311.493,-145.996,-76.660,-2.930,-145.996,866.378
1666057311.497,-134.277,-373.047,19.531,-122.070,866.382
1666057311.501,-4.395,-609.375,37.109,0.977,866.386
1666057311.504,14.648,-804.688,29.297,7.324,866.390
1666057311.508,-116.211,-276.367,30.273,-124.512,866.394
1666057311.512,-159.668,-205.566,35.156,-153.809,866.398
1666057311.516,-34.180,-47.363,42.480,-40.527,866.402
1666057311.520,48.340,611.328,34.668,14.648,866.406
1666057311.508,-66.406,428.223,31.738,-80.078,866.394
1666057311.512,-179.199,-330.078,33.691,-143.555,866.398
1666057311.516,-88.867,-265.625,45.410,-54.199,866.402
1666057311.520,45.898,542.969,56.641,49.316,866.406
1666057311.524,-32.227,453.613,20.020,-30.762,866.410
1666057311.528,-154.785,-511.230,-1.465,-135.254,866.414
1666057311.532,-109.863,-718.750,23.926,-88.379,866.418
1666057311.535,26.367,267.090,32.227,17.578,866.422
1666057311.539,12.207,577.637,28.809,-8.301,866.426
1666057311.543,-135.742,-430.664,30.273,-115.723,866.430
1666057311.547,-156.250,-1000.000,50.293,-106.934,866.433
1666057311.551,-5.371,13.184,76.660,-2.930,866.437
1666057311.552,40.039,682.617,60.547,13.184,866.465
1666057311.556,-104.980,-114.746,40.039,-99.609,866.469
1666057311.560,-173.340,-704.102,44.922,-139.648,866.473
1666057311.564,-49.316,-113.281,46.387,-28.809,866.477
1666057311.568,54.688,675.781,39.551,48.340,866.481
1666057311.572,-52.734,-199.707,30.273,-41.504,866.485
1666057311.576,-168.945,-1000.000,36.133,-127.441,866.489
1666057311.579,-85.938,-165.527,48.340,-65.918,866.493
1666057311.583,38.574,543.945,33.691,34.180,866.497
1666057311.587,-22.949,261.230,26.367,-28.320,866.500
1666057311.591,-142.090,-139.648,44.434,-133.301,866.504
1666057311.595,-109.863,-213.867,64.453,-87.891,866.508
1666057311.599,35.645,46.387,58.594,31.250,866.495
1666057311.603,33.203,258.789,52.734,3.418,866.499
1666057311.607,-110.840,-20.996,58.105,-120.605,866.503
1666057311.611,-136.719,-160.156,53.223,-120.117,866.507
1666057311.615,-4.395,-6.836,40.527,0.000,866.511
1666057311.619,48.340,-241.211,33.203,21.973,866.515
1666057311.623,-83.984,-329.590,33.203,-104.004,866.519
1666057311.626,-155.273,-161.133,34.668,-151.367,866.523
1666057311.630,-42.480,-357.910,32.227,-44.434,866.527
1666057311.634,61.035,-147.949,34.180,38.086,866.530
1666057311.638,-30.273,305.176,33.691,-53.711,866.534
1666057311.642,-151.855,-138.672,26.855,-140.625,866.538
1666057311.656,-88.867,-354.980,33.203,-63.965,866.542
1666057311.660,47.363,241.211,25.391,41.016,866.546
1666057311.664,-9.277,246.094,6.836,-32.227,866.550
1666057311.668,-149.414,-450.684,17.090,-150.391,866.554
1666057311.672,-128.418,-876.465,26.367,-109.863,866.558
1666057311.676,9.277,-701.172,36.621,12.207,866.561
1666057311.680,26.855,108.398,41.504,1.953,866.565
1666057311.683,-112.793,4.883,25.879,-114.746,866.569
1666057311.687,-158.203,-696.289,34.180,-128.418,866.573
1666057311.691,-25.391,-151.367,42.480,-24.414,866.577
1666057311.695,42.480,737.793,21.973,18.555,866.581
1666057311.699,-68.848,195.801,18.066,-77.637,866.585
1666057311.716,-155.273,-433.594,37.109,-140.625,866.603
1666057311.720,-67.383,56.152,46.387,-57.617,866.607
1666057311.724,56.152,713.867,42.480,27.832,866.611
1666057311.728,-21.973,226.562,29.297,-46.875,866.615
1666057311.732,-150.391,-631.836,9.277,-142.090,866.618
1666057311.736,-98.633,-525.391,17.090,-78.125,866.622
1666057311.740,17.578,115.234,38.086,20.020,866.626
1666057311.743,-20.996,-104.980,28.320,-26.367,866.630
1666057311.747,-150.879,-965.332,12.695,-124.512,866.634
1666057311.751,-139.160,-502.930,28.809,-105.957,866.638
1666057311.755,9.277,381.836,26.855,10.742,866.642
1666057311.759,44.922,330.566,9.277,20.508,866.646
1666057311.746,-84.961,-50.293,-5.371,-90.820,866.647
1666057311.750,-130.371,-201.660,-7.324,-113.281,866.651
1666057311.754,-19.531,-14.648,9.277,-16.602,866.655
1666057311.758,52.734,-121.582,25.879,32.715,866.659
1666057311.762,-49.805,-396.973,26.367,-55.664,866.663
1666057311.766,-149.414,-492.188,1.953,-120.117,866.667
1666057311.770,-62.012,-399.902,1.953,-33.203,866.671
1666057311.773,56.152,-14.160,21.484,56.641,866.675
1666057311.777,-20.020,72.266,35.156,-13.184,866.679
1666057311.781,-138.184,-100.098,38.574,-109.863,866.683
1666057311.785,-84.473,-49.316,31.738,-70.312,866.687
1666057311.789,62.988,-447.266,40.527,58.105,866.690
1666057311.793,43.945,-487.793,55.176,35.645,866.679
1666057311.797,-109.375,85.449,45.898,-102.539,866.683
1666057311.801,-125.000,-332.031,53.223,-91.309,866.687
1666057311.805,14.160,-171.875,66.406,27.344,866.691
1666057311.809,54.199,530.273,60.547,38.086,866.695
1666057311.813,-84.473,11.230,40.527,-76.660,866.699
1666057311.817,-140.625,-820.312,39.551,-105.469,866.703
1666057311.820,-17.090,-371.094,73.242,4.883,866.707
1666057311.824,72.754,611.816,74.219,60.059,866.711
1666057311.828,-32.227,368.164,54.688,-45.898,866.715
1666057311.832,-134.277,-660.156,46.387,-119.629,866.718
1666057311.836,-55.664,-769.531,51.270,-37.109,866.722
1666057311.852,76.660,387.207,63.965,63.477,866.739
1666057311.856,21.484,567.871,48.828,-0.488,866.743
1666057311.860,-118.164,-484.375,47.852,-106.934,866.747
1666057311.864,-89.355,-560.059,71.777,-62.012,866.751
1666057311.868,51.758,429.688,63.477,41.992,866.754
1666057311.872,49.316,416.504,24.902,14.160,866.758
1666057311.876,-96.680,-613.770,-15.137,-94.238,866.762
1666057311.879,-127.930,-896.484,-16.113,-96.680,866.766
1666057311.883,1.465,233.887,14.160,4.395,866.770
1666057311.887,54.688,702.637,12.207,32.227,866.774
1666057311.891,-73.730,-0.977,9.277,-79.102,866.778
1666057311.895,-153.320,-229.004,9.766,-133.301,866.782
1666057311.899,-36.133,101.074,9.277,-36.133,866.790
1666057311.903,70.801,289.551,14.160,42.480,866.794
1666057311.907,-32.227,72.754,5.371,-45.898,866.798
1666057311.911,-142.578,-188.965,-11.230,-137.207,866.802
1666057311.915,-74.219,-1.465,-0.488,-66.406,866.806
1666057311.919,54.199,70.801,6.348,38.086,866.810
1666057311.923,7.812,-324.707,5.371,-16.113,866.814
1666057311.926,-130.371,-329.102,22.949,-124.512,866.818
1666057311.930,-112.793,-17.578,32.715,-90.332,866.822
1666057311.934,37.109,-58.594,23.926,34.180,866.826
1666057311.938,39.062,-482.422,13.672,19.043,866.829
1666057311.942,-113.770,-262.695,14.160,-114.746,866.833
1666057311.941,-145.020,-158.691,18.066,-123.535,866.827
1666057311.945,-4.883,14.648,24.414,-6.836,866.831
1666057311.949,65.918,232.422,20.020,26.367,866.835
1666057311.953,-56.641,-171.875,15.625,-81.543,866.839
1666057311.957,-147.949,-592.285,1.465,-144.043,866.843
1666057311.961,-62.012,-473.633,-2.930,-54.199,866.846
1666057311.965,47.852,122.559,11.230,31.250,866.850
1666057311.968,-33.691,305.664,10.254,-56.152,866.854
1666057311.972,-150.879,-121.582,10.254,-144.531,866.858
1666057311.976,-101.074,-774.902,4.395,-74.219,866.862
1666057311.980,32.715,-869.141,7.812,35.156,866.866
1666057311.984,3.418,47.852,6.836,-11.719,866.870
1666057311.987,-137.207,-134.766,0.000,-129.883,866.875
1666057311.991,-132.324,-464.844,11.230,-113.281,866.879
1666057311.995,14.160,359.863,9.766,10.254,866.883
1666057311.999,41.504,804.199,-4.395,13.672,866.887
1666057312.003,-101.562,29.297,-11.230,-113.770,866.890
1666057312.007,-150.391,-698.242,-2.441,-133.301,866.894
1666057312.011,-21.484,-235.352,8.301,-13.672,866.898
1666057312.014,65.430,460.449,20.996,41.016,866.902
1666057312.018,-47.852,-64.941,20.020,-61.523,866.906
1666057312.022,-139.160,-1000.000,31.250,-124.512,866.910
1666057312.026,-44.434,-260.254,51.758,-38.086,866.914
1666057312.030,75.195,756.348,26.855,42.969,866.918
1666057312.031,-8.301,147.949,8.301,-37.598,866.918
1666057312.035,-142.578,-489.258,11.719,-142.090,866.921
1666057312.039,-95.215,-343.750,11.230,-89.844,866.925
1666057312.043,45.410,120.605,15.137,25.879,866.929
1666057312.047,19.531,-16.602,3.906,-10.742,866.933
1666057312.051,-133.789,-758.789,-4.883,-131.836,866.937
1666057312.055,-134.277,-494.629,5.371,-125.000,866.941
1666057312.058,14.648,374.512,4.395,-3.418,866.945
1666057312.062,41.016,-145.508,-20.996,18.066,866.949
1666057312.066,-102.051,-902.344,-20.020,-97.168,866.953
1666057312.070,-154.297,-228.516,5.859,-134.277,866.957
1666057312.074,-25.879,178.711,7.812,-23.438,866.960
1666057312.076,66.895,392.578,10.254,44.922,866.962
1666057312.080,-45.898,311.523,15.137,-58.594,866.966
1666057312.084,-151.367,-48.340,6.836,-136.230,866.970
1666057312.088,-66.895,-95.703,-0.977,-56.152,866.974
1666057312.092,62.500,304.199,-7.812,42.480,866.978
1666057312.096,1.953,140.625,-19.531,-18.555,866.982
1666057312.100,-128.906,-315.430,-11.230,-131.836,866.986
1666057312.103,-98.145,-540.527,2.930,-90.332,866.989
1666057312.107,50.781,-438.965,17.090,49.805,866.993
1666057312.111,59.570,357.910,28.809,33.203,866.997
1666057312.115,-101.562,38.086,4.395,-101.074,867.001
1666057312.119,-145.508,-799.316,-4.395,-106.445,867.005
1666057312.121,-0.977,-231.445,21.973,3.418,867.007
1666057312.125,62.988,677.246,40.039,33.691,867.011
1666057312.129,-76.660,20.508,29.297,-78.613,867.015
1666057312.133,-162.109,-870.605,26.855,-136.230,867.019
1666057312.137,-52.246,-375.000,47.852,-38.086,867.023
1666057312.141,58.105,377.930,40.039,39.551,867.027
1666057312.145,-40.527,47.363,19.531,-46.387,867.031
1666057312.148,-159.668,-752.930,22.949,-123.047,867.035
1666057312.152,-84.473,-510.254,40.039,-53.223,867.039
1666057312.156,52.734,652.832,32.715,42.480,867.042
1666057312.160,4.395,501.953,23.438,-7.324,867.046
1666057312.164,-136.230,-315.918,21.973,-123.047,867.050
1666057312.169,-116.699,-187.988,15.625,-92.285,867.059
1666057312.173,28.320,373.535,25.879,29.297,867.063
1666057312.177,35.156,190.918,26.367,14.160,867.067
1666057312.181,-101.562,-462.891,17.090,-99.609,867.071
1666057312.185,-129.395,-367.676,19.531,-105.957,867.075
1666057312.189,1.953,39.062,26.367,0.977,867.079
1666057312.193,57.617,7.812,16.602,34.180,867.083
1666057312.196,-78.125,-588.867,7.812,-83.984,867.087
1666057312.200,-158.203,-438.965,22.461,-141.113,867.091
1666057312.204,-48.340,219.727,23.438,-30.273,867.094
1666057312.208,65.430,441.406,9.277,62.500,867.098
1666057312.212,-34.180,187.500,-0.488,-23.438,867.102
1666057312.211,-159.668,-126.953,2.930,-118.652,867.111
1666057312.215,-87.891,15.625,3.418,-51.758,867.115
1666057312.219,54.688,123.047,3.418,61.523,867.119
1666057312.223,18.555,-28.320,2.441,10.742,867.123
1666057312.227,-124.023,-378.906,-1.465,-102.051,867.127
1666057312.231,-113.770,-495.117,8.789,-79.102,867.131
1666057312.235,36.621,-449.707,17.090,33.691,867.135
1666057312.238,60.059,-883.789,18.066,42.480,867.139
1666057312.242,-83.496,-516.113,24.414,-75.195,867.142
1666057312.246,-123.535,-238.770,15.137,-89.355,867.146
1666057312.250,-0.488,-12.695,11.230,27.832,867.150
1666057312.254,69.824,627.930,8.301,63.477,867.154
1666057312.257,-48.828,418.945,-0.488,-56.641,867.143
1666057312.261,-151.367,-314.941,3.418,-129.395,867.147
1666057312.265,-63.477,-234.863,5.859,-34.668,867.151
1666057312.269,58.105,571.289,-3.906,55.176,867.155
1666057312.273,-17.578,491.699,-17.578,-36.133,867.159
1666057312.277,-145.996,-502.930,-23.438,-125.488,867.162
1666057312.281,-97.168,-819.824,-14.160,-59.082,867.166
1666057312.284,43.945,85.938,2.930,40.527,867.170
1666057312.288,27.832,599.121,-0.977,-1.465,867.174
1666057312.292,-111.816,-343.750,-17.578,-110.352,867.178
1666057312.296,-119.629,-804.199,-7.812,-101.074,867.182
1666057312.300,20.508,271.484,6.836,7.812,867.186
1666057312.316,51.270,695.801,1.953,33.691,867.202
1666057312.320,-84.473,-60.547,-5.859,-79.102,867.206
1666057312.324,-147.949,-687.012,-0.488,-123.535,867.209
1666057312.328,-30.762,-170.410,20.996,-23.438,867.213
1666057312.332,66.895,614.746,20.020,36.133,867.217
1666057312.336,-41.016,-224.121,0.977,-53.711,867.221
1666057312.340,-159.668,-1000.000,2.930,-125.977,867.225
1666057312.343,-72.754,-111.328,12.695,-57.617,867.229
1666057312.347,72.266,597.168,3.418,40.039,867.233
1666057312.351,0.000,157.227,-10.742,-29.297,867.237
1666057312.355,-136.719,-231.934,-12.695,-134.766,867.241
1666057312.359,-96.191,14.648,-11.230,-94.238,867.245
1666057312.361,48.340,350.586,-9.766,22.949,867.247
1666057312.365,26.367,217.285,-15.625,6.348,867.251
1666057312.369,-123.535,-61.523,-24.414,-121.582,867.255
1666057312.373,-134.766,-126.465,-3.418,-119.141,867.259
1666057312.377,5.371,105.957,18.066,13.672,867.263
1666057312.381,54.688,93.262,18.555,35.156,867.267
1666057312.385,-74.707,-383.789,30.762,-92.285,867.271
1666057312.388,-142.090,-382.324,36.621,-132.812,867.275
1666057312.392,-36.621,-306.641,24.414,-26.367,867.279
1666057312.396,55.176,-332.031,10.254,39.551,867.283
1666057312.400,-36.133,81.055,-1.953,-57.617,867.287
1666057312.404,-147.949,-289.551,-7.324,-136.719,867.290
1666057312.407,-86.426,-718.750,1.953,-59.570,867.294
1666057312.411,49.316,-16.113,23.438,45.410,867.298
1666057312.415,-1.953,215.332,18.066,-17.090,867.302
1666057312.419,-146.484,-490.234,5.371,-124.512,867.305
1666057312.423,-126.465,-843.262,14.160,-87.402,867.309
1666057312.427,17.578,-452.637,27.344,23.926,867.313
1666057312.431,29.297,248.535,24.414,7.324,867.317
1666057312.434,-105.469,20.020,11.230,-107.910,867.321
1666057312.438,-138.672,-777.344,6.348,-111.816,867.325
1666057312.442,-12.695,-322.754,17.578,-1.953,867.329
1666057312.446,53.711,687.012,15.137,27.344,867.333
1666057312.450,-74.707,144.043,-12.207,-79.590,867.337
1666057312.452,-163.086,-493.652,-18.555,-135.742,867.340
1666057312.456,-57.617,25.391,-15.137,-49.316,867.344
1666057312.460,52.734,460.449,-32.227,31.738,867.348
1666057312.464,-34.668,-110.840,-60.059,-49.316,867.352
1666057312.468,-161.133,-724.609,-61.035,-145.020,867.356
1666057312.472,-106.445,-478.027,-42.480,-84.473,867.360
1666057312.476,40.039,146.484,-28.809,30.273,867.364
1666057312.479,6.348,-51.270,-25.391,-12.207,867.368
1666057312.483,-137.207,-897.461,-6.836,-120.605,867.372
1666057312.487,-122.070,-450.684,12.207,-98.633,867.375
1666057312.491,29.297,476.074,8.789,22.461,867.379
1666057312.495,41.992,398.926,3.418,21.973,867.383
1666057312.496,-107.422,-97.656,1.953,-100.586,867.382
1666057312.500,-144.531,-196.777,3.418,-116.211,867.386
1666057312.504,-13.672,28.809,-4.883,-10.254,867.390
1666057312.508,61.523,-109.863,-13.672,37.598,867.394
1666057312.512,-58.105,-530.273,-9.766,-65.918,867.398
1666057312.516,-155.762,-622.070,-0.488,-136.719,867.402
1666057312.520,-52.734,-273.438,13.184,-32.227,867.406
1666057312.523,72.266,-284.180,7.324,65.430,867.410
1666057312.527,-15.625,-663.086,-0.977,-30.762,867.414
1666057312.531,-150.391,-224.609,6.836,-145.996,867.418
1666057312.535,-95.215,-95.215,10.254,-85.938,867.421
1666057312.539,55.664,272.949,20.020,35.156,867.425
1666057312.542,31.250,572.266,14.160,1.953,867.430
1666057312.546,-125.488,119.141,9.766,-122.559,867.434
1666057312.550,-132.324,-363.770,19.531,-110.352,867.438
1666057312.554,17.090,33.691,20.020,19.043,867.441
1666057312.558,48.340,615.723,14.160,39.551,867.445
1666057312.562,-85.938,-23.438,-3.418,-83.008,867.449
1666057312.566,-136.230,-815.918,-8.789,-112.305,867.453
1666057312.569,-25.391,-773.926,11.719,-4.883,867.457
1666057312.573,62.500,194.336,24.902,48.828,867.461
1666057312.577,-41.504,456.055,8.789,-51.270,867.465
1666057312.581,-148.926,-534.180,-7.812,-129.395,867.469
1666057312.585,-68.359,-561.523,-6.348,-50.293,867.473
1666057312.586,63.965,521.973,-3.418,49.316,867.486
1666057312.590,-5.371,517.578,-20.508,-20.020,867.490
1666057312.594,-141.113,-527.344,-32.227,-127.930,867.494
1666057312.598,-107.422,-558.594,-10.742,-77.148,867.498
1666057312.602,38.574,416.016,-0.488,39.062,867.502
1666057312.606,35.156,357.422,-13.184,7.812,867.506
1666057312.610,-117.676,-628.418,-19.043,-107.910,867.510
1666057312.613,-137.695,-841.309,-6.836,-105.469,867.514
1666057312.617,16.113,249.023,4.395,9.277,867.518
1666057312.621,69.824,603.516,-5.371,34.180,867.521
1666057312.625,-63.477,-177.246,-7.324,-78.613,867.525
1666057312.629,-131.836,-388.184,5.859,-118.164,867.529
1666057312.646,-20.020,254.883,2.441,-11.230,867.534
1666057312.650,83.008,506.348,-20.020,58.594,867.538
1666057312.654,-23.438,-178.223,-36.133,-43.945,867.542
1666057312.658,-137.695,-378.906,-24.414,-117.676,867.545
1666057312.662,-64.941,94.238,-16.602,-47.852,867.549
1666057312.666,60.547,164.062,-23.926,46.387,867.553
1666057312.670,7.812,-367.188,-25.879,-12.207,867.557
1666057312.673,-129.883,-395.020,-2.930,-132.812,867.561
1666057312.677,-111.816,-84.961,4.883,-93.750,867.565
1666057312.681,45.410,132.812,0.000,29.785,867.569
1666057312.685,52.246,249.512,3.906,13.672,867.573
1666057312.689,-104.980,51.758,-8.789,-101.562,867.577
1666057312.691,-128.418,-391.113,-19.531,-111.816,867.592
1666057312.695,4.395,-448.242,-18.066,2.441,867.596
1666057312.699,64.453,-207.031,-12.695,44.922,867.600
1666057312.703,-62.012,-88.379,-15.137,-63.965,867.604
1666057312.707,-139.160,-213.379,-10.254,-118.164,867.608
1666057312.711,-28.320,-668.457,1.465,-23.438,867.611
1666057312.715,83.008,-310.059,6.836,61.523,867.615
1666057312.718,-8.789,296.875,-4.883,-25.879,867.619
1666057312.722,-122.559,-90.820,-21.484,-118.164,867.623
1666057312.726,-60.547,-804.199,-18.555,-41.504,867.627
1666057312.730,74.219,-320.312,-3.418,70.801,867.631
1666057312.734,36.133,585.449,-14.160,14.160,867.635
1666057312.736,-116.211,-151.855,-33.203,-103.516,867.623
1666057312.740,-103.516,-482.910,-17.578,-79.102,867.627
1666057312.744,51.758,257.324,-4.395,41.992,867.631
1666057312.748,67.383,368.652,-24.902,48.828,867.635
1666057312.752,-75.195,-421.875,-32.227,-73.242,867.639
1666057312.756,-113.770,-921.875,-28.320,-96.191,867.643
1666057312.760,10.742,-201.172,-26.855,14.648,867.647
1666057312.763,83.496,656.250,-23.926,58.105,867.651
1666057312.767,-41.992,-72.266,-25.879,-45.898,867.654
1666057312.771,-129.883,-744.629,-26.367,-113.281,867.658
1666057312.775,-31.738,-25.879,-20.508,-23.438,867.662
1666057312.779,73.730,693.848,-23.438,60.547,867.666
1666057312.781,-10.742,-107.910,-33.203,-15.625,867.667
1666057312.785,-120.605,-854.004,-28.320,-89.844,867.671
1666057312.789,-58.594,-345.215,-35.156,-33.203,867.675
1666057312.793,72.754,183.105,-52.246,62.988,867.679
1666057312.797,47.852,-179.688,-61.035,25.879,867.683
1666057312.801,-97.656,-917.969,-65.918,-87.891,867.687
1666057312.805,-102.539,-628.906,-62.012,-76.660,867.691
1666057312.808,42.480,78.125,-54.199,49.316,867.695
1666057312.812,70.801,-197.754,-62.500,65.430,867.699
1666057312.816,-62.988,-838.867,-64.941,-44.434,867.703
1666057312.820,-101.562,-245.117,-55.176,-71.777,867.706
1666057312.824,15.625,176.270,-59.082,26.367,867.710
1666057312.826,92.285,431.152,-64.453,76.660,867.712
1666057312.830,-19.531,303.223,-78.125,-30.273,867.716
1666057312.834,-120.605,-104.980,-88.379,-100.098,867.720
1666057312.838,-36.133,-140.137,-81.543,-10.742,867.724
1666057312.842,93.262,333.984,-85.449,88.379,867.728
1666057312.846,25.391,233.398,-105.957,9.766,867.732
1666057312.850,-114.258,-393.066,-112.793,-101.074,867.736
1666057312.853,-74.219,-681.641,-111.816,-45.898,867.740
1666057312.857,71.289,-694.824,-108.887,74.219,867.743
1666057312.861,66.406,88.379,-104.980,53.223,867.747
1666057312.865,-72.266,145.508,-118.652,-59.570,867.751
1666057312.869,-90.332,-476.074,-122.559,-52.734,867.755
1666057312.871,64.453,-20.020,-118.164,59.570,867.757
1666057312.875,115.723,665.527,-124.512,65.430,867.761
1666057312.879,-29.297,70.801,-133.301,-52.246,867.765
1666057312.883,-96.191,-813.965,-123.047,-81.055,867.769
1666057312.887,15.137,-371.582,-113.281,25.879,867.773
1666057312.891,114.258,310.059,-117.188,92.285,867.777
1666057312.895,17.090,-31.738,-129.883,0.977,867.781
1666057312.898,-94.727,-772.949,-142.090,-69.336,867.785
1666057312.902,-19.043,-525.391,-120.117,14.160,867.789
1666057312.906,110.840,583.008,-109.863,98.633,867.793
1666057312.910,48.340,362.305,-144.043,30.762,867.796
1666057312.914,-87.402,-489.746,-154.297,-66.895,867.800
1666057312.932,-61.035,-291.504,-136.719,-22.461,867.819
1666057312.936,88.379,580.078,-127.930,106.934,867.823
1666057312.940,96.680,457.520,-130.859,96.680,867.827
1666057312.944,-33.203,-318.848,-123.047,-39.062,867.831
1666057312.948,-59.082,-243.652,-117.188,-56.152,867.834
1666057312.952,61.523,146.484,-123.535,62.988,867.838
1666057312.956,116.211,54.688,-139.648,95.703,867.842
1666057312.959,-4.883,-684.570,-151.855,-14.160,867.846
1666057312.963,-76.172,-526.367,-133.301,-59.082,867.850
1666057312.967,23.926,196.289,-125.977,41.016,867.854
1666057312.971,124.023,406.250,-129.883,113.770,867.858
1666057312.975,32.715,161.133,-137.695,30.273,867.862
1666057312.962,-82.520,-187.012,-142.090,-55.664,867.850
1666057312.966,-23.926,-157.715,-138.184,2.930,867.854
1666057312.970,106.934,-333.496,-141.602,114.746,867.858
1666057312.974,61.523,-482.910,-146.484,66.406,867.862
1666057312.978,-76.172,-188.477,-145.508,-49.805,867.866
1666057312.982,-59.570,-449.707,-135.742,-19.531,867.870
1666057312.986,78.613,-186.035,-128.906,98.145,867.874
1666057312.989,100.586,359.863,-146.484,95.703,867.877
1666057312.993,-32.715,97.656,-161.133,-34.180,867.881
1666057312.997,-73.242,-216.797,-161.621,-47.852,867.885
1666057313.001,56.152,-689.453,-149.414,81.543,867.889
1666057313.005,121.094,-401.855,-129.883,115.723,867.893
1666057313.008,0.977,260.742,-133.789,-0.488,867.906
1666057313.012,-68.359,-310.547,-145.020,-55.176,867.910
1666057313.016,21.973,-238.281,-135.254,38.574,867.914
1666057313.020,127.930,504.395,-138.672,120.605,867.918
1666057313.024,65.430,176.270,-144.043,40.039,867.922
1666057313.028,-61.523,-674.316,-144.531,-50.293,867.926
1666057313.032,-21.484,-1000.000,-147.461,10.742,867.930
1666057313.035,128.906,-60.547,-130.859,119.141,867.934
1666057313.039,109.863,596.191,-133.789,77.637,867.938
1666057313.043,-41.504,-200.684,-145.508,-41.992,867.942
1666057313.047,-49.316,-395.996,-131.836,-20.996,867.945
1666057313.051,93.750,403.320,-125.488,99.609,867.949
1666057313.066,131.348,637.695,-130.371,104.004,867.953
1666057313.070,-12.207,-129.883,-141.602,-12.695,867.957
1666057313.074,-78.613,-653.809,-154.297,-52.734,867.960
1666057313.078,40.039,-134.277,-155.762,51.758,867.964
1666057313.082,122.559,583.984,-164.551,104.492,867.968
1666057313.086,19.043,-229.492,-173.828,6.348,867.972
1666057313.090,-81.543,-1000.000,-159.668,-55.176,867.976
1666057313.093,3.906,-320.312,-147.461,20.508,867.980
1666057313.097,128.418,525.391,-152.832,116.211,867.984
1666057313.101,51.758,-127.441,-158.691,52.734,867.988
1666057313.105,-66.895,-643.066,-154.297,-51.270,867.992
1666057313.109,-27.344,-90.820,-139.160,-6.348,867.996
1666057313.111,111.816,335.449,-134.766,107.910,868.011
1666057313.115,98.145,271.973,-140.137,83.984,868.015
1666057313.119,-49.805,-51.758,-139.648,-35.645,868.018
1666057313.123,-63.965,-176.270,-131.836,-30.273,868.022
1666057313.127,75.195,91.797,-126.465,95.215,868.026
1666057313.131,116.211,107.910,-132.812,102.051,868.030
1666057313.135,-16.602,-204.590,-136.719,-25.879,868.034
1666057313.138,-80.078,-177.734,-135.254,-57.617,868.038
1666057313.142,32.715,-253.418,-135.742,46.875,868.042
1666057313.146,122.070,-442.383,-131.836,112.305,868.046
1666057313.150,18.555,-84.961,-127.441,14.160,868.050
1666057313.154,-82.520,-108.398,-143.555,-63.965,868.054
1666057313.156,-9.277,-501.465,-143.066,12.695,868.042
1666057313.160,117.188,-17.090,-127.930,115.723,868.046
1666057313.164,58.594,236.816,-133.789,52.734,868.050
1666057313.168,-83.496,-446.777,-145.996,-69.336,868.054
1666057313.172,-59.082,-807.129,-132.324,-28.320,868.058
1666057313.176,84.473,-434.082,-116.699,90.332,868.062
1666057313.180,86.426,254.883,-125.977,62.988,868.066
1666057313.183,-54.688,11.719,-133.789,-56.641,868.070
1666057313.187,-81.543,-779.785,-130.859,-52.246,868.073
1666057313.191,62.500,-293.945,-114.746,74.219,868.077
1666057313.195,121.582,721.680,-119.629,100.586,868.081
1666057313.199,-25.391,80.078,-137.695,-29.297,868.085
1666057313.201,-110.352,-647.949,-117.676,-83.496,868.087
1666057313.205,2.441,-48.340,-78.125,20.996,868.091
1666057313.209,109.863,710.938,-89.844,87.891,868.095
1666057313.213,14.648,153.320,-121.094,-4.883,868.099
1666057313.217,-98.633,-737.305,-115.723,-81.055,868.103
1666057313.221,-37.109,-460.449,-108.398,-17.090,868.107
1666057313.225,95.703,191.406,-109.863,73.730,868.111
1666057313.228,38.574,-86.426,-118.652,19.531,868.114
1666057313.232,-103.027,-864.258,-124.512,-82.520,868.118
1666057313.236,-78.613,-355.469,-108.887,-59.570,868.122
1666057313.240,63.965,528.320,-114.746,54.688,868.126
1666057313.244,79.102,471.680,-120.117,57.617,868.130
1666057313.247,-76.172,-58.594,-116.699,-69.336,868.136
1666057313.251,-118.652,-172.363,-110.352,-92.773,868.140
1666057313.255,10.254,142.578,-99.121,16.602,868.144
1666057313.259,67.383,-192.871,-106.934,62.500,868.147
1666057313.263,-54.688,-787.109,-106.934,-47.363,868.151
1666057313.267,-140.137,-634.766,-100.098,-121.582,868.155
1666057313.271,-39.062,-213.379,-99.609,-27.344,868.159
1666057313.274,73.730,-180.664,-96.191,72.754,868.163
1666057313.278,-12.695,-348.145,-101.074,-3.418,868.167
1666057313.282,-137.695,-87.891,-108.887,-104.980,868.171
1666057313.286,-89.844,-54.688,-108.398,-59.082,868.175
1666057313.290,48.340,301.758,-107.422,32.227,868.179
1666057313.322,10.742,511.719,-109.863,-12.695,868.209
1666057313.326,-146.484,91.797,-100.098,-133.789,868.213
1666057313.330,-140.137,-316.895,-77.637,-113.281,868.217
1666057313.334,-0.488,31.738,-63.477,5.859,868.221
1666057313.338,14.160,325.195,-63.477,3.418,868.224
1666057313.342,-122.559,-269.043,-75.684,-104.980,868.228
1666057313.346,-180.664,-796.387,-78.613,-125.488,868.232
1666057313.349,-65.430,-932.617,-82.031,-25.879,868.236
1666057313.353,12.695,-11.719,-104.492,9.277,868.240
1666057313.357,-98.633,321.289,-122.559,-94.727,868.244
1666057313.361,-197.754,-447.754,-113.281,-168.457,868.248
1666057313.365,-113.281,-233.398,-102.051,-85.449,868.252
1666057313.336,9.766,597.168,-100.586,2.930,868.236
1666057313.340,-73.242,416.504,-113.281,-83.984,868.240
1666057313.344,-217.773,-588.867,-118.652,-202.148,868.244
1666057313.348,-176.270,-587.891,-101.562,-155.762,868.248
1666057313.352,-40.527,364.258,-97.168,-50.293,868.252
1666057313.356,-61.035,251.465,-113.770,-94.238,868.256
1666057313.360,-197.266,-600.098,-108.887,-210.938,868.259
1666057313.363,-216.309,-738.770,-96.680,-208.496,868.263
1666057313.367,-81.543,88.867,-96.191,-93.750,868.267
1666057313.371,-44.922,525.879,-105.957,-66.406,868.271
1666057313.375,-176.758,-227.539,-102.051,-181.152,868.275
1666057313.379,-233.398,-516.602,-81.543,-222.656,868.279
1666057313.398,-128.418,145.020,-84.473,-124.512,868.285
1666057313.402,-41.992,545.410,-101.074,-69.824,868.289
1666057313.406,-155.762,-491.211,-105.469,-166.016,868.293
1666057313.410,-274.414,-965.332,-90.820,-243.164,868.297
1666057313.414,-191.895,-68.848,-79.590,-179.199,868.300
1666057313.418,-66.895,150.879,-83.496,-88.379,868.304
1666057313.422,-138.184,-371.094,-92.285,-157.715,868.308
1666057313.425,-274.414,-349.609,-86.426,-278.320,868.312
1666057313.429,-248.047,-16.113,-77.637,-234.863,868.316
1666057313.433,-112.793,139.648,-79.102,-113.281,868.320
1666057313.437,-129.883,-32.227,-93.262,-154.297,868.324
1666057313.441,-271.484,-254.395,-104.492,-282.227,868.328
1666057313.442,-278.320,-188.477,-104.492,-273.438,868.328
1666057313.446,-151.855,-170.410,-105.469,-156.250,868.332
1666057313.450,-105.469,-134.277,-96.680,-131.836,868.336
1666057313.454,-239.258,-124.023,-92.773,-255.859,868.340
1666057313.458,-328.125,-276.855,-105.469,-322.266,868.344
1666057313.462,-227.539,-357.422,-105.469,-234.375,868.348
1666057313.466,-123.535,79.590,-108.398,-160.156,868.352
1666057313.469,-222.656,244.629,-126.953,-249.023,868.356
1666057313.473,-359.863,-203.125,-140.137,-353.516,868.360
1666057313.477,-303.223,-831.055,-151.855,-279.785,868.364
1666057313.481,-158.203,-607.910,-132.324,-166.016,868.367
1666057313.485,-198.242,329.102,-118.164,-225.098,868.371
1666057313.488,-339.355,-216.797,-135.254,-330.566,868.383
1666057313.492,-327.148,-578.613,-120.605,-304.199,868.387
1666057313.496,-184.570,310.547,-109.863,-185.547,868.390
1666057313.500,-170.410,709.961,-123.047,-185.547,868.394
1666057313.504,-310.547,-122.070,-116.211,-303.223,868.398
1666057313.508,-344.727,-860.352,-92.285,-309.082,868.402
1666057313.512,-218.262,-214.844,-67.383,-190.918,868.406
1666057313.515,-151.855,604.492,-62.988,-145.996,868.410
1666057313.519,-263.672,-113.770,-80.078,-250.977,868.414
1666057313.523,-345.703,-1000.000,-73.242,-318.848,868.418
1666057313.527,-243.164,-228.027,-54.199,-231.934,868.422
1666057313.531,-126.953,668.945,-61.523,-136.719,868.426
1666057313.531,-215.332,187.500,-56.152,-210.449,868.418
1666057313.535,-339.844,-341.309,-52.734,-312.988,868.421
1666057313.539,-292.480,-283.203,-59.082,-269.043,868.425
1666057313.543,-159.668,142.578,-57.617,-165.527,868.429
1666057313.547,-195.801,-206.055,-65.918,-210.449,868.433
1666057313.551,-341.309,-993.164,-67.871,-328.125,868.437
1666057313.555,-331.055,-525.879,-63.477,-305.176,868.441
1666057313.558,-178.223,354.980,-57.129,-182.129,868.445
1666057313.562,-162.598,-141.602,-67.383,-176.270,868.449
1666057313.566,-296.387,-931.641,-64.941,-291.504,868.453
1666057313.570,-325.684,-283.203,-48.828,-317.871,868.457
1666057313.574,-204.102,181.641,-51.758,-202.637,868.461
1666057313.576,-126.953,363.770,-43.945,-146.973,868.462
1666057313.580,-239.258,236.816,-31.250,-259.766,868.466
1666057313.584,-329.102,-118.652,-19.531,-328.613,868.470
1666057313.588,-234.375,-131.348,-3.418,-228.516,868.474
1666057313.592,-127.441,145.996,2.441,-148.926,868.478
1666057313.596,-209.961,-38.574,-6.836,-226.562,868.482
1666057313.600,-323.242,-519.043,7.324,-307.617,868.486
1666057313.603,-282.715,-659.180,32.227,-254.883,868.490
1666057313.607,-121.094,-727.051,43.945,-126.465,868.494
1666057313.611,-118.652,-22.461,38.086,-155.762,868.497
1666057313.615,-267.090,149.414,21.484,-294.922,868.501
1666057313.619,-285.645,-366.211,38.086,-287.598,868.505
1666057313.621,-141.602,180.664,65.918,-164.062,868.508
1666057313.625,-94.727,755.371,53.711,-146.484,868.512
1666057313.629,-226.074,34.668,23.926,-253.418,868.516
1666057313.633,-291.504,-869.629,17.578,-279.785,868.519
1666057313.637,-185.059,-385.742,30.762,-178.223,868.523
1666057313.641,-93.750,371.094,35.156,-121.582,868.527
1666057313.645,-199.219,-6.348,20.020,-220.703,868.531
1666057313.648,-304.199,-763.184,26.855,-300.781,868.535
1666057313.652,-232.910,-666.992,62.988,-223.145,868.539
1666057313.656,-107.422,435.547,79.590,-126.465,868.543
1666057313.660,-167.480,487.305,77.637,-189.453,868.547
1666057313.664,-305.664,-463.379,75.195,-287.598,868.551
1666057313.666,-271.973,-371.582,81.543,-246.582,868.553
1666057313.670,-124.512,529.785,76.660,-129.883,868.557
1666057313.674,-126.953,460.938,47.363,-144.043,868.561
1666057313.678,-266.113,-250.488,38.574,-262.695,868.565
1666057313.682,-284.180,-249.512,56.152,-259.766,868.569
1666057313.686,-147.461,53.223,65.430,-142.090,868.573
1666057313.690,-98.633,-10.254,50.293,-110.352,868.577
1666057313.693,-222.168,-644.043,72.754,-213.379,868.581
1666057313.697,-276.367,-528.809,129.395,-258.789,868.584
1666057313.701,-164.551,167.480,142.090,-162.109,868.588
1666057313.705,-62.012,285.156,120.605,-79.590,868.592
1666057313.709,-150.391,-97.168,113.770,-150.879,868.596
1666057313.711,-255.859,-261.230,133.789,-232.422,868.599
1666057313.715,-182.129,124.023,149.902,-165.527,868.603
1666057313.719,-50.781,-91.797,153.809,-50.781,868.607
1666057313.723,-96.680,-526.855,140.137,-108.887,868.611
1666057313.727,-234.375,-260.254,130.859,-226.562,868.615
1666057313.731,-212.402,-329.590,141.113,-184.570,868.619
1666057313.735,-60.059,-517.090,147.949,-56.152,868.623
1666057313.738,-49.805,-443.848,149.902,-65.918,868.627
1666057313.742,-187.988,-16.113,151.367,-190.430,868.630
1666057313.746,-215.332,-215.820,144.531,-192.383,868.634
1666057313.750,-79.590,12.207,153.809,-73.730,868.638
1666057313.754,-13.184,613.281,166.504,-35.156,868.642
1666057313.759,-136.230,354.492,154.785,-141.113,868.649
1666057313.763,-209.961,-424.316,139.160,-185.059,868.653
1666057313.767,-112.793,-379.395,144.043,-95.703,868.656
1666057313.771,-1.465,521.973,151.855,-22.949,868.660
1666057313.775,-79.102,490.234,138.672,-101.074,868.664
1666057313.779,-199.707,-522.461,158.691,-189.941,868.668
1666057313.783,-142.578,-966.309,216.309,-123.535,868.672
1666057313.786,-1.953,108.887,230.957,-13.672,868.676
1666057313.790,-35.645,671.387,228.027,-58.594,868.680
1666057313.794,-173.340,-222.168,223.633,-175.293,868.684
1666057313.798,-169.434,-475.098,222.656,-153.320,868.688
1666057313.802,-28.809,346.680,232.422,-36.621,868.692
1666057313.817,-4.395,644.043,217.285,-32.227,868.704
1666057313.821,-149.414,-103.516,182.129,-140.625,868.708
1666057313.825,-199.219,-650.879,171.387,-159.668,868.711
1666057313.829,-62.012,-164.551,170.898,-44.922,868.715
1666057313.833,22.949,327.148,167.969,6.348,868.719
1666057313.837,-100.586,-368.652,166.016,-103.027,868.723
1666057313.841,-207.031,-1000.000,166.992,-165.527,868.727
1666057313.844,-120.605,-332.031,187.012,-86.426,868.731
1666057313.848,0.000,587.891,197.266,-3.418,868.735
1666057313.852,-71.289,286.133,199.219,-75.195,868.739
1666057313.856,-194.824,-225.098,201.172,-176.758,868.743
1666057313.860,-146.484,-138.184,202.637,-126.953,868.747
1666057313.861,3.418,392.090,197.754,-12.207,868.748
1666057313.865,-18.066,290.039,198.730,-38.574,868.752
1666057313.869,-168.457,-95.703,181.641,-156.738,868.756
1666057313.873,-162.109,-94.727,161.133,-144.531,868.759
1666057313.877,-13.184,214.844,149.414,-20.020,868.763
1666057313.881,11.719,132.812,130.371,-4.395,868.767
1666057313.885,-132.324,-407.715,123.047,-129.883,868.771
1666057313.888,-184.082,-477.539,135.742,-157.715,868.775
1666057313.892,-52.734,-123.047,138.184,-39.551,868.779
1666057313.896,27.832,-580.078,125.977,27.344,868.783
1666057313.900,-80.566,-490.234,142.090,-72.754,868.787
1666057313.904,-176.758,-153.809,150.879,-148.438,868.791
1666057313.906,-93.262,-215.332,149.902,-66.895,868.792
1666057313.910,36.133,426.270,135.742,28.809,868.796
1666057313.914,-34.180,346.191,112.305,-48.340,868.800
1666057313.918,-165.039,-417.480,107.422,-162.598,868.804
1666057313.922,-114.746,-793.945,125.000,-99.609,868.808
1666057313.926,34.668,-392.090,136.230,31.738,868.812
1666057313.930,31.250,312.988,125.488,6.836,868.816
1666057313.933,-116.211,57.129,116.211,-98.633,868.820
1666057313.937,-131.348,-700.195,113.281,-93.262,868.823
1666057313.941,16.113,-466.309,134.277,3.906,868.827
1666057313.945,72.266,557.617,151.855,39.062,868.831
1666057313.949,-55.664,231.934,129.395,-49.316,868.835
1666057313.951,-135.254,-573.730,122.559,-106.445,868.837
1666057313.955,-17.090,-59.570,137.207,-10.742,868.841
1666057313.959,92.773,749.512,153.809,74.219,868.845
1666057313.963,-16.602,306.641,151.367,-23.438,868.849
1666057313.967,-129.395,-438.965,147.461,-111.328,868.853
1666057313.971,-47.363,-427.246,163.086,-23.926,868.857
1666057313.975,85.938,260.742,161.133,77.148,868.861
1666057313.978,21.484,137.695,124.023,11.719,868.864
1666057313.982,-116.211,-804.199,113.281,-91.797,868.868
1666057313.986,-86.914,-315.918,125.977,-64.941,868.872
1666057313.990,64.453,593.750,121.094,59.570,868.876
1666057313.994,71.289,372.559,108.887,53.711,868.880
1666057313.997,-84.961,-312.012,116.699,-72.266,868.885
1666057314.001,-114.258,-207.520,118.164,-83.984,868.889
1666057314.005,19.043,222.656,102.051,32.715,868.893
1666057314.009,77.637,-131.348,93.750,73.242,868.896
1666057314.013,-49.316,-788.086,83.984,-42.969,868.900
1666057314.017,-127.930,-650.879,85.938,-100.586,868.904
1666057314.021,-20.020,-131.348,98.145,4.883,868.908
1666057314.024,91.797,-102.051,102.539,90.820,868.912
1666057314.028,5.859,-379.883,96.191,0.000,868.916
1666057314.032,-116.699,-134.277,87.891,-94.238,868.920
1666057314.036,-63.965,-86.426,86.426,-30.273,868.924
1666057314.040,77.637,318.848,99.121,85.938,868.928
1666057314.043,58.105,509.766,99.121,53.223,868.934
1666057314.047,-81.055,37.598,88.379,-69.824,868.938
1666057314.051,-95.215,-438.477,82.031,-62.012,868.941
1666057314.055,45.410,-128.418,77.148,55.176,868.945
1666057314.059,70.312,436.523,73.730,56.641,868.949
1666057314.063,-73.730,-166.016,69.824,-60.547,868.953
1666057314.067,-117.676,-817.871,61.035,-77.148,868.957
1666057314.070,10.742,-952.148,59.570,34.180,868.961
1666057314.074,86.426,-52.246,70.312,70.801,868.965
1666057314.078,-36.621,362.793,62.012,-39.551,868.969
1666057314.082,-136.230,-379.883,56.152,-102.051,868.973
1666057314.086,-43.457,-189.941,72.754,-16.602,868.977
1666057314.086,74.707,615.723,69.336,67.871,868.972
1666057314.090,-10.742,503.906,41.992,-16.113,868.976
1666057314.094,-140.625,-500.000,32.227,-120.117,868.980
1666057314.098,-94.238,-546.875,52.246,-62.500,868.984
1666057314.102,53.223,421.387,64.941,50.293,868.988
1666057314.106,35.645,313.965,56.641,14.160,868.992
1666057314.110,-99.609,-627.930,37.598,-93.750,868.996
1666057314.113,-103.516,-1000.000,46.875,-68.359,869.000
1666057314.117,44.922,64.453,74.707,54.688,869.004
1666057314.121,82.520,634.277,64.941,58.594,869.008
1666057314.125,-68.848,-60.059,45.410,-75.684,869.011
1666057314.129,-120.605,-259.277,58.105,-104.492,869.015
1666057314.148,1.953,324.219,81.055,8.789,869.035
1666057314.152,84.961,579.102,78.613,68.848,869.039
1666057314.156,-29.297,13.184,69.824,-43.457,869.043
1666057314.160,-128.906,-261.230,80.078,-118.652,869.047
1666057314.164,-32.715,100.586,99.121,-30.273,869.051
1666057314.168,86.914,191.895,110.840,69.336,869.054
1666057314.172,17.090,-453.125,115.234,2.930,869.058
1666057314.175,-104.492,-687.500,108.398,-105.957,869.062
1666057314.179,-67.871,-266.602,108.887,-60.547,869.066
1666057314.183,68.359,55.664,103.516,62.500,869.070
1666057314.187,56.152,22.461,95.703,44.922,869.074
1666057314.191,-84.961,-20.996,93.750,-77.148,869.078
1666057314.192,-97.168,-184.570,89.355,-74.219,869.078
1666057314.196,45.410,97.168,101.562,50.293,869.082
1666057314.200,93.262,224.121,101.074,72.754,869.086
1666057314.204,-44.922,-65.918,95.215,-58.105,869.089
1666057314.208,-125.000,-261.230,93.262,-99.609,869.093
1666057314.212,-8.789,-313.477,91.309,10.742,869.097
1666057314.216,99.609,177.734,92.773,71.289,869.101
1666057314.219,-7.324,348.145,86.914,-22.949,869.105
1666057314.223,-117.188,-79.590,90.820,-99.609,869.109
1666057314.227,-48.340,-727.051,96.680,-21.484,869.113
1666057314.231,89.355,-771.484,116.699,80.078,869.117
1666057314.235,45.410,175.293,110.840,10.742,869.121
1666057314.236,68.359,721.680,97.168,47.852,869.133
1666057314.240,-75.684,-32.227,86.914,-72.266,869.136
1666057314.244,-109.375,-705.566,83.008,-89.355,869.140
1666057314.248,20.996,-79.102,75.684,26.367,869.144
1666057314.251,82.520,665.527,74.219,70.801,869.148
1666057314.255,-34.668,-122.070,74.707,-34.180,869.152
1666057314.259,-116.699,-886.230,71.777,-90.332,869.156
1666057314.263,-17.090,-87.891,80.078,-4.395,869.160
1666057314.267,91.797,565.918,84.473,70.312,869.164
1666057314.280,-2.441,19.043,80.566,-19.043,869.166
1666057314.284,-126.465,-541.504,87.402,-108.398,869.170
1666057314.288,-73.242,-317.871,101.562,-45.898,869.174
1666057314.292,61.523,189.453,105.469,58.594,869.178
1666057314.296,29.297,-169.434,93.750,21.973,869.182
1666057314.300,-110.352,-1000.000,95.215,-84.961,869.186
1666057314.304,-105.469,-564.453,129.395,-69.824,869.190
1666057314.307,43.457,377.441,126.953,41.504,869.194
1666057314.311,68.359,296.875,101.074,41.504,869.197
1666057314.315,-72.754,-172.852,111.816,-69.824,869.201
1666057314.319,-114.746,-117.188,127.441,-90.332,869.205
1666057314.323,5.859,210.938,117.676,17.578,869.209
1666057314.327,75.684,459.473,102.539,66.406,869.213
1666057314.331,-42.480,235.840,85.449,-43.457,869.217
1666057314.335,-121.094,-81.055,87.891,-106.445,869.221
1666057314.339,-26.855,-131.836,97.168,-18.066,869.225
1666057314.343,87.891,23.926,88.867,69.824,869.229
1666057314.347,14.160,-64.453,75.684,1.465,869.233
1666057314.351,-114.746,-308.594,63.477,-97.168,869.237
1666057314.354,-66.406,-441.895,52.246,-49.316,869.241
1666057314.358,68.848,-403.809,56.641,59.082,869.245
1666057314.362,42.969,291.504,83.496,26.367,869.248
1666057314.366,-108.887,122.559,89.844,-95.215,869.252
1666057314.370,-114.746,-380.859,79.590,-87.891,869.256
1666057314.372,28.809,99.121,83.496,34.180,869.258
1666057314.376,65.430,682.129,83.008,40.039,869.262
1666057314.380,-68.848,-44.922,78.125,-76.172,869.266
1666057314.384,-123.047,-785.645,95.703,-103.027,869.270
1666057314.388,3.418,-194.824,121.582,-2.441,869.273
1666057314.392,85.449,267.090,143.066,63.477,869.277
1666057314.396,-20.020,-137.695,145.996,-32.715,869.281
1666057314.399,-119.141,-760.742,135.742,-105.469,869.285
1666057314.403,-35.156,-1000.000,145.508,-8.301,869.289
1666057314.407,86.426,18.555,145.996,70.801,869.293
1666057314.411,10.254,418.945,122.070,-17.578,869.297
1666057314.415,-126.465,-336.914,124.023,-118.164,869.301
1666057314.416,-98.145,-163.086,130.859,-75.195,869.304
1666057314.420,44.922,604.492,144.531,39.062,869.308
1666057314.424,29.297,449.707,133.789,10.742,869.311
1666057314.428,-122.070,-280.762,90.332,-117.676,869.315
1666057314.432,-143.555,-244.141,77.148,-112.305,869.319
1666057314.436,-8.301,117.676,85.449,6.836,869.323
1666057314.440,42.480,128.906,80.078,24.902,869.327
1666057314.443,-96.680,-647.949,73.242,-83.984,869.331
1666057314.447,-166.016,-799.316,81.543,-123.535,869.335
1666057314.451,-39.551,30.273,84.473,-13.184,869.339
1666057314.455,62.012,340.332,79.590,58.105,869.343
1666057314.459,-40.039,-60.547,68.359,-52.246,869.347
1666057314.461,-155.762,-207.520,55.176,-144.531,869.347
1666057314.465,-82.520,142.090,52.246,-68.359,869.351
1666057314.469,54.199,62.012,52.246,36.621,869.355
1666057314.473,-10.254,-392.090,59.082,-25.879,869.359
1666057314.477,-154.785,-173.828,72.266,-142.578,869.363
1666057314.481,-130.371,-240.234,68.848,-112.305,869.367
1666057314.485,18.066,-506.348,62.012,15.137,869.371
1666057314.488,14.160,-439.941,58.594,2.441,869.375
1666057314.492,-128.906,-16.602,53.223,-136.230,869.379
1666057314.496,-151.855,-199.707,63.965,-143.066,869.382
1666057314.500,-7.812,-32.715,76.172,-19.043,869.386
1666057314.504,51.758,328.613,55.176,15.625,869.390
1666057314.509,-88.379,219.727,40.527,-99.121,869.398
1666057314.513,-158.691,-286.133,47.363,-147.461,869.402
1666057314.517,-39.062,-386.719,57.617,-33.203,869.406
1666057314.521,65.918,402.832,67.871,33.691,869.410
1666057314.525,-26.855,458.496,41.504,-64.453,869.414
1666057314.529,-142.090,-502.441,20.020,-142.578,869.418
1666057314.533,-78.125,-797.852,37.598,-68.359,869.422
1666057314.536,55.664,290.527,55.664,38.574,869.425
1666057314.540,10.742,631.348,44.434,-18.555,869.429
1666057314.544,-132.324,-255.859,41.016,-130.859,869.433
1666057314.548,-108.398,-384.766,62.500,-99.609,869.437
1666057314.552,50.781,466.309,77.637,23.438,869.441
1666057314.567,63.965,696.289,83.984,23.926,869.455
1666057314.571,-87.402,-204.102,82.031,-100.586,869.459
1666057314.575,-137.695,-782.715,82.520,-125.977,869.463
1666057314.579,-14.160,-179.199,86.914,-15.137,869.467
1666057314.583,50.293,538.086,67.383,23.926,869.471
1666057314.587,-72.266,-216.797,33.691,-80.078,869.475
1666057314.591,-157.715,-1000.000,34.668,-123.047,869.479
1666057314.594,-57.617,-357.910,67.383,-32.227,869.483
1666057314.598,60.547,550.293,73.242,36.621,869.487
1666057314.602,-14.648,194.336,59.082,-44.434,869.491
1666057314.606,-138.672,-257.324,54.688,-134.277,869.494
1666057314.610,-94.727,0.488,63.477,-78.613,869.498
1666057314.611,46.387,438.965,65.430,24.902,869.498
1666057314.615,13.672,278.809,62.012,-22.949,869.502
1666057314.619,-131.348,-105.957,57.129,-130.371,869.506
1666057314.623,-115.234,-175.781,52.246,-100.586,869.510
1666057314.627,25.391,-20.996,61.035,17.090,869.514
1666057314.631,53.711,-150.391,75.195,27.344,869.518
1666057314.635,-82.520,-357.422,75.195,-92.285,869.522
1666057314.638,-144.531,-216.797,70.312,-126.953,869.526
1666057314.642,-15.625,-88.867,73.730,-2.441,869.529
1666057314.646,71.777,-564.941,80.078,54.688,869.533
1666057314.650,-52.734,-358.398,73.242,-63.965,869.537
1666057314.654,-158.203,-130.859,49.805,-134.277,869.541
1666057314.655,-62.988,-232.910,54.688,-41.992,869.541
1666057314.659,67.871,379.883,57.617,56.152,869.545
1666057314.663,4.395,280.762,40.527,-13.672,869.549
1666057314.667,-125.000,-403.320,20.996,-121.094,869.553
1666057314.671,-94.238,-779.785,6.836,-66.406,869.557
1666057314.675,41.992,-479.492,6.348,38.086,869.561
1666057314.679,20.508,78.613,5.859,-9.277,869.565
1666057314.682,-125.488,-238.281,17.578,-109.863,869.569
1666057314.686,-140.625,-871.094,31.738,-88.379,869.573
1666057314.690,7.812,-503.906,54.199,35.645,869.577
1666057314.694,45.898,568.848,52.246,29.785,869.580
1666057314.698,-100.098,3.906,37.598,-104.004,869.584
1666057314.700,-161.621,-461.426,62.012,-135.254,869.600
1666057314.704,-41.016,214.844,93.262,-27.344,869.604
1666057314.708,62.500,824.219,104.980,38.574,869.608
1666057314.712,-46.387,233.887,76.660,-64.941,869.612
1666057314.716,-166.992,-508.301,43.945,-157.227,869.616
1666057314.720,-95.703,-323.730,43.457,-83.008,869.620
1666057314.724,41.992,399.902,67.383,27.344,869.624
1666057314.727,-4.395,212.891,73.242,-23.926,869.628
1666057314.731,-136.230,-785.645,62.988,-129.883,869.632
1666057314.735,-109.375,-576.172,78.613,-85.449,869.636
1666057314.739,39.551,384.766,92.773,26.367,869.639
1666057314.743,40.039,259.277,66.406,16.602,869.643
1666057314.746,-118.652,-483.398,50.293,-99.609,869.631
1666057314.750,-134.277,-235.840,54.688,-108.887,869.635
1666057314.754,7.812,158.203,53.711,12.695,869.639
1666057314.758,52.246,-102.539,46.387,31.250,869.643
1666057314.762,-76.172,-490.234,46.875,-96.680,869.646
1666057314.766,-143.066,-459.961,46.387,-144.531,869.650
1666057314.770,-35.645,-191.895,60.547,-32.227,869.654
1666057314.773,71.289,-186.523,66.895,66.406,869.658
1666057314.777,-30.762,-430.176,57.617,-27.832,869.662
1666057314.781,-150.391,-117.188,55.664,-135.254,869.666
1666057314.785,-77.637,-11.230,64.453,-54.688,869.670
1666057314.789,62.012,229.980,74.219,53.711,869.674
1666057314.793,16.602,204.102,74.219,-14.648,869.683
1666057314.797,-122.070,-8.789,85.938,-127.441,869.687
1666057314.801,-114.258,-226.562,71.777,-99.609,869.690
1666057314.805,25.879,-70.312,61.035,19.531,869.694
1666057314.809,42.480,395.996,62.012,13.184,869.698
1666057314.813,-110.352,-95.703,40.527,-101.562,869.702
1666057314.817,-145.020,-730.957,47.852,-103.027,869.706
1666057314.820,11.230,-544.922,77.148,17.090,869.710
1666057314.824,79.590,356.445,81.055,49.805,869.714
1666057314.828,-56.641,338.867,62.988,-68.359,869.718
1666057314.832,-149.414,-400.391,62.012,-130.371,869.722
1666057314.836,-46.387,-160.156,64.941,-38.086,869.726
1666057314.865,77.637,650.879,70.801,54.199,869.751
1666057314.869,-8.301,473.145,55.664,-30.762,869.755
1666057314.873,-130.859,-526.855,45.898,-135.254,869.759
1666057314.877,-68.848,-716.309,58.105,-69.824,869.763
1666057314.881,62.500,211.914,70.312,38.086,869.767
1666057314.885,20.508,341.797,68.359,-11.719,869.771
1666057314.889,-111.328,-616.211,50.781,-112.305,869.774
1666057314.892,-117.188,-1000.000,59.570,-88.379,869.778
1666057314.896,10.254,64.453,75.684,10.742,869.782
1666057314.900,53.711,644.531,55.664,18.066,869.786
1666057314.904,-74.707,-45.410,41.016,-89.844,869.790
1666057314.908,-142.578,-255.371,51.758,-123.047,869.794
1666057314.881,-13.184,333.496,54.688,-19.531,869.780
1666057314.885,66.895,574.707,50.293,37.109,869.784
1666057314.889,-60.059,25.879,56.641,-68.359,869.788
1666057314.893,-152.344,-221.680,64.453,-145.020,869.791
1666057314.897,-63.477,24.902,62.012,-51.758,869.795
1666057314.901,62.500,189.941,60.059,49.316,869.799
1666057314.905,-7.324,-163.574,48.828,-29.785,869.803
1666057314.908,-139.160,-560.547,56.641,-136.230,869.807
1666057314.912,-97.168,-201.660,66.895,-80.566,869.811
1666057314.916,46.875,105.469,60.547,39.551,869.815
1666057314.920,26.855,40.039,51.270,9.766,869.819
1666057314.924,-120.605,-38.574,39.551,-111.816,869.823
1666057314.940,-129.395,-109.863,47.363,-111.328,869.826
1666057314.944,9.766,-137.207,39.062,5.371,869.830
1666057314.948,45.898,-838.867,16.113,22.949,869.834
1666057314.952,-86.426,-725.586,23.438,-97.168,869.838
1666057314.956,-155.273,-142.090,29.785,-134.766,869.842
1666057314.960,-37.598,-446.289,39.551,-25.391,869.845
1666057314.964,54.688,-172.852,48.340,22.949,869.849
1666057314.967,-64.453,118.164,41.016,-81.543,869.853
1666057314.971,-156.738,-390.625,34.180,-146.973,869.857
1666057314.975,-67.871,-756.836,26.855,-61.035,869.861
1666057314.979,61.523,-125.488,38.574,37.109,869.865
1666057314.983,-2.441,546.387,24.414,-32.715,869.869
1666057314.985,-131.348,-179.199,-1.465,-123.535,869.871
1666057314.989,-98.145,-346.680,12.207,-75.684,869.875
1666057314.993,43.945,459.961,32.227,34.180,869.879
1666057314.997,47.852,746.582,35.645,21.484,869.883
1666057315.001,-95.215,-85.449,12.207,-85.938,869.887
1666057315.005,-120.605,-764.648,-12.207,-98.145,869.890
1666057315.009,4.883,-110.840,5.371,3.418,869.894
1666057315.012,59.082,703.613,10.254,34.180,869.898
1666057315.016,-79.102,-48.828,-20.508,-79.102,869.902
1666057315.020,-151.367,-896.484,-10.254,-124.512,869.906
1666057315.024,-20.996,-278.809,21.484,-23.438,869.910
1666057315.028,83.496,561.035,23.438,49.805,869.914
1666057315.045,-15.625,-0.488,13.184,-32.227,869.945
1666057315.049,-121.094,-683.105,27.344,-116.211,869.949
1666057315.053,-52.734,-275.879,40.039,-58.105,869.953
1666057315.057,79.590,245.117,42.969,43.457,869.957
1666057315.061,27.832,-120.605,38.574,-6.348,869.961
1666057315.065,-121.582,-955.566,31.250,-122.559,869.965
1666057315.069,-105.469,-499.512,34.668,-101.562,869.969
1666057315.072,36.133,423.828,26.367,24.902,869.973
1666057315.076,41.504,-49.316,8.789,26.367,869.977
1666057315.080,-106.445,-668.945,2.441,-100.098,869.981
1666057315.084,-137.695,-145.020,13.184,-110.352,869.984
1666057315.088,0.977,234.863,22.949,15.137,869.988
1666057315.075,75.195,292.480,18.066,61.035,869.961
1666057315.079,-56.152,-59.570,14.648,-66.895,869.965
1666057315.083,-150.391,-145.508,15.137,-135.742,869.969
1666057315.087,-35.156,10.742,24.902,-28.809,869.973
1666057315.091,73.730,71.777,34.668,48.828,869.977
1666057315.095,-23.438,-124.023,23.438,-44.922,869.980
1666057315.099,-129.883,-332.520,33.691,-121.094,869.984
1666057315.102,-68.359,-398.438,48.340,-54.199,869.988
1666057315.106,69.336,13.184,43.945,49.316,869.992
1666057315.110,32.715,488.770,34.668,4.883,869.996
1666057315.114,-113.281,30.273,21.973,-109.375,870.000
1666057315.118,-102.539,-700.684,15.137,-85.449,870.004
1666057315.120,32.227,-340.820,32.715,33.691,870.006
1666057315.124,52.246,568.359,40.039,35.156,870.010
1666057315.128,-87.402,-83.496,21.973,-90.332,870.014
1666057315.132,-141.602,-870.117,19.531,-107.422,870.018
1666057315.136,-18.066,-969.238,27.832,17.578,870.021
1666057315.140,62.012,-279.297,41.016,59.570,870.025
1666057315.144,-50.781,0.977,36.133,-62.988,870.029
1666057315.147,-144.531,-768.066,41.016,-132.812,870.033
1666057315.151,-50.293,-460.938,57.617,-46.875,870.037
1666057315.155,72.266,755.371,48.340,48.340,870.041
1666057315.159,-0.488,524.902,24.902,-17.578,870.045
1666057315.163,-126.953,-288.574,24.902,-125.000,870.049
1666057315.166,-85.938,-146.973,18.555,-75.195,870.052
1666057315.170,60.059,618.652,12.695,44.922,870.056
1666057315.174,46.875,510.742,12.695,18.555,870.060
1666057315.178,-104.980,-261.230,14.160,-105.957,870.064
1666057315.182,-101.074,-224.121,25.391,-95.703,870.068
1666057315.186,45.898,161.133,30.273,28.320,870.071
1666057315.190,66.895,80.078,7.324,30.273,870.075
1666057315.193,-68.359,-779.785,-12.695,-80.566,870.079
1666057315.197,-123.047,-665.039,6.836,-106.934,870.083
1666057315.201,0.977,290.527,0.977,-10.742,870.087
1666057315.205,93.750,473.145,-3.906,49.805,870.091
1666057315.209,-13.184,120.117,15.137,-42.480,870.095
1666057315.225,-121.094,-127.930,22.949,-111.816,870.110
1666057315.229,-28.320,112.305,16.113,-32.227,870.114
1666057315.233,92.285,216.309,3.418,59.082,870.118
1666057315.237,12.695,-44.922,-19.043,-14.648,870.122
1666057315.241,-107.422,-206.055,-20.996,-113.770,870.126
1666057315.245,-66.895,-248.535,2.930,-57.617,870.130
1666057315.249,73.242,-434.082,3.906,67.383,870.134
1666057315.252,54.199,-579.102,9.277,44.922,870.138
1666057315.256,-97.168,-320.312,24.414,-84.961,870.142
1666057315.260,-109.863,-459.473,12.695,-80.566,870.146
1666057315.264,35.645,-174.805,16.113,42.480,870.149
1666057315.268,82.520,451.172,24.902,68.848,870.153
1666057315.257,-50.781,319.824,12.207,-42.969,870.184
1666057315.261,-117.676,-318.359,19.043,-84.961,870.188
1666057315.265,-8.789,-139.160,41.016,16.602,870.191
1666057315.269,88.379,629.883,47.363,72.266,870.195
1666057315.273,-14.648,447.754,25.879,-26.855,870.199
1666057315.277,-132.812,-634.277,3.418,-91.797,870.203
1666057315.281,-59.082,-663.086,8.789,-15.137,870.207
1666057315.284,80.078,463.867,9.277,78.613,870.211
1666057315.288,29.785,646.484,7.812,24.902,870.215
1666057315.292,-114.258,-366.699,-3.906,-83.008,870.219
1666057315.296,-109.375,-846.680,1.953,-61.523,870.223
1666057315.300,50.781,12.207,19.531,49.805,870.227
1666057315.302,65.430,548.828,-11.230,30.273,870.199
1666057315.306,-99.121,-290.039,-46.387,-93.262,870.203
1666057315.310,-125.977,-942.383,-35.156,-95.703,870.207
1666057315.314,16.113,-93.750,-11.719,28.320,870.211
1666057315.318,77.148,621.582,-14.648,47.363,870.215
1666057315.322,-62.988,-299.805,-37.109,-70.312,870.219
1666057315.326,-143.066,-1000.000,-19.531,-106.934,870.223
1666057315.329,-30.273,-92.285,15.137,-16.602,870.226
1666057315.333,75.684,594.238,-6.836,59.082,870.230
1666057315.337,-22.949,152.344,-30.762,-30.762,870.234
1666057315.341,-135.254,-263.672,-17.090,-109.863,870.238
1666057315.345,-64.941,57.617,2.930,-39.062,870.242
1666057315.363,67.871,485.840,0.977,51.758,870.249
1666057315.367,22.949,15.137,-13.184,-0.977,870.253
1666057315.371,-111.816,-492.188,-7.324,-111.328,870.257
1666057315.375,-95.703,-167.969,9.766,-91.797,870.261
1666057315.379,49.805,296.875,10.742,33.691,870.264
1666057315.383,65.430,-369.141,-8.301,38.574,870.268
1666057315.387,-79.102,-702.637,-12.207,-76.172,870.272
1666057315.390,-124.023,-145.508,1.953,-101.562,870.276
1666057315.394,5.371,-69.824,7.324,2.441,870.280
1666057315.398,78.613,89.355,8.301,50.781,870.284
1666057315.402,-41.504,215.820,-3.906,-50.781,870.288
1666057315.406,-123.535,-165.527,-5.371,-107.422,870.292
1666057315.406,-42.480,-158.691,12.207,-22.461,870.305
1666057315.410,73.730,418.457,15.137,56.152,870.309
1666057315.414,4.395,211.914,-10.254,-26.367,870.313
1666057315.418,-133.301,-608.398,-30.762,-131.836,870.317
1666057315.422,-81.543,-742.676,-11.230,-66.895,870.321
1666057315.426,67.871,-168.457,9.277,43.457,870.325
1666057315.430,45.898,178.711,0.000,-3.906,870.329
1666057315.433,-98.633,-87.402,-3.418,-114.746,870.333
1666057315.437,-114.746,-683.105,-9.277,-94.238,870.336
1666057315.441,19.043,-982.422,4.395,29.297,870.340
1666057315.445,57.129,11.230,25.879,33.691,870.344
1666057315.449,-74.219,150.391,15.625,-91.309,870.348
1666057315.496,-128.418,-443.848,29.297,-116.211,870.383
1666057315.500,-0.977,140.625,33.691,-0.977,870.387
1666057315.504,86.426,765.137,2.441,43.945,870.391
1666057315.508,-30.273,235.840,-9.277,-64.453,870.394
1666057315.512,-123.535,-470.703,-0.488,-119.141,870.398
1666057315.516,-37.109,-312.012,5.859,-35.645,870.402
1666057315.520,92.285,253.906,12.695,59.082,870.406
1666057315.523,28.320,-43.945,-0.977,-3.418,870.410
1666057315.527,-106.445,-748.047,-15.137,-104.980,870.414
1666057315.531,-77.148,-272.461,-8.789,-74.707,870.418
1666057315.535,63.477,648.438,-9.277,30.762,870.422
1666057315.539,62.500,231.934,-30.273,27.344,870.426
1666057315.500,-86.914,-830.078,-37.109,-90.332,870.404
1666057315.504,-78.613,-339.844,-10.254,-92.773,870.407
1666057315.508,63.477,371.094,-0.488,34.668,870.411
1666057315.512,81.543,-17.090,-5.371,53.711,870.415
1666057315.516,-55.176,-498.535,-5.859,-61.035,870.419
1666057315.520,-117.188,-425.781,8.789,-104.004,870.423
1666057315.524,-6.836,-177.246,24.902,-9.766,870.427
1666057315.527,80.566,222.656,25.879,52.734,870.431
1666057315.531,-21.484,148.438,18.066,-36.133,870.435
1666057315.535,-127.441,-253.906,2.930,-121.094,870.439
1666057315.539,-59.082,-343.262,-6.348,-50.781,870.443
1666057315.543,70.801,149.414,4.883,55.176,870.447
1666057315.544,15.137,356.934,10.742,-14.160,870.433
1666057315.548,-115.723,41.992,13.184,-125.488,870.437
1666057315.552,-89.844,-280.273,16.602,-83.008,870.441
1666057315.556,46.387,-24.902,21.484,32.715,870.444
1666057315.560,52.246,448.730,21.973,13.672,870.448
1666057315.564,-86.426,-152.344,19.531,-99.121,870.452
1666057315.568,-99.609,-678.711,17.090,-88.867,870.456
1666057315.571,37.598,-944.824,15.137,41.016,870.460
1666057315.575,83.008,-752.441,33.691,71.289,870.464
1666057315.579,-46.875,-83.496,44.922,-54.688,870.468
1666057315.583,-125.977,-321.289,36.621,-122.559,870.472
1666057315.587,-17.090,-132.812,32.227,-15.625,870.476
1666057315.587,101.562,471.680,45.410,76.172,870.475
1666057315.591,2.930,376.953,38.574,-20.508,870.479
1666057315.595,-131.348,-485.352,18.555,-123.535,870.483
1666057315.599,-74.707,-555.176,31.738,-59.082,870.487
1666057315.603,66.895,495.605,28.320,54.688,870.491
1666057315.607,31.250,395.020,0.488,-2.930,870.495
1666057315.611,-119.141,-581.055,-27.832,-112.305,870.499
1666057315.614,-111.328,-1000.000,-29.297,-77.148,870.502
1666057315.618,44.922,-104.492,2.441,37.109,870.506
1666057315.622,66.406,656.250,-0.977,32.227,870.510
1666057315.626,-78.125,-34.180,-2.441,-89.844,870.514
1666057315.630,-116.211,-229.980,18.066,-109.375,870.518
1666057315.633,17.578,390.137,21.973,13.184,870.519
1666057315.637,95.703,683.105,3.418,68.848,870.523
1666057315.641,-22.949,-96.680,-8.789,-44.434,870.527
1666057315.645,-112.305,-435.059,-1.465,-112.793,870.531
1666057315.649,-20.996,174.805,1.465,-31.738,870.535
1666057315.653,89.355,389.160,0.488,53.711,870.539
1666057315.657,-0.977,-570.801,-6.348,-19.531,870.543
1666057315.660,-133.789,-785.156,14.160,-131.348,870.547
1666057315.664,-74.707,45.410,38.086,-65.918,870.551
1666057315.668,69.824,393.066,25.391,57.129,870.555
1666057315.672,37.109,364.746,2.441,12.695,870.558
1666057315.676,-103.027,33.691,0.488,-98.145,870.562
1666057315.691,-102.539,-125.488,11.719,-91.797,870.593
1666057315.695,46.387,214.355,23.438,18.555,870.597
1666057315.699,83.984,225.586,16.113,39.551,870.601
1666057315.703,-51.758,-149.414,10.742,-62.012,870.605
1666057315.707,-103.516,-195.801,11.719,-85.938,870.609
1666057315.711,13.672,-465.332,-0.488,22.461,870.613
1666057315.715,88.867,-752.441,6.348,82.031,870.617
1666057315.718,-29.297,-255.859,13.184,-30.273,870.621
1666057315.722,-128.418,-155.273,6.836,-115.234,870.624
1666057315.726,-40.039,-346.191,25.391,-25.879,870.628
1666057315.730,88.379,317.871,41.016,66.406,870.632
1666057315.734,21.973,557.617,15.625,-12.207,870.636
1666057315.738,-107.910,-197.754,2.930,-105.957,870.624
1666057315.742,-67.871,-363.770,18.066,-61.035,870.628
1666057315.746,73.242,386.230,20.996,46.387,870.632
1666057315.750,62.988,651.855,20.020,28.320,870.636
1666057315.754,-89.355,-114.746,14.160,-95.703,870.640
1666057315.758,-112.793,-734.863,10.254,-100.098,870.644
1666057315.762,45.410,-134.766,41.504,30.273,870.647
1666057315.765,94.238,435.547,43.945,50.781,870.651
1666057315.769,-55.176,-342.285,17.090,-63.477,870.655
1666057315.773,-126.465,-952.637,34.180,-103.516,870.659
1666057315.777,2.441,-93.750,65.430,-9.766,870.663
1666057315.781,110.352,732.910,53.223,64.941,870.667
1666057315.781,-3.418,-118.164,9.766,-31.250,870.667
1666057315.785,-122.559,-837.891,1.953,-121.582,870.671
1666057315.789,-40.527,-251.953,6.348,-43.457,870.675
1666057315.793,93.750,249.023,-4.395,55.176,870.679
1666057315.797,27.344,-15.625,-19.043,-14.648,870.683
1666057315.801,-114.258,-675.293,-20.020,-128.418,870.687
1666057315.805,-83.984,-488.281,8.301,-81.055,870.690
1666057315.808,64.941,442.871,21.973,37.109,870.694
1666057315.812,69.824,-8.301,14.648,26.367,870.698
1666057315.816,-80.566,-962.891,20.996,-94.238,870.702
1666057315.820,-104.492,-480.957,37.598,-115.234,870.706
1666057315.824,38.086,156.738,25.879,7.812,870.710
1666057315.856,83.496,337.402,17.578,40.039,870.743
1666057315.860,-54.199,97.168,18.555,-79.590,870.747
1666057315.864,-124.512,-76.172,12.207,-127.441,870.751
1666057315.868,-13.184,26.367,3.418,-31.738,870.755
1666057315.872,95.215,410.156,-17.090,41.992,870.759
1666057315.876,-1.953,63.477,-22.461,-46.875,870.763
1666057315.880,-114.258,-347.656,-10.742,-138.184,870.767
1666057315.883,-52.734,-302.734,-22.949,-66.895,870.771
1666057315.887,80.566,-284.180,-34.180,46.875,870.775
1666057315.891,44.434,229.492,-20.508,-5.371,870.778
1666057315.895,-103.516,70.801,-6.348,-124.023,870.782
1666057315.899,-92.285,-351.074,2.441,-99.121,870.786
1666057315.871,57.129,101.074,0.977,24.414,870.757
1666057315.875,62.500,453.613,-8.301,25.879,870.761
1666057315.879,-83.008,-174.805,-13.184,-85.449,870.765
1666057315.883,-119.141,-764.648,-23.926,-112.793,870.769
1666057315.887,12.207,-112.793,-29.785,0.488,870.773
1666057315.891,96.680,458.984,-28.809,63.477,870.777
1666057315.895,-32.227,-41.992,-37.109,-40.527,870.780
1666057315.898,-128.906,-832.031,-44.922,-95.215,870.784
1666057315.902,-23.926,-627.441,-23.926,9.277,870.788
1666057315.906,100.098,566.406,-6.836,89.355,870.792
1666057315.910,9.766,416.992,-24.414,-6.836,870.796
1666057315.914,-121.582,-485.352,-45.898,-112.793,870.800
1666057315.917,-65.918,-264.160,-47.363,-53.223,870.804
1666057315.921,76.172,607.910,-31.250,61.523,870.808
1666057315.925,44.922,484.375,-26.367,19.043,870.812
1666057315.929,-112.305,-731.445,-29.785,-89.355,870.815
1666057315.933,-104.004,-817.871,-12.207,-68.359,870.819
1666057315.937,62.988,137.695,23.926,55.664,870.823
1666057315.941,87.402,196.777,33.203,75.195,870.827
1666057315.944,-62.012,-641.602,27.344,-48.828,870.831
1666057315.948,-105.957,-497.559,69.824,-79.590,870.835
1666057315.952,20.996,423.340,90.820,24.902,870.839
1666057315.956,94.238,513.672,67.383,67.383,870.843
1666057315.960,-23.438,49.316,65.918,-35.156,870.847
1666057315.976,-119.629,-126.953,73.730,-96.680,870.862
1666057315.980,-28.809,155.762,79.102,-11.719,870.866
1666057315.984,86.426,303.223,80.078,80.566,870.870
1666057315.988,12.695,66.406,67.383,6.348,870.874
1666057315.992,-118.164,-130.371,48.828,-98.633,870.878
1666057315.996,-74.219,-189.941,54.688,-45.410,870.882
1666057316.000,73.242,-329.590,53.223,74.219,870.886
1666057316.003,38.086,-814.941,34.668,39.062,870.890
1666057316.007,-102.539,-446.777,52.246,-87.891,870.894
1666057316.011,-110.352,-158.203,53.711,-80.566,870.897
1666057316.015,26.855,90.820,36.133,31.738,870.901
1666057316.019,70.801,590.332,36.133,41.016,870.905
1666057316.053,-70.801,329.102,34.180,-80.566,870.940
1666057316.057,-131.348,-236.816,30.762,-108.887,870.943
1666057316.061,-9.277,-96.191,32.715,3.418,870.947
1666057316.065,90.820,565.918,26.367,57.617,870.951
1666057316.069,-12.207,425.781,20.996,-37.598,870.955
1666057316.073,-130.371,-540.527,26.855,-98.633,870.959
1666057316.077,-51.270,-592.285,52.246,-11.230,870.963
1666057316.080,91.797,461.426,43.945,76.172,870.967
1666057316.084,25.391,420.898,-13.184,-3.418,870.971
1666057316.088,-114.746,-567.871,-38.574,-111.328,870.975
1666057316.092,-85.938,-991.211,-31.250,-62.500,870.979
1666057316.096,54.688,34.668,-20.996,51.758,870.983
1666057316.057,50.781,646.973,-40.039,26.855,870.945
1666057316.061,-95.703,-181.641,-60.059,-94.238,870.949
1666057316.065,-122.070,-641.113,-46.875,-89.355,870.953
1666057316.069,15.137,32.715,-19.531,30.273,870.957
1666057316.073,64.941,699.707,-12.695,48.828,870.960
1666057316.077,-63.965,-223.145,-20.020,-62.500,870.964
1666057316.081,-133.789,-842.285,-17.578,-109.375,870.968
1666057316.084,-19.531,79.102,-10.742,-15.625,870.972
1666057316.088,95.703,596.191,-19.043,62.012,870.976
1666057316.092,-5.859,23.926,-22.949,-20.508,870.980
1666057316.096,-132.812,-421.875,-15.625,-111.328,870.984
1666057316.100,-69.824,-254.395,-13.184,-52.734,870.988
1666057316.099,75.195,258.301,-20.020,58.594,871.000
1666057316.103,33.691,150.879,-26.367,16.113,871.004
1666057316.107,-107.910,-272.461,-15.625,-98.145,871.008
1666057316.111,-92.285,-128.906,-29.297,-85.449,871.012
1666057316.115,48.828,296.875,-36.621,20.020,871.015
1666057316.119,63.965,-359.375,-40.039,33.691,871.019
1666057316.123,-79.102,-1000.000,-43.945,-70.312,871.023
1666057316.126,-110.352,-673.828,-31.250,-88.867,871.027
1666057316.130,31.250,10.254,-26.367,31.738,871.031
1666057316.134,99.609,453.125,-24.414,62.012,871.035
1666057316.138,-27.832,390.137,-23.438,-62.012,871.039
1666057316.142,-107.910,-48.828,-17.578,-113.281,871.043
1666057316.157,-5.859,-44.434,-3.906,-16.113,871.045
1666057316.161,102.051,363.770,-13.184,67.871,871.049
1666057316.165,8.789,132.812,-29.785,-20.020,871.053
1666057316.169,-116.699,-435.059,-1.465,-116.211,871.057
1666057316.173,-57.617,-774.902,25.391,-47.363,871.061
1666057316.177,80.078,-729.004,23.438,57.617,871.065
1666057316.181,48.340,-108.398,26.367,7.324,871.069
1666057316.184,-93.262,-91.309,11.230,-105.957,871.072
1666057316.188,-84.961,-622.559,14.648,-86.914,871.076
1666057316.192,72.266,-30.273,33.203,46.387,871.080
1666057316.196,97.656,832.031,26.855,57.617,871.084
1666057316.200,-63.477,145.996,20.020,-79.590,871.088
1666057316.231,-110.352,-386.230,26.855,-108.887,871.117
1666057316.235,22.949,228.516,34.180,0.000,871.121
1666057316.239,103.516,827.148,25.391,39.062,871.125
1666057316.243,-16.602,236.816,4.395,-67.383,871.129
1666057316.247,-118.652,-613.281,1.465,-121.582,871.133
1666057316.251,-23.438,-378.906,17.090,-20.996,871.137
1666057316.255,95.703,307.617,39.551,66.406,871.141
1666057316.258,17.090,0.488,32.715,-15.625,871.145
1666057316.262,-114.258,-948.242,25.879,-106.445,871.149
1666057316.266,-77.148,-472.656,34.668,-53.711,871.152
1666057316.270,75.195,613.281,18.066,53.711,871.156
1666057316.274,46.875,413.086,3.418,17.090,871.160
1666057316.261,-98.145,-167.969,-9.766,-108.398,871.147
1666057316.265,-98.145,-142.578,-9.277,-93.750,871.151
1666057316.269,41.016,211.426,3.418,33.691,871.155
1666057316.273,76.660,-43.457,6.836,46.875,871.159
1666057316.277,-71.289,-562.500,6.836,-77.637,871.163
1666057316.281,-132.812,-480.957,0.000,-117.676,871.167
1666057316.285,-4.883,-246.582,10.254,-10.742,871.171
1666057316.288,88.379,84.473,20.508,51.758,871.175
1666057316.292,-21.973,26.367,17.578,-47.363,871.179
1666057316.296,-121.582,-126.465,20.020,-112.305,871.182
1666057316.300,-38.086,-27.832,16.113,-19.531,871.186
1666057316.304,86.426,232.422,10.742,77.148,871.190
1666057316.292,17.090,294.922,7.324,-4.883,871.179
1666057316.296,-119.629,-59.082,11.719,-118.652,871.183
1666057316.300,-83.008,-140.625,18.555,-70.801,871.187
1666057316.304,51.758,-531.250,12.695,49.805,871.190
1666057316.308,43.457,-513.672,1.953,21.973,871.194
1666057316.312,-96.191,-260.742,-16.113,-101.562,871.198
1666057316.316,-120.605,-755.859,-29.297,-98.633,871.202
1666057316.319,18.066,-245.605,-20.508,20.508,871.206
1666057316.323,79.102,640.625,-15.137,45.898,871.210
1666057316.327,-53.223,217.773,-42.969,-69.336,871.214
1666057316.331,-130.371,-686.035,-63.477,-109.375,871.218
1666057316.335,-12.207,-916.016,-38.574,-7.812,871.222
1666057316.336,81.055,132.812,-25.391,53.223,871.222
1666057316.340,-20.508,484.375,-44.922,-34.668,871.226
1666057316.344,-132.324,-552.734,-41.992,-112.793,871.230
1666057316.348,-59.082,-507.812,-21.484,-48.340,871.234
1666057316.352,77.148,521.484,-6.836,44.922,871.238
1666057316.356,23.438,373.535,-3.906,-12.695,871.242
1666057316.360,-104.492,-668.945,-9.277,-104.492,871.246
1666057316.363,-80.078,-807.129,-2.441,-66.895,871.249
1666057316.367,64.453,354.004,6.348,42.480,871.253
1666057316.371,73.730,700.684,4.883,33.203,871.257
1666057316.375,-71.777,-242.188,21.484,-86.914,871.261
1666057316.379,-116.211,-528.320,28.809,-101.562,871.265
1666057316.384,16.113,121.094,40.527,8.789,871.273
1666057316.388,88.379,465.820,37.109,43.945,871.277
1666057316.392,-42.480,-166.016,20.996,-74.219,871.281
1666057316.396,-129.395,-391.602,29.297,-128.418,871.285
1666057316.400,-16.602,188.477,38.086,-20.508,871.289
1666057316.404,90.820,326.172,36.133,61.523,871.293
1666057316.408,-7.812,-465.820,29.297,-25.879,871.297
1666057316.411,-125.000,-559.082,17.578,-130.371,871.300
1666057316.415,-72.266,51.270,4.883,-68.848,871.304
1666057316.419,70.801,292.969,3.418,45.410,871.308
1666057316.423,46.387,281.250,8.789,-3.418,871.312
1666057316.427,-96.191,31.250,18.555,-109.863,871.316
1666057316.441,-88.379,-104.492,27.832,-80.566,871.343
1666057316.445,59.570,152.344,32.715,37.109,871.347
1666057316.449,83.984,166.504,32.227,41.992,871.351
1666057316.453,-57.129,-375.977,15.625,-73.730,871.355
1666057316.457,-106.445,-581.543,19.043,-95.215,871.358
1666057316.461,20.508,-528.809,24.902,19.531,871.362
1666057316.465,86.914,-962.891,8.789,68.848,871.366
1666057316.468,-30.273,-586.426,19.043,-42.480,871.370
1666057316.472,-107.422,-174.805,31.250,-104.980,871.374
1666057316.476,-16.602,-124.023,29.785,-34.668,871.378
1666057316.480,96.191,571.777,24.902,36.621,871.382
1666057316.484,9.277,590.332,20.996,-34.668,871.386
1666057316.501,-116.699,-194.336,25.879,-120.117,871.388
1666057316.505,-64.453,-327.148,43.457,-58.594,871.391
1666057316.509,75.684,462.891,60.547,42.969,871.395
1666057316.513,53.223,685.059,49.316,7.324,871.399
1666057316.517,-92.773,-164.551,19.043,-96.191,871.403
1666057316.521,-103.516,-694.824,17.578,-86.914,871.407
1666057316.525,20.996,-148.438,25.879,24.414,871.411
1666057316.528,66.895,418.945,8.789,46.387,871.415
1666057316.532,-60.059,-190.430,-9.277,-70.312,871.419
1666057316.536,-135.254,-808.594,-13.184,-107.422,871.423
1666057316.540,-4.883,56.641,-6.348,-10.254,871.427
1666057316.544,93.750,792.969,-0.488,38.086,871.431
1666057316.531,-22.461,-54.199,-10.742,-63.477,871.417
1666057316.535,-128.418,-941.895,9.277,-127.930,871.421
1666057316.539,-45.410,-373.535,58.594,-38.086,871.425
1666057316.543,82.031,265.137,62.012,61.035,871.429
1666057316.547,19.531,-0.977,41.992,-11.230,871.433
1666057316.551,-118.652,-684.570,32.227,-119.629,871.436
1666057316.555,-83.008,-431.641,41.504,-67.871,871.440
1666057316.558,64.453,416.992,48.340,49.316,871.444
1666057316.562,46.387,-100.586,41.504,21.973,871.448
1666057316.566,-93.750,-672.363,43.457,-98.145,871.452
1666057316.570,-104.980,-148.438,38.086,-106.934,871.456
1666057316.574,34.180,428.711,29.297,10.742,871.460
1666057316.578,66.895,-147.949,14.160,44.922,871.464
1666057316.582,-77.637,-822.266,14.160,-70.312,871.468
1666057316.586,-136.719,-186.035,35.645,-118.652,871.472
1666057316.590,-18.555,120.117,37.109,-13.184,871.476
1666057316.594,83.984,312.500,16.602,55.176,871.480
1666057316.598,-12.695,58.594,5.859,-40.527,871.484
1666057316.602,-126.465,-479.980,9.766,-125.000,871.488
1666057316.605,-65.918,-514.160,14.648,-55.176,871.492
1666057316.609,73.242,-253.906,25.879,64.453,871.496
1666057316.613,30.273,188.965,16.113,8.301,871.499
1666057316.617,-118.652,-89.844,-1.953,-111.328,871.503
1666057316.621,-95.215,-740.723,3.906,-77.637,871.507
1666057316.621,52.246,-134.277,21.484,26.367,871.507
1666057316.625,55.176,693.848,48.828,9.277,871.511
1666057316.629,-95.215,-75.195,48.828,-107.910,871.515
1666057316.633,-130.371,-786.621,50.781,-119.141,871.519
1666057316.637,10.742,-29.297,58.594,0.977,871.523
1666057316.641,73.730,491.211,40.527,38.086,871.527
1666057316.645,-56.152,-68.848,32.715,-78.613,871.530
1666057316.648,-138.672,-782.227,26.855,-125.977,871.534
1666057316.652,-36.621,-764.648,50.293,-20.508,871.538
1666057316.656,79.590,446.289,66.895,57.617,871.542
1666057316.660,-3.906,468.262,32.227,-23.926,871.546
1666057316.664,-128.906,-328.613,36.133,-118.652,871.550
1666057316.668,-70.312,-110.352,57.617,-48.340,871.557
1666057316.672,79.102,466.309,60.547,61.035,871.561
1666057316.676,33.203,368.652,44.434,1.953,871.565
1666057316.680,-115.234,-438.477,29.785,-108.398,871.569
1666057316.684,-92.285,-356.445,34.668,-76.172,871.573
1666057316.688,56.152,256.348,34.668,38.574,871.576
1666057316.692,64.941,150.391,27.344,25.879,871.580
1666057316.695,-75.684,-637.695,25.879,-84.961,871.584
1666057316.699,-111.328,-490.723,33.203,-93.262,871.588
1666057316.703,14.160,385.254,19.043,20.020,871.592
1666057316.707,91.309,471.191,21.973,67.871,871.596
1666057316.711,-25.391,28.809,28.320,-43.457,871.600
1666057316.711,-119.629,-140.137,26.367,-115.234,871.611
1666057316.715,-18.555,201.172,32.715,-26.367,871.615
1666057316.719,90.332,296.875,37.109,64.453,871.619
1666057316.723,6.348,-189.453,33.203,-12.695,871.623
1666057316.727,-111.328,-460.938,29.297,-111.328,871.627
1666057316.731,-64.941,-300.293,44.922,-57.129,871.631
1666057316.735,69.824,-285.645,37.598,59.570,871.635
1666057316.738,40.039,-801.270,25.391,28.320,871.639
1666057316.742,-98.145,-502.441,41.504,-95.703,871.643
1666057316.746,-90.820,-153.809,34.668,-83.984,871.646
1666057316.750,48.340,136.230,39.551,39.062,871.650
1666057316.754,73.242,604.980,52.246,40.039,871.654
1666057316.787,-61.523,237.793,43.457,-92.773,871.674
1666057316.791,-119.141,-322.754,26.855,-121.094,871.678
1666057316.795,3.906,-84.473,24.902,-8.301,871.682
1666057316.799,92.773,607.422,20.996,43.457,871.686
1666057316.803,-26.855,368.164,5.371,-68.848,871.689
1666057316.807,-138.672,-595.215,4.395,-141.602,871.693
1666057316.811,-55.176,-799.805,8.301,-44.922,871.697
1666057316.814,95.215,171.875,15.137,62.988,871.701
1666057316.818,40.527,568.848,3.418,-3.906,871.705
1666057316.822,-110.840,-369.141,-19.043,-114.746,871.709
1666057316.826,-80.078,-779.785,-8.301,-75.684,871.713
1666057316.830,62.500,219.727,13.672,39.551,871.717
1666057316.816,45.898,638.184,-0.488,17.578,871.702
1666057316.820,-89.844,-123.047,-6.348,-103.027,871.706
1666057316.824,-106.934,-652.832,4.883,-96.191,871.710
1666057316.828,31.250,-9.766,6.348,21.973,871.714
1666057316.832,85.449,662.109,-1.465,37.109,871.718
1666057316.836,-60.547,-236.328,-14.648,-80.566,871.722
1666057316.840,-140.625,-831.543,-15.137,-123.047,871.725
1666057316.843,-18.066,51.758,-9.277,-12.207,871.729
1666057316.847,82.031,591.797,-18.066,56.641,871.733
1666057316.851,-18.066,-301.758,-20.996,-35.156,871.737
1666057316.855,-120.117,-759.277,-9.277,-121.094,871.741
1666057316.859,-43.945,17.090,-15.137,-52.246,871.745
1666057316.861,77.148,559.570,-22.949,55.664,871.747
1666057316.865,13.184,-291.992,-38.574,-1.953,871.751
1666057316.869,-123.047,-959.473,-28.320,-113.281,871.755
1666057316.873,-91.309,-194.336,-2.930,-83.984,871.759
1666057316.877,58.105,342.773,-3.906,33.691,871.763
1666057316.881,58.594,97.168,-23.438,25.879,871.766
1666057316.885,-86.914,-335.938,-37.109,-99.609,871.770
1666057316.888,-111.816,-129.883,-34.668,-109.375,871.774
1666057316.892,24.414,42.969,-41.504,14.160,871.778
1666057316.896,78.125,-170.898,-41.504,48.828,871.782
1666057316.900,-46.875,-49.316,-27.344,-66.895,871.786
1666057316.904,-122.559,-272.949,-24.902,-119.629,871.790
1666057316.906,-20.996,-527.832,-25.391,-21.973,871.792
1666057316.910,91.309,77.637,-20.020,65.918,871.796
1666057316.914,0.488,119.629,-25.391,-25.391,871.800
1666057316.918,-124.023,-386.230,-28.809,-126.953,871.804
1666057316.922,-60.547,-609.375,-20.508,-51.270,871.808
1666057316.926,83.008,-383.789,-11.230,61.035,871.812
1666057316.930,44.434,171.875,-5.859,8.301,871.816
1666057316.933,-95.703,-34.180,-17.090,-102.051,871.819
1666057316.937,-90.820,-746.582,-23.926,-76.660,871.823
1666057316.941,43.457,-346.191,-3.906,32.227,871.827
1666057316.945,73.242,690.430,8.789,29.785,871.831
1666057316.949,-63.477,100.586,-6.348,-85.449,871.835
1666057316.969,-117.676,-447.754,-17.090,-107.422,871.858
1666057316.973,0.000,100.586,-23.438,4.395,871.862
1666057316.977,66.895,529.785,-43.945,41.504,871.866
1666057316.981,-57.129,69.336,-48.828,-69.336,871.870
1666057316.985,-148.926,-643.066,-34.668,-130.371,871.874
1666057316.989,-50.293,-420.898,-25.879,-44.922,871.877
1666057316.993,66.895,393.066,-15.137,43.945,871.881
1666057316.996,0.488,163.086,-14.160,-19.531,871.885
1666057317.000,-118.164,-819.336,-15.625,-106.445,871.889
1666057317.004,-66.406,-292.480,2.930,-47.852,871.893
1666057317.008,78.613,649.414,-4.395,60.059,871.897
1666057317.012,48.340,355.469,-19.043,19.531,871.901
1666057316.996,-99.121,-250.488,-20.996,-100.098,871.882
1666057317.000,-106.445,-137.207,-26.855,-89.355,871.886
1666057317.004,34.180,149.902,-29.297,35.156,871.890
1666057317.008,63.477,190.430,-27.832,35.645,871.894
1666057317.012,-82.520,-202.637,-25.391,-91.797,871.898
1666057317.016,-142.578,-565.430,-19.531,-120.117,871.902
1666057317.020,-15.625,-266.113,-6.348,-8.301,871.906
1666057317.023,72.754,159.668,9.277,45.410,871.910
1666057317.027,-41.504,37.598,-6.348,-56.641,871.914
1666057317.031,-136.230,-254.883,-14.160,-121.094,871.918
1666057317.035,-47.852,71.777,-8.789,-39.551,871.922
1666057317.039,73.730,-154.785,-14.160,53.223,871.925
1666057317.042,0.000,-965.332,-13.184,-23.926,871.929
1666057317.046,-126.465,-611.816,1.953,-134.766,871.933
1666057317.050,-81.543,-170.898,3.906,-85.449,871.937
1666057317.054,64.941,273.438,11.230,26.855,871.940
1666057317.058,57.129,564.453,14.160,6.836,871.944
1666057317.062,-90.820,-195.801,0.488,-110.352,871.948
1666057317.066,-104.980,-648.438,1.953,-110.352,871.952
1666057317.069,26.367,-835.449,5.859,16.113,871.956
1666057317.073,69.336,-203.125,14.160,32.227,871.960
1666057317.077,-66.406,274.902,4.395,-85.449,871.964
1666057317.081,-125.977,-375.488,4.395,-117.188,871.968
1666057317.085,5.859,-102.539,20.508,-5.371,871.972
1666057317.101,99.121,697.266,16.113,62.012,871.987
1666057317.105,-13.184,438.965,-0.488,-43.457,871.991
1666057317.109,-124.512,-572.266,-10.254,-118.652,871.995
1666057317.113,-54.199,-478.027,-21.973,-37.598,871.999
1666057317.117,70.801,531.738,-40.039,45.898,872.003
1666057317.121,13.184,303.711,-40.527,-22.949,872.006
1666057317.125,-120.117,-711.914,-29.297,-116.699,872.010
1666057317.128,-90.332,-813.965,-7.324,-74.707,872.014
1666057317.132,61.523,338.867,24.902,41.016,872.018
1666057317.136,67.383,592.773,14.160,24.414,872.022
1666057317.140,-86.426,-416.016,-4.883,-96.191,872.026
1666057317.144,-111.816,-493.652,9.766,-100.586,872.030
1666057317.133,27.344,407.227,13.672,12.695,872.031
1666057317.137,75.684,560.547,-8.789,46.875,872.034
1666057317.141,-50.781,-78.613,-16.113,-62.012,872.038
1666057317.145,-121.582,-238.281,-4.395,-105.957,872.042
1666057317.149,-20.508,178.711,-4.395,-13.672,872.046
1666057317.153,76.660,307.129,-13.672,47.852,872.050
1666057317.157,-24.414,-96.680,-17.578,-35.645,872.054
1666057317.160,-139.648,-333.984,-16.113,-120.605,872.058
1666057317.164,-62.988,32.227,-13.672,-60.547,872.062
1666057317.168,66.895,203.125,-25.391,45.410,872.066
1666057317.172,20.020,-418.945,-33.691,1.953,872.070
1666057317.176,-114.746,-447.754,-24.902,-113.770,872.074
1666057317.177,-97.168,-301.270,-21.973,-91.309,872.076
1666057317.181,48.828,-244.629,-18.066,36.621,872.080
1666057317.185,59.570,-186.523,-21.973,37.109,872.084
1666057317.189,-81.055,-260.742,-21.973,-89.355,872.087
1666057317.193,-109.375,-178.711,-17.578,-112.305,872.091
1666057317.197,21.484,-423.340,-17.578,9.766,872.095
1666057317.201,81.055,-582.520,-18.555,56.641,872.099
1666057317.204,-41.016,-45.898,-26.855,-64.453,872.103
1666057317.208,-120.605,-197.754,-33.691,-117.188,872.107
1666057317.212,-25.391,-218.750,-21.973,-15.137,872.111
1666057317.216,87.891,446.777,-16.113,59.082,872.115
1666057317.220,3.418,427.246,-17.578,-27.344,872.119
1666057317.236,-130.859,-263.672,-14.648,-125.488,872.122
1666057317.240,-72.754,-323.730,-14.648,-65.430,872.126
1666057317.244,70.312,315.430,3.906,57.617,872.130
1666057317.248,25.391,376.465,4.395,10.742,872.134
1666057317.252,-117.188,-228.027,-21.484,-110.352,872.138
1666057317.256,-117.676,-867.676,-24.902,-90.332,872.142
1666057317.260,22.461,-191.406,-9.766,14.160,872.146
1666057317.263,53.711,671.387,-16.602,11.719,872.150
1666057317.267,-88.379,-98.145,-31.250,-99.121,872.154
1666057317.271,-137.207,-772.461,-32.715,-116.699,872.158
1666057317.275,-11.230,103.516,-2.930,-5.859,872.162
1666057317.279,77.637,698.730,-4.395,50.293,872.165
1666057317.281,-42.480,-19.043,-25.391,-58.105,872.168
1666057317.285,-146.484,-503.418,-28.809,-137.695,872.172
1666057317.289,-54.199,-254.395,-26.855,-53.711,872.175
1666057317.293,76.660,305.176,-8.301,44.434,872.179
1666057317.297,5.371,-115.723,-12.695,-12.207,872.183
1666057317.301,-131.836,-1000.000,-7.324,-113.281,872.187
1666057317.305,-85.938,-653.809,17.090,-73.242,872.191
1666057317.308,60.547,144.531,11.230,30.762,872.195
1666057317.312,50.781,-191.406,-9.766,9.277,872.199
1666057317.316,-94.727,-920.898,-2.441,-98.633,872.203
1666057317.320,-115.723,-269.531,11.230,-95.703,872.207
1666057317.324,30.273,356.445,-6.836,23.926,872.211
1666057317.326,78.613,468.262,-14.160,34.668,872.213
1666057317.330,-64.941,147.949,-13.184,-92.773,872.216
1666057317.334,-127.441,-139.160,-3.906,-129.395,872.220
1666057317.338,-2.441,69.824,9.766,-23.438,872.224
1666057317.342,94.238,385.742,4.883,40.039,872.228
1666057317.346,-18.066,-63.965,-4.883,-47.852,872.232
1666057317.350,-139.160,-482.422,-5.859,-126.465,872.236
1666057317.353,-60.059,-265.137,-19.531,-46.875,872.240
1666057317.357,64.941,-636.719,-32.715,61.523,872.244
1666057317.361,4.883,-396.484,-13.672,-8.789,872.248
1666057317.365,-123.047,-27.344,-14.160,-116.211,872.252
1666057317.369,-97.656,-341.309,-21.973,-76.660,872.255
1666057317.371,45.898,183.105,-13.672,36.621,872.257
1666057317.375,49.316,624.512,-10.742,16.602,872.261
1666057317.379,-104.492,-107.910,-11.719,-102.539,872.265
1666057317.383,-125.000,-876.465,-1.465,-93.262,872.269
1666057317.387,23.438,-411.621,11.719,27.344,872.273
1666057317.391,76.660,272.949,20.996,49.805,872.277
1666057317.395,-64.453,-102.051,13.672,-77.637,872.281
1666057317.398,-161.621,-817.383,1.953,-143.066,872.285
1666057317.402,-53.711,-491.211,32.227,-34.180,872.289
1666057317.406,52.246,659.180,45.410,34.180,872.293
1666057317.410,-40.527,301.270,7.812,-60.059,872.296
1666057317.414,-157.715,-643.555,6.348,-145.020,872.300
1666057317.416,-94.238,-269.043,21.973,-82.031,872.332
1666057317.420,48.828,718.750,17.090,21.484,872.336
1666057317.424,6.836,467.773,3.418,-33.203,872.340
1666057317.428,-145.508,-347.656,5.371,-144.043,872.344
1666057317.432,-128.906,-250.000,26.367,-105.469,872.348
1666057317.436,25.391,180.664,30.762,25.391,872.352
1666057317.440,31.738,70.312,14.160,13.184,872.356
1666057317.443,-118.652,-732.910,0.000,-118.652,872.359
1666057317.447,-142.090,-611.328,10.254,-137.207,872.363
1666057317.451,10.742,384.277,15.625,-1.465,872.367
1666057317.455,78.613,384.277,5.371,57.129,872.371
1666057317.459,-51.758,-206.055,11.230,-60.547,872.375
1666057317.462,-135.254,-279.785,14.648,-114.258,872.351
1666057317.466,-31.738,-61.523,6.836,-18.555,872.354
1666057317.470,72.266,-123.535,10.742,54.199,872.358
1666057317.474,-28.809,-655.762,15.137,-39.551,872.362
1666057317.478,-137.207,-405.762,19.043,-126.465,872.366
1666057317.482,-71.777,-301.270,22.949,-60.547,872.370
1666057317.486,53.711,-81.055,32.227,41.504,872.374
1666057317.489,26.367,289.062,33.203,-1.953,872.378
1666057317.493,-113.281,75.195,32.227,-123.535,872.382
1666057317.497,-117.188,-171.387,30.273,-104.980,872.386
1666057317.501,30.273,5.859,60.547,14.648,872.390
1666057317.505,63.477,363.281,91.309,22.461,872.394
1666057317.523,-82.031,173.340,82.031,-95.703,872.410
1666057317.527,-140.137,-290.527,72.754,-123.047,872.414
1666057317.531,-17.578,-399.902,75.684,-11.719,872.418
1666057317.535,61.035,82.031,72.754,34.668,872.422
1666057317.539,-52.734,61.035,60.059,-77.148,872.425
1666057317.543,-149.414,-562.500,51.270,-140.137,872.429
1666057317.547,-60.059,-995.117,32.715,-45.898,872.433
1666057317.550,71.289,-240.723,36.621,36.621,872.437
1666057317.554,7.324,428.711,34.180,-40.039,872.441
1666057317.558,-120.117,-374.023,27.832,-137.207,872.445
1666057317.562,-82.520,-452.148,40.527,-84.961,872.449
1666057317.566,66.406,494.141,43.945,36.133,872.453
1666057317.551,46.387,615.234,24.414,1.465,872.467
1666057317.555,-106.445,-264.160,16.113,-120.117,872.471
1666057317.559,-111.328,-701.172,31.738,-114.258,872.475
1666057317.563,38.574,65.430,37.109,13.184,872.479
1666057317.567,81.543,627.441,27.344,34.180,872.483
1666057317.571,-63.965,-286.621,11.719,-86.426,872.487
1666057317.575,-135.254,-900.391,5.859,-124.512,872.491
1666057317.578,-6.836,-191.895,8.301,-15.625,872.495
1666057317.582,88.867,564.941,2.930,45.410,872.499
1666057317.586,-26.855,-216.309,-28.320,-45.410,872.503
1666057317.590,-137.207,-1000.000,-34.180,-120.117,872.506
1666057317.594,-49.316,-289.551,-9.277,-62.012,872.510
1666057317.628,84.473,587.402,-8.301,31.250,872.515
1666057317.632,12.207,292.480,-6.348,-29.785,872.519
1666057317.636,-121.582,-148.926,-1.953,-136.230,872.522
1666057317.640,-84.961,-43.457,1.465,-99.609,872.526
1666057317.644,56.152,354.492,8.789,17.578,872.530
1666057317.648,48.340,47.363,5.859,3.418,872.534
1666057317.652,-93.750,-356.934,4.395,-119.629,872.538
1666057317.655,-112.793,-103.516,8.789,-120.117,872.542
1666057317.659,29.785,15.137,-1.953,7.324,872.546
1666057317.663,81.543,83.496,-5.859,32.227,872.550
1666057317.667,-53.223,57.617,-5.859,-88.867,872.554
1666057317.671,-120.605,-222.168,-0.488,-128.906,872.558
1666057317.656,-8.301,-319.824,0.488,-19.043,872.542
1666057317.660,94.238,-411.621,-1.953,58.105,872.546
1666057317.664,-7.812,-264.648,0.977,-38.086,872.550
1666057317.668,-122.559,-380.371,2.441,-118.164,872.554
1666057317.672,-46.387,-396.484,9.766,-37.109,872.558
1666057317.676,88.379,-51.758,6.348,60.547,872.562
1666057317.680,30.273,245.117,-4.883,-8.789,872.566
1666057317.683,-111.328,-112.793,-15.625,-108.398,872.569
1666057317.687,-87.891,-489.746,-23.438,-75.684,872.573
1666057317.691,57.129,164.551,-28.320,39.551,872.577
1666057317.695,69.336,644.043,-39.062,30.762,872.581
1666057317.699,-75.195,-32.715,-46.875,-90.820,872.585
1666057317.704,-113.281,-842.773,-50.293,-91.309,872.593
1666057317.708,19.043,-914.551,-30.762,20.508,872.597
1666057317.712,92.773,199.707,-8.789,41.992,872.601
1666057317.716,-31.250,208.984,-18.066,-71.289,872.605
1666057317.720,-122.559,-506.836,-14.648,-124.512,872.609
1666057317.724,-17.578,-222.656,-1.953,-29.785,872.613
1666057317.728,101.562,467.285,7.324,51.270,872.617
1666057317.731,4.395,227.539,-4.395,-36.621,872.621
1666057317.735,-126.465,-796.387,-14.648,-119.629,872.625
1666057317.739,-60.547,-290.527,17.090,-52.246,872.629
1666057317.743,76.660,693.359,31.738,53.223,872.632
1666057317.747,42.969,372.559,22.461,12.207,872.636
1666057317.746,-102.539,-264.160,14.160,-104.492,872.632
1666057317.750,-107.422,-135.742,4.883,-101.074,872.636
1666057317.754,39.062,220.215,-11.230,17.578,872.640
1666057317.758,59.082,62.012,-14.648,25.879,872.644
1666057317.762,-81.055,-304.199,-18.066,-94.238,872.648
1666057317.766,-123.047,-487.305,-16.602,-106.934,872.652
1666057317.770,8.301,-125.488,-6.836,12.207,872.656
1666057317.773,85.449,-102.539,-20.508,60.547,872.659
1666057317.777,-37.598,-993.164,-24.902,-51.758,872.663
1666057317.781,-129.395,-654.785,-9.277,-125.977,872.667
1666057317.785,-35.645,67.871,-4.883,-41.016,872.671
1666057317.789,83.496,400.879,-9.277,51.270,872.675
1666057317.791,6.348,422.363,-24.902,-29.297,872.677
1666057317.795,-120.117,33.691,-31.250,-124.023,872.681
1666057317.799,-66.895,-122.559,-10.254,-54.199,872.685
1666057317.803,70.801,284.180,-4.395,55.664,872.689
1666057317.807,41.504,395.020,-16.602,11.719,872.693
1666057317.811,-98.633,-328.125,-19.531,-100.098,872.696
1666057317.815,-108.398,-614.258,-20.020,-91.309,872.700
1666057317.818,19.531,-787.598,-15.625,20.508,872.704
1666057317.822,50.293,-226.074,-18.066,34.668,872.708
1666057317.826,-84.961,229.980,-27.832,-86.914,872.712
1666057317.830,-139.160,-379.883,-21.973,-117.188,872.716
1666057317.834,-9.277,-85.449,-16.113,-13.184,872.720
1666057317.836,70.312,678.711,-24.414,36.621,872.722
1666057317.840,-43.457,379.883,-39.062,-63.965,872.726
1666057317.844,-138.184,-580.078,-41.992,-132.812,872.730
1666057317.848,-59.082,-426.758,-24.902,-48.828,872.734
1666057317.852,69.824,547.852,-23.926,40.527,872.738
1666057317.856,7.324,242.676,-34.180,-26.367,872.742
1666057317.860,-124.023,-702.148,-37.109,-113.770,872.746
1666057317.863,-90.820,-1000.000,-30.762,-65.918,872.749
1666057317.867,54.688,71.289,-19.531,30.273,872.753
1666057317.871,45.410,633.301,-37.598,7.324,872.757
1666057317.875,-98.633,-152.344,-44.434,-100.586,872.761
1666057317.879,-112.793,-281.250,-31.250,-104.004,872.765
1666057317.898,29.785,401.855,-22.949,10.254,872.784
1666057317.902,76.660,601.074,-39.062,34.668,872.788
1666057317.906,-59.082,-49.316,-51.270,-75.195,872.792
1666057317.910,-131.836,-276.367,-46.387,-114.258,872.796
1666057317.914,-17.090,167.480,-36.133,-20.508,872.800
1666057317.918,83.496,296.875,-21.973,53.711,872.804
1666057317.922,-20.020,-520.020,-18.066,-39.062,872.808
1666057317.925,-124.023,-647.461,-14.160,-129.883,872.812
1666057317.929,-55.664,76.172,-6.836,-57.617,872.816
1666057317.933,79.590,248.047,-6.348,48.340,872.819
1666057317.937,27.832,-19.043,-15.137,-6.348,872.823
1666057317.941,-114.258,-131.348,-20.508,-130.371,872.827
1666057317.942,-93.262,-34.180,-12.207,-103.516,872.831
1666057317.946,40.527,161.621,-8.789,18.066,872.834
1666057317.950,48.340,-9.766,-21.484,13.184,872.838
1666057317.954,-82.520,-262.695,-19.531,-96.191,872.842
1666057317.958,-114.746,-228.516,-10.254,-99.609,872.846
1666057317.962,13.672,-206.055,-18.555,15.625,872.850
1666057317.966,76.660,52.246,-17.090,43.945,872.854
1666057317.969,-56.641,93.750,-15.625,-71.777,872.858
1666057317.973,-135.254,-166.016,0.000,-120.117,872.862
1666057317.977,-26.367,-626.953,12.207,-8.301,872.866
1666057317.981,83.008,-696.289,14.648,70.801,872.870
1666057317.985,-7.324,28.320,14.648,-31.738,872.874
1666057317.974,-125.488,-348.145,0.000,-127.930,872.887
1666057317.978,-59.082,-572.754,4.883,-67.383,872.891
1666057317.982,70.312,371.094,12.207,44.434,872.894
1666057317.986,35.645,697.266,-2.441,-0.977,872.898
1666057317.990,-92.773,-154.785,-6.836,-107.422,872.902
1666057317.994,-85.938,-770.996,-5.371,-74.707,872.906
1666057317.998,47.852,-17.090,-9.277,29.785,872.910
1666057318.001,51.758,680.176,-19.531,18.066,872.914
1666057318.005,-90.820,-90.332,-28.320,-89.355,872.918
1666057318.009,-130.371,-1000.000,-15.137,-85.938,872.922
1666057318.013,0.977,-225.098,8.789,16.602,872.926
1666057318.017,83.008,742.188,-0.977,46.875,872.930
1666057318.031,-41.992,95.703,-14.160,-54.688,872.918
1666057318.035,-133.301,-437.012,-5.859,-116.699,872.922
1666057318.039,-34.180,-185.059,-2.441,-33.691,872.925
1666057318.043,86.914,278.320,-15.137,51.270,872.929
1666057318.047,9.766,-196.289,-32.715,-15.137,872.933
1666057318.051,-125.000,-1000.000,-30.273,-107.422,872.937
1666057318.055,-63.477,-447.266,-21.973,-52.734,872.941
1666057318.058,82.031,547.852,-22.949,52.246,872.945
1666057318.062,46.387,320.312,-16.113,8.301,872.949
1666057318.066,-96.680,-173.828,-11.230,-116.211,872.953
1666057318.070,-105.469,-55.176,-16.602,-115.723,872.957
1666057318.074,22.461,203.613,-30.762,1.953,872.961
1666057318.076,46.875,-40.527,-33.203,17.090,872.962
1666057318.080,-89.355,-298.828,-24.902,-100.098,872.966
1666057318.084,-145.996,-104.980,-19.043,-136.230,872.970
1666057318.088,-18.555,149.902,-15.625,-34.668,872.974
1666057318.092,77.637,348.633,-17.578,33.203,872.978
1666057318.096,-37.598,-40.527,-28.809,-60.059,872.982
1666057318.100,-142.090,-560.059,-35.156,-132.324,872.986
1666057318.103,-62.500,-416.016,-43.945,-61.523,872.990
1666057318.107,55.176,-539.062,-46.875,31.738,872.993
1666057318.111,-8.301,-343.262,-22.949,-31.738,872.997
1666057318.115,-136.719,-29.785,-11.230,-141.602,873.001
1666057318.119,-99.121,-292.969,-8.301,-93.262,873.005
1666057318.121,49.316,251.465,-1.465,24.414,873.007
1666057318.125,41.992,625.488,-5.371,2.930,873.011
1666057318.129,-109.375,-139.160,-22.461,-111.328,873.015
1666057318.133,-139.160,-903.320,-25.879,-110.352,873.019
1666057318.137,0.000,-407.715,-0.488,-1.465,873.023
1666057318.141,55.176,298.828,6.836,25.879,873.027
1666057318.145,-69.336,-114.258,-15.137,-82.520,873.031
1666057318.148,-148.926,-814.941,-28.809,-126.465,873.034
1666057318.152,-38.086,-619.141,-18.555,-20.996,873.038
1666057318.156,71.777,513.184,-12.695,41.016,873.042
1666057318.160,-24.902,393.066,-27.832,-49.316,873.046
1666057318.164,-138.672,-568.359,-30.762,-133.789,873.050
1666057318.168,-54.688,-333.984,-24.902,-61.035,873.055
1666057318.172,91.797,629.395,-25.391,47.363,873.059
1666057318.176,29.785,410.645,-27.832,-14.648,873.063
1666057318.180,-117.676,-340.332,-27.832,-124.023,873.066
1666057318.184,-77.637,-233.398,-15.137,-80.078,873.070
1666057318.188,72.266,203.613,-7.812,32.227,873.074
1666057318.192,53.711,104.980,-18.066,2.441,873.078
1666057318.195,-95.703,-685.059,-17.090,-107.910,873.082
1666057318.199,-121.094,-555.664,0.000,-111.328,873.086
1666057318.203,19.043,399.414,-5.859,-0.977,873.090
1666057318.207,69.336,352.539,-17.578,29.297,873.094
1666057318.211,-61.523,-276.855,-24.902,-88.867,873.098
1666057318.212,-139.160,-267.578,-28.320,-138.184,873.101
1666057318.216,-33.203,264.648,-20.020,-27.832,873.105
1666057318.220,86.914,76.172,-17.578,58.105,873.109
1666057318.224,-4.395,-595.215,-10.254,-27.344,873.113
1666057318.228,-121.582,-390.625,-3.418,-127.930,873.117
1666057318.232,-52.734,-166.016,-9.766,-60.059,873.121
1666057318.236,87.402,-226.074,-13.672,61.035,873.125
1666057318.239,41.016,-759.277,-29.297,11.719,873.129
1666057318.243,-100.586,-479.004,-28.320,-113.770,873.133
1666057318.247,-83.984,-63.477,-21.973,-87.891,873.137
1666057318.251,58.594,275.391,-12.207,35.156,873.140
1666057318.255,69.336,628.906,-3.418,33.203,873.144
1666057318.259,-72.754,188.477,-4.883,-85.938,873.148
1666057318.263,-110.352,-435.547,-11.230,-96.191,873.152
1666057318.267,17.090,-240.234,-7.812,21.973,873.156
1666057318.271,85.449,529.297,-6.348,52.246,873.160
1666057318.275,-34.180,313.965,-28.809,-65.430,873.164
1666057318.279,-115.723,-518.555,-39.062,-108.887,873.168
1666057318.283,-22.949,-1000.000,-21.973,-3.906,873.172
1666057318.286,84.473,-206.543,-3.418,67.383,873.175
1666057318.290,-2.930,508.789,-12.207,-22.949,873.179
1666057318.294,-127.441,-308.105,-17.578,-109.863,873.183
1666057318.298,-63.965,-384.766,-11.719,-47.363,873.187
1666057318.302,85.449,523.438,1.465,66.406,873.191
1666057318.301,53.223,623.047,-0.488,33.691,873.203
1666057318.305,-92.773,-239.746,-7.812,-85.938,873.206
1666057318.309,-91.797,-695.312,-1.465,-72.754,873.210
1666057318.313,49.316,-85.938,0.488,44.922,873.214
1666057318.317,78.613,306.641,0.977,55.176,873.218
1666057318.321,-64.453,-418.457,-8.789,-64.453,873.222
1666057318.325,-120.605,-1000.000,-11.230,-92.285,873.226
1666057318.328,0.488,-384.277,19.043,9.766,873.230
1666057318.332,86.426,599.121,20.020,52.246,873.234
1666057318.336,-27.344,162.598,5.859,-47.363,873.238
1666057318.340,-124.512,-236.816,17.090,-110.352,873.242
1666057318.344,-35.156,203.613,21.484,-32.715,873.246
1666057318.361,83.984,565.430,21.484,60.059,873.262
1666057318.365,11.719,169.434,4.883,-5.859,873.266
1666057318.369,-125.000,-209.473,-5.371,-106.934,873.270
1666057318.373,-83.496,-26.855,5.371,-58.105,873.274
1666057318.377,67.383,384.766,16.113,51.758,873.278
1666057318.381,54.199,45.898,12.695,26.367,873.282
1666057318.385,-95.703,-556.641,10.742,-90.820,873.286
1666057318.388,-113.770,-399.414,16.113,-94.238,873.290
1666057318.392,33.203,57.129,2.930,27.832,873.293
1666057318.396,76.660,-385.254,-0.977,51.758,873.297
1666057318.400,-62.988,-454.590,8.789,-72.266,873.301
1666057318.404,-122.559,-178.711,2.441,-108.398,873.305
1666057318.406,-8.301,-57.129,1.953,-5.371,873.292
1666057318.410,82.031,438.477,3.906,44.922,873.296
1666057318.414,-20.020,100.586,-5.371,-59.082,873.300
1666057318.418,-125.977,-443.848,-2.441,-136.230,873.304
1666057318.422,-63.477,-597.656,3.906,-47.363,873.308
1666057318.426,60.059,-421.387,4.395,50.781,873.312
1666057318.430,13.672,116.699,1.953,-23.926,873.315
1666057318.433,-130.859,-106.445,-12.207,-127.441,873.319
1666057318.437,-108.398,-521.484,-12.207,-93.750,873.323
1666057318.441,39.551,-87.402,-2.441,26.367,873.327
1666057318.445,35.645,515.625,-4.395,14.648,873.331
1666057318.449,-109.375,100.098,-18.066,-112.305,873.335
1666057318.451,-135.254,-817.383,-18.555,-92.773,873.337
1666057318.455,5.371,-441.895,-0.488,29.785,873.341
1666057318.459,62.500,711.426,-19.043,32.715,873.345
1666057318.463,-67.383,207.520,-30.762,-87.402,873.349
1666057318.467,-136.230,-477.051,-12.207,-130.371,873.353
1666057318.471,-26.367,-273.926,-9.277,-34.668,873.357
1666057318.475,79.590,362.793,-6.836,33.691,873.361
1666057318.478,-17.090,168.945,-15.625,-45.898,873.365
1666057318.482,-139.160,-816.406,-25.879,-126.953,873.369
1666057318.486,-69.824,-264.160,-13.672,-67.871,873.373
1666057318.490,60.547,609.375,-17.578,38.086,873.376
1666057318.494,11.719,23.926,-34.668,-9.766,873.380
1666057318.498,-122.559,-471.191,-22.949,-116.699,873.386
1666057318.502,-109.863,-122.559,-3.906,-88.867,873.390
1666057318.506,23.926,256.348,-2.930,25.391,873.394
1666057318.510,27.832,-175.781,-13.184,24.414,873.398
1666057318.514,-117.188,-798.828,-16.113,-101.562,873.402
1666057318.518,-147.949,-618.164,-9.277,-124.023,873.406
1666057318.522,-5.859,-5.371,-2.441,-14.160,873.409
1666057318.525,58.105,-44.434,-14.160,20.020,873.413
1666057318.529,-57.129,-572.266,-19.043,-82.031,873.417
1666057318.533,-138.672,-190.430,-5.371,-139.648,873.421
1666057318.537,-41.504,168.457,-8.301,-51.758,873.425
1666057318.541,81.543,491.699,-13.184,30.762,873.429
1666057318.558,-4.395,420.898,-25.391,-43.457,873.448
1666057318.562,-133.301,-50.293,-34.668,-138.672,873.452
1666057318.566,-78.613,-313.477,-20.508,-79.102,873.456
1666057318.570,59.570,78.125,-13.184,29.785,873.460
1666057318.574,19.043,409.668,-28.809,-19.043,873.464
1666057318.578,-123.535,-252.441,-38.574,-132.324,873.468
1666057318.582,-127.441,-595.703,-37.109,-116.211,873.472
1666057318.585,4.395,-710.938,-40.039,16.602,873.475
1666057318.589,45.898,-216.797,-20.020,23.926,873.479
1666057318.593,-85.449,240.234,-18.066,-100.586,873.483
1666057318.597,-136.230,-370.117,-37.109,-118.652,873.487
1666057318.601,-12.695,-82.031,-40.527,-10.742,873.491
1666057318.587,67.383,670.898,-41.992,33.203,873.472
1666057318.591,-48.828,401.855,-42.969,-62.500,873.476
1666057318.595,-146.973,-604.004,-50.293,-120.117,873.480
1666057318.599,-55.664,-522.461,-48.340,-46.387,873.484
1666057318.603,71.777,444.336,-37.109,41.016,873.488
1666057318.607,-2.441,131.836,-37.598,-28.320,873.492
1666057318.611,-138.672,-696.777,-21.973,-130.859,873.496
1666057318.614,-88.867,-454.590,-6.836,-77.637,873.500
1666057318.618,58.105,442.871,-16.602,36.621,873.503
1666057318.622,32.227,503.906,-29.297,-1.953,873.507
1666057318.626,-112.305,-489.746,-47.852,-110.840,873.511
1666057318.630,-125.488,-945.801,-35.645,-102.051,873.515
1666057318.633,18.555,153.320,-13.184,-2.930,873.519
1666057318.637,58.594,541.016,-18.555,11.230,873.523
1666057318.641,-77.148,-164.062,-13.672,-96.191,873.527
1666057318.645,-143.066,-303.223,-9.766,-127.441,873.531
1666057318.649,-25.391,169.434,-6.836,-14.648,873.535
1666057318.653,65.918,287.598,-9.766,57.129,873.539
1666057318.657,-50.781,-530.762,-20.996,-43.457,873.543
1666057318.660,-151.367,-855.469,-19.531,-128.906,873.546
1666057318.664,-66.406,-33.691,-11.719,-50.293,873.550
1666057318.668,59.570,373.047,-17.578,44.922,873.554
1666057318.672,-3.418,-77.637,-17.578,-23.438,873.558
1666057318.676,-125.488,-216.797,-12.695,-126.953,873.562
1666057318.677,-91.309,-60.547,-20.020,-90.820,873.576
1666057318.681,42.480,277.832,-26.367,15.137,873.580
1666057318.685,32.227,107.910,-37.109,-6.836,873.584
1666057318.689,-84.961,-227.539,-34.180,-104.004,873.588
1666057318.693,-93.262,-76.172,-23.438,-102.539,873.591
1666057318.697,17.090,-263.184,-30.762,3.906,873.595
1666057318.701,51.758,-766.602,-34.668,32.715,873.599
1666057318.704,-79.590,-341.309,-28.809,-91.309,873.603
1666057318.708,-144.531,-113.770,-33.203,-137.695,873.607
1666057318.712,-33.203,-196.289,-25.391,-35.645,873.611
1666057318.716,57.617,269.043,-14.648,31.738,873.615
1666057318.720,-39.551,378.906,-20.996,-53.223,873.619
1666057318.723,-146.484,-195.801,-28.320,-132.324,873.637
1666057318.727,-75.684,-410.645,-19.043,-63.477,873.641
1666057318.731,61.523,316.406,-4.883,34.180,873.645
1666057318.735,14.648,589.355,4.395,-15.137,873.649
1666057318.739,-125.488,-145.996,-2.441,-109.375,873.653
1666057318.743,-106.934,-836.426,-11.230,-80.566,873.656
1666057318.747,31.250,-166.504,5.859,21.973,873.660
1666057318.750,45.410,671.875,0.977,20.020,873.664
1666057318.754,-90.332,-120.605,-21.484,-89.844,873.668
1666057318.758,-133.301,-746.582,-30.762,-112.305,873.672
1666057318.762,-7.812,133.789,-21.484,-5.371,873.676
1666057318.766,63.477,668.457,-22.461,28.809,873.680
1666057318.781,-63.477,-178.223,-25.391,-81.055,873.668
1666057318.785,-146.973,-667.969,-5.371,-127.441,873.671
1666057318.789,-41.504,-238.281,-8.789,-29.785,873.675
1666057318.793,72.266,343.750,-14.648,51.270,873.679
1666057318.797,-8.301,-96.191,-17.578,-25.879,873.683
1666057318.801,-134.277,-1000.000,-9.766,-110.840,873.687
1666057318.805,-69.824,-416.992,3.906,-48.340,873.691
1666057318.808,85.938,532.715,-8.301,74.707,873.695
1666057318.812,39.062,252.441,-16.602,18.555,873.699
1666057318.816,-119.629,-347.168,-23.438,-115.234,873.703
1666057318.820,-120.605,-143.066,-26.855,-91.309,873.707
1666057318.824,22.949,409.180,-35.645,15.137,873.711
1666057318.826,41.992,15.625,-41.016,11.719,873.714
1666057318.830,-104.980,-424.316,-42.969,-100.586,873.718
1666057318.834,-138.672,-206.055,-45.898,-130.371,873.722
1666057318.838,-9.277,-69.824,-35.156,-29.785,873.725
1666057318.842,58.594,75.195,-41.504,11.719,873.729
1666057318.846,-61.523,-288.086,-46.387,-94.727,873.733
1666057318.850,-148.926,-470.703,-35.645,-166.016,873.737
1666057318.853,-50.293,-237.305,-43.457,-80.566,873.741
1666057318.857,72.266,-239.746,-46.387,15.137,873.745
1666057318.861,-0.488,34.180,-34.668,-62.988,873.749
1666057318.865,-124.023,-2.441,-33.203,-150.879,873.753
1666057318.869,-77.637,-297.852,-25.391,-85.449,873.757
1666057318.872,64.941,201.660,-7.324,28.809,873.758
1666057318.876,45.410,573.242,-5.859,-8.301,873.761
1666057318.880,-98.633,-176.270,-13.184,-122.070,873.765
1666057318.884,-102.539,-876.465,-8.789,-102.051,873.769
1666057318.888,34.180,-369.629,1.953,16.602,873.773
1666057318.892,65.430,253.418,-2.441,29.297,873.777
1666057318.896,-70.312,-226.562,-20.996,-91.309,873.781
1666057318.899,-124.512,-858.398,-31.738,-123.047,873.785
1666057318.903,-4.883,-799.316,-10.254,-8.789,873.789
1666057318.907,81.055,335.449,3.906,45.410,873.793
1666057318.911,-31.738,369.629,-14.160,-53.711,873.797
1666057318.915,-127.930,-400.879,-20.996,-123.535,873.801
1666057318.931,-44.922,-55.664,-11.719,-48.828,873.822
1666057318.935,77.637,720.703,-7.324,41.016,873.826
1666057318.939,-0.488,373.047,-20.996,-22.949,873.829
1666057318.943,-133.301,-422.852,-20.996,-115.723,873.833
1666057318.947,-84.473,-214.355,-2.930,-66.895,873.837
1666057318.951,61.035,242.676,0.000,47.852,873.841
1666057318.955,48.828,110.352,-20.020,15.625,873.845
1666057318.958,-95.703,-719.727,-32.715,-103.516,873.849
1666057318.962,-104.004,-791.016,-20.996,-96.191,873.853
1666057318.966,39.062,261.230,-7.812,21.973,873.857
1666057318.970,87.891,358.398,-23.926,48.340,873.861
1666057318.974,-50.781,-405.273,-28.320,-63.477,873.865
1666057318.960,-115.723,-325.195,-15.137,-106.934,873.860
1666057318.964,-3.906,221.191,-7.812,-7.812,873.864
1666057318.968,81.543,114.258,-13.184,53.711,873.868
1666057318.972,-26.367,-300.293,-31.250,-57.617,873.872
1666057318.976,-130.371,-185.059,-26.367,-134.277,873.876
1666057318.980,-54.199,-275.391,-17.578,-50.781,873.880
1666057318.984,69.336,-61.035,-19.043,43.945,873.884
1666057318.987,8.301,159.668,-20.996,-12.695,873.888
1666057318.991,-127.930,-84.961,-24.414,-123.535,873.891
1666057318.995,-102.051,-45.898,-26.367,-93.262,873.895
1666057318.999,43.945,-324.707,-23.438,33.691,873.899
1666057319.003,52.246,-594.727,-15.625,26.855,873.903
1666057319.008,-90.820,-101.562,-12.207,-99.121,873.893
1666057319.012,-116.211,-215.820,-16.113,-101.562,873.897
1666057319.016,24.902,-205.566,-16.602,19.043,873.901
1666057319.020,83.496,405.273,-16.113,54.199,873.905
1666057319.024,-55.176,304.199,-25.391,-64.941,873.909
1666057319.028,-136.719,-585.449,-31.250,-117.188,873.913
1666057319.032,-34.668,-439.941,-15.137,-16.602,873.917
1666057319.035,76.172,478.027,-4.395,47.852,873.921
1666057319.039,-10.742,465.820,-17.578,-41.992,873.924
1666057319.043,-134.766,-420.898,-32.715,-125.488,873.928
1666057319.047,-62.500,-672.363,-19.531,-52.246,873.932
1666057319.051,75.684,381.348,-5.371,52.246,873.936
1666057319.051,20.508,583.984,-31.250,-6.348,873.964
1666057319.055,-122.559,-399.902,-48.340,-115.723,873.968
1666057319.059,-109.863,-824.707,-30.762,-83.984,873.972
1666057319.063,33.691,41.016,-22.949,24.902,873.975
1666057319.067,47.363,564.453,-31.738,13.184,873.979
1666057319.071,-93.262,-370.605,-45.898,-92.285,873.983
1666057319.075,-143.066,-1000.000,-36.621,-98.145,873.987
1666057319.078,-8.301,-190.430,-7.324,6.348,873.991
1666057319.082,73.730,666.992,-24.902,41.504,873.995
1666057319.086,-51.270,101.074,-40.527,-74.219,873.999
1666057319.090,-145.996,-312.988,-23.926,-133.301,874.003
1666057319.094,-47.363,150.879,-12.207,-33.691,874.007
1666057319.110,77.148,585.449,-10.742,54.199,873.995
1666057319.114,-13.184,181.641,-8.301,-30.762,873.999
1666057319.118,-138.184,-211.426,-4.395,-121.094,874.003
1666057319.122,-80.078,-103.027,-3.906,-58.105,874.007
1666057319.126,48.340,221.680,-3.418,42.969,874.011
1666057319.130,17.090,-312.500,-14.648,8.789,874.015
1666057319.134,-124.512,-788.086,-10.742,-116.211,874.019
1666057319.137,-120.605,-210.938,8.789,-103.516,874.023
1666057319.141,17.578,114.258,1.953,23.926,874.027
1666057319.145,36.133,165.527,-9.277,34.180,874.031
1666057319.149,-100.098,76.660,-2.930,-83.008,874.035
1666057319.153,-141.113,-122.559,-5.371,-108.887,874.038
1666057319.170,-5.371,-97.168,-0.977,7.812,874.056
1666057319.174,78.125,212.891,0.977,66.406,874.060
1666057319.178,-43.945,-47.363,-4.395,-39.551,874.063
1666057319.182,-141.602,-441.406,4.395,-115.723,874.067
1666057319.186,-55.664,-527.344,-4.883,-39.062,874.071
1666057319.190,65.430,-416.504,-11.230,58.594,874.075
1666057319.194,-7.812,-103.027,-8.301,-14.160,874.079
1666057319.197,-140.625,-407.227,-9.277,-125.000,874.083
1666057319.201,-97.656,-855.469,-7.812,-77.148,874.087
1666057319.205,45.410,-580.078,3.418,31.738,874.091
1666057319.209,39.551,389.160,12.207,-4.395,874.095
1666057319.213,-100.586,45.898,-3.906,-119.629,874.099
1666057319.200,-111.328,-373.535,-1.465,-115.234,874.086
1666057319.204,33.203,303.223,13.184,3.906,874.090
1666057319.208,75.684,771.484,14.160,28.320,874.093
1666057319.212,-69.824,90.332,-1.953,-89.844,874.097
1666057319.216,-145.996,-528.809,-15.137,-128.906,874.101
1666057319.220,-31.738,-248.047,-5.859,-28.320,874.105
1666057319.224,67.871,377.930,-2.441,30.273,874.109
1666057319.227,-45.410,58.105,-14.648,-64.453,874.113
1666057319.231,-159.180,-750.000,-25.391,-146.973,874.117
1666057319.235,-67.383,-422.852,-16.113,-69.336,874.121
1666057319.239,68.848,511.719,-9.766,31.250,874.125
1666057319.243,2.930,213.867,-39.062,-30.762,874.129
1666057319.245,-143.066,-929.199,-38.574,-126.465,874.130
1666057319.249,-115.723,-536.133,-9.766,-86.426,874.134
1666057319.253,39.551,263.672,-22.461,32.715,874.138
1666057319.257,38.086,-118.164,-37.598,21.973,874.142
1666057319.261,-114.258,-716.797,-29.297,-96.680,874.146
1666057319.265,-141.602,-547.363,-20.020,-108.887,874.150
1666057319.269,1.465,34.668,-14.160,-0.977,874.154
1666057319.272,60.059,-51.270,-21.484,35.156,874.158
1666057319.276,-73.242,-607.422,-24.414,-78.125,874.162
1666057319.280,-148.438,-182.617,-22.949,-134.766,874.166
1666057319.284,-31.738,193.359,-19.043,-33.203,874.170
1666057319.288,77.148,324.219,-6.348,42.969,874.173
1666057319.293,-17.578,103.027,-7.812,-54.199,874.178
1666057319.297,-128.906,-103.027,-5.859,-141.602,874.182
1666057319.301,-62.012,-98.145,2.441,-59.570,874.186
1666057319.305,72.754,88.379,8.789,52.734,874.190
1666057319.309,29.785,237.305,2.930,-4.883,874.194
1666057319.313,-113.770,-262.207,-7.812,-122.559,874.198
1666057319.317,-101.074,-601.562,-4.883,-100.098,874.202
1666057319.320,38.574,-438.477,7.812,14.648,874.206
1666057319.324,48.828,102.539,5.371,6.836,874.210
1666057319.328,-93.750,150.879,-14.160,-113.281,874.213
1666057319.332,-131.348,-419.922,-20.508,-118.652,874.217
1666057319.336,5.371,-87.891,-18.066,4.883,874.221
1666057319.337,76.660,684.570,-7.324,42.480,874.236
1666057319.341,-62.500,336.426,-10.254,-78.613,874.240
1666057319.345,-148.926,-572.754,-8.789,-132.812,874.244
1666057319.349,-45.898,-551.270,5.859,-38.086,874.248
1666057319.353,59.570,329.102,5.859,36.621,874.252
1666057319.357,-19.043,160.645,-1.953,-38.574,874.256
1666057319.361,-136.719,-729.004,-18.066,-106.934,874.259
1666057319.364,-72.754,-1000.000,-20.020,-35.156,874.263
1666057319.368,68.359,63.477,1.953,60.059,874.267
1666057319.372,36.621,608.887,-3.906,8.301,874.271
1666057319.376,-99.121,-186.035,-4.883,-110.352,874.275
1666057319.380,-107.422,-249.512,-2.441,-103.027,874.279
1666057319.383,18.555,476.562,-14.160,5.371,874.269
1666057319.387,44.922,636.230,-18.555,17.090,874.273
1666057319.391,-88.379,-86.914,-18.555,-84.961,874.277
1666057319.395,-142.578,-300.293,-14.648,-114.258,874.281
1666057319.399,-21.973,201.172,-18.066,-16.113,874.285
1666057319.403,75.684,356.445,-31.250,50.293,874.289
1666057319.407,-41.016,-545.898,-25.879,-50.781,874.293
1666057319.410,-158.203,-759.766,-0.488,-139.648,874.297
1666057319.414,-68.359,121.582,7.324,-56.152,874.301
1666057319.418,64.453,310.059,7.324,53.223,874.305
1666057319.422,-7.812,-156.738,8.301,-8.301,874.309
1666057319.426,-133.301,-245.117,2.441,-109.863,874.312
1666057319.441,-98.145,-39.551,2.930,-63.965,874.328
1666057319.445,36.621,218.262,9.766,46.875,874.331
1666057319.449,22.949,13.184,2.930,13.672,874.335
1666057319.453,-114.746,-347.168,5.371,-108.398,874.339
1666057319.457,-118.652,-176.758,21.484,-106.934,874.343
1666057319.461,19.043,-264.648,10.254,20.020,874.347
1666057319.465,53.223,-777.344,-0.977,42.969,874.351
1666057319.468,-89.844,-613.281,9.766,-91.797,874.355
1666057319.472,-157.715,-381.836,0.000,-126.465,874.359
1666057319.476,-36.621,-275.391,-5.859,-14.648,874.363
1666057319.480,65.430,300.781,-8.789,43.457,874.367
1666057319.484,-45.898,368.164,-21.484,-56.152,874.370
1666057319.486,-148.926,-270.508,-22.461,-128.418,874.373
1666057319.490,-61.523,-229.980,-11.230,-50.781,874.377
1666057319.494,65.430,454.590,2.930,39.551,874.381
1666057319.498,1.465,547.852,-2.441,-29.297,874.385
1666057319.502,-128.906,-241.699,-6.836,-125.000,874.389
1666057319.506,-92.285,-706.055,3.418,-66.406,874.393
1666057319.510,51.758,13.184,17.578,56.152,874.397
1666057319.513,52.734,598.633,9.766,34.668,874.401
1666057319.517,-94.727,-132.324,-18.555,-97.656,874.405
1666057319.521,-120.605,-914.551,-16.602,-101.074,874.409
1666057319.525,15.625,-239.258,10.254,19.043,874.412
1666057319.529,67.383,658.203,14.648,37.109,874.416
1666057319.531,-63.477,-114.258,-2.441,-71.777,874.432
1666057319.535,-132.812,-831.543,-0.488,-105.469,874.436
1666057319.539,-18.555,-248.535,10.742,-15.625,874.440
1666057319.543,87.891,449.219,8.301,56.152,874.444
1666057319.547,-7.324,-76.660,-0.488,-28.809,874.448
1666057319.551,-122.559,-985.840,2.930,-108.887,874.451
1666057319.555,-52.246,-485.352,15.625,-45.898,874.455
1666057319.558,78.613,484.375,15.625,56.152,874.459
1666057319.562,22.949,-37.109,5.859,16.113,874.463
1666057319.566,-118.164,-893.066,2.441,-96.680,874.467
1666057319.570,-96.680,-176.270,4.883,-77.148,874.471
1666057319.574,42.480,425.781,1.953,32.715,874.475
1666057319.606,47.852,228.027,-2.441,20.020,874.493
1666057319.610,-88.379,-193.848,6.348,-87.891,874.497
1666057319.614,-122.070,-122.070,14.160,-94.238,874.500
1666057319.618,11.230,236.816,4.395,11.719,874.504
1666057319.622,67.871,160.645,-8.301,34.180,874.508
1666057319.626,-56.152,-367.188,-12.207,-74.219,874.512
1666057319.630,-124.512,-447.754,-13.184,-123.535,874.516
1666057319.633,-30.762,-179.688,-15.137,-33.691,874.520
1666057319.637,75.195,39.062,-6.836,54.688,874.524
1666057319.641,-16.113,187.012,-2.441,-36.133,874.528
1666057319.645,-141.602,1.953,-17.090,-130.859,874.532
1666057319.649,-79.102,-373.047,-18.066,-53.711,874.536
1666057319.621,63.965,-241.699,-3.906,60.059,874.508
1666057319.625,26.367,379.395,-3.906,8.301,874.511
1666057319.629,-114.746,-179.199,-15.625,-109.863,874.515
1666057319.633,-121.582,-926.758,-20.996,-89.355,874.519
1666057319.637,9.277,-634.277,-14.160,17.578,874.523
1666057319.641,41.992,94.727,-3.418,11.230,874.527
1666057319.645,-95.703,-174.805,-15.625,-102.051,874.531
1666057319.648,-143.066,-688.965,-18.555,-129.395,874.535
1666057319.652,-9.277,-62.988,-1.465,-21.973,874.539
1666057319.656,79.102,782.715,-4.883,24.414,874.543
1666057319.660,-43.457,357.910,-16.113,-75.684,874.547
1666057319.664,-137.695,-508.789,-10.742,-131.348,874.551
1666057319.683,-37.109,-210.938,-3.418,-52.246,874.570
1666057319.687,79.102,687.012,-6.836,40.039,874.574
1666057319.691,17.090,390.625,-13.184,-20.020,874.578
1666057319.695,-120.117,-680.176,-14.648,-110.352,874.582
1666057319.699,-72.754,-505.859,-6.836,-54.688,874.585
1666057319.703,86.914,262.207,-5.371,58.105,874.589
1666057319.707,48.828,92.285,-10.742,19.043,874.593
1666057319.710,-96.191,-817.383,-20.020,-87.402,874.597
1666057319.714,-98.145,-681.641,5.371,-72.754,874.601
1666057319.718,42.969,447.754,18.066,36.133,874.605
1666057319.722,77.637,487.305,1.953,47.852,874.609
1666057319.726,-58.594,-95.215,-0.977,-62.500,874.613
1666057319.711,-112.793,-147.949,0.488,-102.539,874.611
1666057319.715,1.953,325.684,11.230,-7.324,874.615
1666057319.719,84.473,214.355,5.371,57.617,874.619
1666057319.723,-27.344,-264.648,-4.395,-31.738,874.623
1666057319.727,-127.441,-218.750,-7.324,-111.816,874.626
1666057319.731,-42.480,-237.305,-10.254,-44.434,874.630
1666057319.735,76.172,-40.039,-5.371,45.410,874.634
1666057319.738,-0.488,90.820,-11.719,-22.461,874.638
1666057319.742,-136.719,-351.074,-21.484,-130.859,874.642
1666057319.746,-96.191,-256.836,-9.766,-82.031,874.646
1666057319.750,58.594,-196.289,-1.953,58.105,874.650
1666057319.754,46.875,-895.996,-0.488,35.645,874.654
1666057319.758,-100.098,-573.730,10.254,-97.168,874.644
1666057319.762,-112.305,-219.727,-5.371,-96.680,874.648
1666057319.766,20.020,57.129,-7.324,17.090,874.652
1666057319.770,63.965,617.676,2.930,38.574,874.656
1666057319.774,-65.918,276.855,-1.953,-74.219,874.660
1666057319.778,-128.418,-536.133,-4.395,-112.793,874.664
1666057319.782,-26.855,-652.344,-0.488,-11.230,874.668
1666057319.785,66.895,247.559,4.883,53.223,874.672
1666057319.789,-22.461,531.250,-12.695,-45.410,874.676
1666057319.793,-128.906,-339.355,-16.113,-117.676,874.679
1666057319.797,-64.453,-690.918,-5.371,-46.875,874.683
1666057319.801,56.641,194.824,-0.488,40.039,874.687
1666057319.802,2.441,583.984,-5.371,-12.695,874.715
1666057319.806,-137.207,-350.586,-17.578,-120.117,874.719
1666057319.810,-117.676,-884.277,-6.836,-88.379,874.723
1666057319.814,26.367,127.930,14.648,27.344,874.727
1666057319.818,35.645,691.406,-2.930,10.742,874.731
1666057319.822,-96.680,-351.562,-36.133,-99.609,874.735
1666057319.826,-123.535,-1000.000,-27.344,-91.797,874.739
1666057319.829,3.418,-36.133,-8.301,9.766,874.742
1666057319.833,61.035,677.246,-26.367,38.574,874.746
1666057319.837,-58.594,75.684,-29.297,-67.383,874.750
1666057319.841,-141.113,-288.086,-14.160,-116.211,874.754
1666057319.845,-46.387,214.844,-5.859,-23.438,874.758
1666057319.849,62.500,602.051,-19.043,33.691,874.745
1666057319.853,-28.320,2.441,-32.227,-58.105,874.749
1666057319.857,-146.973,-403.320,-25.879,-136.719,874.753
1666057319.861,-88.379,26.367,-20.020,-72.266,874.757
1666057319.865,49.805,482.422,-28.809,32.227,874.761
1666057319.869,4.395,-298.340,-34.180,-11.230,874.765
1666057319.873,-140.625,-792.480,-19.043,-127.441,874.769
1666057319.876,-125.488,-105.469,-8.789,-100.098,874.773
1666057319.880,15.137,157.715,-12.695,19.531,874.776
1666057319.884,41.016,108.887,-12.695,12.207,874.780
1666057319.888,-90.820,-22.461,-11.230,-105.469,874.784
1666057319.892,-135.742,-131.836,-16.113,-120.605,874.788
1666057319.906,-16.113,-133.301,-20.508,-10.254,874.792
1666057319.910,60.547,46.387,-14.648,23.926,874.796
1666057319.914,-51.758,-56.641,-10.254,-78.125,874.800
1666057319.918,-146.484,-466.797,-10.254,-134.766,874.804
1666057319.922,-52.246,-540.527,-13.672,-39.062,874.808
1666057319.926,64.453,-837.891,-7.812,56.641,874.812
1666057319.930,-7.324,-348.145,2.441,-22.949,874.816
1666057319.933,-136.230,-139.648,-16.113,-123.047,874.820
1666057319.937,-98.633,-590.332,-23.926,-78.613,874.824
1666057319.941,47.363,60.547,-10.254,24.414,874.827
1666057319.945,22.949,667.480,-10.254,-2.441,874.831
1666057319.949,-124.512,-8.301,-25.391,-108.887,874.835
1666057319.950,-127.441,-436.035,-30.273,-103.516,874.836
1666057319.954,16.113,206.055,-18.066,9.277,874.840
1666057319.958,51.270,704.590,-16.602,19.531,874.844
1666057319.962,-87.891,80.078,-31.250,-93.262,874.848
1666057319.966,-143.066,-530.762,-30.273,-121.582,874.852
1666057319.970,-15.137,-246.582,-12.207,-13.184,874.856
1666057319.974,64.941,200.195,-11.719,45.410,874.860
1666057319.977,-50.781,-156.738,-21.484,-58.594,874.864
1666057319.981,-136.719,-985.840,-19.531,-111.328,874.867
1666057319.985,-39.551,-450.684,-11.230,-25.879,874.871
1666057319.989,74.707,663.086,-30.762,42.480,874.875
1666057319.993,9.277,279.785,-50.781,-25.879,874.879
1666057319.995,-116.211,-312.988,-48.828,-123.535,874.880
1666057319.999,-94.727,-105.957,-38.574,-86.426,874.884
1666057320.003,42.969,288.086,-25.391,17.578,874.888
1666057320.007,32.227,-145.996,-43.457,-4.395,874.892
1666057320.011,-107.910,-788.574,-49.805,-112.793,874.896
1666057320.015,-123.535,-613.770,-37.109,-114.258,874.900
1666057320.019,17.090,-7.812,-32.715,-10.254,874.904
1666057320.022,66.406,-92.285,-37.109,24.414,874.908
1666057320.026,-59.570,-684.082,-39.551,-75.195,874.912
1666057320.030,-121.582,-449.219,-30.273,-120.605,874.916
1666057320.034,-22.461,44.922,-24.902,-28.809,874.919
1666057320.038,64.453,303.223,-31.250,36.133,874.923
1666057320.056,-35.156,78.125,-40.527,-60.059,874.941
1666057320.060,-140.137,-93.262,-40.527,-141.602,874.945
1666057320.064,-66.895,-97.656,-41.992,-66.895,874.949
1666057320.068,64.453,318.848,-43.945,27.344,874.953
1666057320.072,6.348,393.066,-47.852,-30.273,874.957
1666057320.076,-132.812,-346.191,-55.176,-134.766,874.961
1666057320.080,-103.027,-653.809,-40.039,-99.121,874.964
1666057320.083,33.203,-433.105,-26.855,14.648,874.968
1666057320.087,37.109,137.207,-24.902,-7.324,874.972
1666057320.091,-101.074,197.266,-38.574,-116.211,874.976
1666057320.095,-128.906,-342.285,-32.715,-116.699,874.980
1666057320.099,5.371,-152.344,-18.066,-14.160,874.984
1666057320.101,60.059,401.367,-24.902,20.996,874.987
1666057320.105,-69.824,235.840,-32.227,-84.961,874.991
1666057320.109,-147.461,-668.945,-49.805,-139.160,874.995
1666057320.113,-39.551,-562.988,-40.039,-31.738,874.999
1666057320.117,68.848,470.703,-21.973,37.598,875.003
1666057320.121,-17.578,137.695,-26.367,-55.664,875.007
1666057320.125,-135.254,-816.895,-14.160,-123.535,875.011
1666057320.128,-71.777,-671.875,8.301,-65.430,875.014
1666057320.132,78.613,441.895,23.926,35.156,875.018
1666057320.136,42.480,603.516,9.277,-6.348,875.022
1666057320.140,-102.539,-504.395,-7.812,-105.957,875.026
1666057320.144,-81.543,-780.762,6.348,-69.336,875.030
1666057320.146,64.941,420.410,23.926,37.598,875.031
1666057320.150,62.500,616.699,3.418,22.461,875.035
1666057320.154,-106.934,-299.805,-17.090,-105.469,875.039
1666057320.158,-140.625,-418.457,-8.789,-119.629,875.043
1666057320.162,13.672,322.266,-4.395,6.348,875.047
1666057320.166,81.543,389.160,-20.508,60.059,875.051
1666057320.170,-42.969,-332.031,-27.832,-48.828,875.055
1666057320.173,-129.395,-441.406,-14.648,-119.141,875.059
1666057320.177,-30.273,156.738,-7.324,-27.344,875.063
1666057320.181,83.008,455.566,-19.531,53.711,875.067
1666057320.185,-8.301,-548.828,-32.227,-22.949,875.070
1666057320.189,-136.719,-844.727,-31.250,-118.652,875.074
1666057320.194,-81.055,-42.480,-27.344,-69.336,875.104
1666057320.198,55.664,336.914,-27.344,40.039,875.108
1666057320.202,20.508,49.805,-30.762,5.859,875.112
1666057320.206,-107.422,-324.219,-26.367,-98.145,875.116
1666057320.210,-97.168,-203.125,-22.461,-89.355,875.120
1666057320.214,30.762,-310.059,-15.625,24.902,875.124
1666057320.218,56.152,-510.254,-9.766,36.621,875.128
1666057320.221,-72.754,-177.246,-7.812,-92.285,875.132
1666057320.225,-127.930,-47.363,-16.602,-126.465,875.135
1666057320.229,-21.484,-500.977,-30.762,-11.719,875.139
1666057320.233,59.570,-343.262,-20.508,48.828,875.143
1666057320.237,-40.039,280.762,-7.812,-60.059,875.147
1666057320.236,-139.160,-148.926,-8.789,-130.371,875.122
1666057320.240,-50.293,-191.895,1.953,-51.270,875.126
1666057320.244,76.660,538.086,9.766,38.086,875.130
1666057320.248,2.441,580.566,-9.766,-27.832,875.134
1666057320.252,-125.488,-141.113,-15.625,-118.652,875.138
1666057320.256,-85.449,-525.879,-9.766,-67.871,875.142
1666057320.260,54.688,77.148,-8.301,42.480,875.145
1666057320.263,40.527,410.645,-15.625,14.648,875.149
1666057320.267,-99.609,-409.668,-32.227,-99.121,875.153
1666057320.271,-107.422,-813.965,-20.508,-89.355,875.157
1666057320.275,36.133,107.910,1.953,16.113,875.161
1666057320.279,72.266,754.395,-11.719,27.344,875.165
1666057320.280,-68.359,-128.906,-33.203,-86.426,875.166
1666057320.284,-119.141,-700.195,-17.090,-110.352,875.170
1666057320.288,-5.371,-147.949,-4.395,-0.977,875.174
1666057320.292,76.660,423.340,-15.625,48.340,875.177
1666057320.296,-21.484,-117.188,-31.738,-37.109,875.181
1666057320.300,-137.207,-1000.000,-29.785,-98.633,875.185
1666057320.304,-63.477,-449.219,-2.441,-41.504,875.189
1666057320.307,78.125,623.047,7.324,48.828,875.193
1666057320.311,24.902,-23.926,-11.719,-11.719,875.197
1666057320.315,-117.676,-979.492,-14.160,-117.676,875.201
1666057320.319,-93.750,-435.547,-5.371,-78.125,875.205
1666057320.323,54.688,372.070,-11.719,40.039,875.209
1666057320.327,51.758,346.191,-20.508,23.438,875.211
1666057320.331,-88.379,-116.699,-21.484,-97.656,875.215
1666057320.335,-109.863,-94.238,-16.602,-101.562,875.219
1666057320.339,17.090,230.957,-19.043,16.113,875.223
1666057320.343,68.848,321.777,-32.715,44.922,875.227
1666057320.347,-60.547,-227.051,-39.062,-71.777,875.231
1666057320.351,-135.742,-471.680,-32.715,-122.559,875.235
1666057320.354,-20.508,-116.211,-19.531,-16.113,875.238
1666057320.358,84.473,-199.707,-16.602,65.430,875.242
1666057320.362,-10.742,-85.449,-21.484,-21.484,875.246
1666057320.366,-124.023,-21.973,-23.926,-110.352,875.250
1666057320.370,-57.617,-218.750,-19.043,-48.828,875.254
1666057320.371,73.730,104.492,-22.949,51.758,875.269
1666057320.375,20.996,288.574,-33.691,3.906,875.273
1666057320.379,-117.676,-224.121,-39.062,-120.605,875.277
1666057320.383,-100.586,-831.543,-41.992,-96.680,875.281
1666057320.387,47.852,-655.762,-23.926,41.992,875.285
1666057320.391,57.129,75.195,-4.883,38.086,875.289
1666057320.395,-92.285,-131.836,-21.973,-100.098,875.293
1666057320.398,-122.559,-868.652,-31.250,-118.164,875.296
1666057320.402,11.719,-468.750,-7.324,2.441,875.300
1666057320.406,76.660,653.320,1.953,40.527,875.304
1666057320.410,-53.223,295.898,-12.207,-66.406,875.308
1666057320.414,-141.113,-369.629,-9.277,-126.465,875.312
1666057320.416,-39.551,17.090,-3.906,-40.527,875.301
1666057320.420,78.613,742.676,-15.137,44.434,875.305
1666057320.424,-9.766,391.602,-31.250,-33.203,875.309
1666057320.428,-142.090,-546.387,-29.297,-136.719,875.313
1666057320.432,-81.543,-289.551,-16.113,-78.125,875.317
1666057320.436,60.059,356.445,-20.996,42.969,875.321
1666057320.440,28.320,144.043,-27.832,5.371,875.325
1666057320.443,-123.535,-765.137,-34.668,-110.352,875.329
1666057320.447,-123.535,-648.438,-18.066,-96.680,875.333
1666057320.451,35.645,506.348,-5.371,28.809,875.336
1666057320.455,49.805,416.504,-21.973,31.738,875.340
1666057320.459,-98.633,-453.613,-27.832,-105.957,875.344
1666057320.460,-153.320,-384.766,-25.879,-140.137,875.345
1666057320.464,-29.297,277.832,-31.738,-25.391,875.349
1666057320.468,70.312,131.348,-40.527,39.551,875.353
1666057320.472,-52.246,-420.410,-39.062,-64.941,875.357
1666057320.476,-141.602,-328.613,-31.250,-125.000,875.361
1666057320.480,-41.016,-140.137,-17.090,-30.273,875.365
1666057320.484,58.105,-161.133,-12.695,47.363,875.369
1666057320.487,-18.555,-785.645,-25.879,-12.207,875.373
1666057320.491,-135.254,-515.625,-21.484,-110.840,875.377
1666057320.495,-85.938,-47.852,-14.160,-75.195,875.381
1666057320.499,41.504,270.996,-11.230,32.715,875.385
1666057320.503,18.066,488.281,-20.020,-0.977,875.388
1666057320.507,-117.188,95.703,-23.926,-118.652,875.393
1666057320.511,-132.812,-208.984,-14.648,-107.422,875.396
1666057320.515,8.301,68.848,-9.766,16.113,875.400
1666057320.519,43.457,527.344,-31.738,25.391,875.404
1666057320.523,-93.262,229.980,-54.688,-97.656,875.408
1666057320.527,-134.766,-481.934,-58.594,-117.676,875.412
1666057320.531,-14.160,-734.863,-40.039,4.395,875.416
1666057320.534,50.781,84.961,-19.043,41.992,875.420
1666057320.538,-69.336,176.758,-28.320,-78.125,875.424
1666057320.542,-169.434,-755.371,-31.738,-152.832,875.428
1666057320.546,-88.867,-593.750,-16.113,-69.824,875.432
1666057320.550,42.480,491.211,-12.695,26.855,875.436
1666057320.566,-19.043,562.012,-31.738,-33.203,875.452
1666057320.570,-154.297,-305.664,-41.504,-137.207,875.456
1666057320.574,-131.348,-637.695,-29.785,-104.004,875.460
1666057320.578,9.277,170.410,-14.648,11.719,875.464
1666057320.582,20.508,625.977,-20.020,-7.812,875.468
1666057320.586,-123.535,-403.809,-34.180,-118.164,875.471
1666057320.590,-159.180,-1000.000,-26.855,-109.375,875.475
1666057320.593,-15.137,-5.859,-1.953,11.719,875.479
1666057320.597,48.828,707.031,-13.672,42.969,875.483
1666057320.601,-84.473,-85.449,-30.273,-67.383,875.487
1666057320.605,-154.297,-549.316,-24.902,-121.094,875.491
1666057320.609,-38.574,-159.668,-17.578,-23.438,875.495
1666057320.599,62.012,389.648,-18.066,56.641,875.496
1666057320.603,-26.855,18.555,-20.020,-20.996,875.500
1666057320.607,-150.391,-420.898,-13.672,-107.910,875.504
1666057320.611,-92.285,13.672,-13.672,-60.059,875.507
1666057320.615,47.363,454.590,-9.277,34.668,875.511
1666057320.619,-2.441,61.035,-19.043,-8.301,875.515
1666057320.623,-143.555,-508.301,-17.578,-115.723,875.519
1666057320.626,-129.883,-195.312,-10.742,-106.934,875.523
1666057320.630,8.301,183.105,-30.273,5.371,875.527
1666057320.634,19.531,-254.883,-31.738,8.789,875.531
1666057320.638,-110.840,-355.469,-25.391,-110.352,875.535
1666057320.642,-137.207,-104.492,-26.855,-126.465,875.539
1666057320.656,-2.930,52.246,-20.996,-10.742,875.555
1666057320.660,62.500,205.566,-27.832,25.879,875.558
1666057320.664,-68.848,-213.379,-42.969,-88.379,875.562
1666057320.668,-162.109,-583.984,-44.922,-143.555,875.566
1666057320.672,-59.570,-472.168,-33.691,-43.945,875.570
1666057320.676,55.176,-889.160,-35.645,58.105,875.574
1666057320.680,-36.621,-685.547,-37.598,-37.598,875.578
1666057320.683,-156.250,-179.199,-34.668,-148.438,875.582
1666057320.687,-94.238,-312.012,-30.273,-90.332,875.586
1666057320.691,46.387,318.848,-17.090,22.461,875.590
1666057320.695,7.324,651.855,-28.809,-12.695,875.594
1666057320.699,-134.277,-60.059,-34.668,-125.977,875.598
1666057320.702,-119.141,-404.297,-14.160,-103.027,875.589
1666057320.706,19.531,277.832,-12.207,13.672,875.593
1666057320.710,37.109,680.176,-19.043,13.672,875.597
1666057320.714,-101.562,-25.391,-27.344,-105.957,875.600
1666057320.718,-149.902,-708.984,-32.227,-134.766,875.604
1666057320.722,-21.973,-350.098,-22.461,-20.020,875.608
1666057320.726,57.617,340.332,-22.461,36.621,875.612
1666057320.729,-58.105,49.316,-41.504,-66.895,875.616
1666057320.733,-146.973,-875.977,-41.016,-114.746,875.620
1666057320.737,-51.270,-309.570,-4.395,-22.461,875.624
1666057320.741,67.871,750.977,-3.418,53.711,875.628
1666057320.745,-8.789,297.852,-18.555,-26.367,875.632
1666057320.746,-145.508,-400.391,-14.648,-122.559,875.632
1666057320.750,-96.680,-117.188,-20.020,-73.730,875.636
1666057320.754,48.828,342.285,-28.809,31.738,875.640
1666057320.758,22.949,-134.277,-35.645,-3.906,875.644
1666057320.762,-114.258,-724.609,-30.273,-107.910,875.648
1666057320.766,-121.582,-549.316,-19.531,-96.680,875.652
1666057320.770,14.160,2.930,-18.555,-1.465,875.656
1666057320.773,50.293,-96.191,-29.297,17.578,875.660
1666057320.777,-90.820,-985.352,-34.668,-89.355,875.664
1666057320.781,-142.090,-538.086,-7.812,-123.535,875.668
1666057320.785,-14.160,222.168,-5.371,-10.742,875.671
1666057320.789,67.383,452.148,-14.160,52.246,875.675
1666057320.791,-45.410,306.641,-15.137,-48.828,875.678
1666057320.795,-146.973,-18.555,-18.555,-125.488,875.681
1666057320.799,-61.035,18.066,-17.578,-39.551,875.685
1666057320.803,64.941,372.559,-18.555,50.293,875.689
1666057320.807,-1.465,395.020,-33.691,-25.879,875.693
1666057320.811,-127.441,-268.066,-35.645,-120.117,875.697
1666057320.815,-94.727,-550.781,-22.461,-76.172,875.701
1666057320.818,41.992,-382.812,-12.695,38.086,875.705
1666057320.822,39.551,84.961,-11.230,15.625,875.709
1666057320.826,-104.004,-92.773,-30.762,-106.445,875.713
1666057320.830,-123.047,-727.539,-30.762,-94.238,875.717
1666057320.834,19.531,-281.738,-6.836,27.832,875.721
1666057320.835,68.848,586.426,-5.371,39.551,875.721
1666057320.839,-65.918,299.805,-24.414,-83.984,875.724
1666057320.843,-135.254,-695.801,-30.273,-119.141,875.728
1666057320.847,-26.367,-474.609,-11.719,-14.160,875.732
1666057320.851,66.406,556.641,-11.719,39.062,875.736
1666057320.855,-34.180,136.719,-23.438,-53.711,875.740
1666057320.859,-131.836,-834.473,-19.531,-124.512,875.744
1666057320.862,-59.570,-698.730,-5.371,-42.969,875.748
1666057320.866,62.012,502.441,3.906,49.316,875.752
1666057320.870,5.859,564.453,-19.043,-10.742,875.756
1666057320.874,-122.070,-238.770,-19.043,-104.980,875.760
1666057320.878,-95.215,-366.699,0.977,-67.383,875.763
1666057320.883,28.320,203.613,15.137,28.320,875.769
1666057320.887,31.250,494.629,8.789,8.789,875.773
1666057320.891,-103.516,-347.168,1.953,-109.375,875.777
1666057320.895,-128.906,-521.973,7.324,-113.770,875.781
1666057320.899,0.488,316.895,7.324,0.000,875.785
1666057320.903,65.430,432.129,-4.395,43.945,875.789
1666057320.907,-59.570,-534.180,-12.207,-52.246,875.793
1666057320.910,-147.949,-625.000,-1.465,-115.234,875.797
1666057320.914,-43.945,165.039,-1.465,-27.344,875.800
1666057320.918,68.848,386.230,-7.812,50.781,875.804
1666057320.922,-19.531,82.031,-12.207,-40.527,875.808
1666057320.926,-130.371,-158.203,-3.906,-123.535,875.812
1666057320.941,-77.148,38.574,9.277,-52.246,875.828
1666057320.945,54.199,286.133,10.254,48.340,875.832
1666057320.949,27.832,-15.625,-3.418,-4.883,875.836
1666057320.953,-109.863,-552.246,-6.836,-108.887,875.840
1666057320.957,-99.121,-470.703,9.766,-80.078,875.844
1666057320.961,39.551,-223.145,12.695,29.785,875.848
1666057320.965,50.781,-867.676,3.418,30.762,875.852
1666057320.968,-89.355,-786.621,12.207,-86.914,875.855
1666057320.972,-128.418,-240.234,11.719,-120.117,875.859
1666057320.976,-6.836,55.664,0.000,-23.438,875.863
1666057320.980,66.406,541.992,-2.441,21.973,875.867
1666057320.984,-50.781,341.309,-11.719,-81.543,875.871
1666057320.986,-141.602,-256.348,-22.949,-139.160,875.873
1666057320.990,-46.387,-173.828,-21.973,-44.922,875.876
1666057320.994,65.918,494.629,-11.230,40.039,875.880
1666057320.998,-7.324,490.723,-8.789,-35.156,875.884
1666057321.002,-126.953,-247.559,-16.113,-119.141,875.888
1666057321.006,-82.031,-599.609,-6.348,-60.547,875.892
1666057321.010,56.641,-88.867,0.488,41.992,875.896
1666057321.013,34.180,296.875,-8.301,7.324,875.900
1666057321.017,-104.004,-255.371,-15.625,-111.328,875.904
1666057321.021,-117.676,-915.039,-11.230,-90.332,875.908
1666057321.025,15.625,-98.145,10.742,28.809,875.912
1666057321.029,54.688,601.074,-1.465,26.855,875.916
1666057321.032,-79.102,-74.707,-13.672,-86.914,875.918
1666057321.036,-138.672,-489.746,-11.230,-108.398,875.921
1666057321.040,-27.344,-97.656,-5.371,-0.977,875.925
1666057321.044,53.711,436.035,-3.906,49.316,875.929
1666057321.048,-54.199,-125.000,-15.625,-46.875,875.933
1666057321.052,-151.367,-1000.000,-8.301,-118.164,875.937
1666057321.056,-63.965,-355.469,2.930,-44.922,875.941
1666057321.059,68.848,483.887,-3.418,54.199,875.945
1666057321.063,4.395,-210.938,-16.602,-11.230,875.949
1666057321.067,-133.301,-951.660,-8.789,-116.211,875.953
1666057321.071,-98.633,-170.898,10.254,-78.125,875.957
1666057321.075,42.969,486.816,-3.906,33.203,875.961
1666057321.076,30.762,350.098,-17.578,7.324,875.962
1666057321.080,-111.328,-34.668,-7.812,-104.980,875.966
1666057321.084,-121.094,-69.336,9.766,-101.074,875.970
1666057321.088,20.020,274.902,13.184,12.207,875.974
1666057321.092,64.453,398.438,0.488,34.668,875.978
1666057321.096,-66.406,-124.023,-10.742,-83.984,875.982
1666057321.100,-132.324,-574.707,-6.348,-117.676,875.986
1666057321.103,-25.879,-256.836,-5.859,-22.461,875.989
1666057321.107,57.617,-282.227,-5.371,38.574,875.993
1666057321.111,-41.016,-281.250,0.977,-51.758,875.997
1666057321.115,-138.184,-338.867,-10.254,-134.277,876.001
1666057321.119,-64.941,-594.238,-12.207,-66.895,876.005
1666057321.121,56.641,-35.645,-8.789,27.832,876.007
1666057321.125,0.488,418.457,-13.184,-24.902,876.011
1666057321.129,-137.207,-269.531,-25.879,-127.930,876.015
1666057321.133,-113.770,-920.898,-27.344,-88.379,876.019
1666057321.137,29.297,-404.297,-14.160,29.297,876.023
1666057321.141,31.250,188.965,-11.719,14.648,876.027
1666057321.145,-104.980,-263.672,-20.508,-104.492,876.031
1666057321.148,-132.812,-890.625,-32.715,-113.770,876.034
1666057321.152,-4.883,-477.539,-18.555,-5.859,876.038
1666057321.156,68.359,684.570,-9.766,27.832,876.042
1666057321.160,-41.992,351.074,-25.879,-73.242,876.046
1666057321.164,-125.488,-315.430,-20.996,-125.488,876.050
1666057321.168,-33.691,-66.895,-7.324,-36.621,876.066
1666057321.172,61.523,534.668,0.000,37.109,876.070
1666057321.176,-34.180,382.812,-6.836,-43.457,876.074
1666057321.180,-146.973,-504.395,-16.113,-121.094,876.077
1666057321.184,-79.590,-280.762,-7.812,-53.223,876.081
1666057321.188,55.664,364.258,-1.465,50.293,876.085
1666057321.192,14.160,83.984,-11.230,-10.742,876.089
1666057321.195,-126.953,-713.379,-12.695,-121.582,876.093
1666057321.199,-111.328,-459.473,12.695,-88.379,876.097
1666057321.203,35.645,499.023,13.672,28.809,876.101
1666057321.207,47.852,416.992,-7.324,22.461,876.105
1666057321.211,-95.215,-180.664,-9.277,-98.633,876.109
1666057321.211,-135.254,-192.871,-8.301,-117.188,876.111
1666057321.215,-4.395,349.609,-0.977,-10.254,876.115
1666057321.219,56.641,148.438,-7.324,24.902,876.119
1666057321.223,-68.848,-651.855,-14.160,-83.496,876.123
1666057321.227,-142.578,-558.594,-4.883,-130.859,876.127
1666057321.231,-35.156,-99.609,1.465,-28.809,876.131
1666057321.235,73.242,-152.832,-0.488,59.570,876.135
1666057321.238,-22.461,-685.547,-9.766,-28.320,876.138
1666057321.242,-147.949,-380.859,-14.160,-134.766,876.142
1666057321.246,-94.727,61.523,-13.672,-74.707,876.146
1666057321.250,38.574,129.883,-7.324,40.039,876.150
1666057321.254,9.766,221.191,-8.789,3.418,876.154
1666057321.258,-113.770,72.266,-7.812,-105.469,876.145
1666057321.262,-116.211,-228.027,-6.836,-96.680,876.149
1666057321.266,9.277,115.234,-14.160,13.184,876.153
1666057321.270,40.527,552.734,-14.648,16.602,876.157
1666057321.274,-88.867,191.406,-25.879,-107.910,876.161
1666057321.278,-149.902,-491.211,-28.809,-135.742,876.165
1666057321.282,-34.180,-672.852,-12.207,-19.531,876.169
1666057321.285,48.828,-13.184,0.488,37.598,876.173
1666057321.289,-51.758,320.801,-4.395,-63.965,876.177
1666057321.293,-140.137,-409.668,-18.066,-128.418,876.181
1666057321.297,-62.988,-621.094,-7.324,-49.805,876.184
1666057321.301,52.246,385.742,3.418,29.297,876.188
1666057321.316,-5.859,550.781,-9.766,-37.109,876.232
1666057321.320,-121.582,-315.430,-3.418,-124.023,876.236
1666057321.324,-94.727,-682.617,10.254,-78.613,876.240
1666057321.328,38.086,85.938,18.066,27.832,876.243
1666057321.332,26.367,524.414,9.277,0.000,876.247
1666057321.336,-109.375,-444.336,-5.859,-107.422,876.251
1666057321.340,-123.535,-1000.000,5.371,-89.355,876.255
1666057321.343,18.066,-34.668,14.648,15.137,876.259
1666057321.347,72.266,520.508,1.953,25.879,876.263
1666057321.351,-63.965,-352.539,-4.883,-75.684,876.267
1666057321.355,-131.836,-555.176,-4.395,-111.328,876.271
1666057321.359,-14.648,260.254,6.836,-10.254,876.275
1666057321.363,74.219,586.426,10.742,50.293,876.249
1666057321.367,-29.297,79.102,-1.953,-43.945,876.253
1666057321.371,-130.371,-296.875,-3.418,-111.328,876.257
1666057321.375,-61.523,29.297,5.859,-34.180,876.261
1666057321.379,60.547,502.441,14.160,60.059,876.265
1666057321.383,5.371,2.441,10.742,-2.441,876.269
1666057321.387,-127.441,-549.805,8.789,-113.281,876.273
1666057321.390,-105.957,-164.062,13.184,-78.613,876.277
1666057321.394,44.922,230.957,12.207,43.457,876.281
1666057321.398,53.711,-58.105,15.625,39.551,876.285
1666057321.402,-90.820,-244.141,12.695,-74.707,876.289
1666057321.406,-126.953,-362.305,3.906,-87.402,876.292
1666057321.405,3.906,-317.871,11.719,25.391,876.291
1666057321.409,56.641,83.008,11.230,50.781,876.295
1666057321.413,-67.383,-166.504,-2.930,-66.895,876.299
1666057321.417,-133.789,-452.148,-0.488,-115.723,876.303
1666057321.421,-26.855,-372.559,1.465,-8.789,876.307
1666057321.425,76.172,-589.844,16.113,73.730,876.311
1666057321.429,-15.625,-212.891,31.250,-19.531,876.315
1666057321.432,-124.512,-35.645,17.090,-104.980,876.319
1666057321.436,-70.801,-611.328,1.465,-34.180,876.322
1666057321.440,56.641,-727.051,11.230,64.941,876.326
1666057321.444,21.973,94.238,16.113,-1.465,876.330
1666057321.448,-116.699,-193.848,1.953,-113.281,876.334
1666057321.451,-101.074,-418.457,10.254,-84.961,876.337
1666057321.455,39.062,200.684,7.812,31.738,876.341
1666057321.459,47.852,480.469,-1.465,28.809,876.345
1666057321.463,-97.656,48.828,-13.184,-85.938,876.349
1666057321.467,-141.113,-553.711,-11.230,-103.516,876.352
1666057321.471,-17.090,-275.391,1.953,4.883,876.356
1666057321.475,62.988,314.453,6.836,33.691,876.360
1666057321.478,-52.734,23.926,3.418,-78.125,876.364
1666057321.482,-144.043,-811.035,1.953,-124.512,876.368
1666057321.486,-41.504,-210.938,17.090,-30.762,876.372
1666057321.490,66.895,776.367,9.277,44.434,876.376
1666057321.494,-18.066,257.324,-3.418,-39.062,876.380
1666057321.496,-134.277,-407.227,2.441,-129.883,876.382
1666057321.500,-81.543,-65.430,6.348,-76.172,876.386
1666057321.504,47.363,394.043,-4.395,23.438,876.390
1666057321.508,7.324,-128.906,-16.113,-18.066,876.393
1666057321.512,-133.789,-928.223,-21.973,-125.977,876.397
1666057321.516,-123.047,-663.574,-11.230,-108.887,876.401
1666057321.520,19.531,137.207,-5.859,6.348,876.405
1666057321.523,41.992,-29.785,-18.555,19.043,876.409
1666057321.527,-99.609,-863.770,-21.973,-92.285,876.413
1666057321.531,-144.531,-354.004,-11.230,-123.535,876.417
1666057321.535,-9.766,339.844,-2.930,-4.395,876.421
1666057321.539,72.266,520.508,-3.418,46.875,876.425
1666057321.541,-43.945,246.582,-11.230,-65.430,876.428
1666057321.545,-132.324,-84.961,-7.324,-122.559,876.432
1666057321.549,-35.156,29.297,-2.441,-22.949,876.436
1666057321.553,80.078,391.602,-5.371,65.430,876.440
1666057321.557,0.000,404.297,-12.695,-17.578,876.444
1666057321.561,-126.953,-279.785,-17.090,-111.816,876.448
1666057321.565,-84.473,-506.348,-15.137,-66.406,876.451
1666057321.568,48.340,-677.246,-7.324,38.086,876.455
1666057321.572,29.785,-440.430,1.953,4.883,876.459
1666057321.576,-111.816,41.992,-6.836,-124.512,876.463
1666057321.580,-120.117,-381.836,-8.301,-116.699,876.467
1666057321.584,13.672,7.812,-7.812,12.695,876.471
1666057321.586,47.852,663.574,-18.555,28.320,876.486
1666057321.590,-81.055,292.969,-24.902,-92.285,876.490
1666057321.594,-131.348,-642.578,-23.438,-121.582,876.494
1666057321.598,-9.277,-489.258,-3.418,-16.113,876.498
1666057321.602,80.566,529.297,-0.488,40.039,876.502
1666057321.606,-33.691,101.074,-24.414,-56.641,876.506
1666057321.610,-140.625,-861.816,-28.320,-120.605,876.510
1666057321.613,-64.941,-690.918,-19.531,-43.457,876.514
1666057321.617,64.453,410.156,-11.230,54.688,876.518
1666057321.621,9.277,279.297,-15.625,-8.301,876.522
1666057321.625,-128.906,-635.742,-18.555,-129.883,876.525
1666057321.629,-104.980,-436.035,-11.230,-94.727,876.529
1666057321.633,40.039,522.949,-6.348,20.996,876.520
1666057321.637,38.574,541.992,-15.625,-1.465,876.523
1666057321.641,-101.562,-220.215,-20.508,-113.281,876.527
1666057321.645,-121.582,-261.230,-10.742,-104.004,876.531
1666057321.649,15.137,372.070,-6.836,13.184,876.535
1666057321.653,65.918,391.602,-11.719,40.527,876.539
1666057321.657,-81.543,-554.199,-11.719,-72.266,876.543
1666057321.660,-154.297,-661.133,-7.324,-114.746,876.547
1666057321.664,-38.086,212.402,-3.418,-24.414,876.551
1666057321.668,61.523,432.617,-9.766,44.434,876.555
1666057321.672,-16.113,-187.500,-15.137,-24.902,876.559
1666057321.676,-114.746,-413.086,-6.348,-101.562,876.563
1666057321.677,-71.777,-252.930,-3.418,-53.223,876.576
1666057321.681,39.551,-44.922,-9.277,33.691,876.580
1666057321.685,1.953,-339.355,-19.531,-6.348,876.584
1666057321.689,-125.000,-427.734,-17.090,-105.957,876.588
1666057321.693,-98.145,-119.141,-19.043,-74.219,876.592
1666057321.697,39.551,-203.125,-25.391,38.574,876.596
1666057321.701,39.551,-776.367,-21.973,29.785,876.600
1666057321.704,-90.332,-489.746,-9.766,-87.891,876.604
1666057321.708,-121.582,-184.570,-14.160,-99.121,876.608
1666057321.712,6.348,2.441,-7.812,9.277,876.612
1666057321.716,74.219,538.086,3.418,36.621,876.616
1666057321.720,-42.969,357.910,-6.836,-70.801,876.619
1666057321.736,-134.277,-217.285,-17.578,-122.559,876.622
1666057321.740,-37.109,-147.461,-7.812,-27.832,876.626
1666057321.744,80.566,302.246,-5.859,53.223,876.630
1666057321.748,-6.348,183.594,-11.230,-30.273,876.634
1666057321.752,-123.047,-266.113,-11.230,-123.047,876.638
1666057321.756,-74.219,-745.117,-17.090,-62.988,876.642
1666057321.760,62.988,-162.598,-7.812,40.527,876.646
1666057321.763,25.879,502.930,-11.230,-8.301,876.650
1666057321.767,-125.977,-188.965,-33.203,-123.535,876.654
1666057321.771,-119.629,-735.352,-28.320,-102.051,876.658
1666057321.775,25.879,162.109,-15.137,12.207,876.661
1666057321.779,50.781,686.035,-22.461,8.301,876.665
1666057321.781,-86.426,-131.348,-12.207,-103.027,876.667
1666057321.785,-132.812,-522.949,-10.742,-114.746,876.671
1666057321.789,-7.812,-102.539,-13.672,6.348,876.675
1666057321.793,66.895,421.875,1.465,40.039,876.679
1666057321.797,-49.316,-141.113,-9.766,-80.078,876.683
1666057321.801,-138.672,-995.605,-15.625,-130.371,876.687
1666057321.805,-42.969,-443.848,0.488,-38.574,876.691
1666057321.808,69.336,293.457,-0.488,47.363,876.695
1666057321.812,-19.043,-235.840,-16.113,-25.391,876.699
1666057321.816,-148.438,-971.191,-12.695,-120.605,876.702
1666057321.820,-95.215,-229.980,5.859,-71.777,876.706
1666057321.824,51.270,492.676,11.230,45.898,876.710
1666057321.826,28.320,328.613,4.883,16.602,876.726
1666057321.830,-107.422,-126.465,-0.488,-98.145,876.730
1666057321.834,-109.375,-182.617,1.465,-90.332,876.734
1666057321.838,27.344,217.773,0.488,16.602,876.738
1666057321.842,68.848,381.348,-10.742,29.785,876.742
1666057321.846,-67.871,-200.195,-22.461,-86.914,876.746
1666057321.850,-133.301,-592.773,-15.137,-130.371,876.750
1666057321.853,-21.973,-54.688,-6.836,-29.785,876.754
1666057321.857,58.105,-438.477,-15.625,36.621,876.758
1666057321.861,-41.504,-638.672,-5.371,-55.664,876.761
1666057321.865,-122.070,-60.547,-11.719,-117.676,876.765
1666057321.869,-51.758,-302.734,-29.297,-35.645,876.769
1666057321.871,59.570,84.961,-24.414,41.992,876.757
1666057321.875,1.465,523.438,-24.414,-26.855,876.761
1666057321.879,-119.141,-165.039,-23.438,-113.281,876.765
1666057321.883,-74.707,-734.863,-6.836,-58.105,876.769
1666057321.887,46.387,-331.055,5.371,33.691,876.773
1666057321.891,27.344,161.133,-8.301,-6.348,876.776
1666057321.895,-96.191,-198.730,-12.207,-107.910,876.780
1666057321.898,-117.676,-824.707,-8.789,-102.539,876.784
1666057321.902,10.742,-490.234,2.930,7.812,876.788
1666057321.906,64.941,585.938,8.789,13.184,876.792
1666057321.910,-58.105,164.551,-8.789,-100.586,876.796
1666057321.914,-131.348,-811.523,-4.883,-131.348,876.800
1666057321.916,-24.414,-429.199,8.301,-34.668,876.802
1666057321.920,79.590,732.422,0.000,31.250,876.806
1666057321.924,-8.789,392.578,-15.137,-46.875,876.810
1666057321.928,-123.535,-365.723,-4.395,-129.395,876.814
1666057321.932,-63.477,-41.016,10.254,-71.289,876.818
1666057321.936,62.988,446.777,0.488,26.367,876.822
1666057321.940,14.648,145.996,-11.719,-29.297,876.826
1666057321.943,-128.418,-690.918,-10.254,-139.160,876.830
1666057321.947,-118.164,-441.895,0.000,-104.004,876.833
1666057321.951,28.320,562.012,-4.395,18.555,876.837
1666057321.955,39.062,446.289,-13.672,7.812,876.841
1666057321.959,-94.727,-176.270,-11.719,-103.027,876.845
1666057321.962,-118.652,-343.750,-1.953,-113.770,876.850
1666057321.966,16.113,124.023,9.766,-0.977,876.854
1666057321.970,78.125,118.652,8.301,50.781,876.858
1666057321.974,-56.641,-747.559,2.930,-64.941,876.862
1666057321.978,-125.977,-533.203,6.348,-125.000,876.866
1666057321.982,-19.043,-25.391,5.371,-28.809,876.870
1666057321.986,66.895,-139.648,-7.812,45.898,876.874
1666057321.989,-18.066,-476.562,-20.508,-31.738,876.878
1666057321.993,-117.676,-143.555,-10.742,-115.723,876.881
1666057321.997,-57.617,75.684,-3.418,-55.176,876.885
1666057322.001,69.824,362.305,0.000,49.805,876.889
1666057322.005,32.715,471.191,-4.395,14.648,876.893
1666057322.008,-117.676,49.805,-5.859,-97.168,876.894
1666057322.012,-113.770,-193.359,-1.465,-78.613,876.898
1666057322.016,31.738,146.973,2.441,34.180,876.902
1666057322.020,47.852,295.410,-5.859,29.785,876.906
1666057322.024,-93.262,-107.422,-11.230,-86.914,876.910
1666057322.028,-134.766,-369.141,-12.207,-113.281,876.914
1666057322.032,-10.742,-846.680,-16.602,0.488,876.918
1666057322.035,62.012,-437.012,-7.812,50.781,876.922
1666057322.039,-56.641,266.113,-11.719,-65.430,876.926
1666057322.043,-140.625,-326.660,-20.020,-126.953,876.929
1666057322.047,-38.086,-235.352,-1.953,-21.973,876.933
1666057322.051,79.590,618.164,3.906,67.871,876.937
1666057322.051,3.906,496.582,-13.672,-21.973,876.967
1666057322.055,-132.324,-342.285,-19.531,-130.859,876.971
1666057322.059,-89.844,-634.766,-16.602,-71.289,876.975
1666057322.063,60.059,205.078,-8.301,38.574,876.979
1666057322.067,33.203,527.832,-16.113,-9.766,876.983
1666057322.071,-114.746,-498.047,-32.227,-119.629,876.986
1666057322.075,-121.582,-1000.000,-21.973,-95.703,876.990
1666057322.078,21.973,-180.176,-1.953,23.926,876.994
1666057322.082,52.246,593.750,-9.277,31.250,876.998
1666057322.086,-92.285,-241.699,-18.555,-88.379,877.002
1666057322.090,-139.648,-646.484,-4.395,-115.234,877.006
1666057322.094,-12.207,257.324,1.465,-7.324,877.010
1666057322.111,66.406,673.340,-8.301,47.852,876.997
1666057322.115,-47.363,121.582,-17.578,-58.105,877.001
1666057322.119,-137.695,-325.684,-11.719,-133.301,877.005
1666057322.123,-54.688,55.176,-2.930,-55.664,877.009
1666057322.127,62.012,536.133,-12.695,37.598,877.013
1666057322.131,-6.836,-54.688,-26.367,-29.297,877.016
1666057322.135,-129.883,-553.711,-20.508,-129.883,877.020
1666057322.138,-91.309,-107.910,-3.906,-74.219,877.024
1666057322.142,44.922,191.406,-1.465,42.480,877.028
1666057322.146,23.926,-3.906,-5.859,12.207,877.032
1666057322.150,-126.953,-224.609,-7.324,-105.957,877.036
1666057322.154,-140.137,-157.715,0.977,-104.980,877.040
1666057322.156,-0.488,-22.461,2.441,14.648,877.042
1666057322.160,36.133,-436.035,-1.953,39.062,877.046
1666057322.164,-98.145,-625.488,-8.789,-83.496,877.050
1666057322.168,-150.391,-408.203,-8.789,-125.488,877.054
1666057322.172,-35.156,-333.984,-1.465,-15.137,877.058
1666057322.176,57.129,-337.891,-9.277,48.340,877.062
1666057322.180,-43.945,-67.383,-5.859,-57.617,877.066
1666057322.183,-150.879,-71.289,0.000,-136.230,877.069
1666057322.187,-77.148,-578.125,-11.230,-54.199,877.073
1666057322.191,53.223,-302.246,-10.254,47.363,877.077
1666057322.195,-0.488,441.895,-15.625,-26.855,877.081
1666057322.199,-141.113,-271.484,-29.297,-133.301,877.085
1666057322.201,-111.816,-693.848,-12.695,-85.449,877.087
1666057322.205,41.504,125.000,3.906,25.391,877.091
1666057322.209,40.527,681.152,-0.977,8.301,877.095
1666057322.213,-99.121,-42.969,-10.742,-108.887,877.099
1666057322.217,-126.465,-514.160,-8.301,-121.094,877.103
1666057322.221,7.324,-100.586,-0.488,-1.465,877.107
1666057322.225,62.988,331.543,8.301,36.133,877.111
1666057322.228,-67.871,-16.113,-0.488,-72.266,877.115
1666057322.232,-142.578,-818.848,4.883,-114.746,877.119
1666057322.236,-41.992,-206.543,24.902,-15.625,877.123
1666057322.240,63.477,773.926,15.137,58.105,877.126
1666057322.244,-36.133,229.980,0.000,-41.016,877.130
1666057322.261,-160.156,-447.266,-5.859,-132.324,877.147
1666057322.265,-84.961,-199.219,-1.465,-60.547,877.151
1666057322.269,57.617,267.578,0.977,35.645,877.155
1666057322.273,4.883,-122.559,-12.695,-16.602,877.159
1666057322.277,-139.160,-934.082,-11.719,-118.164,877.163
1666057322.281,-124.512,-751.953,2.441,-96.680,877.167
1666057322.285,24.902,64.453,14.160,20.508,877.171
1666057322.288,40.039,-70.801,3.906,14.160,877.175
1666057322.292,-110.352,-762.695,-10.254,-112.793,877.178
1666057322.296,-150.391,-216.309,2.930,-131.836,877.182
1666057322.300,-21.484,340.332,8.301,-13.184,877.186
1666057322.304,54.199,499.023,5.859,33.203,877.190
1666057322.291,-61.035,235.352,-3.906,-74.707,877.178
1666057322.295,-148.926,-75.684,-5.859,-121.582,877.182
1666057322.299,-55.176,58.105,-3.906,-28.809,877.186
1666057322.303,58.594,429.199,2.930,50.781,877.190
1666057322.307,-26.367,173.828,3.906,-36.621,877.193
1666057322.311,-143.066,-474.609,1.465,-134.766,877.197
1666057322.315,-82.031,-481.934,3.418,-65.918,877.201
1666057322.318,55.664,-215.332,6.836,50.781,877.205
1666057322.322,24.902,112.305,16.602,13.672,877.209
1666057322.326,-116.211,56.641,7.812,-100.586,877.213
1666057322.330,-119.629,-381.348,-0.977,-84.473,877.217
1666057322.334,24.902,-441.895,12.695,26.367,877.221
1666057322.336,62.988,262.207,23.438,33.691,877.222
1666057322.340,-76.172,230.469,8.789,-78.613,877.226
1666057322.344,-129.395,-714.844,-0.488,-111.816,877.230
1666057322.348,-5.371,-423.340,12.207,-3.418,877.234
1666057322.352,72.266,593.750,16.113,47.363,877.238
1666057322.356,-55.664,83.984,7.812,-61.035,877.242
1666057322.360,-159.180,-812.012,0.000,-128.418,877.246
1666057322.363,-70.312,-923.340,14.160,-35.645,877.249
1666057322.367,60.547,229.980,29.785,52.734,877.253
1666057322.371,-5.371,560.547,1.953,-24.902,877.257
1666057322.375,-131.348,-326.660,-7.812,-125.000,877.261
1666057322.379,-73.730,-273.438,1.465,-72.266,877.265
1666057322.383,70.312,551.270,11.230,43.457,877.270
1666057322.387,48.340,545.898,8.789,17.578,877.273
1666057322.391,-95.215,-241.211,-0.977,-102.539,877.277
1666057322.395,-113.770,-349.609,6.348,-95.215,877.281
1666057322.399,24.902,268.066,18.555,16.602,877.285
1666057322.403,71.289,377.441,10.742,30.273,877.289
1666057322.407,-76.172,-551.270,4.395,-76.172,877.293
1666057322.410,-142.578,-643.066,16.113,-112.305,877.297
1666057322.414,-17.090,242.188,22.949,-6.836,877.301
1666057322.418,76.660,403.809,16.602,58.594,877.305
1666057322.422,-30.762,-83.984,8.301,-44.922,877.309
1666057322.426,-133.789,-244.141,7.812,-120.117,877.312
1666057322.441,-48.828,107.422,5.859,-35.156,877.340
1666057322.445,79.102,228.516,2.930,71.289,877.344
1666057322.449,21.973,-386.230,-6.836,11.230,877.348
1666057322.453,-107.910,-522.949,-2.930,-91.797,877.352
1666057322.457,-78.613,-128.906,3.906,-62.500,877.356
1666057322.461,61.523,-131.348,-2.441,37.109,877.360
1666057322.465,52.246,-747.559,-7.812,28.320,877.364
1666057322.468,-95.215,-502.441,-0.488,-90.820,877.368
1666057322.472,-118.164,-148.926,-5.371,-103.516,877.372
1666057322.476,17.578,77.637,-9.766,4.883,877.376
1666057322.480,72.266,541.992,-11.719,41.016,877.379
1666057322.484,-57.617,208.984,-22.949,-56.152,877.383
1666057322.474,-133.301,-472.168,-24.902,-106.934,877.370
1666057322.478,-20.020,-424.316,-15.625,-14.648,877.374
1666057322.482,90.820,358.398,-12.207,62.500,877.378
1666057322.486,-26.367,482.422,-26.367,-48.828,877.382
1666057322.490,-169.922,-252.930,-34.180,-145.020,877.386
1666057322.494,-80.078,-531.738,-22.949,-53.711,877.390
1666057322.498,65.430,55.664,-13.184,43.945,877.394
1666057322.501,0.000,471.680,-15.137,-26.367,877.398
1666057322.505,-138.184,-162.598,-27.344,-135.254,877.401
1666057322.509,-117.188,-836.426,-24.414,-106.445,877.405
1666057322.513,23.926,25.391,0.977,1.465,877.409
1666057322.517,39.062,740.234,-3.906,-5.859,877.413
1666057322.531,-102.051,-178.223,-14.648,-127.441,877.416
1666057322.535,-123.535,-614.746,-14.648,-135.254,877.420
1666057322.539,9.766,66.406,-24.414,-13.672,877.424
1666057322.543,61.035,288.574,-24.902,14.648,877.428
1666057322.547,-57.617,-371.094,-33.203,-83.008,877.432
1666057322.551,-145.020,-1000.000,-31.738,-130.371,877.436
1666057322.555,-45.898,-445.801,1.953,-38.574,877.440
1666057322.558,71.289,614.258,4.395,41.016,877.444
1666057322.562,-14.648,28.320,-13.672,-50.293,877.447
1666057322.566,-147.461,-612.793,-10.742,-153.809,877.451
1666057322.570,-91.797,-9.766,-2.930,-93.262,877.455
1666057322.574,65.430,499.512,2.930,27.344,877.459
1666057322.576,36.133,327.637,1.465,-9.766,877.462
1666057322.580,-116.211,-120.605,-12.207,-135.254,877.466
1666057322.584,-112.793,-101.562,-12.207,-115.234,877.470
1666057322.588,32.715,301.758,-3.906,13.672,877.474
1666057322.592,60.059,332.520,-3.418,18.555,877.478
1666057322.596,-79.590,-246.094,0.488,-95.703,877.482
1666057322.600,-138.184,-657.227,-3.418,-120.605,877.486
1666057322.603,-3.906,-177.734,-3.418,-11.719,877.490
1666057322.607,82.031,-424.316,0.000,49.805,877.494
1666057322.611,-45.410,-738.770,2.441,-67.871,877.498
1666057322.615,-139.648,-199.219,-1.953,-147.949,877.501
1666057322.619,-38.086,-149.414,0.000,-54.199,877.505
1666057322.636,86.426,294.434,8.789,42.480,877.523
1666057322.640,7.812,463.867,-2.441,-31.250,877.527
1666057322.644,-123.047,-236.328,-8.789,-122.559,877.531
1666057322.648,-82.520,-762.695,-9.277,-64.941,877.535
1666057322.652,66.895,-317.871,2.441,54.199,877.539
1666057322.656,54.199,207.031,8.789,17.090,877.542
1666057322.660,-99.121,-256.348,-7.324,-119.141,877.546
1666057322.663,-118.164,-852.051,-20.020,-105.469,877.550
1666057322.667,17.578,-701.660,-11.719,24.414,877.554
1666057322.671,58.105,394.043,-0.977,35.645,877.558
1666057322.675,-72.754,301.758,-13.672,-84.961,877.562
1666057322.679,-125.977,-363.281,-12.695,-119.629,877.566
1666057322.681,-3.418,70.801,3.906,-11.230,877.582
1666057322.685,86.914,738.770,9.277,44.434,877.586
1666057322.689,-26.855,311.035,-13.184,-60.059,877.590
1666057322.693,-141.602,-393.066,-17.090,-125.488,877.594
1666057322.697,-63.965,-108.398,-1.465,-39.551,877.598
1666057322.701,69.336,359.863,-3.906,50.293,877.602
1666057322.705,5.371,33.203,-15.625,-17.090,877.606
1666057322.708,-129.883,-578.613,-7.812,-120.605,877.610
1666057322.712,-96.680,-262.207,9.277,-77.148,877.614
1666057322.716,48.828,539.551,-0.488,46.875,877.618
1666057322.720,38.574,295.898,-18.555,25.391,877.621
1666057322.724,-113.770,-854.004,-12.207,-100.098,877.625
1666057322.715,-135.254,-679.688,5.371,-116.211,877.611
1666057322.719,7.324,386.230,7.324,-7.812,877.614
1666057322.723,50.293,292.480,-9.766,22.949,877.618
1666057322.727,-84.961,-354.492,-13.672,-88.379,877.622
1666057322.731,-144.043,-333.984,-3.418,-128.906,877.626
1666057322.735,-42.480,-51.758,-6.348,-32.715,877.630
1666057322.739,57.129,-132.324,-9.277,37.109,877.634
1666057322.742,-23.926,-514.160,-10.254,-49.316,877.638
1666057322.746,-133.789,-281.738,-12.207,-127.930,877.642
1666057322.750,-75.195,79.102,-11.719,-60.547,877.646
1666057322.754,62.500,96.680,-13.184,41.992,877.650
1666057322.758,11.719,-8.301,-22.461,-20.020,877.653
1666057322.760,-132.812,-244.141,-25.879,-131.348,877.656
1666057322.764,-112.305,-380.859,-17.578,-95.703,877.660
1666057322.768,36.133,-479.004,-10.742,22.949,877.664
1666057322.772,52.246,-339.355,-6.836,15.137,877.668
1666057322.776,-82.520,20.996,-6.348,-104.492,877.672
1666057322.780,-120.117,-497.559,-12.695,-111.816,877.676
1666057322.784,-5.371,-583.496,-16.113,-4.883,877.680
1666057322.787,59.570,189.941,-17.578,30.762,877.683
1666057322.791,-59.570,397.949,-19.531,-78.613,877.687
1666057322.795,-142.090,-374.512,-20.020,-128.418,877.691
1666057322.799,-42.969,-351.074,-9.766,-37.598,877.695
1666057322.803,70.801,592.285,0.977,41.992,877.699
1666057322.801,-18.555,520.996,-5.859,-38.574,877.731
1666057322.805,-143.555,-322.266,-18.555,-126.953,877.735
1666057322.809,-73.730,-531.250,-11.719,-59.082,877.739
1666057322.813,66.406,74.707,-2.930,50.293,877.743
1666057322.817,16.602,253.906,-10.254,-0.977,877.747
1666057322.821,-132.324,-463.867,-31.738,-117.676,877.751
1666057322.825,-126.465,-1000.000,-28.809,-84.473,877.755
1666057322.828,16.113,-446.777,1.465,32.227,877.759
1666057322.832,42.969,548.340,2.441,29.297,877.763
1666057322.836,-85.449,-109.375,-16.602,-91.797,877.767
1666057322.840,-140.625,-420.898,-17.090,-123.535,877.771
1666057322.844,-23.438,321.777,-12.207,-16.602,877.774
1666057322.850,57.617,627.441,-12.207,22.949,877.763
1666057322.854,-60.547,47.363,-15.137,-73.730,877.767
1666057322.858,-155.762,-330.078,-10.254,-124.512,877.771
1666057322.862,-60.059,93.262,2.441,-38.574,877.775
1666057322.866,62.500,533.203,5.371,51.758,877.779
1666057322.870,-20.020,-35.645,-1.953,-23.926,877.783
1666057322.874,-145.996,-719.727,-6.348,-121.094,877.787
1666057322.877,-96.680,-372.070,0.488,-70.312,877.791
1666057322.881,50.293,300.781,-1.465,33.203,877.794
1666057322.885,28.809,-158.691,-12.695,-0.488,877.798
1666057322.889,-119.629,-460.938,-6.836,-116.699,877.802
1666057322.893,-125.977,-70.312,-1.953,-99.121,877.806
1666057322.906,10.742,44.922,-2.441,22.949,877.792
1666057322.910,41.504,106.445,-2.441,29.785,877.796
1666057322.914,-94.238,-170.898,-6.836,-83.008,877.800
1666057322.918,-147.461,-605.957,-8.301,-114.746,877.804
1666057322.922,-30.273,-414.062,-3.418,-11.230,877.808
1666057322.926,63.965,-784.180,-2.930,62.012,877.812
1666057322.930,-30.762,-707.031,5.859,-31.250,877.816
1666057322.933,-129.883,-199.219,8.301,-115.723,877.820
1666057322.937,-65.918,-528.809,0.977,-53.223,877.824
1666057322.941,56.641,-66.406,0.000,43.945,877.828
1666057322.945,-1.465,558.594,-5.859,-14.160,877.832
1666057322.949,-137.695,31.250,-10.742,-117.676,877.835
1666057322.952,-109.863,-612.793,-8.301,-66.895,877.840
1666057322.956,28.320,-57.129,0.977,41.504,877.843
1666057322.960,28.320,716.309,-1.953,12.207,877.847
1666057322.964,-105.957,35.645,-6.348,-104.980,877.851
1666057322.968,-126.465,-437.012,-9.766,-106.445,877.855
1666057322.972,-5.859,-97.168,-8.789,9.766,877.859
1666057322.976,41.016,335.938,-7.812,29.297,877.863
1666057322.979,-70.312,71.289,-25.391,-85.938,877.867
1666057322.983,-140.625,-751.953,-21.484,-125.488,877.871
1666057322.987,-25.391,-179.688,5.859,-20.996,877.875
1666057322.991,81.055,777.832,7.812,42.969,877.879
1666057322.995,-26.367,18.555,-16.113,-51.758,877.882
1666057322.997,-141.113,-770.508,-13.672,-127.930,877.887
1666057323.001,-62.988,-72.754,7.324,-52.734,877.890
1666057323.005,69.824,520.508,0.000,48.828,877.894
1666057323.009,8.789,-143.555,-17.090,-15.137,877.898
1666057323.013,-128.906,-805.664,-11.230,-125.977,877.902
1666057323.017,-105.469,-497.070,6.348,-82.520,877.906
1666057323.021,33.691,180.176,2.930,24.902,877.910
1666057323.024,33.203,-74.707,-13.672,7.324,877.914
1666057323.028,-105.469,-942.871,-18.555,-104.492,877.918
1666057323.032,-128.418,-385.254,-10.254,-127.441,877.922
1666057323.036,-2.441,362.305,-13.184,-13.184,877.926
1666057323.040,55.664,479.492,-17.090,23.926,877.930
1666057323.056,-60.059,168.457,-19.043,-81.543,877.942
1666057323.060,-132.324,-253.906,-10.254,-128.418,877.946
1666057323.064,-30.273,-203.613,0.000,-31.738,877.950
1666057323.068,67.871,234.375,-6.348,43.945,877.954
1666057323.072,-24.902,202.148,-15.137,-43.457,877.958
1666057323.076,-135.742,-397.949,-21.484,-133.301,877.962
1666057323.080,-81.543,-388.184,-23.438,-74.219,877.965
1666057323.083,53.711,-491.211,-19.043,43.457,877.969
1666057323.087,16.602,-466.797,-12.695,0.977,877.973
1666057323.091,-111.816,40.039,-6.836,-110.352,877.977
1666057323.095,-102.539,-269.043,-14.648,-87.402,877.981
1666057323.099,29.785,84.473,-13.184,22.949,877.985
1666057323.086,49.805,672.363,-10.742,19.531,877.987
1666057323.090,-89.355,245.605,-14.160,-98.633,877.991
1666057323.094,-138.672,-541.016,-17.578,-114.258,877.995
1666057323.098,-12.207,-307.129,-5.371,-3.418,877.999
1666057323.102,69.824,390.137,-3.418,42.480,878.003
1666057323.106,-48.828,-63.477,-18.555,-64.941,878.007
1666057323.110,-145.508,-822.266,-17.090,-123.535,878.011
1666057323.113,-54.199,-751.953,-0.488,-27.832,878.015
1666057323.117,68.848,328.613,2.930,52.734,878.018
1666057323.121,-11.230,509.766,-23.926,-30.273,878.022
1666057323.125,-129.395,-581.543,-26.855,-108.398,878.026
1666057323.129,-73.730,-651.855,-7.812,-45.410,878.030
1666057323.133,56.152,597.168,2.441,44.922,878.019
1666057323.137,28.809,585.938,-7.812,-2.441,878.023
1666057323.141,-119.141,-245.117,-16.113,-121.094,878.027
1666057323.145,-125.000,-195.312,2.441,-104.980,878.031
1666057323.149,10.254,455.078,5.371,8.789,878.035
1666057323.153,26.367,394.043,-13.672,21.484,878.039
1666057323.157,-95.703,-452.148,-17.578,-94.727,878.043
1666057323.160,-145.508,-680.664,-15.137,-128.418,878.047
1666057323.164,-35.156,160.156,-13.672,-15.625,878.051
1666057323.168,62.988,556.641,-24.902,48.828,878.055
1666057323.172,-45.898,-495.605,-30.273,-51.270,878.058
1666057323.176,-155.273,-706.543,-2.441,-133.789,878.062
1666057323.176,-58.594,110.840,12.207,-51.270,878.076
1666057323.180,68.359,432.129,-2.441,40.039,878.080
1666057323.184,-7.324,-8.789,-11.719,-39.551,878.084
1666057323.188,-141.113,-460.449,-2.930,-146.484,878.088
1666057323.192,-102.539,-142.578,5.859,-99.121,878.092
1666057323.196,40.039,-73.242,2.930,20.996,878.096
1666057323.200,31.250,-749.512,8.301,5.371,878.100
1666057323.203,-109.375,-543.457,14.160,-113.770,878.104
1666057323.207,-115.723,-101.074,5.371,-109.863,878.108
1666057323.211,20.020,0.000,9.277,14.160,878.111
1666057323.215,54.688,323.242,6.348,26.855,878.115
1666057323.219,-73.730,261.230,-6.836,-97.168,878.119
1666057323.237,-141.602,-161.621,-2.441,-139.160,878.124
1666057323.241,-36.133,-326.660,7.812,-30.273,878.128
1666057323.245,55.176,221.191,12.207,36.621,878.132
1666057323.249,-31.250,397.949,10.254,-58.105,878.136
1666057323.253,-128.418,-232.422,4.883,-126.465,878.139
1666057323.257,-60.547,-485.840,9.766,-49.316,878.143
1666057323.261,60.547,116.211,13.672,44.922,878.147
1666057323.264,7.812,493.652,1.953,-12.695,878.151
1666057323.268,-129.395,-210.938,-13.672,-117.188,878.155
1666057323.272,-109.375,-712.402,-2.930,-77.148,878.159
1666057323.276,41.992,179.688,11.230,40.527,878.163
1666057323.280,39.062,666.504,-1.953,22.949,878.167
1666057323.297,-105.957,-356.445,-14.160,-97.656,878.197
1666057323.301,-129.883,-739.746,-11.230,-100.098,878.201
1666057323.305,4.395,-33.203,-3.418,19.043,878.205
1666057323.309,61.035,381.348,-5.371,48.828,878.209
1666057323.313,-73.242,-233.887,-14.648,-66.406,878.213
1666057323.317,-147.461,-979.004,-9.277,-118.164,878.217
1666057323.321,-38.086,-220.215,9.277,-31.738,878.221
1666057323.324,67.383,750.977,5.859,38.574,878.224
1666057323.328,-31.250,-43.945,-11.230,-40.527,878.228
1666057323.332,-148.438,-992.188,-11.230,-126.465,878.232
1666057323.336,-73.242,-154.297,4.883,-62.500,878.236
1666057323.340,61.035,582.520,0.488,43.945,878.240
1666057323.326,13.184,322.266,-13.672,-10.742,878.213
1666057323.330,-130.859,-103.516,-7.812,-117.188,878.217
1666057323.334,-115.723,-188.477,-4.883,-98.145,878.220
1666057323.338,26.367,129.395,-3.418,17.578,878.224
1666057323.342,31.738,310.059,-6.348,18.066,878.228
1666057323.346,-108.887,-251.953,-14.160,-95.703,878.232
1666057323.350,-139.648,-593.750,-13.672,-105.469,878.236
1666057323.353,-14.160,-230.957,-10.742,-2.441,878.240
1666057323.357,54.199,210.449,-10.254,36.621,878.244
1666057323.361,-62.500,156.250,-11.230,-71.777,878.248
1666057323.365,-148.926,-80.566,-11.719,-133.301,878.252
1666057323.369,-50.293,-132.812,-17.090,-37.109,878.256
1666057323.371,64.941,-492.188,-3.418,57.617,878.258
1666057323.375,-12.207,-241.211,4.395,-22.461,878.262
1666057323.379,-127.930,-242.676,-14.648,-119.629,878.266
1666057323.383,-76.172,-713.867,-14.160,-67.383,878.270
1666057323.387,51.758,-776.855,-6.348,32.715,878.273
1666057323.391,22.461,-360.840,-5.859,-11.230,878.277
1666057323.395,-104.004,-278.320,-3.418,-116.211,878.281
1666057323.398,-114.746,-830.566,0.488,-96.191,878.285
1666057323.402,25.391,-687.988,11.719,21.973,878.289
1666057323.406,64.941,318.359,14.160,28.809,878.293
1666057323.410,-78.125,236.816,-14.160,-99.609,878.297
1666057323.414,-131.348,-307.617,-19.531,-132.324,878.301
1666057323.416,-10.254,175.781,-5.859,-14.160,878.302
1666057323.420,68.359,811.035,-4.883,39.062,878.306
1666057323.424,-42.480,301.758,-17.090,-62.012,878.310
1666057323.428,-137.207,-392.090,-11.230,-127.930,878.314
1666057323.432,-55.176,-20.508,9.277,-48.828,878.318
1666057323.436,65.430,410.645,10.742,32.715,878.322
1666057323.440,-6.836,94.727,-0.977,-45.898,878.326
1666057323.443,-138.672,-738.770,-6.836,-133.301,878.329
1666057323.447,-88.379,-593.262,11.230,-74.707,878.333
1666057323.451,62.500,590.820,18.066,29.785,878.337
1666057323.455,32.715,475.098,-4.395,-10.742,878.341
1666057323.459,-116.211,-422.363,-14.160,-127.441,878.345
1666057323.461,-123.047,-303.223,1.465,-118.164,878.347
1666057323.465,12.207,456.543,7.324,-2.930,878.351
1666057323.469,53.711,266.602,-5.859,23.926,878.355
1666057323.473,-82.520,-758.301,-11.719,-87.402,878.359
1666057323.477,-147.461,-598.633,-3.418,-131.836,878.363
1666057323.481,-33.691,1.953,2.441,-29.785,878.367
1666057323.485,62.500,-104.004,-0.977,41.504,878.370
1666057323.488,-47.363,-577.148,-3.418,-53.711,878.374
1666057323.492,-156.250,-248.535,5.371,-138.184,878.378
1666057323.496,-68.359,99.609,8.301,-63.477,878.382
1666057323.500,61.035,306.641,17.090,36.133,878.386
1666057323.504,7.324,310.547,17.578,-23.438,878.390
1666057323.513,-122.070,15.625,11.230,-126.465,878.403
1666057323.517,-109.863,-107.422,10.254,-83.984,878.407
1666057323.521,31.250,9.277,13.672,26.855,878.411
1666057323.525,40.039,264.160,19.043,8.789,878.415
1666057323.529,-108.887,97.656,10.742,-107.422,878.419
1666057323.533,-131.836,-414.062,6.348,-114.746,878.423
1666057323.537,-0.488,-627.930,10.742,-0.488,878.427
1666057323.540,53.223,-14.160,15.625,24.902,878.431
1666057323.544,-68.359,304.688,11.230,-88.867,878.435
1666057323.548,-146.973,-312.500,3.906,-134.277,878.439
1666057323.552,-37.109,-196.289,5.859,-39.551,878.442
1666057323.556,65.430,520.020,3.906,29.785,878.446
1666057323.567,-33.691,343.750,-10.742,-60.547,878.466
1666057323.571,-147.461,-534.668,-6.348,-140.137,878.470
1666057323.575,-76.172,-592.773,4.395,-64.453,878.474
1666057323.579,56.641,270.996,0.977,39.551,878.478
1666057323.583,2.441,407.227,-7.324,-17.578,878.482
1666057323.587,-139.160,-516.113,-18.555,-125.488,878.486
1666057323.591,-123.047,-1000.000,-19.043,-81.543,878.490
1666057323.594,19.043,-416.992,-0.977,26.367,878.494
1666057323.598,34.180,555.664,-9.277,7.324,878.498
1666057323.602,-108.887,-64.453,-24.414,-106.445,878.502
1666057323.606,-145.996,-389.648,-9.766,-124.023,878.506
1666057323.610,-7.812,324.707,1.953,-11.719,878.509
1666057323.598,60.547,673.340,-12.695,34.668,878.497
1666057323.602,-66.406,78.613,-22.461,-72.754,878.501
1666057323.606,-150.391,-293.945,-17.090,-128.906,878.505
1666057323.610,-47.363,-55.176,-9.766,-29.785,878.509
1666057323.614,72.754,265.137,-4.883,62.012,878.513
1666057323.618,-22.461,-84.961,-20.020,-23.438,878.516
1666057323.622,-156.250,-531.250,-26.367,-134.766,878.520
1666057323.625,-95.703,-118.164,-7.812,-85.938,878.524
1666057323.629,47.852,394.531,-3.906,20.020,878.528
1666057323.633,13.672,-386.230,-17.578,-19.043,878.532
1666057323.637,-128.418,-793.457,-15.625,-136.719,878.536
1666057323.641,-121.094,-88.867,-15.137,-117.188,878.540
1666057323.672,16.602,41.504,-21.973,10.742,878.558
1666057323.676,34.668,41.016,-24.414,15.625,878.562
1666057323.680,-111.816,-186.035,-27.832,-106.934,878.566
1666057323.684,-157.227,-393.066,-16.602,-134.277,878.570
1666057323.688,-19.531,-262.207,-7.812,-17.578,878.574
1666057323.692,62.012,-382.812,-11.719,43.457,878.578
1666057323.696,-45.410,-291.016,-14.160,-58.594,878.581
1666057323.699,-128.906,-427.246,-18.066,-130.371,878.585
1666057323.703,-55.176,-660.156,-22.461,-57.129,878.589
1666057323.707,55.176,-404.785,-18.555,33.691,878.593
1666057323.711,-11.719,232.422,-3.906,-32.227,878.597
1666057323.715,-150.391,-66.895,-7.812,-131.836,878.601
1666057323.701,-107.910,-251.953,-7.324,-82.520,878.588
1666057323.705,32.227,415.527,-4.395,29.785,878.592
1666057323.709,15.625,679.688,-8.301,9.766,878.595
1666057323.713,-120.117,-48.828,-16.602,-105.957,878.599
1666057323.717,-133.789,-462.891,-21.484,-106.445,878.603
1666057323.721,4.883,-42.969,-19.043,1.465,878.607
1666057323.725,59.082,388.184,-14.648,29.785,878.611
1666057323.728,-68.848,4.395,-11.230,-68.359,878.615
1666057323.732,-154.297,-730.469,-3.906,-112.793,878.619
1666057323.736,-59.082,-230.469,14.648,-24.414,878.623
1666057323.740,46.387,719.727,25.391,32.715,878.627
1666057323.744,-38.086,239.258,7.324,-52.246,878.631
1666057323.761,-153.809,-939.453,-5.859,-120.605,878.649
1666057323.765,-74.707,-432.129,20.020,-55.664,878.653
1666057323.769,51.270,544.434,19.043,22.949,878.657
1666057323.773,-32.715,-70.312,0.977,-39.551,878.661
1666057323.777,-165.039,-781.250,8.789,-136.230,878.665
1666057323.781,-132.324,-499.023,16.113,-98.633,878.669
1666057323.785,13.184,180.176,18.066,9.277,878.672
1666057323.788,10.742,-53.223,3.418,-5.371,878.676
1666057323.792,-129.395,-755.859,-9.766,-116.699,878.680
1666057323.796,-144.531,-219.238,2.441,-120.117,878.684
1666057323.800,-6.348,356.445,-2.441,3.906,878.688
1666057323.804,46.875,320.801,-4.395,32.227,878.692
1666057323.792,-69.336,11.719,4.883,-83.984,878.679
1666057323.796,-133.301,-76.172,11.719,-125.977,878.682
1666057323.800,-26.367,136.230,12.695,-24.414,878.686
1666057323.804,69.824,360.840,3.418,39.062,878.690
1666057323.808,-30.762,201.660,-9.277,-56.641,878.694
1666057323.812,-147.949,-356.445,-14.648,-133.789,878.698
1666057323.816,-79.102,-462.402,4.883,-53.223,878.702
1666057323.819,49.316,100.586,11.719,44.434,878.706
1666057323.823,-2.441,317.871,-3.418,-16.113,878.710
1666057323.827,-134.766,-13.672,-12.695,-122.559,878.714
1666057323.831,-115.234,-310.059,-14.160,-91.797,878.718
1666057323.835,22.461,-632.324,-3.906,25.391,878.722
1666057323.851,25.391,-157.715,0.977,6.348,878.737
1666057323.855,-108.398,-1.465,-6.348,-109.375,878.741
1666057323.859,-124.023,-783.203,4.883,-94.238,878.745
1666057323.863,5.371,-618.164,20.508,20.020,878.749
1666057323.867,79.102,360.352,16.113,44.434,878.753
1666057323.871,-40.527,-16.113,-2.930,-66.406,878.757
1666057323.875,-136.719,-896.973,-10.254,-116.211,878.761
1666057323.878,-34.180,-823.730,0.000,-13.672,878.764
1666057323.882,83.496,320.312,13.184,63.965,878.768
1666057323.886,-0.977,544.922,-2.930,-16.602,878.772
1666057323.890,-115.234,-291.504,-11.230,-101.074,878.776
1666057323.894,-62.988,-182.617,-1.465,-46.875,878.780
1666057323.883,77.637,645.996,-1.465,54.688,878.769
1666057323.887,40.039,588.379,-15.625,8.789,878.773
1666057323.891,-120.117,-226.562,-23.926,-110.840,878.777
1666057323.895,-109.863,-261.719,-12.695,-90.332,878.780
1666057323.899,33.203,287.598,-0.488,33.203,878.784
1666057323.903,54.199,256.836,-5.371,33.203,878.788
1666057323.907,-84.473,-550.781,-14.160,-80.566,878.792
1666057323.910,-133.301,-586.426,-0.977,-106.934,878.796
1666057323.914,-12.695,302.246,6.348,-6.836,878.800
1666057323.918,63.965,522.949,-12.207,41.016,878.804
1666057323.922,-46.387,-464.844,-11.719,-53.711,878.808
1666057323.926,-140.137,-669.922,5.859,-115.234,878.812
1666057323.925,-54.688,119.629,-0.488,-37.598,878.825
1666057323.929,64.453,365.234,-8.301,45.898,878.829
1666057323.933,-9.277,-121.582,-20.020,-31.738,878.833
1666057323.937,-144.043,-469.727,-20.020,-127.930,878.837
1666057323.941,-106.445,-134.277,-15.137,-83.008,878.841
1666057323.945,37.598,-54.688,-15.137,25.391,878.844
1666057323.949,19.531,-765.625,-10.254,1.953,878.848
1666057323.952,-117.676,-796.387,-4.883,-111.328,878.852
1666057323.956,-117.676,-226.074,-10.742,-106.445,878.856
1666057323.960,15.625,-67.871,-16.113,5.371,878.860
1666057323.964,47.363,163.574,-19.043,18.555,878.864
1666057323.968,-79.102,104.004,-20.020,-85.449,878.868
1666057323.972,-139.160,-235.352,-24.414,-115.234,878.872
1666057323.976,-25.391,-10.742,-25.391,-15.137,878.875
1666057323.980,65.918,559.082,-8.301,44.434,878.879
1666057323.984,-47.852,411.621,-16.602,-62.012,878.883
1666057323.988,-143.066,-266.602,-25.879,-143.066,878.887
1666057323.992,-60.547,-502.930,-14.648,-54.688,878.891
1666057323.996,59.570,138.672,-7.812,38.086,878.895
1666057323.999,1.465,500.000,-8.301,-33.691,878.899
1666057324.003,-139.648,-220.703,-19.531,-134.766,878.903
1666057324.007,-109.375,-823.242,-17.090,-95.703,878.907
1666057324.011,41.992,-9.766,-11.230,17.090,878.911
1666057324.015,32.715,713.379,-23.438,1.465,878.915
1666057324.031,-121.582,-210.449,-43.945,-118.164,878.931
1666057324.035,-152.832,-770.020,-52.246,-125.977,878.935
1666057324.039,-26.367,-54.688,-45.410,-16.602,878.939
1666057324.043,16.113,296.875,-53.223,-0.977,878.943
1666057324.047,-115.234,-362.305,-68.359,-106.934,878.947
1666057324.051,-191.406,-982.910,-63.477,-146.484,878.951
1666057324.055,-85.449,-299.805,-42.480,-54.199,878.955
1666057324.058,19.531,651.367,-49.316,15.625,878.959
1666057324.062,-70.801,-92.773,-68.848,-61.035,878.963
1666057324.066,-178.223,-830.566,-61.523,-138.672,878.967
1666057324.070,-102.051,-0.977,-40.039,-85.938,878.970
1666057324.074,26.855,594.238,-41.504,9.277,878.974
1666057324.076,-22.461,147.461,-43.945,-34.668,878.962
1666057324.080,-153.320,-375.977,-39.551,-137.695,878.966
1666057324.084,-129.395,-113.281,-33.691,-104.492,878.970
1666057324.088,18.555,350.586,-28.320,18.066,878.974
1666057324.092,22.461,296.875,-30.762,6.836,878.978
1666057324.096,-114.746,-336.426,-29.785,-113.281,878.982
1666057324.100,-141.113,-468.750,-19.531,-124.023,878.986
1666057324.103,-9.277,53.223,-19.043,-18.555,878.990
1666057324.107,52.734,241.699,-25.391,17.578,878.993
1666057324.111,-67.383,40.039,-15.137,-83.008,878.997
1666057324.115,-145.508,-105.957,-7.812,-139.160,879.001
1666057324.119,-42.480,-105.469,-20.996,-38.574,879.005
1666057324.136,63.477,-82.520,-21.484,46.387,879.023
1666057324.140,-38.086,87.891,-22.949,-56.152,879.027
1666057324.144,-157.227,-312.988,-27.344,-144.043,879.031
1666057324.148,-93.750,-738.770,-21.973,-74.707,879.035
1666057324.152,24.902,-647.461,-20.996,26.855,879.038
1666057324.156,-5.371,-236.328,-14.160,-13.672,879.042
1666057324.160,-123.535,-339.844,-10.742,-125.977,879.046
1666057324.163,-125.000,-877.441,-15.137,-106.934,879.050
1666057324.167,8.789,-492.676,-6.348,8.301,879.054
1666057324.171,34.668,550.781,2.930,3.418,879.058
1666057324.175,-105.469,222.656,-10.742,-105.469,879.062
1666057324.179,-152.832,-380.859,-13.184,-122.070,879.066
1666057324.166,-30.273,85.938,-10.254,-23.926,879.053
1666057324.170,44.922,758.301,-14.648,10.254,879.057
1666057324.174,-82.031,238.281,-29.785,-99.121,879.061
1666057324.178,-172.852,-471.680,-27.832,-157.715,879.065
1666057324.182,-68.848,-144.531,-10.254,-58.594,879.069
1666057324.186,57.617,313.965,-4.395,39.551,879.073
1666057324.190,-20.020,-35.156,-12.695,-37.598,879.077
1666057324.193,-154.297,-732.422,-19.043,-136.230,879.081
1666057324.197,-108.398,-362.305,-5.859,-79.590,879.085
1666057324.201,35.156,551.758,0.000,28.320,879.089
1666057324.205,17.578,355.469,-6.836,2.930,879.092
1666057324.209,-123.047,-811.035,-7.812,-100.098,879.096
1666057324.226,-134.277,-707.031,1.953,-95.703,879.113
1666057324.230,8.301,454.102,-5.859,15.137,879.116
1666057324.234,45.410,185.059,-23.438,31.738,879.120
1666057324.238,-101.562,-617.188,-21.973,-79.102,879.124
1666057324.242,-152.344,-359.863,-8.789,-117.676,879.128
1666057324.246,-23.926,-17.090,-8.789,-16.602,879.132
1666057324.250,56.152,-115.723,-19.043,46.387,879.136
1666057324.253,-56.152,-768.066,-25.391,-60.547,879.140
1666057324.257,-142.578,-648.438,-4.883,-133.301,879.144
1666057324.261,-58.594,43.457,9.766,-42.480,879.148
1666057324.265,52.246,179.199,5.371,38.086,879.152
1666057324.269,-3.906,45.898,-4.883,-28.320,879.155
